[
  {
    "op": "add",
    "path": "/attributesByType/*/bookshelveable",
    "value": true,
    "file": "game:blocktypes/clay/crock.json",
    "side": "Server"
  },
  {
    "op": "add",
    "path": "/attributesByType/*/displaycaseable",
    "value": true,
    "file": "game:blocktypes/clay/crock.json",
    "side": "Server"
  },
  {
    "op": "add",
    "path": "/attributesByType/crock-burned-*/bookshelveable",
    "value": true,
    "file": "game:blocktypes/clay/crock.json",
    "side": "Server"
  },
  {
    "op": "add",
    "path": "/attributesByType/crock-burned-*/displaycaseable",
    "value": true,
    "file": "game:blocktypes/clay/crock.json",
    "side": "Server"
  }
]