{
	"code": "boulder",
	"class": "racialequality.ItemBoulderThrower",
	"maxstacksize": 4,
	"attributes": {
		"throwForce": 0.2,
		"damage": 4,
		"damagetier": 3,
		"projectileCode": "racialequality:boulder"
	},
	"heldTpIdleAnimation": "holdbothhandslarge",
	"shape": { "base": "item/boulder" },
	"creativeinventory": {
		"general": [ "*" ],
		"khazaddum": [ "*" ]
	},
	"guiTransform": {
		"translation": {
			"x": 1,
			"y": -2.5,
			"z": 0
		},
		"rotation": {
			"x": 152,
			"y": 135,
			"z": -3
		},
		"origin": {
			"x": 0.48,
			"y": 0.21,
			"z": 0.5
		},
		"scaleXyz": {
			"x": -2.21,
			"y": 2.21,
			"z": 2.21
		}
	},
	"fpHandTransform": {
		"translation": {
			"x": 0,
			"y": 0.2,
			"z": 0
		},
		"rotation": {
			"x": -14,
			"y": -152,
			"z": 28
		},
		"origin": {
			"x": 0.5,
			"y": 0.1,
			"z": 0.5
		},
		"scale": 2.07
	},
	"tpHandTransform": {
		"translation": {
			"x": -0.701,
			"y": -0.387,
			"z": -0.447
		},
		"rotation": {
			"x": -160,
			"y": 161,
			"z": 99
		},
		"origin": {
			"x": 0.5,
			"y": 0.1,
			"z": 0.5
		},
		"scale": 0.82
	},
	"groundTransform": {
		"translation": {
			"x": 0,
			"y": 0,
			"z": 0
		},
		"rotation": {
			"x": 0,
			"y": 0,
			"z": 0
		},
		"origin": {
			"x": 0.41,
			"y": 0,
			"z": 0.5
		},
		"scale": 4
	}
}