{
  "textureWidth":16,
  "textureHeight":16,
  "textures":{
    "wood":"game:block/wood/debarked/oak"
  },
  "textureSizes":{
    "wood":[
      32,
      32
    ]
  },
  "elements":[
    {
      "name":"origin",
      "from":[
        11.0,
        0.5,
        7.699999988079071
      ],
      "to":[
        11.0,
        0.5,
        7.699999988079071
      ],
      "rotationOrigin":[
        8.0,
        0.0,
        8.0
      ],
      "group":"Fine",
      "faces":{
        "north":{
          "texture":"#0",
          "uv":[
            0,
            0,
            4,
            4
          ],
          "autoUv":false
        },
        "east":{
          "texture":"#0",
          "uv":[
            0,
            0,
            4,
            4
          ],
          "autoUv":false
        },
        "south":{
          "texture":"#0",
          "uv":[
            0,
            0,
            4,
            4
          ],
          "autoUv":false
        },
        "west":{
          "texture":"#0",
          "uv":[
            0,
            0,
            4,
            4
          ],
          "autoUv":false
        },
        "up":{
          "texture":"#wood",
          "uv":[
            0.0,
            0.0,
            1.0,
            1.0
          ],
          "autoUv":false,
          "rotation":180
        },
        "down":{
          "texture":"#0",
          "uv":[
            0,
            0,
            4,
            4
          ],
          "autoUv":false
        }
      },
      "children":[
        {
          "name":"handle_fine 01",
          "from":[
            -6.776366636157036,
            -1.7176678776741028,
            -0.3877713084220886
          ],
          "to":[
            -6.502753794193268,
            2.8705288767814636,
            -0.08818316459655762
          ],
          "rotationOrigin":[
            -6.639560222625732,
            0.48869961500167847,
            0.30000096559524536
          ],
          "rotationX":-101.25000025621699,
          "rotationY":1.3781403483653804e-06,
          "rotationZ":89.99990005164062,
          "group":"Fine",
          "faces":{
            "north":{
              "texture":"#wood",
              "uv":[
                8.0,
                10.0,
                18.0,
                11.0
              ],
              "autoUv":false,
              "rotation":90
            },
            "east":{
              "texture":"#wood",
              "uv":[
                32.0,
                0.0,
                32.0,
                16.0
              ],
              "autoUv":false,
              "rotation":270
            },
            "south":{
              "texture":"#wood",
              "uv":[
                32.0,
                0.0,
                30.0,
                16.0
              ],
              "autoUv":false,
              "rotation":180
            },
            "west":{
              "texture":"#wood",
              "uv":[
                30.0,
                0.0,
                30.0,
                16.0
              ],
              "autoUv":false,
              "rotation":270
            },
            "up":{
              "texture":"#wood",
              "uv":[
                14.0,
                18.0,
                15.0,
                20.0
              ],
              "autoUv":false,
              "rotation":180
            },
            "down":{
              "texture":"#wood",
              "uv":[
                14.0,
                20.0,
                15.0,
                18.0
              ],
              "autoUv":false
            }
          },
          "children":[]
        },
        {
          "name":"handle_fine 02",
          "from":[
            -8.845338344573975,
            0.3518931567668915,
            -0.3877713680267334
          ],
          "to":[
            -4.258320331573486,
            0.6255060583353043,
            -0.08818322420120239
          ],
          "rotationOrigin":[
            -6.639560222625732,
            0.48869961500167847,
            0.30000096559524536
          ],
          "rotationX":-78.75000475273933,
          "rotationY":-4.242598172699828e-06,
          "rotationZ":-180.00000500895632,
          "group":"Fine",
          "faces":{
            "north":{
              "texture":"#wood",
              "uv":[
                8.0,
                11.0,
                18.0,
                12.0
              ],
              "autoUv":false
            },
            "east":{
              "texture":"#wood",
              "uv":[
                13.0,
                18.0,
                14.0,
                20.0
              ],
              "autoUv":false,
              "rotation":270
            },
            "south":{
              "texture":"#wood",
              "uv":[
                2.0,
                0.0,
                0.0,
                16.0
              ],
              "autoUv":false,
              "rotation":270
            },
            "west":{
              "texture":"#wood",
              "uv":[
                14.0,
                18.0,
                13.0,
                20.0
              ],
              "autoUv":false,
              "rotation":90
            },
            "up":{
              "texture":"#wood",
              "uv":[
                0.0,
                0.0,
                0.0,
                16.0
              ],
              "autoUv":false
            },
            "down":{
              "texture":"#wood",
              "uv":[
                2.0,
                16.0,
                2.0,
                0.0
              ],
              "autoUv":false
            }
          },
          "children":[]
        },
        {
          "name":"handle_fine 03",
          "from":[
            -9.021389484405518,
            0.3518931418657303,
            -0.3877713680267334
          ],
          "to":[
            -4.433192729949951,
            0.6255060285329819,
            -0.08818322420120239
          ],
          "rotationOrigin":[
            -6.639560222625732,
            0.48869961500167847,
            0.30000096559524536
          ],
          "rotationX":101.24999342602783,
          "rotationY":4.242589216257845e-06,
          "rotationZ":-8.439033418530771e-07,
          "group":"Fine",
          "faces":{
            "north":{
              "texture":"#wood",
              "uv":[
                8.0,
                11.0,
                18.0,
                12.0
              ],
              "autoUv":false,
              "rotation":180
            },
            "east":{
              "texture":"#wood",
              "uv":[
                15.0,
                14.0,
                14.0,
                16.0
              ],
              "autoUv":false,
              "rotation":90
            },
            "south":{
              "texture":"#wood",
              "uv":[
                18.0,
                0.0,
                16.0,
                16.0
              ],
              "autoUv":false,
              "rotation":90
            },
            "west":{
              "texture":"#wood",
              "uv":[
                14.0,
                14.0,
                15.0,
                16.0
              ],
              "autoUv":false,
              "rotation":270
            },
            "up":{
              "texture":"#wood",
              "uv":[
                18.0,
                0.0,
                18.0,
                16.0
              ],
              "autoUv":false,
              "rotation":180
            },
            "down":{
              "texture":"#wood",
              "uv":[
                16.0,
                16.0,
                16.0,
                0.0
              ],
              "autoUv":false,
              "rotation":180
            }
          },
          "children":[]
        },
        {
          "name":"handle_fine 04",
          "from":[
            -6.776366651058197,
            -1.7176678776741028,
            -0.3877713680267334
          ],
          "to":[
            -6.502753779292107,
            2.8705288767814636,
            -0.08818322420120239
          ],
          "rotationOrigin":[
            -6.639560222625732,
            0.48869961500167847,
            0.30000096559524536
          ],
          "rotationX":56.250012664356255,
          "rotationY":-6.095092858256916e-06,
          "rotationZ":90.0000161648565,
          "group":"Fine",
          "faces":{
            "north":{
              "texture":"#wood",
              "uv":[
                8.0,
                9.0,
                18.0,
                10.0
              ],
              "autoUv":false,
              "rotation":90
            },
            "east":{
              "texture":"#wood",
              "uv":[
                14.0,
                0.0,
                14.0,
                16.0
              ],
              "autoUv":false,
              "rotation":270
            },
            "south":{
              "texture":"#wood",
              "uv":[
                14.0,
                0.0,
                12.0,
                16.0
              ],
              "autoUv":false,
              "rotation":180
            },
            "west":{
              "texture":"#wood",
              "uv":[
                12.0,
                0.0,
                12.0,
                16.0
              ],
              "autoUv":false,
              "rotation":270
            },
            "up":{
              "texture":"#wood",
              "uv":[
                11.999999046325684,
                14.0,
                13.0,
                16.0
              ],
              "autoUv":false
            },
            "down":{
              "texture":"#wood",
              "uv":[
                11.999999046325684,
                16.0,
                13.0,
                14.0
              ],
              "autoUv":false,
              "rotation":180
            }
          },
          "children":[]
        },
        {
          "name":"handle_fine 05",
          "from":[
            -9.021389484405518,
            0.3518931269645691,
            0.6881851553916931
          ],
          "to":[
            -4.433192729949951,
            0.6255060136318207,
            0.9877732992172241
          ],
          "rotationOrigin":[
            -6.639560222625732,
            0.48869961500167847,
            0.30000096559524536
          ],
          "rotationX":123.74999575969467,
          "rotationY":3.5966994737637013e-06,
          "rotationZ":-2.4032374986443134e-06,
          "group":"Fine",
          "faces":{
            "north":{
              "texture":"#wood",
              "uv":[
                4.0,
                0.0,
                2.0,
                16.0
              ],
              "autoUv":false,
              "rotation":270
            },
            "east":{
              "texture":"#wood",
              "uv":[
                13.0,
                18.0,
                11.999999046325684,
                20.0
              ],
              "autoUv":false,
              "rotation":90
            },
            "south":{
              "texture":"#wood",
              "uv":[
                8.0,
                12.0,
                18.0,
                13.0
              ],
              "autoUv":false
            },
            "west":{
              "texture":"#wood",
              "uv":[
                11.999999046325684,
                18.0,
                13.0,
                20.0
              ],
              "autoUv":false,
              "rotation":270
            },
            "up":{
              "texture":"#wood",
              "uv":[
                2.0,
                0.0,
                2.0,
                16.0
              ],
              "autoUv":false,
              "rotation":180
            },
            "down":{
              "texture":"#wood",
              "uv":[
                4.0,
                16.0,
                4.0,
                0.0
              ],
              "autoUv":false,
              "rotation":180
            }
          },
          "children":[]
        },
        {
          "name":"handle_fine 06",
          "from":[
            -9.020800113677979,
            0.3518931567668915,
            0.6881851851940155
          ],
          "to":[
            -4.43378210067749,
            0.6255060434341431,
            0.9877734184265137
          ],
          "rotationOrigin":[
            -6.639560222625732,
            0.48869961500167847,
            0.30000096559524536
          ],
          "rotationX":56.250012664356255,
          "rotationY":3.5966982524307038e-06,
          "rotationZ":2.403237295088814e-06,
          "group":"Fine",
          "faces":{
            "north":{
              "texture":"#wood",
              "uv":[
                30.0,
                0.0,
                28.0,
                16.0
              ],
              "autoUv":false,
              "rotation":270
            },
            "east":{
              "texture":"#wood",
              "uv":[
                16.0,
                18.0,
                15.0,
                20.0
              ],
              "autoUv":false,
              "rotation":90
            },
            "south":{
              "texture":"#wood",
              "uv":[
                8.0,
                9.0,
                18.0,
                10.0
              ],
              "autoUv":false
            },
            "west":{
              "texture":"#wood",
              "uv":[
                15.0,
                18.0,
                16.0,
                20.0
              ],
              "autoUv":false,
              "rotation":270
            },
            "up":{
              "texture":"#wood",
              "uv":[
                28.0,
                0.0,
                28.0,
                16.0
              ],
              "autoUv":false,
              "rotation":180
            },
            "down":{
              "texture":"#wood",
              "uv":[
                30.0,
                16.0,
                30.0,
                0.0
              ],
              "autoUv":false,
              "rotation":180
            }
          },
          "children":[]
        },
        {
          "name":"handle_fine 07",
          "from":[
            -9.02082109451294,
            0.35189318656921387,
            0.6881851851940155
          ],
          "to":[
            -4.433761119842529,
            0.6255060732364655,
            0.9877734184265137
          ],
          "rotationOrigin":[
            -6.639560222625732,
            0.48869961500167847,
            0.30000096559524536
          ],
          "rotationX":-56.250012664356255,
          "rotationY":-3.5966982524307038e-06,
          "rotationZ":2.403237295088814e-06,
          "group":"Fine",
          "faces":{
            "north":{
              "texture":"#wood",
              "uv":[
                20.0,
                0.0,
                18.0,
                16.0
              ],
              "autoUv":false,
              "rotation":270
            },
            "east":{
              "texture":"#wood",
              "uv":[
                16.0,
                14.0,
                15.0,
                16.0
              ],
              "autoUv":false,
              "rotation":270
            },
            "south":{
              "texture":"#wood",
              "uv":[
                8.0,
                12.0,
                18.0,
                13.0
              ],
              "autoUv":false
            },
            "west":{
              "texture":"#wood",
              "uv":[
                15.0,
                14.0,
                16.0,
                16.0
              ],
              "autoUv":false,
              "rotation":90
            },
            "up":{
              "texture":"#wood",
              "uv":[
                18.0,
                0.0,
                18.0,
                16.0
              ],
              "autoUv":false,
              "rotation":180
            },
            "down":{
              "texture":"#wood",
              "uv":[
                20.0,
                16.0,
                20.0,
                0.0
              ],
              "autoUv":false,
              "rotation":180
            }
          },
          "children":[]
        },
        {
          "name":"handle_fine 08",
          "from":[
            -6.776366651058197,
            -1.8925612568855286,
            0.6881851851940155
          ],
          "to":[
            -6.502753764390945,
            2.6944987177848816,
            0.9877733588218689
          ],
          "rotationOrigin":[
            -6.639560222625732,
            0.48869961500167847,
            0.30000096559524536
          ],
          "rotationX":-101.24999342602783,
          "rotationY":1.1580332421893793e-06,
          "rotationZ":-89.99990688182979,
          "group":"Fine",
          "faces":{
            "north":{
              "texture":"#wood",
              "uv":[
                16.0,
                0.0,
                14.0,
                16.0
              ],
              "autoUv":false
            },
            "east":{
              "texture":"#wood",
              "uv":[
                16.0,
                0.0,
                16.0,
                16.0
              ],
              "autoUv":false,
              "rotation":90
            },
            "south":{
              "texture":"#wood",
              "uv":[
                8.0,
                10.0,
                18.0,
                11.0
              ],
              "autoUv":false,
              "rotation":270
            },
            "west":{
              "texture":"#wood",
              "uv":[
                14.0,
                0.0,
                14.0,
                16.0
              ],
              "autoUv":false,
              "rotation":90
            },
            "up":{
              "texture":"#wood",
              "uv":[
                14.0,
                14.0,
                13.0,
                16.0
              ],
              "autoUv":false,
              "rotation":180
            },
            "down":{
              "texture":"#wood",
              "uv":[
                14.0,
                16.0,
                13.0,
                14.0
              ],
              "autoUv":false
            }
          },
          "children":[]
        },
        {
          "name":"handle_fine 09",
          "from":[
            -7.13541653752327,
            -1.8910463452339172,
            -0.19585543870925903
          ],
          "to":[
            -6.143703907728195,
            2.6929838061332703,
            0.7958572804927826
          ],
          "rotationOrigin":[
            -6.639560222625732,
            0.48869961500167847,
            0.30000096559524536
          ],
          "rotationX":-1.2722218725854067e-14,
          "rotationY":1.272222175906738e-14,
          "rotationZ":-90.00000933466734,
          "group":"Fine",
          "faces":{
            "north":{
              "texture":"#wood",
              "uv":[
                18.0,
                13.0,
                8.0,
                17.0
              ],
              "autoUv":false,
              "rotation":90
            },
            "east":{
              "texture":"#wood",
              "uv":[
                28.0,
                0.0,
                28.0,
                16.0
              ],
              "autoUv":false,
              "rotation":90
            },
            "south":{
              "texture":"#wood",
              "uv":[
                18.0,
                13.0,
                8.0,
                17.0
              ],
              "autoUv":false,
              "rotation":90
            },
            "west":{
              "texture":"#wood",
              "uv":[
                20.0,
                0.0,
                20.0,
                16.0
              ],
              "autoUv":false,
              "rotation":90
            },
            "up":{
              "texture":"#wood",
              "uv":[
                16.0,
                15.000001907348633,
                11.999999046325684,
                19.000001907348633
              ],
              "autoUv":false,
              "rotation":270
            },
            "down":{
              "texture":"#wood",
              "uv":[
                16.0,
                18.999999046325684,
                11.999999046325684,
                14.999998092651367
              ],
              "autoUv":false,
              "rotation":270
            }
          },
          "children":[]
        }
      ]
    }
  ],
  "groups":[]
}