{
  "textureWidth":16,
  "textureHeight":16,
  "textures":{
    "material":"game:item/tool/material/string"
  },
  "textureSizes":{
    "material":[
      32,
      32
    ]
  },
  "elements":[
    {
      "name":"origin",
      "from":[
        11.0,
        0.5,
        7.699999988079071
      ],
      "to":[
        11.0,
        0.5,
        7.699999988079071
      ],
      "rotationOrigin":[
        8.0,
        0.0,
        8.0
      ],
      "group":"fine_string_metalhead",
      "faces":{
        "north":{
          "texture":"#0",
          "uv":[
            0,
            0,
            4,
            4
          ],
          "autoUv":false
        },
        "east":{
          "texture":"#0",
          "uv":[
            0,
            0,
            4,
            4
          ],
          "autoUv":false
        },
        "south":{
          "texture":"#0",
          "uv":[
            0,
            0,
            4,
            4
          ],
          "autoUv":false
        },
        "west":{
          "texture":"#0",
          "uv":[
            0,
            0,
            4,
            4
          ],
          "autoUv":false
        },
        "up":{
          "texture":"#material",
          "uv":[
            0.0,
            0.0,
            1.0,
            1.0
          ],
          "autoUv":false,
          "rotation":180
        },
        "down":{
          "texture":"#0",
          "uv":[
            0,
            0,
            4,
            4
          ],
          "autoUv":false
        }
      },
      "children":[
        {
          "name":"fine_string_metalhead1",
          "from":[
            -7.646965943276882,
            -0.21919411420822144,
            -0.30147403478622437
          ],
          "to":[
            -7.312188908457756,
            1.1371102929115295,
            0.8975344300270081
          ],
          "rotationOrigin":[
            -7.527050018310547,
            0.45895808935165405,
            0.29803019762039185
          ],
          "rotationX":2.557929774103421e-08,
          "rotationY":-3.9999948463726556,
          "rotationZ":-0.9999996720885159,
          "group":"fine_string_metalhead",
          "faces":{
            "north":{
              "texture":"#material",
              "uv":[
                19.0,
                0.0,
                23.0,
                1.0000019073486328
              ],
              "autoUv":false,
              "rotation":90
            },
            "east":{
              "texture":"#material",
              "uv":[
                4.0,
                4.0,
                9.0,
                8.0
              ],
              "autoUv":false
            },
            "south":{
              "texture":"#material",
              "uv":[
                11.0,
                3.0,
                15.000000953674316,
                4.0
              ],
              "autoUv":false,
              "rotation":90
            },
            "west":{
              "texture":"#material",
              "uv":[
                2.0,
                3.0,
                7.0,
                7.0
              ],
              "autoUv":false
            },
            "up":{
              "texture":"#material",
              "uv":[
                3.0,
                3.814697265625e-06,
                7.0,
                1.0
              ],
              "autoUv":false,
              "rotation":90
            },
            "down":{
              "texture":"#material",
              "uv":[
                20.0,
                2.0,
                16.0,
                1.0
              ],
              "autoUv":false,
              "rotation":270
            }
          },
          "children":[]
        },
        {
          "name":"fine_string_metalhead2",
          "from":[
            -8.37313274294138,
            -0.1971074342727661,
            -0.09230539202690125
          ],
          "to":[
            -8.038829416036606,
            1.1591962575912476,
            0.6861608922481537
          ],
          "rotationOrigin":[
            -8.253386497497559,
            0.4810444116592407,
            0.2969277501106262
          ],
          "rotationX":9.179818699389808e-08,
          "rotationY":11.627800274167978,
          "rotationZ":-0.9999996720885159,
          "group":"fine_string_metalhead",
          "faces":{
            "north":{
              "texture":"#material",
              "uv":[
                19.0,
                0.0,
                23.0,
                1.0000019073486328
              ],
              "autoUv":false,
              "rotation":90
            },
            "east":{
              "texture":"#material",
              "uv":[
                4.0,
                4.0,
                9.0,
                8.0
              ],
              "autoUv":false
            },
            "south":{
              "texture":"#material",
              "uv":[
                11.0,
                3.0,
                15.000000953674316,
                4.0
              ],
              "autoUv":false,
              "rotation":90
            },
            "west":{
              "texture":"#material",
              "uv":[
                2.0,
                3.0,
                5.0,
                6.0
              ],
              "autoUv":false
            },
            "up":{
              "texture":"#material",
              "uv":[
                2.0,
                3.814697265625e-06,
                5.0,
                1.0
              ],
              "autoUv":false,
              "rotation":90
            },
            "down":{
              "texture":"#material",
              "uv":[
                18.0,
                2.0,
                15.0,
                1.0
              ],
              "autoUv":false,
              "rotation":270
            }
          },
          "children":[]
        },
        {
          "name":"fine_string_metalhead3",
          "from":[
            -7.4106617867946625,
            -0.20320630073547363,
            -0.3044837713241577
          ],
          "to":[
            -7.028346724808216,
            1.1744415760040283,
            0.8945245742797852
          ],
          "rotationOrigin":[
            -7.148263454437256,
            0.48561763763427734,
            0.2950204014778137
          ],
          "rotationX":1.0453687304161544e-08,
          "rotationY":-8.362640294274431,
          "rotationZ":-0.9999996720885159,
          "group":"fine_string_metalhead",
          "faces":{
            "north":{
              "texture":"#material",
              "uv":[
                6.0,
                3.814697265625e-06,
                2.0,
                1.0
              ],
              "autoUv":false,
              "rotation":90
            },
            "east":{
              "texture":"#material",
              "uv":[
                21.0,
                4.0,
                16.0,
                8.0
              ],
              "autoUv":false
            },
            "south":{
              "texture":"#material",
              "uv":[
                14.0,
                4.0,
                10.0,
                5.0
              ],
              "autoUv":false,
              "rotation":90
            },
            "west":{
              "texture":"#material",
              "uv":[
                23.0,
                3.0,
                18.0,
                7.0
              ],
              "autoUv":false
            },
            "up":{
              "texture":"#material",
              "uv":[
                21.999998092651367,
                0.0,
                18.0,
                1.0000019073486328
              ],
              "autoUv":false,
              "rotation":90
            },
            "down":{
              "texture":"#material",
              "uv":[
                5.0,
                2.0,
                9.0,
                1.0
              ],
              "autoUv":false,
              "rotation":270
            }
          },
          "children":[]
        }
      ]
    }
  ],
  "groups":[]
}