[
   {
      "file":"game:entities/animal/mammal/wolf-adult.json",
      "op":"addeach",
      "path":"/server/behaviors/10/aitasks/2/entityCodes/-",
      "value":[
         "pekin-*",
         "mallard-*",
         "call-*",
         "yak-*",
         "hedgehog-*"
      ],
      "side":"server"
   },
   {
      "file":"game:entities/animal/mammal/wolf-adult.json",
      "op":"addeach",
      "path":"/server/behaviors/10/aitasks/5/entityCodes/-",
      "value":[
         "pekin-*",
         "mallard-*",
         "call-*",
         "yak-*",
         "hedgehog-*"
      ],
      "side":"server"
   },
   {
      "file":"game:entities/animal/mammal/fox-adult.json",
      "op":"addeach",
      "path":"/server/behaviors/11/aitasks/4/entityCodes/-",
      "value":[
         "pekin-*",
         "mallard-*",
         "call-*",
         "fieldmus",
         "hedgehog-*",
         "mute-swan-baby"
      ],
      "side":"server"
   },
   {
      "file":"game:entities/animal/mammal/fox-adult.json",
      "op":"addeach",
      "path":"/server/behaviors/11/aitasks/5/entityCodes/-",
      "value":[
         "pekin-*",
         "mallard-*",
         "call-*",
         "fieldmus",
         "hedgehog-*",
         "mute-swan-baby"
      ],
      "side":"server"
   },
   {
      "file":"game:entities/animal/mammal/bear-adult.json",
      "op":"addeach",
      "path":"/server/behaviors/9/aitasks/2/entityCodesByType/*/-",
      "value":[
         "pekin-*",
         "mallard-*",
         "call-*",
         "yak-*",
         "mute-swan-*"
      ],
      "side":"server"
   },
   {
      "file":"game:entities/animal/mammal/bear-adult.json",
      "op":"addeach",
      "path":"/server/behaviors/9/aitasks/3/entityCodes/-",
      "value":[
         "pekin-*",
         "mallard-*",
         "call-*",
         "yak-*",
         "mute-swan-*"
      ],
      "side":"server"
   }
]