{
  "version": 1,
  "patches": {
    "float": {
      "alchemy:itemtypes/liquid/potionportion.json": {

      }
    }
  },
  "settings": {
    "ARCHER_POTION_ACC": {
      "name": "archer-potion-accuracy",
      "type": "float",
      "default": 0.05,
      "comment": "Base archer potion accuracy amount.",
      "range": {
        "min": 0.01,
        "max": 0.5,
        "step": 0.01
      }
    },
    "ARCHER_POTION_DAMAGE": {
      "name": "archer-potion-damage",
      "type": "float",
      "default": 0.2,
      "comment": "Base archer potion damage amount.",
      "range": {
        "min": 0.05,
        "max": 1,
        "step": 0.05
      }
    },
    "ARCHER_POTION_SPEED": {
      "name": "archer-potion-speed",
      "type": "float",
      "default": 0.2,
      "comment": "Base archer potion draw speed amount.",
      "range": {
        "min": 0.05,
        "max": 1,
        "step": 0.05
      }
    }
  }
}
