{
  "textureWidth":16,
  "textureHeight":16,
  "textures":{
    "bone":"game:block/creature/bone-yellow"
  },
  "textureSizes":{
    "bone":[
      32,
      32
    ]
  },
  "elements":[
    {
      "name":"origin",
      "from":[
        8.166474342346191,
        0.1638624668121338,
        9.242021083831787
      ],
      "to":[
        8.166474342346191,
        0.1638624668121338,
        9.242021083831787
      ],
      "rotationOrigin":[
        8.0,
        0.0,
        8.0
      ],
      "group":"Bone",
      "faces":{
        "north":{
          "texture":"#0",
          "uv":[
            0,
            0,
            4,
            4
          ],
          "autoUv":false
        },
        "east":{
          "texture":"#0",
          "uv":[
            0,
            0,
            4,
            4
          ],
          "autoUv":false
        },
        "south":{
          "texture":"#0",
          "uv":[
            0,
            0,
            4,
            4
          ],
          "autoUv":false
        },
        "west":{
          "texture":"#0",
          "uv":[
            0,
            0,
            4,
            4
          ],
          "autoUv":false
        },
        "up":{
          "texture":"#bone",
          "uv":[
            0.0,
            0.0,
            1.0,
            1.0
          ],
          "autoUv":false,
          "rotation":180
        },
        "down":{
          "texture":"#0",
          "uv":[
            0,
            0,
            4,
            4
          ],
          "autoUv":false
        }
      },
      "children":[
        {
          "name":"handle_bone 01",
          "from":[
            -6.511974334716797,
            0.3361375331878662,
            -1.742021083831787
          ],
          "to":[
            -3.2760814428329468,
            1.3361375331878662,
            -0.7420210838317871
          ],
          "rotationOrigin":[
            -4.082496643066406,
            0.8361375331878662,
            -1.242021083831787
          ],
          "rotationY":-179.99988206555128,
          "group":"Bone",
          "faces":{
            "north":{
              "texture":"#bone",
              "uv":[
                2.597904920578003,
                8.0,
                9.069690704345703,
                11.999996185302734
              ],
              "autoUv":false
            },
            "east":{
              "texture":"#bone",
              "uv":[
                6.0,
                0.0,
                9.0,
                3.0
              ],
              "autoUv":false
            },
            "south":{
              "texture":"#bone",
              "uv":[
                0.9303094148635864,
                17.999998092651367,
                7.402094841003418,
                22.0
              ],
              "autoUv":false
            },
            "west":{
              "texture":"#bone",
              "uv":[
                6.0,
                0.0,
                8.0,
                4.0
              ],
              "autoUv":false
            },
            "up":{
              "texture":"#bone",
              "uv":[
                0.9303094148635864,
                4.999998092651367,
                7.402094841003418,
                9.0
              ],
              "autoUv":false
            },
            "down":{
              "texture":"#bone",
              "uv":[
                9.069690704345703,
                17.999999046325684,
                2.597904920578003,
                14.0
              ],
              "autoUv":false,
              "rotation":180
            }
          },
          "children":[]
        },
        {
          "name":"handle_bone 02",
          "from":[
            -5.632160425186157,
            -0.12431883811950684,
            -1.7451740503311157
          ],
          "to":[
            -4.621353566646576,
            1.0808341205120087,
            -0.7404159307479858
          ],
          "rotationOrigin":[
            -5.126308441162109,
            0.8262466192245483,
            -1.2427949905395508
          ],
          "rotationX":9.228039979470788e-07,
          "rotationY":-7.70253766271509e-06,
          "rotationZ":-87.97114945303925,
          "group":"Bone",
          "faces":{
            "north":{
              "texture":"#bone",
              "uv":[
                -1.9839624166488647,
                12.000001907348633,
                2.0,
                15.0
              ],
              "autoUv":false,
              "rotation":270
            },
            "east":{
              "texture":"#bone",
              "uv":[
                27.0,
                14.0,
                30.983964920043945,
                16.999998092651367
              ],
              "autoUv":false,
              "rotation":90
            },
            "south":{
              "texture":"#bone",
              "uv":[
                9.0,
                18.0,
                12.98396110534668,
                21.0
              ],
              "autoUv":false,
              "rotation":90
            },
            "west":{
              "texture":"#bone",
              "uv":[
                18.016036987304688,
                3.999998092651367,
                22.0,
                7.0
              ],
              "autoUv":false,
              "rotation":270
            },
            "up":{
              "texture":"#bone",
              "uv":[
                7.0,
                17.0,
                10.0,
                20.0
              ],
              "autoUv":false
            },
            "down":{
              "texture":"#bone",
              "uv":[
                17.15732192993164,
                5.157321929931641,
                14.84267807006836,
                2.8426780700683594
              ],
              "autoUv":false,
              "rotation":90
            }
          },
          "children":[]
        },
        {
          "name":"handle_bone 03",
          "from":[
            -6.527325093746185,
            0.541377067565918,
            -1.8648421466350555
          ],
          "to":[
            -5.476226389408112,
            1.0549901723861694,
            -1.1641094982624054
          ],
          "rotationOrigin":[
            -6.001775741577148,
            0.7981836199760437,
            -1.5144758224487305
          ],
          "rotationX":-90.0000161648565,
          "rotationY":-1.8359798217785803,
          "rotationZ":-6.94725393784057e-06,
          "group":"Bone",
          "faces":{
            "north":{
              "texture":"#bone",
              "uv":[
                16.931800842285156,
                22.279014587402344,
                19.1590518951416,
                26.837042331695557
              ],
              "autoUv":false,
              "rotation":270
            },
            "east":{
              "texture":"#bone",
              "uv":[
                16.931798934936523,
                17.720985412597656,
                19.1590518951416,
                22.279014587402344
              ],
              "autoUv":false,
              "rotation":270
            },
            "south":{
              "texture":"#bone",
              "uv":[
                16.931798934936523,
                13.162958145141602,
                19.1590518951416,
                17.720985412597656
              ],
              "autoUv":false,
              "rotation":270
            },
            "west":{
              "texture":"#bone",
              "uv":[
                7.0,
                18.0,
                9.0,
                19.465930938720703
              ],
              "autoUv":false
            },
            "up":{
              "texture":"#bone",
              "uv":[
                20.0,
                8.0,
                23.0,
                10.0
              ],
              "autoUv":false
            },
            "down":{
              "texture":"#bone",
              "uv":[
                11.0,
                13.0,
                8.0,
                11.0
              ],
              "autoUv":false,
              "rotation":180
            }
          },
          "children":[]
        },
        {
          "name":"handle_bone 04",
          "from":[
            -6.473719656467438,
            -0.24165210127830505,
            -1.5085068047046661
          ],
          "to":[
            -5.4226197600364685,
            0.7954330742359161,
            -0.9829568564891815
          ],
          "rotationOrigin":[
            -5.948169708251953,
            0.27689048647880554,
            -1.2457318305969238
          ],
          "rotationX":-90.00000933466734,
          "rotationY":-10.8359764436884,
          "rotationZ":-1.392660613530422e-05,
          "group":"Bone",
          "faces":{
            "north":{
              "texture":"#bone",
              "uv":[
                9.0,
                14.0,
                12.0,
                16.0
              ],
              "autoUv":false
            },
            "east":{
              "texture":"#bone",
              "uv":[
                8.0,
                5.0,
                9.0,
                7.0
              ],
              "autoUv":false
            },
            "south":{
              "texture":"#bone",
              "uv":[
                12.0,
                8.0,
                20.0,
                16.0
              ],
              "autoUv":false,
              "rotation":270
            },
            "west":{
              "texture":"#bone",
              "uv":[
                20.0,
                16.0,
                21.0,
                18.0
              ],
              "autoUv":false
            },
            "up":{
              "texture":"#bone",
              "uv":[
                0.0,
                0.0,
                3.0,
                1.0
              ],
              "autoUv":false
            },
            "down":{
              "texture":"#bone",
              "uv":[
                16.0,
                21.0,
                13.0,
                20.0
              ],
              "autoUv":false,
              "rotation":180
            }
          },
          "children":[]
        },
        {
          "name":"handle_bone 05",
          "from":[
            -6.524441957473755,
            0.6897546648979187,
            -1.5085067451000214
          ],
          "to":[
            -5.459309339523315,
            1.72683984041214,
            -0.9829569160938263
          ],
          "rotationOrigin":[
            -5.991875648498535,
            1.2082972526550293,
            -1.2457318305969238
          ],
          "rotationX":-90.00000250447816,
          "rotationY":7.164018934565355,
          "rotationZ":-6.983611392737566e-06,
          "group":"Bone",
          "faces":{
            "north":{
              "texture":"#bone",
              "uv":[
                13.865225791931152,
                25.632072925567627,
                18.13477325439453,
                29.367927074432373
              ],
              "autoUv":false,
              "rotation":270
            },
            "east":{
              "texture":"#bone",
              "uv":[
                21.0,
                14.0,
                22.0,
                16.0
              ],
              "autoUv":false
            },
            "south":{
              "texture":"#bone",
              "uv":[
                7.95994758605957,
                11.000001907348633,
                11.0,
                13.0
              ],
              "autoUv":false
            },
            "west":{
              "texture":"#bone",
              "uv":[
                21.0,
                15.0,
                22.0,
                17.0
              ],
              "autoUv":false
            },
            "up":{
              "texture":"#bone",
              "uv":[
                -0.04005219042301178,
                -3.814697265625e-06,
                3.0,
                1.0
              ],
              "autoUv":false
            },
            "down":{
              "texture":"#bone",
              "uv":[
                19.040054321289062,
                25.999999523162842,
                16.0,
                25.0
              ],
              "autoUv":false,
              "rotation":180
            }
          },
          "children":[]
        }
      ]
    }
  ],
  "groups":[]
}