{
	"editor": {
		"backDropShape": "basefemale",
		"collapsedPaths": "Root/GamCoatL,Root/GamCoatR",
		"allAngles": true,
		"entityTextureMode": true
	},
	"textureWidth": 64,
	"textureHeight": 64,
	"textureSizes": {
	},
	"textures": {
	},
	"elements": [
		{
			"name": "ArmorUpperTorso",
			"stepParentName": "UpperTorso",
			"from": [ -0.3, -0.2, -0.3 ],
			"to": [ 5.3, 5.2, 6.5 ],
			"uv": [ 0.0, 0.0 ],
			"rotationOrigin": [ -0.3, -0.2, -0.3 ],
			"faces": {
				"north": { "texture": "#material", "uv": [ 0.0, 6.5, 5.5, 11.5 ], "autoUv": false },
				"east": { "texture": "#material", "uv": [ 5.5, 6.5, 12.0, 11.5 ], "autoUv": false },
				"south": { "texture": "#material", "uv": [ 12.0, 6.5, 17.5, 11.5 ], "autoUv": false },
				"west": { "texture": "#material", "uv": [ 17.5, 6.5, 24.0, 11.5 ], "autoUv": false },
				"up": { "texture": "#material", "uv": [ 0.0, 0.0, 5.5, 6.5 ], "autoUv": false },
				"down": { "texture": "#material", "uv": [ 5.5, 0.0, 11.0, 6.5 ], "autoUv": false }
			},
			"children": [
				{
					"name": "Breastplate",
					"from": [ 0.0, 2.2, 0.1 ],
					"to": [ 1.3, 4.7, 6.9 ],
					"unwrapMode": 4,
					"uv": [ 4.5, 7.0 ],
					"rotationOrigin": [ 0.0, 4.7, 0.1 ],
					"rotationZ": -25.0,
					"faces": {
						"north": { "texture": "#material", "uv": [ 4.5, 8.0, 5.5, 10.5 ] },
						"east": { "texture": "#material", "uv": [ 13.0, 8.0, 19.5, 10.5 ] },
						"south": { "texture": "#material", "uv": [ 12.0, 8.0, 13.0, 10.5 ] },
						"west": { "texture": "#material", "uv": [ 5.5, 8.0, 12.0, 10.5 ] },
						"up": { "texture": "#material", "uv": [ 5.5, 7.0, 12.0, 8.0 ], "rotation": 90 },
						"down": { "texture": "#material", "uv": [ 5.5, 10.5, 12.0, 11.5 ], "rotation": 90 }
					}
				}
			]
		},
		{
			"name": "ArmorLowerTorso",
			"stepParentName": "LowerTorso",
			"from": [ -0.3, -0.5, -0.35 ],
			"to": [ 5.3, 5.1, 6.35 ],
			"uv": [ 0.0, 11.5 ],
			"rotationOrigin": [ -0.3, -0.5, -0.3 ],
			"faces": {
				"north": { "texture": "#material", "uv": [ 0.0, 18.0, 5.5, 23.5 ], "autoUv": false },
				"east": { "texture": "#material", "uv": [ 5.5, 18.0, 12.0, 23.5 ], "autoUv": false },
				"south": { "texture": "#material", "uv": [ 12.0, 18.0, 17.5, 23.5 ], "autoUv": false },
				"west": { "texture": "#material", "uv": [ 17.5, 18.0, 24.0, 23.5 ], "autoUv": false },
				"up": { "texture": "#material", "uv": [ 0.0, 11.5, 5.5, 18.0 ], "autoUv": false },
				"down": { "texture": "#material", "uv": [ 5.5, 11.5, 11.0, 18.0 ], "autoUv": false }
			}
		},
		{
			"name": "ArmorCoatR",
			"stepParentName": "UpperFootR",
			"from": [ -0.9, 0.9, -0.35 ],
			"to": [ 5.0, 7.2, 3.15 ],
			"uv": [ 18.0, 24.5 ],
			"rotationOrigin": [ -0.7, 0.2, -0.5 ],
			"faces": {
				"north": { "texture": "#material", "uv": [ 18.0, 28.0, 23.5, 35.0 ], "autoUv": false },
				"east": { "texture": "#material", "uv": [ 23.5, 28.0, 27.0, 35.0 ], "autoUv": false },
				"south": { "texture": "#material", "uv": [ 27.0, 28.0, 32.5, 35.0 ], "autoUv": false },
				"west": { "texture": "#material", "uv": [ 32.5, 28.0, 36.0, 35.0 ], "autoUv": false },
				"up": { "texture": "#material", "uv": [ 18.0, 24.5, 23.5, 28.0 ], "autoUv": false },
				"down": { "texture": "#material", "uv": [ 23.5, 24.5, 29.0, 28.0 ], "autoUv": false }
			}
		},
		{
			"name": "ArmorCoatL",
			"stepParentName": "UpperFootL",
			"from": [ -0.9, 0.9, 0.05 ],
			"to": [ 5.0, 7.2, 3.55 ],
			"uv": [ 0.0, 24.5 ],
			"rotationOrigin": [ -0.7, 0.2, -0.1 ],
			"faces": {
				"north": { "texture": "#material", "uv": [ 0.0, 28.0, 5.5, 35.0 ], "autoUv": false },
				"east": { "texture": "#material", "uv": [ 5.5, 28.0, 9.0, 35.0 ], "autoUv": false },
				"south": { "texture": "#material", "uv": [ 9.0, 28.0, 14.5, 35.0 ], "autoUv": false },
				"west": { "texture": "#material", "uv": [ 14.5, 28.0, 18.0, 35.0 ], "autoUv": false },
				"up": { "texture": "#material", "uv": [ 0.0, 24.5, 5.5, 28.0 ], "autoUv": false },
				"down": { "texture": "#material", "uv": [ 5.5, 24.5, 11.0, 28.0 ], "autoUv": false }
			}
		}
	]}