﻿[
  {
    "ingredientPattern": "HDG,PPP,P P",
    "ingredients": {
      "H": {
        "type": "item",
        "code": "game:drygrass",
        "quantity": 5
      },
      "D": {
        "type": "block",
        "code": "game:soil-*",
        "quantity": 4
      },
      "G": {
        "type": "item",
        "code": "game:grain-*",
        "quantity": 5
      },
      "P": {
        "type": "item",
        "code": "game:plank-*",
        "name": "wood"
      }
    },
    "width": 3,
    "height": 3,
    "output": {
      "type": "block",
      "code": "growbed",
      "quantity": 1,
      "attributes": {
        "refundItem": "game:plank-{wood}"
      }
    }
  }
]