{
	"editor": {
		"collapsedPaths": "",
		"allAngles": false,
		"entityTextureMode": false
	},
	"textureWidth": 16,
	"textureHeight": 16,
	"textureSizes": {
		"ceramic": [16,16],
		"mordant": [16,16],
		"fireclay": [16,16],
		"ropedcloth": [16,16]
	},
	"textures": {
		"ceramic": "game:block/clay/ceramic",
		"fireclay": "game:block/clay/fireclay",
		"mordant": "game:block/cloth/linen/mordant"
	},
	"elements": [
		{
			"name": "Crucible base",
			"from": [ 6.5, 0.0, 6.5 ],
			"to": [ 9.5, 1.0, 9.5 ],
			"rotationOrigin": [ 1.0, 0.0, 0.0 ],
			"faces": {
				"up": { "texture": "#ceramic", "uv": [ 2.0, 7.0, 5.0, 10.0 ] },
				"down": { "texture": "#ceramic", "uv": [ 6.0, 6.0, 9.0, 9.0 ] }
			},
			"children": [
				{
					"name": "W",
					"from": [ -1.0, 0.0, -1.0 ],
					"to": [ 0.0, 6.0, 4.0 ],
					"faces": {
						"north": { "texture": "#ceramic", "uv": [ 8.0, 10.0, 9.0, 16.0 ] },
						"east": { "texture": "#ceramic", "uv": [ 7.0, 2.0, 12.0, 8.0 ] },
						"south": { "texture": "#ceramic", "uv": [ 0.0, 0.0, 1.0, 6.0 ] },
						"west": { "texture": "#ceramic", "uv": [ 1.0, 3.0, 6.0, 9.0 ] },
						"up": { "texture": "#ceramic", "uv": [ 14.0, 2.0, 15.0, 7.0 ] },
						"down": { "texture": "#ceramic", "uv": [ 0.0, 0.0, 1.0, 5.0 ] }
					}
				},
				{
					"name": "E",
					"from": [ 3.0, 0.0, -1.0 ],
					"to": [ 4.0, 6.0, 4.0 ],
					"faces": {
						"north": { "texture": "#ceramic", "uv": [ 3.0, 9.0, 4.0, 15.0 ] },
						"east": { "texture": "#ceramic", "uv": [ 2.0, 4.0, 7.0, 10.0 ] },
						"south": { "texture": "#ceramic", "uv": [ 5.0, 4.0, 6.0, 10.0 ] },
						"west": { "texture": "#ceramic", "uv": [ 0.0, 0.0, 5.0, 6.0 ] },
						"up": { "texture": "#ceramic", "uv": [ 4.0, 9.0, 5.0, 14.0 ] },
						"down": { "texture": "#ceramic", "uv": [ 0.0, 0.0, 1.0, 5.0 ] }
					}
				},
				{
					"name": "N",
					"from": [ 0.0, 0.0, -1.0 ],
					"to": [ 3.0, 6.0, 0.0 ],
					"faces": {
						"north": { "texture": "#ceramic", "uv": [ 5.0, 6.0, 8.0, 12.0 ] },
						"south": { "texture": "#ceramic", "uv": [ 2.0, 2.0, 5.0, 8.0 ] },
						"up": { "texture": "#ceramic", "uv": [ 1.0, 6.0, 4.0, 7.0 ] },
						"down": { "texture": "#ceramic", "uv": [ 1.0, 4.0, 4.0, 5.0 ] }
					}
				},
				{
					"name": "S",
					"from": [ 0.0, 0.0, 3.0 ],
					"to": [ 3.0, 6.0, 4.0 ],
					"faces": {
						"north": { "texture": "#ceramic", "uv": [ 5.0, 3.0, 8.0, 9.0 ] },
						"south": { "texture": "#ceramic", "uv": [ 1.0, 2.0, 4.0, 8.0 ] },
						"up": { "texture": "#ceramic", "uv": [ 7.0, 7.0, 10.0, 8.0 ] },
						"down": { "texture": "#ceramic", "uv": [ 0.0, 0.0, 3.0, 1.0 ] }
					}
				},
				{
					"name": "top N",
					"from": [ -0.5, 6.0, -0.5 ],
					"to": [ 3.5, 7.0, 0.5 ],
					"rotationOrigin": [ -0.5, 1.0, -0.5 ],
					"faces": {
						"north": { "texture": "#ceramic", "uv": [ 3.0, 5.0, 7.0, 6.0 ] },
						"east": { "texture": "#ceramic", "uv": [ 6.0, 4.0, 7.0, 5.0 ] },
						"south": { "texture": "#ceramic", "uv": [ 3.0, 6.0, 7.0, 7.0 ] },
						"west": { "texture": "#ceramic", "uv": [ 14.0, 0.0, 15.0, 1.0 ] },
						"up": { "texture": "#ceramic", "uv": [ 4.0, 7.0, 8.0, 8.0 ] },
						"down": { "texture": "#ceramic", "uv": [ 1.0, 5.0, 5.0, 6.0 ] }
					}
				},
				{
					"name": "top S",
					"from": [ -0.5, 6.0, 2.5 ],
					"to": [ 3.5, 7.0, 3.5 ],
					"rotationOrigin": [ -0.5, 1.0, 0.5 ],
					"faces": {
						"north": { "texture": "#ceramic", "uv": [ 1.0, 9.0, 5.0, 10.0 ] },
						"east": { "texture": "#ceramic", "uv": [ 0.0, 4.0, 1.0, 5.0 ] },
						"south": { "texture": "#ceramic", "uv": [ 6.0, 6.0, 10.0, 7.0 ] },
						"west": { "texture": "#ceramic", "uv": [ 2.0, 3.0, 3.0, 4.0 ] },
						"up": { "texture": "#ceramic", "uv": [ 3.0, 6.0, 7.0, 7.0 ] },
						"down": { "texture": "#ceramic", "uv": [ 3.0, 6.0, 7.0, 7.0 ] }
					}
				},
				{
					"name": "top W",
					"from": [ -0.5, 6.0, 0.5 ],
					"to": [ 0.5, 7.0, 2.5 ],
					"rotationOrigin": [ -0.5, 1.0, -0.5 ],
					"faces": {
						"east": { "texture": "#ceramic", "uv": [ 1.0, 7.0, 3.0, 8.0 ] },
						"west": { "texture": "#ceramic", "uv": [ 5.0, 4.0, 7.0, 5.0 ] },
						"up": { "texture": "#ceramic", "uv": [ 8.0, 1.0, 9.0, 3.0 ] },
						"down": { "texture": "#ceramic", "uv": [ 3.0, 9.0, 4.0, 11.0 ] }
					}
				},
				{
					"name": "top E",
					"from": [ 2.5, 6.0, 0.5 ],
					"to": [ 3.5, 7.0, 2.5 ],
					"rotationOrigin": [ 0.5, 1.0, -0.5 ],
					"faces": {
						"east": { "texture": "#ceramic", "uv": [ 4.0, 7.0, 6.0, 8.0 ] },
						"west": { "texture": "#ceramic", "uv": [ 3.0, 7.0, 5.0, 8.0 ] },
						"up": { "texture": "#ceramic", "uv": [ 2.0, 5.0, 3.0, 7.0 ] }
					}
				},
				{
					"name": "Top2",
					"from": [ 0.0, 5.5, 0.0 ],
					"to": [ 3.0, 7.5, 3.0 ],
					"rotationOrigin": [ -6.5, 0.0, -6.5 ],
					"faces": {
						"north": { "texture": "#fireclay", "uv": [ 0.0, 2.5, 3.0, 4.5 ] },
						"east": { "texture": "#fireclay", "uv": [ 2.0, 2.5, 5.0, 4.5 ] },
						"south": { "texture": "#fireclay", "uv": [ 7.0, 2.5, 10.0, 4.5 ] },
						"west": { "texture": "#fireclay", "uv": [ 8.0, 2.5, 11.0, 4.5 ] },
						"up": { "texture": "#fireclay", "uv": [ 13.0, 0.0, 16.0, 3.0 ] }
					},
					"children": [
						{
							"name": "Cube2",
							"from": [ 1.0, 1.28, 0.5 ],
							"to": [ 1.5, 2.28, 1.0 ],
							"rotationOrigin": [ 1.0, 1.0, 0.0 ],
							"faces": {
								"north": { "texture": "#fireclay", "uv": [ 0.0, 0.0, 0.5, 1.0 ] },
								"east": { "texture": "#fireclay", "uv": [ 0.0, 0.0, 0.5, 1.0 ], "windMode": [-1,-1,-1,-1] },
								"south": { "texture": "#fireclay", "uv": [ 0.0, 0.0, 0.5, 1.0 ], "windMode": [-1,-1,-1,-1] },
								"west": { "texture": "#fireclay", "uv": [ 0.0, 0.0, 0.5, 1.0 ], "windMode": [-1,-1,-1,-1] },
								"up": { "texture": "#fireclay", "uv": [ 0.0, 0.0, 0.5, 0.5 ], "windMode": [-1,-1,-1,-1] },
								"down": { "texture": "#fireclay", "uv": [ 0.0, 0.0, 0.5, 0.5 ], "windMode": [-1,-1,-1,-1] }
							}
						},
						{
							"name": "Cube3",
							"from": [ 2.0, 1.3, 1.5 ],
							"to": [ 2.5, 2.3, 2.0 ],
							"rotationOrigin": [ 2.0, 1.0, 1.0 ],
							"faces": {
								"north": { "texture": "#fireclay", "uv": [ 0.0, 0.0, 0.5, 1.0 ] },
								"east": { "texture": "#fireclay", "uv": [ 0.0, 0.0, 0.5, 1.0 ], "windMode": [-1,-1,-1,-1] },
								"south": { "texture": "#fireclay", "uv": [ 0.0, 0.0, 0.5, 1.0 ], "windMode": [-1,-1,-1,-1] },
								"west": { "texture": "#fireclay", "uv": [ 0.0, 0.0, 0.5, 1.0 ], "windMode": [-1,-1,-1,-1] },
								"up": { "texture": "#fireclay", "uv": [ 0.0, 0.0, 0.5, 0.5 ], "windMode": [-1,-1,-1,-1] },
								"down": { "texture": "#fireclay", "uv": [ 0.0, 0.0, 0.5, 0.5 ], "windMode": [-1,-1,-1,-1] }
							}
						}
					]
				},
				{
					"name": "Fuse2",
					"from": [ 1.1, 6.6, 1.2 ],
					"to": [ 1.6, 9.6, 1.7 ],
					"rotationOrigin": [ 1.1, 6.6, 1.7 ],
					"rotationX": 22.5,
					"rotationY": 67.5,
					"rotationZ": -22.5,
					"faces": {
						"north": { "texture": "#mordant", "uv": [ 8.0, 7.0, 8.5, 10.0 ] },
						"east": { "texture": "#mordant", "uv": [ 8.0, 7.0, 8.5, 10.0 ] },
						"south": { "texture": "#mordant", "uv": [ 8.0, 7.0, 8.5, 10.0 ] },
						"west": { "texture": "#mordant", "uv": [ 8.0, 7.0, 8.5, 10.0 ] },
						"up": { "texture": "#mordant", "uv": [ 8.0, 7.0, 8.5, 7.5 ] }
					}
				}
			]
		}
	]}