{
	"editor": {
		"backDropShape": "E:/Games/VSDEV/assets/game/shapes/entity/humanoid/seraph-hairless",
		"allAngles": false,
		"entityTextureMode": true
	},
	"textureWidth": 64,
	"textureHeight": 64,
	"textureSizes": {
	},
	"textures": {
		"forlornhopeWIP": "entity/humanoid/serapharmor/forlorn/forlorn-pristine"
	},
	"elements": [
		{
			"name": "ArmorHead",
			"stepParentName": "Head",
			"from": [ -0.1, -0.2, -0.2 ],
			"to": [ 5.6, 5.2, 5.2 ],
			"autoUnwrap": false,
			"uv": [ 7.0, 0.0 ],
			"rotationOrigin": [ -0.1, -0.2, 2.6 ],
			"faces": {
				"north": { "texture": "#forlornhopeWIP", "uv": [ 0.0, 6.0, 5.5, 11.0 ] },
				"east": { "texture": "#forlornhopeWIP", "uv": [ 17.0, 6.0, 22.0, 11.0 ] },
				"south": { "texture": "#forlornhopeWIP", "uv": [ 11.5, 6.0, 17.0, 11.0 ] },
				"west": { "texture": "#forlornhopeWIP", "uv": [ 6.0, 6.0, 11.0, 11.0 ] },
				"up": { "texture": "#forlornhopeWIP", "uv": [ 6.0, 0.0, 11.0, 5.5 ], "rotation": 90 },
				"down": { "texture": "#forlornhopeWIP", "uv": [ 0.5, 0.5, 5.5, 6.0 ], "rotation": 90 }
			},
			"children": [
				{
					"name": "ArmorVisor",
					"from": [ -1.9, 0.6, 0.2 ],
					"to": [ 2.1, 4.6, 5.2 ],
					"autoUnwrap": false,
					"uv": [ 23.5, 3.0 ],
					"rotationOrigin": [ 0.1, 2.7, 2.7 ],
					"rotationZ": 45.0,
					"faces": {
						"north": { "texture": "#forlornhopeWIP", "uv": [ 23.5, 2.0, 27.5, 6.0 ] },
						"south": { "texture": "#forlornhopeWIP", "uv": [ 32.5, 2.0, 36.5, 6.0 ] },
						"west": { "texture": "#forlornhopeWIP", "uv": [ 27.5, 4.0, 32.5, 8.0 ] },
						"up": { "texture": "#forlornhopeWIP", "uv": [ 27.5, 0.0, 32.5, 4.0 ], "rotation": 90 }
					}
				},
				{
					"name": "ArmorHelmetNose",
					"from": [ -3.5, 4.9, 2.2 ],
					"to": [ 0.5, 5.4, 3.2 ],
					"autoUnwrap": false,
					"uv": [ 25.0, 0.5 ],
					"rotationOrigin": [ -0.6, 5.4, 2.8 ],
					"rotationZ": 45.0,
					"faces": {
						"north": { "texture": "#forlornhopeWIP", "uv": [ 35.5, 0.0, 39.5, 0.5 ] },
						"east": { "texture": "#forlornhopeWIP", "uv": [ 39.5, 0.5, 40.0, 1.5 ], "rotation": 90 },
						"south": { "texture": "#forlornhopeWIP", "uv": [ 35.5, 1.5, 39.5, 2.0 ] },
						"west": { "texture": "#forlornhopeWIP", "uv": [ 35.0, 0.5, 35.5, 1.5 ], "rotation": 90 },
						"up": { "texture": "#forlornhopeWIP", "uv": [ 35.5, 0.5, 39.5, 1.5 ] }
					}
				},
				{
					"name": "ArmorRidgeTop",
					"from": [ 0.2, 5.4, 2.4 ],
					"to": [ 5.7, 6.1, 3.0 ],
					"autoUnwrap": false,
					"uv": [ 11.5, 4.0 ],
					"rotationOrigin": [ 0.3, 5.4, 2.8 ],
					"faces": {
						"north": { "texture": "#forlornhopeWIP", "uv": [ 11.5, 4.5, 17.0, 5.0 ] },
						"south": { "texture": "#forlornhopeWIP", "uv": [ 11.5, 3.5, 17.0, 4.0 ] },
						"up": { "texture": "#forlornhopeWIP", "uv": [ 11.5, 4.0, 17.0, 4.5 ] }
					}
				},
				{
					"name": "ArmorRidgeBack",
					"from": [ 5.7, 1.0, 2.4 ],
					"to": [ 6.4, 6.1, 3.0 ],
					"uv": [ 34.0, 6.5 ],
					"rotationOrigin": [ 5.7, 1.0, 2.4 ],
					"faces": {
						"north": { "texture": "#forlornhopeWIP", "uv": [ 34.0, 7.0, 34.5, 12.0 ] },
						"east": { "texture": "#forlornhopeWIP", "uv": [ 34.5, 7.0, 35.0, 12.0 ] },
						"south": { "texture": "#forlornhopeWIP", "uv": [ 35.0, 7.0, 35.5, 12.0 ] },
						"up": { "texture": "#forlornhopeWIP", "uv": [ 34.0, 6.5, 34.5, 7.0 ] },
						"down": { "texture": "#forlornhopeWIP", "uv": [ 34.5, 6.5, 35.0, 7.0 ] }
					}
				}
			]
		},
		{
			"name": "ArmorNeck",
			"stepParentName": "Neck",
			"from": [ -0.2, 0.6, -0.3 ],
			"to": [ 3.0, 2.2, 2.9 ],
			"autoUnwrap": false,
			"uv": [ 11.5, 3.0 ],
			"rotationOrigin": [ -0.2, 0.6, 1.3 ],
			"faces": {
				"north": { "texture": "#forlornhopeWIP", "uv": [ 11.0, 0.0, 14.0, 1.5 ] },
				"east": { "texture": "#forlornhopeWIP", "uv": [ 20.0, 0.0, 23.0, 1.5 ] },
				"south": { "texture": "#forlornhopeWIP", "uv": [ 17.0, 0.0, 20.0, 1.5 ] },
				"west": { "texture": "#forlornhopeWIP", "uv": [ 14.0, 0.0, 17.0, 1.5 ] }
			}
		}
	]}