{
	"editor": {
		"backDropShape": "C:/Users/Jesus/Documents/VintageMod/MyShapes/CHARmod/dwarf-faceless",
		"collapsedPaths": "Root",
		"allAngles": true,
		"entityTextureMode": true
	},
	"textureWidth": 24,
	"textureHeight": 20,
	"textureSizes": {
		"gloves": [24,20]
	},
	"textures": {
	},
	"elements": [
		{
			"name": "BackGloveL",
			"stepParentName": "UpperArmL",
			"from": [ -0.01, -0.01, -0.01 ],
			"to": [ 3.01, 2.99, 2.01 ],
			"unwrapMode": 4,
			"uv": [ 12.5, 3.0 ],
			"faces": {
				"north": { "texture": "#gloves", "uv": [ 12.5, 3.0, 15.5, 6.0 ] },
				"east": { "texture": "#gloves", "uv": [ 20.5, 3.0, 22.5, 6.0 ] },
				"south": { "texture": "#gloves", "uv": [ 17.5, 3.0, 20.5, 6.0 ] },
				"west": { "texture": "#gloves", "uv": [ 15.5, 3.0, 17.5, 6.0 ] },
				"down": { "texture": "#gloves", "uv": [ 15.5, 6.0, 17.5, 9.0 ], "rotation": 90 }
			}
		},
		{
			"name": "BackGloveR",
			"stepParentName": "UpperArmR",
			"from": [ -0.01, -0.01, -0.01 ],
			"to": [ 3.01, 2.99, 2.01 ],
			"unwrapMode": 4,
			"uv": [ 1.5, 3.0 ],
			"faces": {
				"north": { "texture": "#gloves", "uv": [ 1.5, 3.0, 4.5, 6.0 ] },
				"east": { "texture": "#gloves", "uv": [ 9.5, 3.0, 11.5, 6.0 ] },
				"south": { "texture": "#gloves", "uv": [ 6.5, 3.0, 9.5, 6.0 ] },
				"west": { "texture": "#gloves", "uv": [ 4.5, 3.0, 6.5, 6.0 ] },
				"down": { "texture": "#gloves", "uv": [ 4.5, 6.0, 6.5, 9.0 ], "rotation": 90 }
			}
		},
		{
			"name": "ForegloveRight",
			"stepParentName": "LowerArmR",
			"from": [ -0.01, -0.01, -0.01 ],
			"to": [ 2.51, 6.01, 2.01 ],
			"unwrapMode": 4,
			"uv": [ 2.0, 6.0 ],
			"rotationOrigin": [ -0.01, -0.01, -0.01 ],
			"faces": {
				"north": { "texture": "#gloves", "uv": [ 2.0, 8.5, 4.5, 14.5 ] },
				"east": { "texture": "#gloves", "uv": [ 9.0, 8.5, 11.0, 14.5 ] },
				"south": { "texture": "#gloves", "uv": [ 6.5, 8.5, 9.0, 14.5 ] },
				"west": { "texture": "#gloves", "uv": [ 4.5, 8.5, 6.5, 14.5 ] },
				"up": { "texture": "#gloves", "uv": [ 4.5, 6.0, 6.5, 8.5 ], "rotation": 90, "windMode": [-1,-1,-1,-1], "windData": [1,1,1,1] },
				"down": { "texture": "#gloves", "uv": [ 4.5, 14.5, 6.5, 17.0 ], "rotation": 90 }
			}
		},
		{
			"name": "ForegloveLeft",
			"stepParentName": "LowerArmL",
			"from": [ -0.01, -0.01, -0.01 ],
			"to": [ 2.51, 6.01, 2.01 ],
			"unwrapMode": 4,
			"uv": [ 13.0, 6.0 ],
			"rotationOrigin": [ -0.01, -0.01, -0.01 ],
			"faces": {
				"north": { "texture": "#gloves", "uv": [ 13.0, 8.5, 15.5, 14.5 ] },
				"east": { "texture": "#gloves", "uv": [ 20.0, 8.5, 22.0, 14.5 ] },
				"south": { "texture": "#gloves", "uv": [ 17.5, 8.5, 20.0, 14.5 ] },
				"west": { "texture": "#gloves", "uv": [ 15.5, 8.5, 17.5, 14.5 ] },
				"up": { "texture": "#gloves", "uv": [ 15.5, 6.0, 17.5, 8.5 ], "rotation": 90, "windMode": [-1,-1,-1,-1], "windData": [1,1,1,1] },
				"down": { "texture": "#gloves", "uv": [ 15.5, 14.5, 17.5, 17.0 ], "rotation": 90 }
			}
		}
	]}