{
	"editor": {
		"backDropShape": "C:/Users/Jesus/Documents/VintageMod/MyShapes/CHARmod/dwarf-faceless",
		"allAngles": true,
		"entityTextureMode": true
	},
	"textureWidth": 16,
	"textureHeight": 16,
	"textureSizes": {
		"gloves1": [16,16]
	},
	"textures": {
		"gloves1": "entity/humanoid/seraphclothes/hand/gloves1"
	},
	"elements": [
		{
			"name": "gloveR",
			"stepParentName": "LowerArmL",
			"from": [ 0.0, 0.0, 0.0 ],
			"to": [ 0.0, 0.0, 0.0 ],
			"uv": [ 999.0, 999.0 ],
			"faces": {
			},
			"children": [
				{
					"name": "Right",
					"from": [ -0.01, -0.01, -0.01 ],
					"to": [ 2.51, 1.49, 2.01 ],
					"autoUnwrap": false,
					"uv": [ 0.0, 12.0 ],
					"rotationOrigin": [ -0.01, -0.01, -0.01 ],
					"faces": {
						"north": { "texture": "#gloves1", "uv": [ 0.0, 5.0, 2.5, 6.5 ] },
						"east": { "texture": "#gloves1", "uv": [ 2.5, 5.0, 4.5, 6.5 ] },
						"south": { "texture": "#gloves1", "uv": [ 4.5, 5.0, 7.0, 6.5 ] },
						"west": { "texture": "#gloves1", "uv": [ 7.0, 5.0, 9.0, 6.5 ] },
						"up": { "texture": "#gloves1", "uv": [ 13.5, 0.0, 16.0, 2.0 ] },
						"down": { "texture": "#gloves1", "uv": [ 9.0, 0.0, 11.0, 2.5 ], "rotation": 90 }
					},
					"children": [
						{
							"name": "HIDEFRILL-R",
							"from": [ 2.0, 1.5, 1.0 ],
							"to": [ 2.0, 1.5, 1.0 ],
							"uv": [ 0.0, 0.0 ],
							"rotationOrigin": [ 2.0, 1.5, 1.0 ],
							"faces": {
							},
							"children": [
								{
									"name": "FrillSR",
									"from": [ -2.0, 0.0, 1.02 ],
									"to": [ 0.52, 0.5, 1.02 ],
									"uv": [ 4.5, 4.5 ],
									"rotationOrigin": [ -0.6, 0.0, 1.0 ],
									"rotationX": 10.0,
									"faces": {
										"south": { "texture": "#gloves1", "uv": [ 4.5, 4.5, 7.0, 5.0 ], "windMode": [-1,-1,-1,-1] }
									}
								},
								{
									"name": "FrillNR",
									"from": [ -2.0, 0.0, -1.0 ],
									"to": [ 0.52, 0.5, -1.0 ],
									"uv": [ 0.0, 4.5 ],
									"rotationOrigin": [ -0.6, 0.0, -1.0 ],
									"rotationX": -10.0,
									"faces": {
										"north": { "texture": "#gloves1", "uv": [ 0.0, 4.5, 2.5, 5.0 ], "windMode": [-1,-1,-1,-1] }
									}
								},
								{
									"name": "FrillWR",
									"from": [ -2.0, 0.0, -1.0 ],
									"to": [ -2.0, 0.5, 1.02 ],
									"uv": [ 7.0, 4.5 ],
									"rotationOrigin": [ -2.0, 0.0, 0.0 ],
									"rotationZ": 10.0,
									"faces": {
										"west": { "texture": "#gloves1", "uv": [ 7.0, 4.5, 9.0, 5.0 ], "windMode": [-1,-1,-1,-1] }
									}
								},
								{
									"name": "FrillER",
									"from": [ 0.52, 0.0, -1.0 ],
									"to": [ 0.52, 0.5, 1.02 ],
									"uv": [ 2.5, 4.5 ],
									"rotationOrigin": [ 0.5, 0.0, 0.0 ],
									"rotationZ": -10.0,
									"faces": {
										"east": { "texture": "#gloves1", "uv": [ 2.5, 4.5, 4.5, 5.0 ], "windMode": [-1,-1,-1,-1] }
									}
								}
							]
						}
					]
				}
			]
		},
		{
			"name": "gloveL",
			"stepParentName": "LowerArmR",
			"from": [ 0.0, 0.0, 0.0 ],
			"to": [ 0.0, 0.0, 0.0 ],
			"uv": [ 999.0, 999.0 ],
			"faces": {
			},
			"children": [
				{
					"name": "Left",
					"from": [ -0.01, -0.01, -0.01 ],
					"to": [ 2.51, 1.49, 2.01 ],
					"autoUnwrap": false,
					"uv": [ 0.0, 8.0 ],
					"rotationOrigin": [ -0.01, -0.01, -0.01 ],
					"faces": {
						"north": { "texture": "#gloves1", "uv": [ 2.0, 6.5, 4.5, 8.0 ] },
						"east": { "texture": "#gloves1", "uv": [ 0.0, 6.5, 2.0, 8.0 ] },
						"south": { "texture": "#gloves1", "uv": [ 6.5, 6.5, 9.0, 8.0 ] },
						"west": { "texture": "#gloves1", "uv": [ 4.5, 6.5, 6.5, 8.0 ] },
						"up": { "texture": "#gloves1", "uv": [ 11.0, 0.0, 13.5, 2.0 ] },
						"down": { "texture": "#gloves1", "uv": [ 9.0, 2.5, 11.0, 5.0 ], "rotation": 90 }
					},
					"children": [
						{
							"name": "HIDEFRILL-L",
							"from": [ 1.0, 1.5, 1.0 ],
							"to": [ 1.0, 1.5, 1.0 ],
							"uv": [ 0.0, 0.0 ],
							"rotationOrigin": [ 1.0, 1.5, 1.0 ],
							"faces": {
							},
							"children": [
								{
									"name": "FrillSL",
									"from": [ -1.0, 0.0, 1.02 ],
									"to": [ 1.52, 0.5, 1.02 ],
									"uv": [ 13.5, 4.0 ],
									"rotationOrigin": [ -1.0, 0.0, 1.0 ],
									"rotationX": 10.0,
									"faces": {
										"south": { "texture": "#gloves1", "uv": [ 13.5, 4.0, 16.0, 4.5 ], "windMode": [-1,-1,-1,-1] }
									}
								},
								{
									"name": "FrillNL",
									"from": [ -1.0, 0.0, -1.0 ],
									"to": [ 1.52, 0.5, -1.0 ],
									"uv": [ 13.5, 4.5 ],
									"rotationOrigin": [ -1.0, 0.0, -1.0 ],
									"rotationX": -10.0,
									"faces": {
										"north": { "texture": "#gloves1", "uv": [ 13.5, 4.5, 16.0, 5.0 ], "windMode": [-1,-1,-1,-1] }
									}
								},
								{
									"name": "FrillWL",
									"from": [ -1.0, 0.0, -1.0 ],
									"to": [ -1.0, 0.5, 1.02 ],
									"uv": [ 11.5, 4.0 ],
									"rotationOrigin": [ -1.0, 0.0, 0.0 ],
									"rotationZ": 10.0,
									"faces": {
										"west": { "texture": "#gloves1", "uv": [ 11.5, 4.0, 13.5, 4.5 ], "windMode": [-1,-1,-1,-1] }
									}
								},
								{
									"name": "FrillEL",
									"from": [ 1.52, 0.0, -1.0 ],
									"to": [ 1.52, 0.5, 1.02 ],
									"uv": [ 12.0, 4.5 ],
									"rotationOrigin": [ 1.5, 0.0, 0.0 ],
									"rotationZ": -10.0,
									"faces": {
										"east": { "texture": "#gloves1", "uv": [ 12.0, 4.5, 14.0, 5.0 ], "windMode": [-1,-1,-1,-1] }
									}
								}
							]
						}
					]
				}
			]
		}
	],
	"animations": [
	]
}