{
	"editor": {
		"backDropShape": "entity/humanoid/seraph",
		"allAngles": true,
		"entityTextureMode": true
	},
	"textureWidth": 28,
	"textureHeight": 72,
	"textureSizes": {
		"coat": [28,72]
	},
	"textures": {
		"coat": "entity/humanoid/seraphclothes/upperbodyover/fur-coat"
	},
	"elements": [
		{
			"name": "CollarOrigin2",
			"stepParentName": "Neck",
			"from": [ -0.1, 1.2, 0.0 ],
			"to": [ 2.9, 3.2, 3.0 ],
			"unwrapMode": 4,
			"uv": [ 25.5, 34.0 ],
			"rotationOrigin": [ -0.1, 1.2, 0.0 ],
			"rotationZ": -7.0,
			"faces": {
			},
			"children": [
				{
					"name": "CollarW1",
					"from": [ -0.5, 0.0, -0.2 ],
					"to": [ 0.0, 1.0, 3.2 ],
					"unwrapMode": 4,
					"autoUnwrap": false,
					"uv": [ 16.0, 2.0 ],
					"rotationOrigin": [ -0.5, 0.0, -0.2 ],
					"rotationZ": 5.0,
					"faces": {
						"north": { "texture": "#coat", "uv": [ 16.5, 0.5, 17.0, 1.5 ], "windMode": [-1,-1,-1,-1], "windData": [1,1,1,1] },
						"east": { "texture": "#coat", "uv": [ 16.5, 1.0, 19.5, 2.0 ] },
						"south": { "texture": "#coat", "uv": [ 15.5, 0.5, 16.0, 1.5 ], "windMode": [-1,-1,-1,-1], "windData": [1,1,1,1] },
						"west": { "texture": "#coat", "uv": [ 18.5, 0.0, 21.5, 1.0 ] },
						"up": { "texture": "#coat", "uv": [ 16.5, 2.0, 19.5, 2.5 ], "rotation": 90, "windMode": [-1,-1,-1,-1], "windData": [1,1,1,1] }
					},
					"children": [
						{
							"name": "CollarW2",
							"from": [ -0.5, 0.0, 0.6 ],
							"to": [ 0.0, 0.7, 2.8 ],
							"unwrapMode": 4,
							"autoUnwrap": false,
							"uv": [ 16.0, 2.0 ],
							"rotationOrigin": [ -0.5, 0.0, 0.6 ],
							"faces": {
								"north": { "texture": "#coat", "uv": [ 16.0, 1.5, 16.5, 2.0 ], "windMode": [-1,-1,-1,-1], "windData": [1,1,1,1] },
								"south": { "texture": "#coat", "uv": [ 14.0, 1.0, 14.5, 1.5 ], "windMode": [-1,-1,-1,-1], "windData": [1,1,1,1] },
								"west": { "texture": "#coat", "uv": [ 17.0, 0.5, 19.0, 1.0 ] },
								"up": { "texture": "#coat", "uv": [ 16.5, 2.0, 18.5, 2.5 ], "rotation": 90, "windMode": [-1,-1,-1,-1], "windData": [1,1,1,1] }
							}
						}
					]
				},
				{
					"name": "CollarN",
					"from": [ -0.2, 0.0, -0.5 ],
					"to": [ 3.3, 1.0, 0.0 ],
					"unwrapMode": 1,
					"autoUnwrap": false,
					"uv": [ 12.5, 2.0 ],
					"rotationOrigin": [ -0.2, 0.0, -0.5 ],
					"rotationX": -5.0,
					"faces": {
						"north": { "texture": "#coat", "uv": [ 14.5, 0.0, 18.0, 1.0 ] },
						"east": { "texture": "#coat", "uv": [ 13.5, 0.0, 14.0, 1.0 ], "windMode": [-1,-1,-1,-1], "windData": [1,1,1,1] },
						"south": { "texture": "#coat", "uv": [ 13.0, 1.0, 16.5, 2.0 ], "windMode": [-1,-1,-1,-1], "windData": [1,1,1,1] },
						"west": { "texture": "#coat", "uv": [ 15.0, 0.0, 15.5, 1.0 ], "windMode": [-1,-1,-1,-1], "windData": [1,1,1,1] },
						"up": { "texture": "#coat", "uv": [ 13.0, 2.0, 16.5, 2.5 ], "rotation": 180, "windMode": [-1,-1,-1,-1], "windData": [1,1,1,1] }
					}
				},
				{
					"name": "CollarE",
					"from": [ 3.1, 0.0, -0.2 ],
					"to": [ 3.6, 1.0, 3.2 ],
					"unwrapMode": 2,
					"autoUnwrap": false,
					"uv": [ 22.5, 2.0 ],
					"rotationOrigin": [ 3.3, 0.0, -0.2 ],
					"rotationZ": -5.0,
					"faces": {
						"north": { "texture": "#coat", "uv": [ 23.0, 0.5, 23.5, 1.5 ], "windMode": [-1,-1,-1,-1], "windData": [1,1,1,1] },
						"east": { "texture": "#coat", "uv": [ 24.5, 0.0, 27.5, 1.0 ] },
						"south": { "texture": "#coat", "uv": [ 25.0, 0.5, 25.5, 1.5 ], "windMode": [-1,-1,-1,-1], "windData": [1,1,1,1] },
						"west": { "texture": "#coat", "uv": [ 23.0, 1.0, 26.0, 2.0 ] },
						"up": { "texture": "#coat", "uv": [ 23.0, 2.0, 26.0, 2.5 ], "rotation": 270 }
					}
				},
				{
					"name": "CollarS",
					"from": [ -0.2, 0.0, 3.0 ],
					"to": [ 3.3, 1.0, 3.5 ],
					"unwrapMode": 3,
					"autoUnwrap": false,
					"uv": [ 19.0, 2.0 ],
					"rotationOrigin": [ -0.2, 0.0, 3.2 ],
					"rotationX": 5.0,
					"faces": {
						"north": { "texture": "#coat", "uv": [ 19.5, 1.0, 23.0, 2.0 ] },
						"east": { "texture": "#coat", "uv": [ 19.5, 0.5, 20.0, 1.5 ], "windMode": [-1,-1,-1,-1], "windData": [1,1,1,1] },
						"south": { "texture": "#coat", "uv": [ 21.0, 0.0, 24.5, 1.0 ] },
						"west": { "texture": "#coat", "uv": [ 22.0, 0.5, 22.5, 1.5 ], "windMode": [-1,-1,-1,-1], "windData": [1,1,1,1] },
						"up": { "texture": "#coat", "uv": [ 19.5, 2.0, 23.0, 2.5 ] }
					}
				}
			]
		}
	]}