{
	"editor": {
		"backDropShape": "entity/humanoid/seraph",
		"allAngles": true,
		"entityTextureMode": true
	},
	"textureWidth": 28,
	"textureHeight": 64,
	"textureSizes": {
		"coat": [28,64]
	},
	"textures": {
		"coat": "entity/humanoid/seraphclothes/upperbodyover/rotwalker"
	},
	"elements": [
		{
			"name": "CollarOrigin2",
			"stepParentName": "Neck",
			"from": [ 0.0, 0.5, 0.0 ],
			"to": [ 3.0, 2.5, 3.0 ],
			"unwrapMode": 4,
			"uv": [ 25.5, 34.0 ],
			"rotationOrigin": [ 0.0, 0.5, 0.0 ],
			"faces": {
			},
			"children": [
				{
					"name": "CollarW",
					"from": [ -0.2, 0.0, -0.2 ],
					"to": [ 0.0, 2.0, 3.2 ],
					"unwrapMode": 4,
					"autoUnwrap": false,
					"uv": [ 16.0, 2.0 ],
					"rotationOrigin": [ -0.2, 0.0, -0.2 ],
					"faces": {
						"east": { "texture": "#coat", "uv": [ 16.5, 0.0, 19.5, 2.0 ], "rotation": 180 },
						"west": { "texture": "#coat", "uv": [ 16.5, 2.5, 19.5, 4.5 ] },
						"up": { "texture": "#coat", "uv": [ 16.5, 2.0, 19.5, 2.5 ], "rotation": 90, "windMode": [-1,-1,-1,-1], "windData": [1,1,1,1] }
					}
				},
				{
					"name": "CollarN",
					"from": [ -0.2, 0.0, -0.2 ],
					"to": [ 3.2, 2.0, 0.0 ],
					"unwrapMode": 1,
					"autoUnwrap": false,
					"uv": [ 12.5, 2.0 ],
					"rotationOrigin": [ -0.2, 0.0, -0.2 ],
					"faces": {
						"north": { "texture": "#coat", "uv": [ 13.0, 2.5, 16.0, 4.5 ] },
						"south": { "texture": "#coat", "uv": [ 13.0, 0.0, 16.0, 2.0 ], "rotation": 180, "windMode": [-1,-1,-1,-1], "windData": [1,1,1,1] },
						"up": { "texture": "#coat", "uv": [ 13.0, 2.0, 16.0, 2.5 ], "rotation": 180, "windMode": [-1,-1,-1,-1], "windData": [1,1,1,1] }
					}
				},
				{
					"name": "CollarE",
					"from": [ 3.0, 0.0, -0.2 ],
					"to": [ 3.2, 2.0, 3.2 ],
					"unwrapMode": 2,
					"autoUnwrap": false,
					"uv": [ 22.5, 2.0 ],
					"rotationOrigin": [ 3.2, 0.0, -0.2 ],
					"faces": {
						"east": { "texture": "#coat", "uv": [ 23.0, 2.5, 26.0, 4.5 ] },
						"west": { "texture": "#coat", "uv": [ 23.0, 0.0, 26.0, 2.0 ], "rotation": 180 },
						"up": { "texture": "#coat", "uv": [ 23.0, 2.0, 26.0, 2.5 ], "rotation": 270 }
					}
				},
				{
					"name": "CollarS",
					"from": [ -0.2, 0.0, 3.0 ],
					"to": [ 3.2, 2.0, 3.2 ],
					"unwrapMode": 3,
					"autoUnwrap": false,
					"uv": [ 19.0, 2.0 ],
					"rotationOrigin": [ -0.2, 0.0, 3.0 ],
					"faces": {
						"north": { "texture": "#coat", "uv": [ 19.5, 0.0, 22.5, 2.0 ], "rotation": 180 },
						"south": { "texture": "#coat", "uv": [ 19.5, 2.5, 22.5, 4.5 ] },
						"up": { "texture": "#coat", "uv": [ 19.5, 2.0, 22.5, 2.5 ] }
					}
				}
			]
		}
	]}