{
  "textureWidth":16,
  "textureHeight":16,
  "textures":{
    "grip":"game:block/leather/plain"
  },
  "textureSizes":{
    "grip":[
      32,
      32
    ]
  },
  "elements":[
    {
      "name":"origin",
      "from":[
        11.0,
        0.6638624668121338,
        7.993711173534393
      ],
      "to":[
        11.0,
        0.6638624668121338,
        7.993711173534393
      ],
      "rotationOrigin":[
        8.0,
        0.0,
        8.0
      ],
      "group":"bone_fabric",
      "faces":{
        "north":{
          "texture":"#0",
          "uv":[
            0,
            0,
            4,
            4
          ],
          "autoUv":false
        },
        "east":{
          "texture":"#0",
          "uv":[
            0,
            0,
            4,
            4
          ],
          "autoUv":false
        },
        "south":{
          "texture":"#0",
          "uv":[
            0,
            0,
            4,
            4
          ],
          "autoUv":false
        },
        "west":{
          "texture":"#0",
          "uv":[
            0,
            0,
            4,
            4
          ],
          "autoUv":false
        },
        "up":{
          "texture":"#grip",
          "uv":[
            0.0,
            0.0,
            1.0,
            1.0
          ],
          "autoUv":false,
          "rotation":180
        },
        "down":{
          "texture":"#0",
          "uv":[
            0,
            0,
            4,
            4
          ],
          "autoUv":false
        }
      },
      "children":[
        {
          "name":"bone_fabric1",
          "from":[
            -8.376794934272766,
            -0.18016666173934937,
            -0.510016143321991
          ],
          "to":[
            -6.084504961967468,
            0.8524417281150818,
            0.5225930213928223
          ],
          "rotationOrigin":[
            -6.916022300720215,
            0.3361375331878662,
            0.0062888264656066895
          ],
          "rotationY":-179.99984108441626,
          "group":"bone_fabric",
          "faces":{
            "north":{
              "texture":"#grip",
              "uv":[
                2.0,
                8.0,
                8.313106536865234,
                10.999998092651367
              ],
              "autoUv":false
            },
            "east":{
              "texture":"#grip",
              "uv":[
                6.0,
                0.0,
                9.0,
                3.0
              ],
              "autoUv":false
            },
            "south":{
              "texture":"#grip",
              "uv":[
                2.686893939971924,
                17.999999046325684,
                9.0,
                21.0
              ],
              "autoUv":false
            },
            "west":{
              "texture":"#grip",
              "uv":[
                6.0,
                0.0,
                8.0,
                4.0
              ],
              "autoUv":false
            },
            "up":{
              "texture":"#grip",
              "uv":[
                2.686893939971924,
                5.999998092651367,
                9.0,
                9.0
              ],
              "autoUv":false
            },
            "down":{
              "texture":"#grip",
              "uv":[
                8.313106536865234,
                18.0,
                2.0,
                15.0
              ],
              "autoUv":false,
              "rotation":180
            }
          },
          "children":[]
        }
      ]
    }
  ],
  "groups":[]
}