{
  "textureWidth":16,
  "textureHeight":16,
  "textures":{
    "material":"game:block/metal/ingot/copper",
    "wood":"game:block/wood/debarked/oak"
  },
  "textureSizes":{
    "material":[
      32,
      32
    ],
    "wood":[
      32,
      32
    ]
  },
  "elements":[
    {
      "name":"origin",
      "from":[
        11.0,
        0.5,
        7.699999988079071
      ],
      "to":[
        11.0,
        0.5,
        7.699999988079071
      ],
      "rotationOrigin":[
        8.0,
        0.0,
        8.0
      ],
      "group":"fine_metal_stonehead",
      "faces":{
        "north":{
          "texture":"#0",
          "uv":[
            0,
            0,
            4,
            4
          ],
          "autoUv":false
        },
        "east":{
          "texture":"#0",
          "uv":[
            0,
            0,
            4,
            4
          ],
          "autoUv":false
        },
        "south":{
          "texture":"#0",
          "uv":[
            0,
            0,
            4,
            4
          ],
          "autoUv":false
        },
        "west":{
          "texture":"#0",
          "uv":[
            0,
            0,
            4,
            4
          ],
          "autoUv":false
        },
        "up":{
          "texture":"#material",
          "uv":[
            0.0,
            0.0,
            1.0,
            1.0
          ],
          "autoUv":false,
          "rotation":180
        },
        "down":{
          "texture":"#0",
          "uv":[
            0,
            0,
            4,
            4
          ],
          "autoUv":false
        }
      },
      "children":[
        {
          "name":"fine_metal_stonehead 01",
          "from":[
            6.067112416028976,
            -0.07844513654708862,
            -2.467490315437317
          ],
          "to":[
            7.049102336168289,
            0.7660972476005554,
            -0.5334694385528564
          ],
          "rotationOrigin":[
            6.558107376098633,
            0.3438260555267334,
            -1.5004798769950867
          ],
          "rotationX":8.9626954647485,
          "rotationY":-6.151241607270349e-06,
          "rotationZ":4.0120758440528446e-07,
          "group":"fine_metal_stonehead",
          "faces":{
            "north":{
              "texture":"#material",
              "uv":[
                15.0,
                13.990798950195312,
                4.0,
                15.0
              ],
              "autoUv":false
            },
            "east":{
              "texture":"#material",
              "uv":[
                13.0,
                11.0,
                9.0,
                13.0
              ],
              "autoUv":false
            },
            "south":{
              "texture":"#material",
              "uv":[
                13.0,
                9.990798950195312,
                2.0,
                11.0
              ],
              "autoUv":false
            },
            "west":{
              "texture":"#material",
              "uv":[
                9.0,
                11.0,
                13.0,
                13.0
              ],
              "autoUv":false
            },
            "up":{
              "texture":"#material",
              "uv":[
                9.0,
                15.000286102294922,
                13.0,
                16.999784469604492
              ],
              "autoUv":false,
              "rotation":90
            },
            "down":{
              "texture":"#material",
              "uv":[
                9.0,
                16.999784469604492,
                13.0,
                15.000286102294922
              ],
              "autoUv":false,
              "rotation":90
            }
          },
          "children":[]
        },
        {
          "name":"fine_metal_stonehead 02",
          "from":[
            6.066117644309998,
            -0.27014821767807007,
            -0.5848153829574585
          ],
          "to":[
            7.049925446510315,
            0.5730921626091003,
            0.6923151016235352
          ],
          "rotationOrigin":[
            6.558021545410156,
            0.15147197246551514,
            0.05374985933303833
          ],
          "rotationX":3.98242034275139,
          "rotationY":-6.815913415713846e-06,
          "rotationZ":4.7661466834829177e-07,
          "group":"fine_metal_stonehead",
          "faces":{
            "north":{
              "texture":"#material",
              "uv":[
                14.999999046325684,
                14.012567520141602,
                4.0,
                15.017959594726562
              ],
              "autoUv":false
            },
            "east":{
              "texture":"#material",
              "uv":[
                15.0,
                11.0,
                13.0,
                13.0
              ],
              "autoUv":false
            },
            "south":{
              "texture":"#material",
              "uv":[
                12.999999046325684,
                10.012567520141602,
                2.0,
                11.017961502075195
              ],
              "autoUv":false
            },
            "west":{
              "texture":"#material",
              "uv":[
                13.0,
                11.0,
                15.0,
                13.0
              ],
              "autoUv":false
            },
            "up":{
              "texture":"#material",
              "uv":[
                13.0,
                14.999130249023438,
                15.0,
                17.001185417175293
              ],
              "autoUv":false,
              "rotation":90
            },
            "down":{
              "texture":"#material",
              "uv":[
                13.0,
                17.001185417175293,
                15.0,
                14.999130249023438
              ],
              "autoUv":false,
              "rotation":90
            }
          },
          "children":[]
        },
        {
          "name":"fine_metal_stonehead 03",
          "from":[
            6.067112416028976,
            -0.07844510674476624,
            1.6223153471946716
          ],
          "to":[
            7.049102336168289,
            0.766097217798233,
            3.5563361048698425
          ],
          "rotationOrigin":[
            6.558107376098633,
            0.3438260555267334,
            2.589325726032257
          ],
          "rotationX":-8.9626954647485,
          "rotationY":6.151243642825345e-06,
          "rotationZ":4.012073808497848e-07,
          "group":"fine_metal_stonehead",
          "faces":{
            "north":{
              "texture":"#material",
              "uv":[
                2.0,
                9.990798950195312,
                13.0,
                11.0
              ],
              "autoUv":false
            },
            "east":{
              "texture":"#material",
              "uv":[
                9.0,
                11.0,
                13.0,
                13.0
              ],
              "autoUv":false
            },
            "south":{
              "texture":"#material",
              "uv":[
                4.0,
                13.990798950195312,
                15.0,
                15.0
              ],
              "autoUv":false
            },
            "west":{
              "texture":"#material",
              "uv":[
                13.0,
                11.0,
                9.0,
                13.0
              ],
              "autoUv":false
            },
            "up":{
              "texture":"#material",
              "uv":[
                13.0,
                15.000286102294922,
                9.0,
                16.999784469604492
              ],
              "autoUv":false,
              "rotation":90
            },
            "down":{
              "texture":"#material",
              "uv":[
                13.0,
                16.999784469604492,
                9.0,
                15.000286102294922
              ],
              "autoUv":false,
              "rotation":90
            }
          },
          "children":[]
        },
        {
          "name":"fine_metal_stonehead 04",
          "from":[
            6.066117644309998,
            -0.27014821767807007,
            0.39653074741363525
          ],
          "to":[
            7.049925446510315,
            0.5730921626091003,
            1.673661231994629
          ],
          "rotationOrigin":[
            6.558021545410156,
            0.15147197246551514,
            1.035095989704132
          ],
          "rotationX":-3.9824194889777433,
          "rotationY":6.815912601491847e-06,
          "rotationZ":4.7661456657054194e-07,
          "group":"fine_metal_stonehead",
          "faces":{
            "north":{
              "texture":"#material",
              "uv":[
                2.0,
                10.012567520141602,
                12.999999046325684,
                11.017961502075195
              ],
              "autoUv":false
            },
            "east":{
              "texture":"#material",
              "uv":[
                13.0,
                11.0,
                15.0,
                13.0
              ],
              "autoUv":false
            },
            "south":{
              "texture":"#material",
              "uv":[
                4.0,
                14.012567520141602,
                14.999999046325684,
                15.017959594726562
              ],
              "autoUv":false
            },
            "west":{
              "texture":"#material",
              "uv":[
                15.0,
                11.0,
                13.0,
                13.0
              ],
              "autoUv":false
            },
            "up":{
              "texture":"#material",
              "uv":[
                15.0,
                14.999130249023438,
                13.0,
                17.001185417175293
              ],
              "autoUv":false,
              "rotation":90
            },
            "down":{
              "texture":"#material",
              "uv":[
                15.0,
                17.001185417175293,
                13.0,
                14.999130249023438
              ],
              "autoUv":false,
              "rotation":90
            }
          },
          "children":[]
        },
        {
          "name":"fine_metal_stonehead 05",
          "from":[
            6.0676471292972565,
            0.14543843269348145,
            -2.9843940436840057
          ],
          "to":[
            7.048891872167587,
            0.9822285175323486,
            -2.388404279947281
          ],
          "rotationOrigin":[
            6.558269500732422,
            0.563833475112915,
            -2.6863991618156433
          ],
          "rotationX":16.731202362559262,
          "rotationY":-5.134380108950285e-06,
          "rotationZ":1.6930588735960607e-07,
          "group":"fine_metal_stonehead",
          "faces":{
            "north":{
              "texture":"#material",
              "uv":[
                13.0,
                11.013860702514648,
                11.0,
                12.986139297485352
              ],
              "autoUv":false
            },
            "east":{
              "texture":"#material",
              "uv":[
                9.0,
                11.0,
                7.0,
                13.0
              ],
              "autoUv":false
            },
            "south":{
              "texture":"#material",
              "uv":[
                9.889289855957031,
                0.027723312377929688,
                0.11071109771728516,
                1.027658462524414
              ],
              "autoUv":false
            },
            "west":{
              "texture":"#material",
              "uv":[
                7.0,
                11.0,
                9.0,
                13.0
              ],
              "autoUv":false
            },
            "up":{
              "texture":"#material",
              "uv":[
                7.0,
                15.00058364868164,
                9.0,
                16.99903392791748
              ],
              "autoUv":false,
              "rotation":90
            },
            "down":{
              "texture":"#material",
              "uv":[
                7.0,
                16.99903392791748,
                9.0,
                15.00058364868164
              ],
              "autoUv":false,
              "rotation":90
            }
          },
          "children":[]
        },
        {
          "name":"fine_metal_stonehead 06",
          "from":[
            6.0676471292972565,
            0.14543843269348145,
            3.477249652147293
          ],
          "to":[
            7.048891872167587,
            0.9822285175323486,
            4.073239415884018
          ],
          "rotationOrigin":[
            6.558269500732422,
            0.563833475112915,
            3.7752445340156555
          ],
          "rotationX":-16.731198947464677,
          "rotationY":5.1343792947282865e-06,
          "rotationZ":1.6930657435941727e-07,
          "group":"fine_metal_stonehead",
          "faces":{
            "north":{
              "texture":"#material",
              "uv":[
                0.11071109771728516,
                0.027723312377929688,
                9.889289855957031,
                1.027658462524414
              ],
              "autoUv":false
            },
            "east":{
              "texture":"#material",
              "uv":[
                7.0,
                11.0,
                9.0,
                13.0
              ],
              "autoUv":false
            },
            "south":{
              "texture":"#material",
              "uv":[
                11.0,
                11.013860702514648,
                13.0,
                12.986139297485352
              ],
              "autoUv":false
            },
            "west":{
              "texture":"#material",
              "uv":[
                9.0,
                11.0,
                7.0,
                13.0
              ],
              "autoUv":false
            },
            "up":{
              "texture":"#material",
              "uv":[
                9.0,
                15.00058364868164,
                7.0,
                16.99903392791748
              ],
              "autoUv":false,
              "rotation":90
            },
            "down":{
              "texture":"#material",
              "uv":[
                9.0,
                16.99903392791748,
                7.0,
                15.00058364868164
              ],
              "autoUv":false,
              "rotation":90
            }
          },
          "children":[]
        },
        {
          "name":"fine_metal_stonehead 07",
          "from":[
            -17.552688241004944,
            -1.016805037856102,
            -0.22190618515014648
          ],
          "to":[
            -16.318735480308533,
            0.41544295847415924,
            1.310752034187317
          ],
          "rotationOrigin":[
            -16.93571186065674,
            -0.3006810396909714,
            0.5444229245185852
          ],
          "rotationX":7.223796082348506e-16,
          "rotationY":2.052499321440012e-17,
          "rotationZ":3.2499999481438815,
          "group":"fine_metal_stonehead",
          "faces":{
            "north":{
              "texture":"#material",
              "uv":[
                14.0,
                18.0,
                10.0,
                21.0
              ],
              "autoUv":false
            },
            "east":{
              "texture":"#material",
              "uv":[
                1.0,
                1.0,
                4.0,
                4.0
              ],
              "autoUv":false
            },
            "south":{
              "texture":"#material",
              "uv":[
                10.0,
                18.0,
                14.0,
                21.0
              ],
              "autoUv":false
            },
            "west":{
              "texture":"#material",
              "uv":[
                16.0,
                16.0,
                19.0,
                19.0
              ],
              "autoUv":false
            },
            "up":{
              "texture":"#material",
              "uv":[
                17.0,
                17.0,
                19.0,
                19.0
              ],
              "autoUv":false,
              "rotation":90
            },
            "down":{
              "texture":"#material",
              "uv":[
                17.0,
                19.0,
                19.0,
                17.0
              ],
              "autoUv":false,
              "rotation":90
            }
          },
          "children":[]
        },
        {
          "name":"fine_metal_stonehead 08",
          "from":[
            -16.826104819774628,
            -0.7720790803432465,
            -0.22049939632415771
          ],
          "to":[
            -15.813352882862091,
            0.24067357182502747,
            1.3093452453613281
          ],
          "rotationOrigin":[
            -16.31972885131836,
            -0.2657027542591095,
            0.5444229245185852
          ],
          "rotationX":7.223796082348506e-16,
          "rotationY":2.052503320305218e-17,
          "rotationZ":48.25000674991166,
          "group":"fine_metal_stonehead",
          "faces":{
            "north":{
              "texture":"#material",
              "uv":[
                16.0,
                18.0,
                12.0,
                21.0
              ],
              "autoUv":false
            },
            "east":{
              "texture":"#material",
              "uv":[
                17.0,
                15.0,
                19.0,
                17.0
              ],
              "autoUv":false,
              "rotation":180
            },
            "south":{
              "texture":"#material",
              "uv":[
                12.0,
                18.0,
                16.0,
                21.0
              ],
              "autoUv":false
            },
            "west":{
              "texture":"#material",
              "uv":[
                28.0,
                20.0,
                30.999998092651367,
                22.121320724487305
              ],
              "autoUv":false
            },
            "up":{
              "texture":"#material",
              "uv":[
                21.813743591308594,
                9.0,
                19.979671478271484,
                12.0
              ],
              "autoUv":false
            },
            "down":{
              "texture":"#material",
              "uv":[
                17.0,
                17.0,
                19.0,
                15.0
              ],
              "autoUv":false,
              "rotation":90
            }
          },
          "children":[]
        },
        {
          "name":"fine_metal_stonehead 09",
          "from":[
            4.047142148017883,
            -0.48763155937194824,
            -0.153775155544281
          ],
          "to":[
            5.08448588848114,
            1.0123684406280518,
            1.2426210045814514
          ],
          "rotationOrigin":[
            4.565814018249512,
            0.26236844062805176,
            0.5444229245185852
          ],
          "group":"fine_metal_stonehead",
          "faces":{
            "north":{
              "texture":"#material",
              "uv":[
                8.0,
                13.0,
                6.0,
                16.0
              ],
              "autoUv":false
            },
            "east":{
              "texture":"#material",
              "uv":[
                1.0032286643981934,
                1.0,
                3.9967713356018066,
                4.0
              ],
              "autoUv":false
            },
            "south":{
              "texture":"#material",
              "uv":[
                6.0,
                13.0,
                8.0,
                16.0
              ],
              "autoUv":false
            },
            "west":{
              "texture":"#material",
              "uv":[
                28.0,
                20.0,
                31.0,
                23.0
              ],
              "autoUv":false
            },
            "up":{
              "texture":"#material",
              "uv":[
                6.0,
                13.0,
                8.00023078918457,
                15.0
              ],
              "autoUv":false
            },
            "down":{
              "texture":"#material",
              "uv":[
                6.0,
                15.0,
                8.00023078918457,
                13.0
              ],
              "autoUv":false,
              "rotation":180
            }
          },
          "children":[]
        },
        {
          "name":"fine_metal_stonehead 10",
          "from":[
            4.900145173072815,
            -0.6109153628349304,
            -0.15464800596237183
          ],
          "to":[
            7.265187621116638,
            0.8890838027000427,
            1.2434938549995422
          ],
          "rotationOrigin":[
            6.082666397094727,
            0.13908421993255615,
            0.5444229245185852
          ],
          "rotationX":-1.3772104091107799e-15,
          "rotationY":7.476351849346197e-17,
          "rotationZ":-6.197898921750807,
          "group":"fine_metal_stonehead",
          "faces":{
            "north":{
              "texture":"#material",
              "uv":[
                12.0,
                13.0,
                8.0,
                16.0
              ],
              "autoUv":false
            },
            "east":{
              "texture":"#material",
              "uv":[
                1.0,
                1.0,
                4.0,
                4.0
              ],
              "autoUv":false
            },
            "south":{
              "texture":"#material",
              "uv":[
                8.0,
                13.0,
                12.0,
                16.0
              ],
              "autoUv":false
            },
            "west":{
              "texture":"#material",
              "uv":[
                28.0,
                20.0,
                31.0,
                23.0
              ],
              "autoUv":false
            },
            "up":{
              "texture":"#material",
              "uv":[
                7.999769687652588,
                13.0,
                12.0,
                15.0
              ],
              "autoUv":false
            },
            "down":{
              "texture":"#material",
              "uv":[
                7.0,
                15.0,
                11.000167846679688,
                13.0
              ],
              "autoUv":false,
              "rotation":180
            }
          },
          "children":[]
        },
        {
          "name":"fine_metal_stonehead 11",
          "from":[
            6.902048826217651,
            -0.49976450204849243,
            -0.15528124570846558
          ],
          "to":[
            8.530873537063599,
            0.8494771122932434,
            1.244127094745636
          ],
          "rotationOrigin":[
            7.716461181640625,
            0.1748563051223755,
            0.5444229245185852
          ],
          "rotationX":4.28729459703058e-15,
          "rotationY":7.441574636909534e-16,
          "rotationZ":19.702105840177612,
          "group":"fine_metal_stonehead",
          "faces":{
            "north":{
              "texture":"#material",
              "uv":[
                14.0,
                13.0,
                12.0,
                16.0
              ],
              "autoUv":false
            },
            "east":{
              "texture":"#material",
              "uv":[
                1.0,
                1.3015174865722656,
                4.0,
                4.0
              ],
              "autoUv":false
            },
            "south":{
              "texture":"#material",
              "uv":[
                12.0,
                13.0,
                14.0,
                16.0
              ],
              "autoUv":false
            },
            "west":{
              "texture":"#material",
              "uv":[
                28.0,
                20.30151653289795,
                31.0,
                23.0
              ],
              "autoUv":false
            },
            "up":{
              "texture":"#material",
              "uv":[
                10.0,
                13.0,
                12.99986457824707,
                15.0
              ],
              "autoUv":false
            },
            "down":{
              "texture":"#material",
              "uv":[
                10.999832153320312,
                15.0,
                14.000018119812012,
                13.0
              ],
              "autoUv":false,
              "rotation":180
            }
          },
          "children":[]
        },
        {
          "name":"fine_metal_stonehead 12",
          "from":[
            8.130726486444473,
            -0.12594425678253174,
            -0.15370720624923706
          ],
          "to":[
            8.835868209600449,
            1.0243672132492065,
            1.2425530552864075
          ],
          "rotationOrigin":[
            8.483297348022461,
            0.4492114782333374,
            0.5444229245185852
          ],
          "rotationX":1.3744538817259134e-15,
          "rotationY":7.446315928467287e-17,
          "rotationZ":51.20210671674497,
          "group":"fine_metal_stonehead",
          "faces":{
            "north":{
              "texture":"#material",
              "uv":[
                16.0,
                13.0,
                14.0,
                16.0
              ],
              "autoUv":false,
              "rotation":270
            },
            "east":{
              "texture":"#material",
              "uv":[
                13.00013542175293,
                13.0,
                15.0,
                15.0
              ],
              "autoUv":false,
              "rotation":90
            },
            "south":{
              "texture":"#material",
              "uv":[
                14.0,
                13.0,
                16.0,
                16.0
              ],
              "autoUv":false,
              "rotation":90
            },
            "west":{
              "texture":"#material",
              "uv":[
                28.003374099731445,
                20.257062911987305,
                30.996625900268555,
                22.557693481445312
              ],
              "autoUv":false
            },
            "up":{
              "texture":"#material",
              "uv":[
                16.99786949157715,
                14.497795104980469,
                17.995126724243164,
                18.447145462036133
              ],
              "autoUv":false,
              "rotation":180
            },
            "down":{
              "texture":"#material",
              "uv":[
                13.999981880187988,
                15.0,
                15.0,
                13.0
              ],
              "autoUv":false,
              "rotation":180
            }
          },
          "children":[]
        },
        {
          "name":"fine_metal_stonehead 13",
          "from":[
            4.448100581765175,
            -0.5774794816970825,
            0.3611367493867874
          ],
          "to":[
            4.819437488913536,
            1.102216362953186,
            0.7324736565351486
          ],
          "rotationOrigin":[
            4.6337690353393555,
            0.26236844062805176,
            0.546805202960968
          ],
          "rotationY":-33.59999888594843,
          "group":"fine_metal_stonehead",
          "faces":{
            "north":{
              "texture":"#material",
              "uv":[
                28.478666305541992,
                25.42331314086914,
                27.881677627563477,
                29.602124214172363
              ],
              "autoUv":false
            },
            "east":{
              "texture":"#material",
              "uv":[
                23.461999893188477,
                21.55010223388672,
                24.283689498901367,
                24.586124420166016
              ],
              "autoUv":false
            },
            "south":{
              "texture":"#material",
              "uv":[
                27.881669998168945,
                25.423309326171875,
                28.478666305541992,
                29.60212993621826
              ],
              "autoUv":false
            },
            "west":{
              "texture":"#material",
              "uv":[
                30.13896369934082,
                26.24871826171875,
                30.96067237854004,
                29.284709930419922
              ],
              "autoUv":false
            },
            "up":{
              "texture":"#material",
              "uv":[
                29.52019691467285,
                23.14002227783203,
                30.013797760009766,
                24.25735092163086
              ],
              "autoUv":false,
              "rotation":90
            },
            "down":{
              "texture":"#material",
              "uv":[
                29.52019691467285,
                24.031539916992188,
                30.013797760009766,
                22.91421127319336
              ],
              "autoUv":false,
              "rotation":90
            }
          },
          "children":[]
        },
        {
          "name":"fine_metal_stonehead 14",
          "from":[
            -17.20307767391205,
            -0.8401033729314804,
            2.9575951993465424
          ],
          "to":[
            -16.008256494998932,
            0.2739865928888321,
            3.80193367600441
          ],
          "rotationOrigin":[
            -16.605667114257812,
            -0.28305839002132416,
            3.3797643780708313
          ],
          "rotationX":15.01450432411555,
          "rotationY":102.478498570903,
          "rotationZ":-15.360800037677073,
          "group":"fine_metal_stonehead",
          "faces":{
            "north":{
              "texture":"#wood",
              "uv":[
                19.0,
                16.0,
                21.0,
                19.0
              ],
              "autoUv":false
            },
            "east":{
              "texture":"#wood",
              "uv":[
                0.0,
                32.0,
                0.0,
                32.0
              ],
              "autoUv":false,
              "rotation":90
            },
            "south":{
              "texture":"#wood",
              "uv":[
                21.0,
                16.0,
                19.0,
                19.0
              ],
              "autoUv":false
            },
            "west":{
              "texture":"#wood",
              "uv":[
                14.0,
                16.0,
                16.0,
                19.0
              ],
              "autoUv":false
            },
            "up":{
              "texture":"#wood",
              "uv":[
                18.0,
                16.0,
                20.0,
                18.000001907348633
              ],
              "autoUv":false,
              "rotation":180
            },
            "down":{
              "texture":"#wood",
              "uv":[
                18.0,
                18.000001907348633,
                20.0,
                16.0
              ],
              "autoUv":false
            }
          },
          "children":[]
        },
        {
          "name":"fine_metal_stonehead 15",
          "from":[
            -17.16271209716797,
            -0.8804691284894943,
            -2.7087542116642
          ],
          "to":[
            -16.048622131347656,
            0.31435246765613556,
            -1.8644157648086548
          ],
          "rotationOrigin":[
            -16.605667114257812,
            -0.28305839002132416,
            -2.286585032939911
          ],
          "rotationX":-15.014516276946598,
          "rotationY":77.52153375881001,
          "rotationZ":105.36083157045921,
          "group":"fine_metal_stonehead",
          "faces":{
            "north":{
              "texture":"#wood",
              "uv":[
                9.0,
                16.0,
                11.0,
                19.0
              ],
              "autoUv":false,
              "rotation":270
            },
            "east":{
              "texture":"#wood",
              "uv":[
                8.0,
                16.0,
                10.0,
                18.000001907348633
              ],
              "autoUv":false,
              "rotation":270
            },
            "south":{
              "texture":"#wood",
              "uv":[
                11.0,
                16.0,
                9.0,
                19.0
              ],
              "autoUv":false,
              "rotation":90
            },
            "west":{
              "texture":"#wood",
              "uv":[
                10.0,
                16.0,
                8.0,
                18.000001907348633
              ],
              "autoUv":false,
              "rotation":90
            },
            "up":{
              "texture":"#wood",
              "uv":[
                0.0,
                32.0,
                0.0,
                32.0
              ],
              "autoUv":false
            },
            "down":{
              "texture":"#wood",
              "uv":[
                14.0,
                19.0,
                16.0,
                16.0
              ],
              "autoUv":false,
              "rotation":90
            }
          },
          "children":[]
        },
        {
          "name":"fine_metal_stonehead 16",
          "from":[
            -17.370876371860504,
            -0.8866091817617416,
            -1.5628856718540192
          ],
          "to":[
            -16.264118134975433,
            0.29620374739170074,
            -0.7185649573802948
          ],
          "rotationOrigin":[
            -16.81749725341797,
            -0.29520271718502045,
            -1.140725314617157
          ],
          "rotationX":-20.121885851472012,
          "rotationY":80.53061457879414,
          "rotationZ":-69.65607232573092,
          "group":"fine_metal_stonehead",
          "faces":{
            "north":{
              "texture":"#wood",
              "uv":[
                11.0,
                16.0,
                13.0,
                19.0
              ],
              "autoUv":false,
              "rotation":90
            },
            "east":{
              "texture":"#wood",
              "uv":[
                12.0,
                16.0,
                10.0,
                18.000001907348633
              ],
              "autoUv":false,
              "rotation":270
            },
            "south":{
              "texture":"#wood",
              "uv":[
                13.0,
                16.0,
                11.0,
                19.0
              ],
              "autoUv":false,
              "rotation":270
            },
            "west":{
              "texture":"#wood",
              "uv":[
                10.0,
                16.0,
                12.0,
                18.000001907348633
              ],
              "autoUv":false,
              "rotation":90
            },
            "up":{
              "texture":"#wood",
              "uv":[
                0.0,
                32.0,
                0.0,
                32.0
              ],
              "autoUv":false
            },
            "down":{
              "texture":"#wood",
              "uv":[
                0.0,
                32.0,
                0.0,
                32.0
              ],
              "autoUv":false,
              "rotation":180
            }
          },
          "children":[]
        },
        {
          "name":"fine_metal_stonehead 17",
          "from":[
            -17.525692105293274,
            -0.8592908978462219,
            0.682941734790802
          ],
          "to":[
            -16.35500329732895,
            0.2547990679740906,
            1.5272801518440247
          ],
          "rotationOrigin":[
            -16.94034767150879,
            -0.3022459149360657,
            1.1051109433174133
          ],
          "rotationX":43.14409200567946,
          "rotationY":-85.2076754054196,
          "rotationZ":43.24421574872268,
          "group":"fine_metal_stonehead",
          "faces":{
            "north":{
              "texture":"#wood",
              "uv":[
                17.0,
                16.0,
                15.0,
                19.0
              ],
              "autoUv":false
            },
            "east":{
              "texture":"#wood",
              "uv":[
                0.0,
                32.0,
                0.0,
                32.0
              ],
              "autoUv":false,
              "rotation":270
            },
            "south":{
              "texture":"#wood",
              "uv":[
                15.0,
                16.0,
                17.0,
                19.0
              ],
              "autoUv":false
            },
            "west":{
              "texture":"#wood",
              "uv":[
                0.0,
                32.0,
                0.0,
                32.0
              ],
              "autoUv":false,
              "rotation":90
            },
            "up":{
              "texture":"#wood",
              "uv":[
                14.0,
                16.0,
                16.0,
                18.000001907348633
              ],
              "autoUv":false
            },
            "down":{
              "texture":"#wood",
              "uv":[
                14.0,
                18.000001907348633,
                16.0,
                16.0
              ],
              "autoUv":false,
              "rotation":180
            }
          },
          "children":[]
        },
        {
          "name":"fine_metal_stonehead 18",
          "from":[
            -17.497392654418945,
            -0.8875901699066162,
            -0.4341013431549072
          ],
          "to":[
            -16.383302688598633,
            0.28309839963912964,
            0.410237193107605
          ],
          "rotationOrigin":[
            -16.94034767150879,
            -0.3022459149360657,
            -0.011932075023651123
          ],
          "rotationX":-43.14406468492278,
          "rotationY":85.20766857523041,
          "rotationZ":-46.755814076512166,
          "group":"fine_metal_stonehead",
          "faces":{
            "north":{
              "texture":"#wood",
              "uv":[
                13.0,
                16.0,
                15.0,
                19.0
              ],
              "autoUv":false,
              "rotation":90
            },
            "east":{
              "texture":"#wood",
              "uv":[
                14.0,
                16.0,
                12.0,
                18.000001907348633
              ],
              "autoUv":false,
              "rotation":270
            },
            "south":{
              "texture":"#wood",
              "uv":[
                15.0,
                16.0,
                13.0,
                19.0
              ],
              "autoUv":false,
              "rotation":270
            },
            "west":{
              "texture":"#wood",
              "uv":[
                12.0,
                16.0,
                14.0,
                18.000001907348633
              ],
              "autoUv":false,
              "rotation":90
            },
            "up":{
              "texture":"#wood",
              "uv":[
                0.0,
                32.0,
                0.0,
                32.0
              ],
              "autoUv":false
            },
            "down":{
              "texture":"#wood",
              "uv":[
                0.0,
                32.0,
                0.0,
                32.0
              ],
              "autoUv":false,
              "rotation":180
            }
          },
          "children":[]
        },
        {
          "name":"fine_metal_stonehead 19",
          "from":[
            -17.408903896808624,
            -0.8485819101333618,
            1.8117443025112152
          ],
          "to":[
            -16.226090729236603,
            0.258176326751709,
            2.656064987182617
          ],
          "rotationOrigin":[
            -16.81749725341797,
            -0.2952027916908264,
            2.2339046597480774
          ],
          "rotationX":20.0523511106267,
          "rotationY":-80.49917521804458,
          "rotationZ":20.28978726919656,
          "group":"fine_metal_stonehead",
          "faces":{
            "north":{
              "texture":"#wood",
              "uv":[
                19.0,
                16.0,
                17.0,
                19.0
              ],
              "autoUv":false
            },
            "east":{
              "texture":"#wood",
              "uv":[
                0.0,
                32.0,
                0.0,
                32.0
              ],
              "autoUv":false,
              "rotation":270
            },
            "south":{
              "texture":"#wood",
              "uv":[
                17.0,
                16.0,
                19.0,
                19.0
              ],
              "autoUv":false
            },
            "west":{
              "texture":"#wood",
              "uv":[
                0.0,
                32.0,
                0.0,
                32.0
              ],
              "autoUv":false,
              "rotation":90
            },
            "up":{
              "texture":"#wood",
              "uv":[
                16.0,
                16.0,
                18.0,
                18.000001907348633
              ],
              "autoUv":false
            },
            "down":{
              "texture":"#wood",
              "uv":[
                16.0,
                18.000001907348633,
                18.0,
                16.0
              ],
              "autoUv":false,
              "rotation":180
            }
          },
          "children":[]
        },
        {
          "name":"fine_metal_stonehead 20",
          "from":[
            -16.78452455997467,
            -0.8657608330249786,
            0.9212086945772171
          ],
          "to":[
            -13.56991422176361,
            -0.5396775305271149,
            1.1508448645472527
          ],
          "rotationOrigin":[
            -15.17721939086914,
            -0.7027191817760468,
            1.0360267758369446
          ],
          "rotationX":44.95389064515233,
          "rotationY":2.2974807629575325,
          "rotationZ":2.2993300366753133,
          "group":"fine_metal_stonehead",
          "faces":{
            "north":{
              "texture":"#wood",
              "uv":[
                14.624427795410156,
                25.978854179382324,
                16.625572204589844,
                27.72969341278076
              ],
              "autoUv":false,
              "rotation":270
            },
            "east":{
              "texture":"#wood",
              "uv":[
                14.624427795410156,
                16.521148681640625,
                16.625572204589844,
                25.978853702545166
              ],
              "autoUv":false,
              "rotation":270
            },
            "south":{
              "texture":"#wood",
              "uv":[
                8.09605598449707,
                20.0,
                15.09540843963623,
                21.0
              ],
              "autoUv":false
            },
            "west":{
              "texture":"#wood",
              "uv":[
                26.0,
                22.0,
                27.0,
                23.0
              ],
              "autoUv":false
            },
            "up":{
              "texture":"#wood",
              "uv":[
                16.625572204589844,
                14.770309448242188,
                18.62671661376953,
                16.521148681640625
              ],
              "autoUv":false,
              "rotation":270
            },
            "down":{
              "texture":"#wood",
              "uv":[
                14.624427795410156,
                16.521148681640625,
                12.623283386230469,
                14.770309448242188
              ],
              "autoUv":false,
              "rotation":270
            }
          },
          "children":[]
        },
        {
          "name":"fine_metal_stonehead 21",
          "from":[
            -16.840412735939026,
            0.11845743656158447,
            0.9202683791518211
          ],
          "to":[
            -13.625802397727966,
            0.44454073905944824,
            1.1499045342206955
          ],
          "rotationOrigin":[
            -15.233107566833496,
            0.28149908781051636,
            1.035086452960968
          ],
          "rotationX":-44.95389064515233,
          "rotationY":-2.2974807629575325,
          "rotationZ":2.2993300366753133,
          "group":"fine_metal_stonehead",
          "faces":{
            "north":{
              "texture":"#wood",
              "uv":[
                14.624427795410156,
                25.978854179382324,
                16.625572204589844,
                27.72969341278076
              ],
              "autoUv":false,
              "rotation":270
            },
            "east":{
              "texture":"#wood",
              "uv":[
                14.624427795410156,
                16.521148681640625,
                16.625572204589844,
                25.978853702545166
              ],
              "autoUv":false,
              "rotation":270
            },
            "south":{
              "texture":"#wood",
              "uv":[
                8.09605598449707,
                24.0,
                15.09540843963623,
                25.0
              ],
              "autoUv":false
            },
            "west":{
              "texture":"#wood",
              "uv":[
                28.0,
                20.0,
                29.0,
                21.0
              ],
              "autoUv":false
            },
            "up":{
              "texture":"#wood",
              "uv":[
                16.625572204589844,
                14.770309448242188,
                18.62671661376953,
                16.521148681640625
              ],
              "autoUv":false,
              "rotation":270
            },
            "down":{
              "texture":"#wood",
              "uv":[
                14.624427795410156,
                16.521148681640625,
                12.623283386230469,
                14.770309448242188
              ],
              "autoUv":false,
              "rotation":270
            }
          },
          "children":[]
        },
        {
          "name":"fine_metal_stonehead 22",
          "from":[
            -16.840412735939026,
            0.11845743656158447,
            -0.06459588557481766
          ],
          "to":[
            -13.625802397727966,
            0.44454073905944824,
            0.16504032164812088
          ],
          "rotationOrigin":[
            -15.233107566833496,
            0.28149908781051636,
            0.05022221803665161
          ],
          "rotationX":44.95389064515233,
          "rotationY":2.2974807629575325,
          "rotationZ":2.2993300366753133,
          "group":"fine_metal_stonehead",
          "faces":{
            "north":{
              "texture":"#wood",
              "uv":[
                16.904592514038086,
                20.0,
                23.903945922851562,
                20.999999046325684
              ],
              "autoUv":false
            },
            "east":{
              "texture":"#wood",
              "uv":[
                14.624427795410156,
                16.521148681640625,
                16.625572204589844,
                22.250574111938477
              ],
              "autoUv":false,
              "rotation":270
            },
            "south":{
              "texture":"#wood",
              "uv":[
                14.624427795410156,
                14.770309448242188,
                16.625572204589844,
                16.521148681640625
              ],
              "autoUv":false,
              "rotation":270
            },
            "west":{
              "texture":"#wood",
              "uv":[
                28.0,
                20.0,
                29.0,
                21.0
              ],
              "autoUv":false
            },
            "up":{
              "texture":"#wood",
              "uv":[
                16.625572204589844,
                14.770309448242188,
                18.62671661376953,
                16.521148681640625
              ],
              "autoUv":false,
              "rotation":270
            },
            "down":{
              "texture":"#wood",
              "uv":[
                14.624427795410156,
                16.521148681640625,
                12.623283386230469,
                14.770309448242188
              ],
              "autoUv":false,
              "rotation":270
            }
          },
          "children":[]
        },
        {
          "name":"fine_metal_stonehead 23",
          "from":[
            -16.78452455997467,
            -0.8657608330249786,
            -0.06553713977336884
          ],
          "to":[
            -13.56991422176361,
            -0.5396775305271149,
            0.16409902274608612
          ],
          "rotationOrigin":[
            -15.17721939086914,
            -0.7027191817760468,
            0.04928094148635864
          ],
          "rotationX":-44.95389064515233,
          "rotationY":-2.2974807629575325,
          "rotationZ":2.2993300366753133,
          "group":"fine_metal_stonehead",
          "faces":{
            "north":{
              "texture":"#wood",
              "uv":[
                16.904592514038086,
                22.999999046325684,
                23.903945922851562,
                24.000000953674316
              ],
              "autoUv":false
            },
            "east":{
              "texture":"#wood",
              "uv":[
                14.624427795410156,
                16.521148681640625,
                16.625572204589844,
                22.250574111938477
              ],
              "autoUv":false,
              "rotation":270
            },
            "south":{
              "texture":"#wood",
              "uv":[
                14.624427795410156,
                14.770309448242188,
                16.625572204589844,
                16.521148681640625
              ],
              "autoUv":false,
              "rotation":270
            },
            "west":{
              "texture":"#wood",
              "uv":[
                26.0,
                22.0,
                27.0,
                23.0
              ],
              "autoUv":false
            },
            "up":{
              "texture":"#wood",
              "uv":[
                16.625572204589844,
                14.770309448242188,
                18.62671661376953,
                16.521148681640625
              ],
              "autoUv":false,
              "rotation":270
            },
            "down":{
              "texture":"#wood",
              "uv":[
                14.624427795410156,
                16.521148681640625,
                12.623283386230469,
                14.770309448242188
              ],
              "autoUv":false,
              "rotation":270
            }
          },
          "children":[]
        },
        {
          "name":"fine_metal_stonehead 24",
          "from":[
            -16.813628673553467,
            -0.6704081594944,
            1.001924805343151
          ],
          "to":[
            -13.598639011383057,
            0.24813678860664368,
            1.2315610125660896
          ],
          "rotationOrigin":[
            -15.206133842468262,
            -0.21113568544387817,
            1.1167429089546204
          ],
          "rotationZ":3.2499999481438815,
          "group":"fine_metal_stonehead",
          "faces":{
            "north":{
              "texture":"#wood",
              "uv":[
                14.62442684173584,
                25.979293823242188,
                16.625572204589844,
                27.7303409576416
              ],
              "autoUv":false,
              "rotation":270
            },
            "east":{
              "texture":"#wood",
              "uv":[
                14.62442684173584,
                16.520709991455078,
                16.625572204589844,
                25.979294300079346
              ],
              "autoUv":false,
              "rotation":270
            },
            "south":{
              "texture":"#wood",
              "uv":[
                8.093467712402344,
                21.000000953674316,
                15.093647003173828,
                23.0
              ],
              "autoUv":false
            },
            "west":{
              "texture":"#wood",
              "uv":[
                28.0,
                20.0,
                29.0,
                22.0
              ],
              "autoUv":false
            },
            "up":{
              "texture":"#wood",
              "uv":[
                16.625572204589844,
                14.769662857055664,
                18.62671661376953,
                16.520709991455078
              ],
              "autoUv":false,
              "rotation":270
            },
            "down":{
              "texture":"#wood",
              "uv":[
                14.62442684173584,
                16.520709991455078,
                12.623283386230469,
                14.769662857055664
              ],
              "autoUv":false,
              "rotation":270
            }
          },
          "children":[]
        },
        {
          "name":"fine_metal_stonehead 25",
          "from":[
            -16.813628673553467,
            -0.6704081594944,
            -0.14625615626573563
          ],
          "to":[
            -13.598639011383057,
            0.24813678860664368,
            0.08338005095720291
          ],
          "rotationOrigin":[
            -15.206133842468262,
            -0.21113568544387817,
            -0.03143805265426636
          ],
          "rotationZ":3.2499999481438815,
          "group":"fine_metal_stonehead",
          "faces":{
            "north":{
              "texture":"#wood",
              "uv":[
                16.969955444335938,
                21.0,
                23.999996185302734,
                23.00000286102295
              ],
              "autoUv":false
            },
            "east":{
              "texture":"#wood",
              "uv":[
                14.624427795410156,
                16.520709991455078,
                16.625572204589844,
                22.250574111938477
              ],
              "autoUv":false,
              "rotation":270
            },
            "south":{
              "texture":"#wood",
              "uv":[
                14.624427795410156,
                14.769662857055664,
                16.625572204589844,
                16.520709991455078
              ],
              "autoUv":false,
              "rotation":270
            },
            "west":{
              "texture":"#wood",
              "uv":[
                28.0,
                20.0,
                29.0,
                22.0
              ],
              "autoUv":false
            },
            "up":{
              "texture":"#wood",
              "uv":[
                16.625572204589844,
                14.769662857055664,
                18.62671661376953,
                16.520709991455078
              ],
              "autoUv":false,
              "rotation":270
            },
            "down":{
              "texture":"#wood",
              "uv":[
                14.624427795410156,
                16.520709991455078,
                12.623283386230469,
                14.769662857055664
              ],
              "autoUv":false,
              "rotation":270
            }
          },
          "children":[]
        },
        {
          "name":"fine_metal_stonehead 26",
          "from":[
            -16.813628673553467,
            -0.9000443816184998,
            0.08338049054145813
          ],
          "to":[
            -13.598639011383057,
            0.4777730107307434,
            1.0019253194332123
          ],
          "rotationOrigin":[
            -15.206133842468262,
            -0.21113568544387817,
            0.5426529049873352
          ],
          "rotationZ":3.2499999481438815,
          "group":"fine_metal_stonehead",
          "faces":{
            "north":{
              "texture":"#wood",
              "uv":[
                14.624427795410156,
                25.979293823242188,
                16.625572204589844,
                27.7303409576416
              ],
              "autoUv":false,
              "rotation":270
            },
            "east":{
              "texture":"#wood",
              "uv":[
                14.624427795410156,
                16.520709991455078,
                16.625572204589844,
                25.979294300079346
              ],
              "autoUv":false,
              "rotation":270
            },
            "south":{
              "texture":"#wood",
              "uv":[
                14.624427795410156,
                14.769662857055664,
                16.625572204589844,
                16.520709991455078
              ],
              "autoUv":false,
              "rotation":270
            },
            "west":{
              "texture":"#wood",
              "uv":[
                28.0,
                20.0,
                30.0,
                23.0
              ],
              "autoUv":false
            },
            "up":{
              "texture":"#wood",
              "uv":[
                6.468465805053711,
                18.000000953674316,
                13.468644142150879,
                20.000001907348633
              ],
              "autoUv":false
            },
            "down":{
              "texture":"#wood",
              "uv":[
                29.15654182434082,
                20.00000286102295,
                22.15635871887207,
                18.0
              ],
              "autoUv":false,
              "rotation":180
            }
          },
          "children":[]
        }
      ]
    }
  ],
  "groups":[]
}