[
	{
		"op": "add",
		"path": "/attributes/skinnableParts/0/targetSkinParts",
		"value": [
			"base"
		],
		"file": "game:entities/humanoid/player.json"
	},
	{
		"op": "add",
		"path": "/attributes/skinnableParts/0/targetSkinParts/-",
		"value": "ears",
		"file": "game:entities/humanoid/player.json"
	},
	{
		"op": "addmerge",
		"path": "/attributes/skinnableParts/-",
		"value": {
			"code": "ears",
			"type": "shape",
			"shapeTemplate": {
				"base": "goblinears:entity/humanoid/seraphskinparts/head/{code}"
			},
			"variants": [
				{
					"code": "none"
				},
				{
					"code": "variant1"
				},
				{
					"code": "variant2"
				},
				{
					"code": "variant3"
				},
				{
					"code": "variant4"
				},
				{
					"code": "variant5"
				},
				{
					"code": "variant6"
				}
			]
		},
		"file": "game:entities/humanoid/player.json"
	}
]