{
    "code": "yak-male",
    "class": "EntityAgent",
    "hitboxSize": {
        "x": 2,
        "y": 2
    },
    "deadHitboxSize": {
        "x": 1.3,
        "y": 0.75
    },
    "eyeHeight": 1.4,
    "knockbackResistance": 0.71,
    "weight": 195,
    "drops": [],
    "attributes": {
        "basketCatchable": false,
        "trapChance": 0,
        "trapDestroyChance": 0.5,
        "creatureDiet": {
            "foodTags": [
                "grass"
            ],
            "skipFoodTags": [
                "rice",
                "parsnip",
                "spelt",
                "flax",
                "rye",
                "amaranth",
                "sunflower"
            ]
        },
        "handbook": {
            "groupcode": "thecritterpack:creaturegroup-yak"
        }
    },
    "fallDamageMultiplier": 0.5,
    "client": {
        "renderer": "Shape",
        "size": 1.88,
        "shape": {
            "base": "entity/land/yak/yak-male-shape-a1"
        },
		"texture": { base: "entity/yak/yak01", 
		"alternates": [ { base: "entity/yak/yak02" },{ base: "entity/yak/yak00" }, ] },
        "behaviors": [
            {
                "code": "repulseagents"
            },
            {
                "code": "controlledphysics",
                "stepHeight": 1.3251
            },
            {
                "code": "floatupwhenstuck",
                "onlyWhenDead": true
            },
            {
                "code": "interpolateposition"
            },
            {
                "code": "harvestable"
            },
            {
                "code": "despawn",
                "minPlayerDistance": 8,
                "belowLightLevel": 8,
                "minSeconds": 300
            },
            {
                "code": "ropetieable",
                "minGeneration": 2
            }
        ],
        "animations": [
            {
                "code": "hurt",
                "animation": "hurt",
                "animationSpeed": 2.2,
                "weight": 10,
                "blendMode": "AddAverage"
            },
            {
                "code": "die",
                "animation": "death",
                "animationSpeed": 1.25,
                "weight": 10,
                "blendMode": "Average",
                "triggeredBy": {
                    "onControls": [
                        "dead"
                    ]
                }
            },
            {
                "code": "idle",
                "animation": "idle",
                "blendMode": "AddAverage",
                "easeOutSpeed": 4,
                "triggeredBy": {
                    "defaultAnim": true
                }
            },
            {
                "code": "sleep",
                "animation": "sleep",
                "easeInSpeed": 4,
                "easeOutSpeed": 4,
                "blendMode": "Average"
            },
            {
                "code": "sit",
                "animation": "sit",
                "easeInSpeed": 4,
                "easeOutSpeed": 4,
                "blendMode": "Average"
            }
        ]
    },
    "server": {
        "attributes": {
            "pathfinder": {
                "minTurnAnglePerSec": 110,
                "maxTurnAnglePerSec": 180
            }
        },
        "behaviors": [
            {
                "code": "repulseagents"
            },
            {
                "code": "controlledphysics",
                "stepHeight": 1.1251
            },
            {
                "code": "despawn",
                "minPlayerDistance": 8,
                "belowLightLevel": 8,
                "minSeconds": 300
            },
            {
                "code": "health",
                "currenthealth": 40,
                "maxhealth": 45
            },
            {
                "code": "deaddecay",
                "hoursToDecay": 96,
                "decayedBlock": "carcass-large"
            },
            {
                "code": "floatupwhenstuck",
                "onlyWhenDead": true
            },
            {
                "code": "harvestable",
                "drops": [
                    {
                        "type": "item",
                        "code": "redmeat-raw",
                        "quantity": {
                            "avg": 18,
                            "var": 3.5
                        }
                    },
                    {
                        "type": "item",
                        "code": "hide-raw-huge",
                        "quantity": {
                            "avg": 2.2,
                            "var": 0.2
                        }
                    },
                    {
                        "type": "item",
                        "code": "fat",
                        "quantity": {
                            "avg": 3,
                            "var": 2.5
                        }
                    },
                    {
                        "type": "item",
                        "code": "bone",
                        "quantity": {
                            "avg": 4,
                            "var": 0.5
                        }
                    }
                ]
            },
            {
                "code": "breathe"
            },
            {
                "code": "emotionstates",
                "states": [
                    {
                        "code": "fleeondamage",
                        "duration": 75,
                        "chance": 1,
                        "slot": 0,
                        "priority": 5,
                        "accumType": "max",
                        "whenHealthRelBelow": 0.9
                    },
                    {
                        "code": "aggressiveondamage",
                        "duration": 75,
                        "chance": 1,
                        "slot": 0,
                        "priority": 2,
                        "accumType": "noaccum"
                    },
                    {
                        "code": "aggressivearoundentities",
                        "duration": 90,
                        "chance": 1,
                        "slot": 2,
                        "priority": 1,
                        "entityCodes": [
                            "thecritterpack:yak-calf"
                        ],
                        "maxGeneration": 3
                    },
                    {
                        "code": "alarmherdondamage",
                        "chance": 1,
                        "slot": 1,
                        "priority": 1,
                        "accumType": "max"
                    }
                ]
            },
            {
                "code": "taskai",
                "aitasks": [
                    {
                        "code": "meleeattack",
                        "entityCodes": [
                            "player",
                            "wolf-*",
                            "bear-*"
                        ],
                        "knockbackStrength": 4.25,
                        "priority": 2,
                        "slot": 1,
                        "damage": 5,
                        "damageTier": 2.5,
                        "mincooldown": 1500,
                        "maxcooldown": 2500,
                        "attackDurationMs": 1250,
                        "damagePlayerAtMs": 900,
                        "animation": "Attack",
                        "animationSpeed": 3,
                        "whenInEmotionState": "aggressiveondamage|aggressivearoundentities",						
                    },
                    {
                        "code": "seekentity",
                        "entityCodes": [
                            "player",
                            "wolf-*",
                            "bear-*"
                        ],
                        "priority": 1.5,
                        "mincooldown": 1000,
                        "maxcooldown": 1500,
                        "seekingRange": 10,
                        "movespeed": 0.028,
                        "animation": "Run",
                        "animationSpeed": 1.9,
                        "whenInEmotionState": "aggressiveondamage|aggressivearoundentities",
                    },
                    {
                        "code": "fleeentity",
                        "entityCodes": [
                            "player",
                            "wolf-*",
                            "bear-*"
                        ],
                        "priority": 1.5,
                        "movespeed": 0.028,
                        "seekingRange": 12,
                        "animation": "Run",
                        "animationSpeed": 1.7,
                        "sound": "creature/yak/yakhurt",
						"whenInEmotionState": "fleeondamage",
                    },
                    {
                        "code": "getoutofwater",
                        "priority": 1.4,
                        "movespeed": 0.02,
                        "animation": "Walk",
                        "animationSpeed": 4
                    },
                    {
                        "code": "idle",
                        "priority": 1.35,
                        "priorityForCancel": 1.35,
                        "minduration": 5000000,
                        "maxduration": 5000000,
                        "mincooldown": 10000,
                        "maxcooldown": 30000,
                        "animation": "Sleep",
                        "whenNotInEmotionState": "aggressiveondamage",
                        "duringDayTimeFrames": [
                            {
                                "fromHour": 22,
                                "toHour": 24
                            },
                            {
                                "fromHour": 0,
                                "toHour": 5
                            }
                        ],
                        "stopOnNearbyEntityCodes": [
                            "player"
                        ],
                        "stopRange": 8,
                        "stopOnHurt": true
                    },
                    {
                        "code": "seekfoodandeat",
                        "movespeed": 0.004,
                        "priority": 1.35,
                        "eatSound": "game:player/eat",
                        "eatTime": 1.5,
                        "animationSpeed": 1.4,
                        "animation": "Walk",
                        "eatAnimation": "Eat",
                        "mincooldownHours": 1,
                        "maxcooldownHours": 4
                    },
                    {
                        "code": "idle",
                        "priority": 1.3,
                        "priorityForCancel": 1.35,
                        "minduration": 2667,
                        "maxduration": 2667,
                        "mincooldown": 6000,
                        "maxcooldown": 20000,
                        "animation": "Eat",
                        "animationSpeed": 1.5,
                        "whenNotInEmotionState": "aggressiveondamage"
                    },
                    {
                        "code": "idle",
                        "priority": 1.2,
                        "priorityForCancel": 1.35,
                        "minduration": 2500,
                        "maxduration": 2500,
                        "mincooldown": 6000,
                        "maxcooldown": 20000,
                        "animation": "Idle",
                        "animationSpeed": 1.25,
                        "whenNotInEmotionState": "aggressiveondamage"
                    },
                    {
                        "code": "idle",
                        "priority": 1.1,
                        "priorityForCancel": 1.35,
                        "minduration": 1500,
                        "maxduration": 1500,
                        "mincooldown": 6000,
                        "maxcooldown": 90000,
                        "animation": "look",
                        "animationSpeed": 1,
                        "whenNotInEmotionState": "aggressiveondamage"
                    },
                    {
                        "code": "idle",
                        "priority": 1,
                        "priorityForCancel": 1.35,
                        "minduration": 5333,
                        "maxduration": 5333,
                        "mincooldown": 6000,
                        "maxcooldown": 120000,
                        "animation": "Look"
                    },
                    {
                        "code": "wander",
                        "priority": 1,
                        "priorityForCancel": 1.35,
                        "movespeed": 0.008,
                        "animationSpeed": 2.8,
                        "animation": "Walk",
                        "preferredLightLevel": 20
                    },
                    {
                        "code": "idle",
                        "priority": 0.9,
                        "minduration": 7000,
                        "maxduration": 45000,
                        "mincooldown": 6000,
                        "maxcooldown": 120000,
                        "priorityForCancel": 1.33,
                        "stopOnNearbyEntityCodes": [
                            "player"
                        ],
                        "stopRange": 5,
                        "animation": "Sit"
                    },
                    {
                        "code": "lookaround",
                        "turnSpeedMul": 0.5,
                        "priority": 0.5
                    }
                ]
            },
            {
                "code": "pettable",
                "minGeneration": 4
            }
        ],
        "spawnconditions": {
            "worldgen": {
                "TriesPerChunk": {
                    "avg": 0.0015,
                    "var": 0.02,
                },
                "tryOnlySurface": true,
                "minLightLevel": 9,
				"groupSize": { "dist": "verynarrowgaussian", avg: 2, var: 3 },
				"insideBlockCodes": [ "game:air", "game:soil-*","game:gravel-*", "game:tallgrass-*", "game:snowlayer-1", "game:sand-*"],
                "minTemp": -25,
                "maxTemp": -4,
                "maxRain": 0.65,
                "minForestOrShrubs": 0.3,
                "maxForest": 0.8,
                "maxShrubs": 0.8,
                "minY": 1.05,
                "maxY": 3.5,
				"MinDistanceToPlayer": 20,
                "companions": [
                    "thecritterpack:yak-female","thecritterpack:yak-calf","thecritterpack:yak-female"
                ]
            },
            "runtime": {
                "group": "neutral",
                "tryOnlySurface": true,
                "chance": 0.0025,
                "maxQuantity": 3,
                "maxLightLevel": 7,
				"MinDistanceToPlayer": 30,
				"groupSize": { dist: "invexp", avg: 2.0, var: 3.0 },
				"insideBlockCodes": [ "game:air", "game:soil-*","game:gravel-*", "game:tallgrass-*", "game:snowlayer-1", "game:sand-*"],
                "minTemp": -25,
                "maxTemp": -4,
                "maxRain": 0.65,
                "minForestOrShrubs": 0.4,
                "maxForest": 0.8,
                "maxShrubs": 0.8,
                "minY": 1.15,
                "maxY": 3.5,
                "companions": [
                    "thecritterpack:yak-female","thecritterpack:yak-calf","thecritterpack:yak-female"
                ]
            }
        }
    },
    "sounds": {
        "idle": "creature/yak/yak-0*",
        "hurt": "creature/yak/yakhurt"
    },
    "idleSoundChance": 0.11
}