{
	"editor": {
		"collapsedPaths": "",
		"allAngles": true,
		"entityTextureMode": true
	},
	"textureWidth": 16,
	"textureHeight": 16,
	"textureSizes": {
		"string": [32,32],
		"handle": [32,32],
		"metal": [16,16],
		"copper": [16,16]
	},
	"textures": {
		"string": "game:item/tool/material/string",
		"metal": "game:block/metal/ingot/copper",
		"handle": "game:item/tool/material/handle"
	},
	"elements": [
		{
			"name": "origin",
			"from": [ 10.0, 0.5, 7.7 ],
			"to": [ 10.0, 0.5, 7.7 ],
			"uv": [ 0.0, 0.0 ],
			"rotationOrigin": [ 8.0, 0.0, 8.0 ],
			"faces": {
				"up": { "texture": "#string", "uv": [ 0.0, 0.0, 1.0, 1.0 ], "rotation": 180, "autoUv": false }
			},
			"children": [
				{
					"name": "handle",
					"from": [ -12.6294, -0.5, -0.5 ],
					"to": [ 5.5056, 1.0, 1.0 ],
					"autoUnwrap": false,
					"uv": [ 2.0, -8.0 ],
					"rotationOrigin": [ -4.78, -0.2, 0.0 ],
					"faces": {
						"north": { "texture": "#handle", "uv": [ 0.0, 23.0, 31.0, 26.0 ] },
						"east": { "texture": "#handle", "uv": [ 0.0, 20.0, 3.0, 23.0 ] },
						"south": { "texture": "#handle", "uv": [ 0.0, 29.0, 31.0, 32.0 ] },
						"up": { "texture": "#handle", "uv": [ 0.0, 26.0, 31.0, 29.0 ] },
						"down": { "texture": "#handle", "uv": [ 31.0, 13.0, 49.0, 14.0 ], "rotation": 180 }
					}
				},
				{
					"name": "handle16",
					"from": [ -16.5495, -0.5, -0.5 ],
					"to": [ -13.5495, 1.0, 1.0 ],
					"autoUnwrap": false,
					"uv": [ -21.0, -9.0 ],
					"rotationOrigin": [ -18.0495, -8.0, 0.0 ],
					"faces": {
						"north": { "texture": "#handle", "uv": [ 10.0, 2.0, 16.0, 5.0 ], "autoUv": false, "windMode": [-1,-1,-1,-1] },
						"south": { "texture": "#handle", "uv": [ 17.0, 2.0, 23.0, 5.0 ], "autoUv": false, "windMode": [-1,-1,-1,-1] },
						"west": { "texture": "#handle", "uv": [ 5.0, 2.0, 8.0, 5.0 ], "autoUv": false, "windMode": [-1,-1,-1,-1] },
						"up": { "texture": "#handle", "uv": [ 24.0, 2.0, 30.0, 5.0 ], "autoUv": false, "windMode": [-1,-1,-1,-1] },
						"down": { "texture": "#handle", "uv": [ 6.0, 13.0, 0.0, 10.0 ], "rotation": 180, "autoUv": false, "windMode": [-1,-1,-1,-1] }
					}
				},
				{
					"name": " pommel",
					"from": [ 4.5, -0.7362, -1.328 ],
					"to": [ 6.5, 1.2638, 1.9119 ],
					"uv": [ 3.5, 6.5 ],
					"rotationOrigin": [ 4.5, -0.7362, -1.328 ],
					"faces": {
						"north": { "texture": "#metal", "uv": [ 3.5, 9.5, 5.5, 11.5 ] },
						"east": { "texture": "#metal", "uv": [ 5.5, 9.5, 8.5, 11.5 ] },
						"south": { "texture": "#metal", "uv": [ 8.5, 9.5, 10.5, 11.5 ] },
						"west": { "texture": "#metal", "uv": [ 10.5, 9.5, 13.5, 11.5 ] },
						"up": { "texture": "#metal", "uv": [ 3.5, 6.5, 6.5, 8.5 ], "rotation": 90 },
						"down": { "texture": "#metal", "uv": [ 6.5, 6.5, 8.5, 9.5 ], "rotation": 180 }
					},
					"children": [
						{
							"name": "segment 1.009",
							"from": [ 0.0503, 0.038, -3.8618 ],
							"to": [ 1.9499, 1.9377, -2.1365 ],
							"uv": [ 7.5, 2.0 ],
							"rotationOrigin": [ 1.0099, 1.0151, -3.2148 ],
							"faces": {
								"north": { "texture": "#metal", "uv": [ 7.5, 3.5, 9.0, 5.0 ] },
								"east": { "texture": "#metal", "uv": [ 9.0, 3.5, 10.5, 5.0 ] },
								"south": { "texture": "#metal", "uv": [ 10.5, 3.5, 12.0, 5.0 ] },
								"west": { "texture": "#metal", "uv": [ 12.0, 3.5, 13.5, 5.0 ] },
								"up": { "texture": "#metal", "uv": [ 7.5, 2.0, 9.0, 3.5 ] },
								"down": { "texture": "#metal", "uv": [ 9.0, 2.0, 10.5, 3.5 ], "rotation": 180 }
							}
						},
						{
							"name": "segment 1.008",
							"from": [ 0.1841, 0.1743, -4.049 ],
							"to": [ 1.8188, 1.809, -0.8182 ],
							"uv": [ 2.0, 10.0 ],
							"rotationOrigin": [ 1.0099, 1.0151, -2.8374 ],
							"faces": {
								"north": { "texture": "#metal", "uv": [ 2.0, 13.0, 3.5, 14.5 ] },
								"east": { "texture": "#metal", "uv": [ 3.5, 13.0, 6.5, 14.5 ] },
								"south": { "texture": "#metal", "uv": [ 6.5, 13.0, 8.0, 14.5 ] },
								"west": { "texture": "#metal", "uv": [ 8.0, 13.0, 11.0, 14.5 ] },
								"up": { "texture": "#metal", "uv": [ 2.0, 10.0, 3.5, 13.0 ] },
								"down": { "texture": "#metal", "uv": [ 3.5, 10.0, 5.0, 13.0 ], "rotation": 180 }
							}
						},
						{
							"name": "segment 1.007",
							"from": [ 0.3779, 0.3716, -1.5425 ],
							"to": [ 1.6289, 1.6226, 0.93 ],
							"uv": [ 4.5, 1.5 ],
							"rotationOrigin": [ 1.0099, 1.0151, -0.6153 ],
							"faces": {
								"north": { "texture": "#metal", "uv": [ 4.5, 3.5, 5.5, 4.5 ] },
								"east": { "texture": "#metal", "uv": [ 5.5, 3.5, 7.5, 4.5 ] },
								"south": { "texture": "#metal", "uv": [ 7.5, 3.5, 8.5, 4.5 ] },
								"west": { "texture": "#metal", "uv": [ 8.5, 3.5, 10.5, 4.5 ] },
								"up": { "texture": "#metal", "uv": [ 4.5, 1.5, 5.5, 3.5 ] },
								"down": { "texture": "#metal", "uv": [ 5.5, 1.5, 6.5, 3.5 ], "rotation": 180 }
							}
						},
						{
							"name": "segment 1.004",
							"from": [ 0.3966, 0.7172, 6.9602 ],
							"to": [ 0.9758, 1.2964, 9.8518 ],
							"uv": [ 5.5, 8.0 ],
							"rotationOrigin": [ 0.6892, 1.0151, 8.0446 ],
							"rotationY": -10.3021,
							"rotationZ": 45.0,
							"faces": {
								"north": { "texture": "#metal", "uv": [ 5.5, 10.5, 6.0, 11.0 ] },
								"east": { "texture": "#metal", "uv": [ 6.0, 10.5, 8.5, 11.0 ] },
								"south": { "texture": "#metal", "uv": [ 8.5, 10.5, 9.0, 11.0 ] },
								"west": { "texture": "#metal", "uv": [ 9.0, 10.5, 11.5, 11.0 ] },
								"up": { "texture": "#metal", "uv": [ 5.5, 8.0, 6.0, 10.5 ] },
								"down": { "texture": "#metal", "uv": [ 6.0, 8.0, 6.5, 10.5 ], "rotation": 180 }
							}
						},
						{
							"name": "segment 1.003",
							"from": [ 0.3294, 0.4907, 6.0938 ],
							"to": [ 1.3489, 1.5102, 8.1089 ],
							"uv": [ 4.0, 8.0 ],
							"rotationOrigin": [ 0.8444, 1.0151, 6.8495 ],
							"rotationY": -6.8221,
							"rotationZ": 45.0,
							"faces": {
								"north": { "texture": "#metal", "uv": [ 4.0, 10.0, 5.0, 11.0 ] },
								"east": { "texture": "#metal", "uv": [ 5.0, 10.0, 7.0, 11.0 ] },
								"south": { "texture": "#metal", "uv": [ 7.0, 10.0, 8.0, 11.0 ] },
								"west": { "texture": "#metal", "uv": [ 8.0, 10.0, 10.0, 11.0 ] },
								"up": { "texture": "#metal", "uv": [ 4.0, 8.0, 5.0, 10.0 ] },
								"down": { "texture": "#metal", "uv": [ 5.0, 8.0, 6.0, 10.0 ], "rotation": 180 }
							}
						},
						{
							"name": "segment 1.002",
							"from": [ 0.3189, 0.3657, 4.3662 ],
							"to": [ 1.5814, 1.6282, 6.8615 ],
							"uv": [ 2.5, 8.0 ],
							"rotationOrigin": [ 0.9567, 1.0151, 5.3019 ],
							"rotationY": -2.417,
							"rotationZ": 45.0,
							"faces": {
								"north": { "texture": "#metal", "uv": [ 2.5, 10.0, 3.5, 11.0 ] },
								"east": { "texture": "#metal", "uv": [ 3.5, 10.0, 5.5, 11.0 ] },
								"south": { "texture": "#metal", "uv": [ 5.5, 10.0, 6.5, 11.0 ] },
								"west": { "texture": "#metal", "uv": [ 6.5, 10.0, 8.5, 11.0 ] },
								"up": { "texture": "#metal", "uv": [ 2.5, 8.0, 3.5, 10.0 ] },
								"down": { "texture": "#metal", "uv": [ 3.5, 8.0, 4.5, 10.0 ], "rotation": 180 }
							}
						},
						{
							"name": "segment 1",
							"from": [ 0.3012, 0.3044, 3.047 ],
							"to": [ 1.683, 1.6862, 5.138 ],
							"uv": [ 1.0, 8.0 ],
							"rotationOrigin": [ 0.9992, 1.0151, 3.8311 ],
							"rotationZ": 45.0,
							"faces": {
								"north": { "texture": "#metal", "uv": [ 1.0, 10.0, 2.0, 11.0 ] },
								"east": { "texture": "#metal", "uv": [ 2.0, 10.0, 4.0, 11.0 ] },
								"south": { "texture": "#metal", "uv": [ 4.0, 10.0, 5.0, 11.0 ] },
								"west": { "texture": "#metal", "uv": [ 5.0, 10.0, 7.0, 11.0 ] },
								"up": { "texture": "#metal", "uv": [ 1.0, 8.0, 2.0, 10.0 ] },
								"down": { "texture": "#metal", "uv": [ 2.0, 8.0, 3.0, 10.0 ], "rotation": 180 }
							}
						}
					]
				},
				{
					"name": "segment main.001",
					"from": [ -15.2226, -0.5316, -0.5285 ],
					"to": [ -8.2312, 1.0284, 1.0265 ],
					"unwrapMode": 1,
					"autoUnwrap": false,
					"uv": [ 7.0, 16.0 ],
					"rotationOrigin": [ -15.2226, -0.5316, -0.5285 ],
					"faces": {
						"north": { "texture": "#string", "uv": [ 2.0, 26.0, 14.0, 29.0 ], "autoUv": false, "windMode": [-1,-1,-1,-1] },
						"east": { "texture": "#string", "uv": [ 2.0, 22.0, 5.0, 25.0 ], "autoUv": false, "windMode": [-1,-1,-1,-1] },
						"south": { "texture": "#string", "uv": [ 2.0, 26.0, 14.0, 29.0 ], "autoUv": false, "windMode": [-1,-1,-1,-1] },
						"west": { "texture": "#string", "uv": [ 5.0, 22.0, 8.0, 25.0 ], "autoUv": false, "windMode": [-1,-1,-1,-1] },
						"up": { "texture": "#string", "uv": [ 2.0, 26.0, 14.0, 29.0 ], "rotation": 180, "autoUv": false, "windMode": [-1,-1,-1,-1] },
						"down": { "texture": "#string", "uv": [ 2.0, 26.0, 14.0, 29.0 ], "autoUv": false, "windMode": [-1,-1,-1,-1] }
					}
				},
				{
					"name": " knob",
					"from": [ -16.99, -0.2934, -0.2858 ],
					"to": [ -15.7288, 0.7921, 0.7962 ],
					"uv": [ 6.0, 4.0 ],
					"rotationOrigin": [ -16.9913, 0.2484, 0.2543 ],
					"faces": {
						"north": { "texture": "#metal", "uv": [ 6.0, 5.0, 7.0, 6.0 ] },
						"east": { "texture": "#metal", "uv": [ 7.0, 5.0, 8.0, 6.0 ] },
						"south": { "texture": "#metal", "uv": [ 8.0, 5.0, 9.0, 6.0 ] },
						"west": { "texture": "#metal", "uv": [ 9.0, 5.0, 10.0, 6.0 ] },
						"up": { "texture": "#metal", "uv": [ 6.0, 4.0, 7.0, 5.0 ], "rotation": 90 },
						"down": { "texture": "#metal", "uv": [ 7.0, 4.0, 8.0, 5.0 ], "rotation": 180 }
					},
					"children": [
						{
							"name": " knob1",
							"from": [ -0.8653, 0.2307, 0.23 ],
							"to": [ -0.1412, 0.8539, 0.8512 ],
							"uv": [ 5.0, 3.5 ],
							"rotationOrigin": [ -0.8653, 0.5417, 0.5401 ],
							"rotationX": 45.0,
							"faces": {
								"north": { "texture": "#metal", "uv": [ 5.0, 4.0, 5.5, 4.5 ] },
								"east": { "texture": "#metal", "uv": [ 5.5, 4.0, 6.0, 4.5 ] },
								"south": { "texture": "#metal", "uv": [ 6.0, 4.0, 6.5, 4.5 ] },
								"west": { "texture": "#metal", "uv": [ 6.5, 4.0, 7.0, 4.5 ] },
								"up": { "texture": "#metal", "uv": [ 5.0, 3.5, 5.5, 4.0 ], "rotation": 90 },
								"down": { "texture": "#metal", "uv": [ 5.5, 3.5, 6.0, 4.0 ], "rotation": 180 }
							}
						},
						{
							"name": " knob2",
							"from": [ -0.1847, 0.3119, 0.311 ],
							"to": [ 0.3503, 0.7724, 0.7699 ],
							"uv": [ 9.0, 2.5 ],
							"rotationOrigin": [ -0.1847, 0.5417, 0.5401 ],
							"rotationX": 45.0,
							"faces": {
								"north": { "texture": "#metal", "uv": [ 9.0, 3.0, 9.5, 3.5 ] },
								"east": { "texture": "#metal", "uv": [ 9.5, 3.0, 10.0, 3.5 ] },
								"south": { "texture": "#metal", "uv": [ 10.0, 3.0, 10.5, 3.5 ] },
								"west": { "texture": "#metal", "uv": [ 10.5, 3.0, 11.0, 3.5 ] },
								"up": { "texture": "#metal", "uv": [ 9.0, 2.5, 9.5, 3.0 ], "rotation": 90 },
								"down": { "texture": "#metal", "uv": [ 9.5, 2.5, 10.0, 3.0 ], "rotation": 180 }
							}
						}
					]
				},
				{
					"name": "segment main.006",
					"from": [ 0.4007, -0.6042, -0.4287 ],
					"to": [ 1.3617, 1.107, 0.5289 ],
					"uv": [ 2.0, 5.0 ],
					"rotationOrigin": [ 0.4007, -0.6024, -0.4287 ],
					"rotationY": -45.0,
					"faces": {
						"north": { "texture": "#metal", "uv": [ 2.0, 5.5, 2.5, 7.0 ] },
						"east": { "texture": "#metal", "uv": [ 2.5, 5.5, 3.0, 7.0 ] },
						"south": { "texture": "#metal", "uv": [ 3.0, 5.5, 3.5, 7.0 ] },
						"west": { "texture": "#metal", "uv": [ 3.5, 5.5, 4.0, 7.0 ] },
						"up": { "texture": "#metal", "uv": [ 2.0, 5.0, 2.5, 5.5 ], "rotation": 90 },
						"down": { "texture": "#metal", "uv": [ 2.5, 5.0, 3.0, 5.5 ], "rotation": 180 }
					}
				},
				{
					"name": "segment main.005",
					"from": [ 0.4024, -0.6096, -0.4305 ],
					"to": [ 4.6833, 1.1137, 0.9271 ],
					"uv": [ 1.0, 2.0 ],
					"rotationOrigin": [ 0.4024, -0.6096, -0.4305 ],
					"faces": {
						"north": { "texture": "#metal", "uv": [ 1.0, 6.0, 5.0, 7.5 ] },
						"east": { "texture": "#metal", "uv": [ 5.0, 6.0, 6.0, 7.5 ] },
						"south": { "texture": "#metal", "uv": [ 6.0, 6.0, 10.0, 7.5 ] },
						"west": { "texture": "#metal", "uv": [ 10.0, 6.0, 11.0, 7.5 ] },
						"up": { "texture": "#metal", "uv": [ 1.0, 2.0, 2.0, 6.0 ], "rotation": 90 },
						"down": { "texture": "#metal", "uv": [ 2.0, 2.0, 6.0, 3.0 ], "rotation": 180 }
					}
				},
				{
					"name": "pins1",
					"from": [ 1.5, -0.7, 0.065 ],
					"to": [ 1.8, 1.2, 0.365 ],
					"uv": [ 6.5, 4.5 ],
					"rotationOrigin": [ 1.5007, -0.7024, 0.065 ],
					"rotationY": -45.0,
					"faces": {
						"north": { "texture": "#metal", "uv": [ 6.5, 5.0, 7.0, 6.5 ] },
						"east": { "texture": "#metal", "uv": [ 7.0, 5.0, 7.5, 6.5 ] },
						"south": { "texture": "#metal", "uv": [ 7.5, 5.0, 8.0, 6.5 ] },
						"west": { "texture": "#metal", "uv": [ 8.0, 5.0, 8.5, 6.5 ] },
						"up": { "texture": "#metal", "uv": [ 6.5, 4.5, 7.0, 5.0 ], "rotation": 90 },
						"down": { "texture": "#metal", "uv": [ 7.0, 4.5, 7.5, 5.0 ], "rotation": 180 }
					}
				},
				{
					"name": "pins2",
					"from": [ 3.5, -0.7, 0.065 ],
					"to": [ 3.8, 1.2, 0.365 ],
					"uv": [ 6.5, 4.5 ],
					"rotationOrigin": [ 3.5007, -0.7024, 0.065 ],
					"rotationY": -45.0,
					"faces": {
						"north": { "texture": "#metal", "uv": [ 6.5, 5.0, 7.0, 6.5 ] },
						"east": { "texture": "#metal", "uv": [ 7.0, 5.0, 7.5, 6.5 ] },
						"south": { "texture": "#metal", "uv": [ 7.5, 5.0, 8.0, 6.5 ] },
						"west": { "texture": "#metal", "uv": [ 8.0, 5.0, 8.5, 6.5 ] },
						"up": { "texture": "#metal", "uv": [ 6.5, 4.5, 7.0, 5.0 ], "rotation": 90 },
						"down": { "texture": "#metal", "uv": [ 7.0, 4.5, 7.5, 5.0 ], "rotation": 180 }
					}
				}
			]
		}
	]}