{
  "textureWidth":16,
  "textureHeight":16,
  "textures":{
    "grip":"game:block/leather/plain"
  },
  "textureSizes":{
    "grip":[
      32,
      32
    ]
  },
  "elements":[
    {
      "name":"origin",
      "from":[
        10.79720687866211,
        0.5,
        8.21067351102829
      ],
      "to":[
        10.79720687866211,
        0.5,
        8.21067351102829
      ],
      "rotationOrigin":[
        8.0,
        0.0,
        8.0
      ],
      "group":"bone_fabric",
      "faces":{
        "north":{
          "texture":"#0",
          "uv":[
            0,
            0,
            4,
            4
          ],
          "autoUv":false
        },
        "east":{
          "texture":"#0",
          "uv":[
            0,
            0,
            4,
            4
          ],
          "autoUv":false
        },
        "south":{
          "texture":"#0",
          "uv":[
            0,
            0,
            4,
            4
          ],
          "autoUv":false
        },
        "west":{
          "texture":"#0",
          "uv":[
            0,
            0,
            4,
            4
          ],
          "autoUv":false
        },
        "up":{
          "texture":"#grip",
          "uv":[
            0.0,
            0.0,
            1.0,
            1.0
          ],
          "autoUv":false,
          "rotation":180
        },
        "down":{
          "texture":"#0",
          "uv":[
            0,
            0,
            4,
            4
          ],
          "autoUv":false
        }
      },
      "children":[
        {
          "name":"bone_fabric1",
          "from":[
            -13.375327348709106,
            -0.5569286942481995,
            -0.8131616115570068
          ],
          "to":[
            -7.0883872509002686,
            0.8016248941421509,
            0.3006957769393921
          ],
          "rotationOrigin":[
            -10.231857299804688,
            0.0,
            -0.2562329173088074
          ],
          "group":"bone_fabric",
          "faces":{
            "north":{
              "texture":"#grip",
              "uv":[
                6.999999046325684,
                11.999998092651367,
                14.000000953674316,
                14.0
              ],
              "autoUv":false
            },
            "east":{
              "texture":"#grip",
              "uv":[
                16.0,
                12.0,
                18.0,
                14.0
              ],
              "autoUv":false
            },
            "south":{
              "texture":"#grip",
              "uv":[
                9.999999046325684,
                13.999998092651367,
                18.0,
                15.999998092651367
              ],
              "autoUv":false
            },
            "west":{
              "texture":"#grip",
              "uv":[
                16.0,
                14.0,
                18.0,
                16.0
              ],
              "autoUv":false
            },
            "up":{
              "texture":"#grip",
              "uv":[
                10.0,
                18.0,
                17.999998092651367,
                19.999999046325684
              ],
              "autoUv":false
            },
            "down":{
              "texture":"#grip",
              "uv":[
                18.0,
                17.999998092651367,
                10.000000953674316,
                16.0
              ],
              "autoUv":false
            }
          },
          "children":[]
        }
      ]
    }
  ],
  "groups":[]
}