{
  "textureWidth":16,
  "textureHeight":16,
  "textures":{
    "wood":"game:block/wood/debarked/oak"
  },
  "textureSizes":{
    "wood":[
      32,
      32
    ]
  },
  "elements":[
    {
      "name":"origin",
      "from":[
        11.0,
        0.5,
        7.699999988079071
      ],
      "to":[
        11.0,
        0.5,
        7.699999988079071
      ],
      "rotationOrigin":[
        8.0,
        0.0,
        8.0
      ],
      "group":"Fine",
      "faces":{
        "north":{
          "texture":"#0",
          "uv":[
            0,
            0,
            4,
            4
          ],
          "autoUv":false
        },
        "east":{
          "texture":"#0",
          "uv":[
            0,
            0,
            4,
            4
          ],
          "autoUv":false
        },
        "south":{
          "texture":"#0",
          "uv":[
            0,
            0,
            4,
            4
          ],
          "autoUv":false
        },
        "west":{
          "texture":"#0",
          "uv":[
            0,
            0,
            4,
            4
          ],
          "autoUv":false
        },
        "up":{
          "texture":"#wood",
          "uv":[
            0.0,
            0.0,
            1.0,
            1.0
          ],
          "autoUv":false,
          "rotation":180
        },
        "down":{
          "texture":"#0",
          "uv":[
            0,
            0,
            4,
            4
          ],
          "autoUv":false
        }
      },
      "children":[
        {
          "name":"handle_fine 01",
          "from":[
            -6.805078983306885,
            -0.390007421374321,
            0.922266773879528
          ],
          "to":[
            4.3546833992004395,
            -0.06301267445087433,
            1.152544803917408
          ],
          "rotationOrigin":[
            -1.2251977920532227,
            -0.22651004791259766,
            1.037405788898468
          ],
          "rotationX":45.00000125223908,
          "group":"Fine",
          "faces":{
            "north":{
              "texture":"#wood",
              "uv":[
                12.876947402954102,
                26.657710075378418,
                19.1230525970459,
                31.342289924621582
              ],
              "autoUv":false,
              "rotation":270
            },
            "east":{
              "texture":"#wood",
              "uv":[
                3.0,
                1.0,
                4.0,
                2.0
              ],
              "autoUv":false
            },
            "south":{
              "texture":"#wood",
              "uv":[
                0.0,
                18.0,
                24.4027156829834,
                19.0
              ],
              "autoUv":false
            },
            "west":{
              "texture":"#wood",
              "uv":[
                14.169205665588379,
                3.8234081268310547,
                17.830795288085938,
                7.484996795654297
              ],
              "autoUv":false,
              "rotation":270
            },
            "up":{
              "texture":"#wood",
              "uv":[
                17.830795288085938,
                7.484996795654297,
                21.49238395690918,
                10.27726936340332
              ],
              "autoUv":false,
              "rotation":270
            },
            "down":{
              "texture":"#wood",
              "uv":[
                14.169205665588379,
                10.27726936340332,
                10.50761604309082,
                7.484996795654297
              ],
              "autoUv":false,
              "rotation":270
            }
          },
          "children":[]
        },
        {
          "name":"handle_fine 02",
          "from":[
            -6.805078983306885,
            -0.390007421374321,
            -0.06723708659410477
          ],
          "to":[
            4.3546833992004395,
            -0.06301267445087433,
            0.16304094344377518
          ],
          "rotationOrigin":[
            -1.2251977920532227,
            -0.22651004791259766,
            0.047901928424835205
          ],
          "rotationX":-45.00000125223908,
          "group":"Fine",
          "faces":{
            "north":{
              "texture":"#wood",
              "uv":[
                8.0,
                15.0,
                32.0,
                16.0
              ],
              "autoUv":false
            },
            "east":{
              "texture":"#wood",
              "uv":[
                3.0,
                1.0,
                4.0,
                2.0
              ],
              "autoUv":false
            },
            "south":{
              "texture":"#wood",
              "uv":[
                14.09577751159668,
                7.502429962158203,
                17.90422248840332,
                10.406694412231445
              ],
              "autoUv":false,
              "rotation":270
            },
            "west":{
              "texture":"#wood",
              "uv":[
                14.09577751159668,
                3.6939849853515625,
                17.90422248840332,
                7.502429962158203
              ],
              "autoUv":false,
              "rotation":270
            },
            "up":{
              "texture":"#wood",
              "uv":[
                17.90422248840332,
                7.502429962158203,
                21.712669372558594,
                10.406694412231445
              ],
              "autoUv":false,
              "rotation":270
            },
            "down":{
              "texture":"#wood",
              "uv":[
                14.09577751159668,
                10.406694412231445,
                10.287331581115723,
                7.502429962158203
              ],
              "autoUv":false,
              "rotation":270
            }
          },
          "children":[]
        },
        {
          "name":"handle_fine 03",
          "from":[
            -6.805078983306885,
            0.5985521823167801,
            0.9213245436549187
          ],
          "to":[
            4.3546833992004395,
            0.9255469292402267,
            1.1516025736927986
          ],
          "rotationOrigin":[
            -1.2251977920532227,
            0.7620495557785034,
            1.0364635586738586
          ],
          "rotationX":-45.00000125223908,
          "group":"Fine",
          "faces":{
            "north":{
              "texture":"#wood",
              "uv":[
                12.876947402954102,
                26.657710075378418,
                19.1230525970459,
                31.342289924621582
              ],
              "autoUv":false,
              "rotation":270
            },
            "east":{
              "texture":"#wood",
              "uv":[
                1.0,
                1.0,
                2.0,
                2.0
              ],
              "autoUv":false
            },
            "south":{
              "texture":"#wood",
              "uv":[
                0.0,
                21.0,
                24.4027156829834,
                22.0
              ],
              "autoUv":false
            },
            "west":{
              "texture":"#wood",
              "uv":[
                14.054479598999023,
                3.6211929321289062,
                17.945520401000977,
                7.512235641479492
              ],
              "autoUv":false,
              "rotation":270
            },
            "up":{
              "texture":"#wood",
              "uv":[
                17.945520401000977,
                7.512235641479492,
                21.836563110351562,
                10.479484558105469
              ],
              "autoUv":false,
              "rotation":270
            },
            "down":{
              "texture":"#wood",
              "uv":[
                14.054479598999023,
                10.479484558105469,
                10.163436889648438,
                7.512235641479492
              ],
              "autoUv":false,
              "rotation":270
            }
          },
          "children":[]
        },
        {
          "name":"handle_fine 04",
          "from":[
            -6.805078983306885,
            0.5985521823167801,
            -0.06629342585802078
          ],
          "to":[
            4.3546833992004395,
            0.9255469292402267,
            0.16398460417985916
          ],
          "rotationOrigin":[
            -1.2251977920532227,
            0.7620495557785034,
            0.04884558916091919
          ],
          "rotationX":45.00000125223908,
          "group":"Fine",
          "faces":{
            "north":{
              "texture":"#wood",
              "uv":[
                8.0,
                12.0,
                32.0,
                13.0
              ],
              "autoUv":false
            },
            "east":{
              "texture":"#wood",
              "uv":[
                1.0,
                1.0,
                2.0,
                2.0
              ],
              "autoUv":false
            },
            "south":{
              "texture":"#wood",
              "uv":[
                14.076205253601074,
                7.507076263427734,
                17.923795700073242,
                10.441190719604492
              ],
              "autoUv":false,
              "rotation":270
            },
            "west":{
              "texture":"#wood",
              "uv":[
                14.076205253601074,
                3.659486770629883,
                17.923795700073242,
                7.507076263427734
              ],
              "autoUv":false,
              "rotation":270
            },
            "up":{
              "texture":"#wood",
              "uv":[
                17.923795700073242,
                7.507076263427734,
                21.771385192871094,
                10.441190719604492
              ],
              "autoUv":false,
              "rotation":270
            },
            "down":{
              "texture":"#wood",
              "uv":[
                14.076205253601074,
                10.441190719604492,
                10.228614807128906,
                7.507076263427734
              ],
              "autoUv":false,
              "rotation":270
            }
          },
          "children":[]
        },
        {
          "name":"handle_fine 05",
          "from":[
            -6.805078983306885,
            -0.1932576596736908,
            1.0032088533043861
          ],
          "to":[
            4.355692386627197,
            0.7278550565242767,
            1.233487032353878
          ],
          "rotationOrigin":[
            -1.2246932983398438,
            0.26729869842529297,
            1.118347942829132
          ],
          "group":"Fine",
          "faces":{
            "north":{
              "texture":"#wood",
              "uv":[
                12.876947402954102,
                26.657710075378418,
                19.1230525970459,
                31.342289924621582
              ],
              "autoUv":false,
              "rotation":270
            },
            "east":{
              "texture":"#wood",
              "uv":[
                1.0,
                1.0,
                2.0,
                3.0
              ],
              "autoUv":false
            },
            "south":{
              "texture":"#wood",
              "uv":[
                0.0,
                19.0,
                25.0,
                21.0
              ],
              "autoUv":false
            },
            "west":{
              "texture":"#wood",
              "uv":[
                13.988759994506836,
                3.5053577423095703,
                18.011240005493164,
                7.527837753295898
              ],
              "autoUv":false,
              "rotation":270
            },
            "up":{
              "texture":"#wood",
              "uv":[
                18.011240005493164,
                7.527837753295898,
                22.033720016479492,
                10.595319747924805
              ],
              "autoUv":false,
              "rotation":270
            },
            "down":{
              "texture":"#wood",
              "uv":[
                13.988759994506836,
                10.595319747924805,
                9.966279983520508,
                7.527837753295898
              ],
              "autoUv":false,
              "rotation":270
            }
          },
          "children":[]
        },
        {
          "name":"handle_fine 06",
          "from":[
            -6.805078983306885,
            -0.1932576596736908,
            -0.14818217605352402
          ],
          "to":[
            4.355692386627197,
            0.7278550565242767,
            0.08209600299596786
          ],
          "rotationOrigin":[
            -1.2246932983398438,
            0.26729869842529297,
            -0.033043086528778076
          ],
          "group":"Fine",
          "faces":{
            "north":{
              "texture":"#wood",
              "uv":[
                26.0,
                21.0,
                3.0,
                23.0
              ],
              "autoUv":false
            },
            "east":{
              "texture":"#wood",
              "uv":[
                1.0,
                1.0,
                2.0,
                3.0
              ],
              "autoUv":false
            },
            "south":{
              "texture":"#wood",
              "uv":[
                13.971774101257324,
                7.531869888305664,
                18.02822494506836,
                10.625259399414062
              ],
              "autoUv":false,
              "rotation":270
            },
            "west":{
              "texture":"#wood",
              "uv":[
                13.971774101257324,
                3.4754180908203125,
                18.02822494506836,
                7.531869888305664
              ],
              "autoUv":false,
              "rotation":270
            },
            "up":{
              "texture":"#wood",
              "uv":[
                18.02822494506836,
                7.531869888305664,
                22.084678649902344,
                10.625259399414062
              ],
              "autoUv":false,
              "rotation":270
            },
            "down":{
              "texture":"#wood",
              "uv":[
                13.971774101257324,
                10.625259399414062,
                9.915322303771973,
                7.531869888305664
              ],
              "autoUv":false,
              "rotation":270
            }
          },
          "children":[]
        },
        {
          "name":"handle_fine 07",
          "from":[
            -6.80507755279541,
            -0.4235358238220215,
            0.08209654688835144
          ],
          "to":[
            4.3532915115356445,
            0.9581332206726074,
            1.003209263086319
          ],
          "rotationOrigin":[
            -1.2258930206298828,
            0.26729869842529297,
            0.5426529049873352
          ],
          "group":"Fine",
          "faces":{
            "north":{
              "texture":"#wood",
              "uv":[
                12.876947402954102,
                26.657710075378418,
                19.1230525970459,
                31.342289924621582
              ],
              "autoUv":false,
              "rotation":270
            },
            "east":{
              "texture":"#wood",
              "uv":[
                1.0,
                1.0,
                3.0,
                4.0
              ],
              "autoUv":false
            },
            "south":{
              "texture":"#wood",
              "uv":[
                14.049932479858398,
                7.502124786376953,
                17.9500675201416,
                10.45501708984375
              ],
              "autoUv":false,
              "rotation":270
            },
            "west":{
              "texture":"#wood",
              "uv":[
                14.049932479858398,
                3.60198974609375,
                17.9500675201416,
                7.502124786376953
              ],
              "autoUv":false,
              "rotation":270
            },
            "up":{
              "texture":"#wood",
              "uv":[
                0.0,
                10.0,
                24.0,
                12.0
              ],
              "autoUv":false
            },
            "down":{
              "texture":"#wood",
              "uv":[
                32.0,
                18.0,
                8.0,
                16.0
              ],
              "autoUv":false,
              "rotation":180
            }
          },
          "children":[]
        },
        {
          "name":"handle_fine 08",
          "from":[
            -13.57797384262085,
            -0.5805986896157265,
            0.9212086871266365
          ],
          "to":[
            -6.7327351570129395,
            -0.2545153871178627,
            1.150844857096672
          ],
          "rotationOrigin":[
            -10.155354499816895,
            -0.4175570383667946,
            1.0360267758369446
          ],
          "rotationX":44.95389064515233,
          "rotationY":2.2974807629575325,
          "rotationZ":2.2993300366753133,
          "group":"Fine",
          "faces":{
            "north":{
              "texture":"#wood",
              "uv":[
                14.463494300842285,
                21.5365047454834,
                17.5365047454834,
                27.261725425720215
              ],
              "autoUv":false,
              "rotation":270
            },
            "east":{
              "texture":"#wood",
              "uv":[
                14.463494300842285,
                18.46349334716797,
                17.5365047454834,
                21.5365047454834
              ],
              "autoUv":false,
              "rotation":270
            },
            "south":{
              "texture":"#wood",
              "uv":[
                15.095475196838379,
                20.0,
                30.0,
                21.0
              ],
              "autoUv":false
            },
            "west":{
              "texture":"#wood",
              "uv":[
                26.0,
                22.0,
                27.0,
                23.0
              ],
              "autoUv":false
            },
            "up":{
              "texture":"#wood",
              "uv":[
                17.5365047454834,
                12.738269805908203,
                20.609516143798828,
                18.46349334716797
              ],
              "autoUv":false,
              "rotation":270
            },
            "down":{
              "texture":"#wood",
              "uv":[
                14.463494300842285,
                18.46349334716797,
                11.390483856201172,
                12.738269805908203
              ],
              "autoUv":false,
              "rotation":270
            }
          },
          "children":[]
        },
        {
          "name":"handle_fine 09",
          "from":[
            -13.633862018585205,
            0.40361958742141724,
            0.9202683791518211
          ],
          "to":[
            -6.788623332977295,
            0.729702889919281,
            1.1499045342206955
          ],
          "rotationOrigin":[
            -10.21124267578125,
            0.5666612386703491,
            1.035086452960968
          ],
          "rotationX":-44.95389064515233,
          "rotationY":-2.2974807629575325,
          "rotationZ":2.2993300366753133,
          "group":"Fine",
          "faces":{
            "north":{
              "texture":"#wood",
              "uv":[
                14.458194732666016,
                21.541804313659668,
                17.541805267333984,
                27.28677272796631
              ],
              "autoUv":false,
              "rotation":270
            },
            "east":{
              "texture":"#wood",
              "uv":[
                14.458194732666016,
                18.4581937789917,
                17.541805267333984,
                21.541804313659668
              ],
              "autoUv":false,
              "rotation":270
            },
            "south":{
              "texture":"#wood",
              "uv":[
                15.095475196838379,
                24.0,
                30.0,
                25.0
              ],
              "autoUv":false
            },
            "west":{
              "texture":"#wood",
              "uv":[
                28.0,
                20.0,
                29.0,
                21.0
              ],
              "autoUv":false
            },
            "up":{
              "texture":"#wood",
              "uv":[
                17.541805267333984,
                12.71322250366211,
                20.625415802001953,
                18.4581937789917
              ],
              "autoUv":false,
              "rotation":270
            },
            "down":{
              "texture":"#wood",
              "uv":[
                14.458194732666016,
                18.4581937789917,
                11.374584197998047,
                12.71322250366211
              ],
              "autoUv":false,
              "rotation":270
            }
          },
          "children":[]
        },
        {
          "name":"handle_fine 10",
          "from":[
            -13.633862018585205,
            0.40361958742141724,
            -0.06459588557481766
          ],
          "to":[
            -6.788623332977295,
            0.729702889919281,
            0.16504032164812088
          ],
          "rotationOrigin":[
            -10.21124267578125,
            0.5666612386703491,
            0.05022221803665161
          ],
          "rotationX":44.95389064515233,
          "rotationY":2.2974807629575325,
          "rotationZ":2.2993300366753133,
          "group":"Fine",
          "faces":{
            "north":{
              "texture":"#wood",
              "uv":[
                2.0,
                20.0,
                16.904525756835938,
                20.999999046325684
              ],
              "autoUv":false
            },
            "east":{
              "texture":"#wood",
              "uv":[
                14.301595687866211,
                14.013570785522461,
                17.69840431213379,
                17.410377502441406
              ],
              "autoUv":false,
              "rotation":270
            },
            "south":{
              "texture":"#wood",
              "uv":[
                14.301595687866211,
                7.685092926025391,
                17.69840431213379,
                14.013570785522461
              ],
              "autoUv":false,
              "rotation":270
            },
            "west":{
              "texture":"#wood",
              "uv":[
                28.0,
                20.0,
                29.0,
                21.0
              ],
              "autoUv":false
            },
            "up":{
              "texture":"#wood",
              "uv":[
                17.69840431213379,
                7.685092926025391,
                21.095212936401367,
                14.013570785522461
              ],
              "autoUv":false,
              "rotation":270
            },
            "down":{
              "texture":"#wood",
              "uv":[
                14.301595687866211,
                14.013570785522461,
                10.904788970947266,
                7.685092926025391
              ],
              "autoUv":false,
              "rotation":270
            }
          },
          "children":[]
        },
        {
          "name":"handle_fine 11",
          "from":[
            -13.57797384262085,
            -0.5805986821651459,
            -0.06553713977336884
          ],
          "to":[
            -6.7327351570129395,
            -0.2545153796672821,
            0.16409902274608612
          ],
          "rotationOrigin":[
            -10.155354499816895,
            -0.417557030916214,
            0.04928094148635864
          ],
          "rotationX":-44.95389064515233,
          "rotationY":-2.2974807629575325,
          "rotationZ":2.2993300366753133,
          "group":"Fine",
          "faces":{
            "north":{
              "texture":"#wood",
              "uv":[
                2.0,
                23.0,
                16.904525756835938,
                24.000000476837158
              ],
              "autoUv":false
            },
            "east":{
              "texture":"#wood",
              "uv":[
                14.227289199829102,
                14.077701568603516,
                17.7727108001709,
                17.623125076293945
              ],
              "autoUv":false,
              "rotation":270
            },
            "south":{
              "texture":"#wood",
              "uv":[
                14.227289199829102,
                7.472345352172852,
                17.77271270751953,
                14.077701568603516
              ],
              "autoUv":false,
              "rotation":270
            },
            "west":{
              "texture":"#wood",
              "uv":[
                26.0,
                22.0,
                27.0,
                23.0
              ],
              "autoUv":false
            },
            "up":{
              "texture":"#wood",
              "uv":[
                17.7727108001709,
                7.472345352172852,
                21.318134307861328,
                14.077701568603516
              ],
              "autoUv":false,
              "rotation":270
            },
            "down":{
              "texture":"#wood",
              "uv":[
                14.227289199829102,
                14.077701568603516,
                10.681866645812988,
                7.472345352172852
              ],
              "autoUv":false,
              "rotation":270
            }
          },
          "children":[]
        },
        {
          "name":"handle_fine 12",
          "from":[
            -13.606698989868164,
            -0.38521233201026917,
            1.001924805343151
          ],
          "to":[
            -6.760651588439941,
            0.5333326160907745,
            1.2315610125660896
          ],
          "rotationOrigin":[
            -10.183675289154053,
            0.07406014204025269,
            1.1167429089546204
          ],
          "rotationZ":3.2499999481438815,
          "group":"Fine",
          "faces":{
            "north":{
              "texture":"#wood",
              "uv":[
                14.469143867492676,
                21.530856132507324,
                17.530855178833008,
                27.235697269439697
              ],
              "autoUv":false,
              "rotation":270
            },
            "east":{
              "texture":"#wood",
              "uv":[
                14.469144821166992,
                18.469144821166992,
                17.530855178833008,
                21.530856132507324
              ],
              "autoUv":false,
              "rotation":270
            },
            "south":{
              "texture":"#wood",
              "uv":[
                15.09371280670166,
                21.000000953674316,
                30.0,
                23.0
              ],
              "autoUv":false
            },
            "west":{
              "texture":"#wood",
              "uv":[
                28.0,
                20.0,
                29.0,
                22.0
              ],
              "autoUv":false
            },
            "up":{
              "texture":"#wood",
              "uv":[
                17.530855178833008,
                12.764305114746094,
                20.592565536499023,
                18.469144821166992
              ],
              "autoUv":false,
              "rotation":270
            },
            "down":{
              "texture":"#wood",
              "uv":[
                14.469143867492676,
                18.469144821166992,
                11.407434463500977,
                12.764305114746094
              ],
              "autoUv":false,
              "rotation":270
            }
          },
          "children":[]
        },
        {
          "name":"handle_fine 13",
          "from":[
            -13.606698989868164,
            -0.38521233201026917,
            -0.14625615626573563
          ],
          "to":[
            -6.760651588439941,
            0.5333326160907745,
            0.08338005095720291
          ],
          "rotationOrigin":[
            -10.183675289154053,
            0.07406014204025269,
            -0.03143805265426636
          ],
          "rotationZ":3.2499999481438815,
          "group":"Fine",
          "faces":{
            "north":{
              "texture":"#wood",
              "uv":[
                2.0,
                21.0,
                16.969884872436523,
                23.000001907348633
              ],
              "autoUv":false
            },
            "east":{
              "texture":"#wood",
              "uv":[
                14.305537223815918,
                14.009662628173828,
                17.6944637298584,
                17.39858913421631
              ],
              "autoUv":false,
              "rotation":270
            },
            "south":{
              "texture":"#wood",
              "uv":[
                14.305537223815918,
                7.695125579833984,
                17.6944637298584,
                14.009662628173828
              ],
              "autoUv":false,
              "rotation":270
            },
            "west":{
              "texture":"#wood",
              "uv":[
                28.0,
                20.0,
                29.0,
                22.0
              ],
              "autoUv":false
            },
            "up":{
              "texture":"#wood",
              "uv":[
                17.6944637298584,
                7.695125579833984,
                21.08338737487793,
                14.009662628173828
              ],
              "autoUv":false,
              "rotation":270
            },
            "down":{
              "texture":"#wood",
              "uv":[
                14.305536270141602,
                14.009662628173828,
                10.916610717773438,
                7.695125579833984
              ],
              "autoUv":false,
              "rotation":270
            }
          },
          "children":[]
        },
        {
          "name":"handle_fine 14",
          "from":[
            -13.606698989868164,
            -0.6148485541343689,
            0.08338049054145813
          ],
          "to":[
            -6.760651588439941,
            0.7629688382148743,
            1.0019253194332123
          ],
          "rotationOrigin":[
            -10.183675289154053,
            0.07406014204025269,
            0.5426529049873352
          ],
          "rotationZ":3.2499999481438815,
          "group":"Fine",
          "faces":{
            "north":{
              "texture":"#wood",
              "uv":[
                14.428620338439941,
                21.571380615234375,
                17.571378707885742,
                27.42723798751831
              ],
              "autoUv":false,
              "rotation":270
            },
            "east":{
              "texture":"#wood",
              "uv":[
                14.428620338439941,
                18.428622245788574,
                17.571378707885742,
                21.571380615234375
              ],
              "autoUv":false,
              "rotation":270
            },
            "south":{
              "texture":"#wood",
              "uv":[
                14.428620338439941,
                12.572765350341797,
                17.571378707885742,
                18.428622245788574
              ],
              "autoUv":false,
              "rotation":270
            },
            "west":{
              "texture":"#wood",
              "uv":[
                28.0,
                20.0,
                30.0,
                23.0
              ],
              "autoUv":false
            },
            "up":{
              "texture":"#wood",
              "uv":[
                0.5468564033508301,
                18.000000953674316,
                15.453144073486328,
                20.0
              ],
              "autoUv":false
            },
            "down":{
              "texture":"#wood",
              "uv":[
                31.453144073486328,
                20.000001907348633,
                16.546852111816406,
                18.0
              ],
              "autoUv":false,
              "rotation":180
            }
          },
          "children":[]
        }
      ]
    }
  ],
  "groups":[]
}