{
  "textureWidth":16,
  "textureHeight":16,
  "textures":{
    "wood":"game:block/wood/debarked/oak"
  },
  "textureSizes":{
    "wood":[
      32,
      32
    ]
  },
  "elements":[
    {
      "name":"origin",
      "from":[
        10.79720687866211,
        0.5,
        8.21067351102829
      ],
      "to":[
        10.79720687866211,
        0.5,
        8.21067351102829
      ],
      "rotationOrigin":[
        8.0,
        0.0,
        8.0
      ],
      "group":"Regular",
      "faces":{
        "north":{
          "texture":"#0",
          "uv":[
            0,
            0,
            4,
            4
          ],
          "autoUv":false
        },
        "east":{
          "texture":"#0",
          "uv":[
            0,
            0,
            4,
            4
          ],
          "autoUv":false
        },
        "south":{
          "texture":"#0",
          "uv":[
            0,
            0,
            4,
            4
          ],
          "autoUv":false
        },
        "west":{
          "texture":"#0",
          "uv":[
            0,
            0,
            4,
            4
          ],
          "autoUv":false
        },
        "up":{
          "texture":"#wood",
          "uv":[
            0.0,
            0.0,
            1.0,
            1.0
          ],
          "autoUv":false,
          "rotation":180
        },
        "down":{
          "texture":"#0",
          "uv":[
            0,
            0,
            4,
            4
          ],
          "autoUv":false
        }
      },
      "children":[
        {
          "name":"handle_regular 01",
          "from":[
            -6.982038497924805,
            -0.39878368377685547,
            -1.0066770911216736
          ],
          "to":[
            2.950824737548828,
            0.8987836837768555,
            0.48673540353775024
          ],
          "rotationOrigin":[
            -2.0156068801879883,
            0.25,
            -0.25997084379196167
          ],
          "group":"Regular",
          "faces":{
            "north":{
              "texture":"#wood",
              "uv":[
                6.0,
                20.999001502990723,
                23.0,
                24.0
              ],
              "autoUv":false
            },
            "east":{
              "texture":"#wood",
              "uv":[
                1.2024325132369995,
                1.202432632446289,
                3.79756760597229,
                3.797565460205078
              ],
              "autoUv":false
            },
            "south":{
              "texture":"#wood",
              "uv":[
                10.0,
                21.0,
                29.0,
                24.0
              ],
              "autoUv":false
            },
            "west":{
              "texture":"#wood",
              "uv":[
                28.202434539794922,
                20.20243263244629,
                30.797571182250977,
                22.797566413879395
              ],
              "autoUv":false
            },
            "up":{
              "texture":"#wood",
              "uv":[
                4.0,
                6.999998092651367,
                24.0,
                10.0
              ],
              "autoUv":false,
              "rotation":180
            },
            "down":{
              "texture":"#wood",
              "uv":[
                22.0,
                14.0,
                3.000000238418579,
                10.0
              ],
              "autoUv":false,
              "rotation":180
            }
          },
          "children":[]
        },
        {
          "name":"handle_regular 02",
          "from":[
            -18.72292709350586,
            -0.39740610122680664,
            -1.0066709518432617
          ],
          "to":[
            -6.9820380210876465,
            0.8987836837768555,
            0.48673880100250244
          ],
          "rotationOrigin":[
            -12.852482795715332,
            0.2506887912750244,
            -0.25996607542037964
          ],
          "group":"Regular",
          "faces":{
            "north":{
              "texture":"#wood",
              "uv":[
                21.862850189208984,
                20.999500274658203,
                2.1095809936523438,
                24.000000953674316
              ],
              "autoUv":false
            },
            "east":{
              "texture":"#wood",
              "uv":[
                0.9999998807907104,
                1.0,
                4.0,
                4.0
              ],
              "autoUv":false
            },
            "south":{
              "texture":"#wood",
              "uv":[
                31.109580993652344,
                21.000499725341797,
                9.137151718139648,
                24.0
              ],
              "autoUv":false
            },
            "west":{
              "texture":"#wood",
              "uv":[
                28.0,
                20.000000953674316,
                31.0,
                23.0
              ],
              "autoUv":false
            },
            "up":{
              "texture":"#wood",
              "uv":[
                27.986793518066406,
                7.0,
                3.995861053466797,
                10.0
              ],
              "autoUv":false,
              "rotation":180
            },
            "down":{
              "texture":"#wood",
              "uv":[
                4.004138946533203,
                12.999998092651367,
                28.013206481933594,
                10.0
              ],
              "autoUv":false,
              "rotation":180
            }
          },
          "children":[]
        },
        {
          "name":"handle_regular 03",
          "from":[
            2.7645604610443115,
            -0.39618921279907227,
            -0.3456299602985382
          ],
          "to":[
            3.663627862930298,
            0.8954811096191406,
            0.5712174475193024
          ],
          "rotationOrigin":[
            3.2140941619873047,
            0.24964594841003418,
            0.11279374361038208
          ],
          "rotationY":-19.750016202110668,
          "group":"Regular",
          "faces":{
            "north":{
              "texture":"#wood",
              "uv":[
                23.581205368041992,
                11.209035873413086,
                25.358482360839844,
                13.792377471923828
              ],
              "autoUv":false
            },
            "east":{
              "texture":"#wood",
              "uv":[
                0.5885602831840515,
                1.2090435028076172,
                2.422255516052246,
                3.7923812866210938
              ],
              "autoUv":false
            },
            "south":{
              "texture":"#wood",
              "uv":[
                24.0,
                21.0,
                26.0,
                24.0
              ],
              "autoUv":false
            },
            "west":{
              "texture":"#wood",
              "uv":[
                29.577739715576172,
                20.209038734436035,
                31.41143798828125,
                22.792378425598145
              ],
              "autoUv":false
            },
            "up":{
              "texture":"#wood",
              "uv":[
                6.0,
                6.0,
                4.0,
                8.0
              ],
              "autoUv":false
            },
            "down":{
              "texture":"#wood",
              "uv":[
                10.0,
                14.0,
                8.0,
                12.0
              ],
              "autoUv":false,
              "rotation":180
            }
          },
          "children":[]
        },
        {
          "name":"handle_regular 04",
          "from":[
            2.76452898979187,
            -0.3979668617248535,
            -1.091143399477005
          ],
          "to":[
            3.6635963916778564,
            0.8980073928833008,
            -0.17429599165916443
          ],
          "rotationOrigin":[
            3.2140626907348633,
            0.25002026557922363,
            -0.6327196955680847
          ],
          "rotationX":3.8208792315070734e-11,
          "rotationY":19.750016202110668,
          "rotationZ":-179.99954055609277,
          "group":"Regular",
          "faces":{
            "north":{
              "texture":"#wood",
              "uv":[
                5.000008583068848,
                21.00034809112549,
                7.000005722045898,
                24.0
              ],
              "autoUv":false,
              "rotation":180
            },
            "east":{
              "texture":"#wood",
              "uv":[
                31.41143798828125,
                20.204025268554688,
                29.577741622924805,
                22.795973777770996
              ],
              "autoUv":false,
              "rotation":180
            },
            "south":{
              "texture":"#wood",
              "uv":[
                25.358484268188477,
                11.204023361206055,
                23.581205368041992,
                13.795970916748047
              ],
              "autoUv":false,
              "rotation":180
            },
            "west":{
              "texture":"#wood",
              "uv":[
                2.422255516052246,
                1.2040271759033203,
                0.5885602831840515,
                3.7959747314453125
              ],
              "autoUv":false,
              "rotation":180
            },
            "up":{
              "texture":"#wood",
              "uv":[
                10.0,
                10.0,
                8.0,
                12.0
              ],
              "autoUv":false
            },
            "down":{
              "texture":"#wood",
              "uv":[
                6.0,
                10.0,
                4.0,
                8.0
              ],
              "autoUv":false
            }
          },
          "children":[]
        },
        {
          "name":"handle_regular 05",
          "from":[
            3.4822611808776855,
            -0.39878368377685547,
            -1.2152830362319946
          ],
          "to":[
            5.001144886016846,
            0.8987836837768555,
            0.6961567401885986
          ],
          "rotationOrigin":[
            4.241703033447266,
            0.25,
            -0.259563148021698
          ],
          "group":"Regular",
          "faces":{
            "north":{
              "texture":"#wood",
              "uv":[
                2.0,
                20.999001502990723,
                4.999985694885254,
                24.0
              ],
              "autoUv":false
            },
            "east":{
              "texture":"#wood",
              "uv":[
                0.5885602831840515,
                1.2024345397949219,
                4.411440372467041,
                3.797567367553711
              ],
              "autoUv":false
            },
            "south":{
              "texture":"#wood",
              "uv":[
                26.0,
                21.0,
                29.0,
                24.0
              ],
              "autoUv":false
            },
            "west":{
              "texture":"#wood",
              "uv":[
                27.588558197021484,
                20.202433586120605,
                31.41143798828125,
                22.79756736755371
              ],
              "autoUv":false
            },
            "up":{
              "texture":"#wood",
              "uv":[
                1.0,
                6.0,
                4.0,
                10.0
              ],
              "autoUv":false,
              "rotation":180
            },
            "down":{
              "texture":"#wood",
              "uv":[
                5.0,
                14.0,
                2.0,
                10.0
              ],
              "autoUv":false,
              "rotation":180
            }
          },
          "children":[]
        },
        {
          "name":"handle_regular 06",
          "from":[
            4.710911750793457,
            -0.3966671824455261,
            -1.085176408290863
          ],
          "to":[
            5.36588191986084,
            0.8966671824455261,
            0.6250148415565491
          ],
          "rotationOrigin":[
            5.038396835327148,
            0.25,
            -0.23008078336715698
          ],
          "rotationY":-3.2074719887202088,
          "group":"Regular",
          "faces":{
            "north":{
              "texture":"#wood",
              "uv":[
                1.0,
                21.00265407562256,
                2.0,
                24.0
              ],
              "autoUv":false
            },
            "east":{
              "texture":"#wood",
              "uv":[
                1.0,
                1.0,
                5.000000476837158,
                3.999998092651367
              ],
              "autoUv":false
            },
            "south":{
              "texture":"#wood",
              "uv":[
                30.0,
                21.0,
                29.0,
                24.0
              ],
              "autoUv":false,
              "rotation":180
            },
            "west":{
              "texture":"#wood",
              "uv":[
                27.544343948364258,
                20.2066650390625,
                31.346660614013672,
                22.7933349609375
              ],
              "autoUv":false
            },
            "up":{
              "texture":"#wood",
              "uv":[
                2.999999761581421,
                6.0,
                2.0,
                9.999998092651367
              ],
              "autoUv":false,
              "rotation":180
            },
            "down":{
              "texture":"#wood",
              "uv":[
                2.0,
                14.0,
                1.0,
                10.0
              ],
              "autoUv":false,
              "rotation":180
            }
          },
          "children":[]
        }
      ]
    }
  ],
  "groups":[]
}