{
  "textureWidth":16,
  "textureHeight":16,
  "textures":{
    "wood":"game:block/wood/debarked/oak"
  },
  "textureSizes":{
    "wood":[
      32,
      32
    ]
  },
  "elements":[
    {
      "name":"origin",
      "from":[
        11.0,
        0.5,
        7.98513899743557
      ],
      "to":[
        11.0,
        0.5,
        7.98513899743557
      ],
      "rotationOrigin":[
        8.0,
        0.0,
        8.0
      ],
      "group":"Regular",
      "faces":{
        "north":{
          "texture":"#0",
          "uv":[
            0,
            0,
            4,
            4
          ],
          "autoUv":false
        },
        "east":{
          "texture":"#0",
          "uv":[
            0,
            0,
            4,
            4
          ],
          "autoUv":false
        },
        "south":{
          "texture":"#0",
          "uv":[
            0,
            0,
            4,
            4
          ],
          "autoUv":false
        },
        "west":{
          "texture":"#0",
          "uv":[
            0,
            0,
            4,
            4
          ],
          "autoUv":false
        },
        "up":{
          "texture":"#wood",
          "uv":[
            0.0,
            0.0,
            1.0,
            1.0
          ],
          "autoUv":false,
          "rotation":180
        },
        "down":{
          "texture":"#0",
          "uv":[
            0,
            0,
            4,
            4
          ],
          "autoUv":false
        }
      },
      "children":[
        {
          "name":"handle_regular1",
          "from":[
            -9.188720226287842,
            0.0,
            -0.4851391762495041
          ],
          "to":[
            -4.810654640197754,
            1.0,
            0.5148610025644302
          ],
          "rotationOrigin":[
            -6.916022300720215,
            0.5,
            0.014861002564430237
          ],
          "rotationY":-179.9998957259296,
          "group":"Regular",
          "faces":{
            "north":{
              "texture":"#wood",
              "uv":[
                0.0,
                8.0,
                8.42147159576416,
                11.999998092651367
              ],
              "autoUv":false
            },
            "east":{
              "texture":"#wood",
              "uv":[
                6.0,
                0.0,
                9.0,
                3.0
              ],
              "autoUv":false
            },
            "south":{
              "texture":"#wood",
              "uv":[
                1.5785285234451294,
                17.999999046325684,
                10.0,
                22.0
              ],
              "autoUv":false
            },
            "west":{
              "texture":"#wood",
              "uv":[
                6.0,
                0.0,
                8.0,
                4.0
              ],
              "autoUv":false
            },
            "up":{
              "texture":"#wood",
              "uv":[
                1.5785285234451294,
                4.999998092651367,
                10.0,
                9.0
              ],
              "autoUv":false
            },
            "down":{
              "texture":"#wood",
              "uv":[
                8.42147159576416,
                18.0,
                0.0,
                14.0
              ],
              "autoUv":false,
              "rotation":180
            }
          },
          "children":[]
        },
        {
          "name":"handle_regular2",
          "from":[
            -4.996878147125244,
            0.0012841224670410156,
            -0.3386925905942917
          ],
          "to":[
            -4.289772033691406,
            0.998715877532959,
            0.36841459572315216
          ],
          "rotationOrigin":[
            -4.643324851989746,
            0.5,
            0.014861002564430237
          ],
          "rotationY":-134.99997302086598,
          "group":"Regular",
          "faces":{
            "north":{
              "texture":"#wood",
              "uv":[
                10.0,
                8.0,
                12.0,
                12.0
              ],
              "autoUv":false
            },
            "east":{
              "texture":"#wood",
              "uv":[
                6.585785865783691,
                0.0,
                8.0,
                4.0
              ],
              "autoUv":false
            },
            "south":{
              "texture":"#wood",
              "uv":[
                8.0,
                17.999999046325684,
                10.0,
                22.0
              ],
              "autoUv":false
            },
            "west":{
              "texture":"#wood",
              "uv":[
                6.0,
                18.0,
                8.0,
                22.0
              ],
              "autoUv":false
            },
            "up":{
              "texture":"#wood",
              "uv":[
                8.0,
                6.0,
                10.0,
                9.0
              ],
              "autoUv":false
            },
            "down":{
              "texture":"#wood",
              "uv":[
                2.000000238418579,
                17.0,
                0.0,
                14.0
              ],
              "autoUv":false,
              "rotation":180
            }
          },
          "children":[]
        }
      ]
    }
  ],
  "groups":[]
}