[
	{
		"ingredientPattern": "SLS,RHF",
		"ingredients": {
			"L": { "type": "block", "code": "game:log-*", "quantity": 2 },
			"H": { "type": "item", "code": "hook-flint", "quantity": 2 },
			"R": { "type": "item", "code": "game:resin", "quantity": 1 },
			"F": { "type": "item", "code": "game:flint", "quantity": 1 },
			"S": { "type": "item", "code": "game:stick", "quantity": 4 }
		},
		"width": 3,
		"height": 2,
		"output": { "type": "block", "code": "butcherhook-flint-north", "quantity": 1  }
	},
	{
		"ingredientPattern": "SLS,RHF",
		"ingredients": {
			"L": { "type": "item", "code": "game:plank-*", "quantity": 4 },
			"H": { "type": "item", "code": "hook-*", "quantity": 2, "name": "material", "allowedVariants": [ "copper", "tinbronze", "bismuthbronze", "blackbronze" ] },
			"R": { "type": "item", "code": "game:resin", "quantity": 1 },
			"F": { "type": "item", "code": "game:metalnailsandstrips-copper", "quantity": 2 },
			"S": { "type": "item", "code": "game:stick", "quantity": 4 }
		},
		"width": 3,
		"height": 2,
		"output": { "type": "block", "code": "butcherhook-{material}-north", "quantity": 1  }
	},
	{
		"ingredientPattern": "SLS,RHF",
		"ingredients": {
			"L": { "type": "item", "code": "game:plank-*", "quantity": 4 },
			"H": { "type": "item", "code": "hook-iron", "quantity": 2 },
			"R": { "type": "item", "code": "game:resin", "quantity": 1 },
			"F": { "type": "item", "code": "game:metalnailsandstrips-iron", "quantity": 2 },
			"S": { "type": "item", "code": "game:stick", "quantity": 4 }
		},
		"width": 3,
		"height": 2,
		"output": { "type": "block", "code": "butcherhook-iron-north", "quantity": 1  }
	},
	{
		"ingredientPattern": "H",
		"ingredients": {
			"H": { "type": "block", "code": "butcherhook-*-north", "quantity": 1, "name": "material", "allowedVariants": [ "copper", "tinbronze", "bismuthbronze", "blackbronze", "iron" ] },
		},
		"width": 1,
		"height": 1,
		"output": { "type": "block", "code": "butcherhookceiling-{material}-north", "quantity": 1  }
	}
]