{
  "code": "sealstamp",
  "class": "ItemWaxSealStamp",
  "maxstacksizeByType": {
    "*-blank": 4,
    "*": 1
  },
  //  "storageFlags": 257, makes it offhandable
  "creativeinventory": {
    "general": [
      "*"
    ],
    "envelopes": [
      "*"
    ]
  },
  durability: 200,
  variantgroups: [
    {
      code: "state",
      states: [
        "blank",
        "engraved"
      ]
    }
  ],
  "shape": {
    "base": "item/sealstamp"
  },
  behaviors: [
    {
      name: "GroundStorable",
      properties: {
        layout: 'Quadrants',
        collisionBox: {
          x1: 0,
          y1: 0,
          z1: 0,
          x2: 1,
          y2: 0.125,
          z2: 1
        }
      }
    },
    {
      name: "RenderStampEmblem"
    }
  ],
  "attributes": {
    displaycaseable: true,
    shelvable: true,
    groundStorageTransform: {
      translation: {
        x: 0,
        y: -0.46,
        z: 0
      },
      rotation: {
        x: -43,
        y: 90,
        z: -58
      },
      scale: 0.25
    }
  },
  "heldRightReadyAnimation": "chiselready",
  tpHandTransform: {
    translation: {
      x: -1.8,
      y: -2,
      z: -2.1
    },
    rotation: {
      x: -92,
      y: -1,
      z: -83
    },
    scale: 0.25
  },
  // for debugging
  //    translation: {
  //      x: -0.1,
  //      y: -0.7,
  //      z: -1.1
  //    },
  //    rotation: {
  //      x: -93,
  //      y: -154,
  //      z: -97
  //    },
  //    scale: 0.87
  //  tpHandTransform: {
  //    translation: {
  //      x: -1.4,
  //      y: -1.7,
  //      z: -1.9
  //    },
  //    rotation: {
  //      x: 0,
  //      y: -180,
  //      z: 90
  //    },
  //    scale: 0.29
  //  },
  guiTransformByType: {
    "*-blank": {
      translation: {
        x: 2,
        y: 7.4,
        z: 0
      },
      rotation: {
        x: 157,
        y: -45,
        z: 0
      },
      origin: {
        x: 0.5,
        y: 0.2,
        z: 0.5
      },
      scale: 1.6
    },
    "*": {
      translation: {
        x: 2,
        y: 2,
        z: 4
      },
      rotation: {
        x: 7,
        y: -67,
        z: 71
      },
      origin: {
        x: 0.5,
        y: 0.2,
        z: 0.5
      },
      scale: 2.01
    }
  },
  groundTransform: {
    translation: {
      x: 0,
      y: 0.02,
      z: 0
    },
    rotation: {
      x: 102,
      y: 0,
      z: 0
    },
    origin: {
      x: 0.5,
      y: 0.5,
      z: 0.5299
    },
    scale: 1.4
  }
}