{
  "textureWidth":16,
  "textureHeight":16,
  "textures":{
    "material":"game:item/tool/material/string"
  },
  "textureSizes":{
    "material":[
      32,
      32
    ]
  },
  "elements":[
    {
      "name":"origin",
      "from":[
        9.414431095123291,
        0.6221328973770142,
        8.087415345013142
      ],
      "to":[
        9.414431095123291,
        0.6221328973770142,
        8.087415345013142
      ],
      "rotationOrigin":[
        8.0,
        0.0,
        8.0
      ],
      "group":"fine_string_metalhead",
      "faces":{
        "north":{
          "texture":"#0",
          "uv":[
            0,
            0,
            4,
            4
          ],
          "autoUv":false
        },
        "east":{
          "texture":"#0",
          "uv":[
            0,
            0,
            4,
            4
          ],
          "autoUv":false
        },
        "south":{
          "texture":"#0",
          "uv":[
            0,
            0,
            4,
            4
          ],
          "autoUv":false
        },
        "west":{
          "texture":"#0",
          "uv":[
            0,
            0,
            4,
            4
          ],
          "autoUv":false
        },
        "up":{
          "texture":"#material",
          "uv":[
            0.0,
            0.0,
            1.0,
            1.0
          ],
          "autoUv":false,
          "rotation":180
        },
        "down":{
          "texture":"#0",
          "uv":[
            0,
            0,
            4,
            4
          ],
          "autoUv":false
        }
      },
      "children":[
        {
          "name":"fine_string_metalhead 08",
          "from":[
            0.9078827202320099,
            -0.4949396848678589,
            -0.5767946317791939
          ],
          "to":[
            1.2178601920604706,
            0.8053805828094482,
            0.2900855466723442
          ],
          "rotationOrigin":[
            1.0628714561462402,
            0.15522044897079468,
            -0.14335454255342484
          ],
          "rotationY":-6.785366907358188,
          "group":"fine_string_metalhead",
          "faces":{
            "north":{
              "texture":"#material",
              "uv":[
                20.496904373168945,
                21.40650749206543,
                15.503097534179688,
                27.71887493133545
              ],
              "autoUv":false,
              "rotation":270
            },
            "east":{
              "texture":"#material",
              "uv":[
                27.0,
                7.0,
                25.0,
                10.0
              ],
              "autoUv":false
            },
            "south":{
              "texture":"#material",
              "uv":[
                20.496902465820312,
                12.281126022338867,
                15.503095626831055,
                18.59349250793457
              ],
              "autoUv":false,
              "rotation":270
            },
            "west":{
              "texture":"#material",
              "uv":[
                25.0,
                8.0,
                22.0,
                10.0
              ],
              "autoUv":false,
              "rotation":270
            },
            "up":{
              "texture":"#material",
              "uv":[
                24.0,
                8.0,
                23.0,
                10.000001907348633
              ],
              "autoUv":false
            },
            "down":{
              "texture":"#material",
              "uv":[
                24.0,
                10.000001907348633,
                25.0,
                8.0
              ],
              "autoUv":false
            }
          },
          "children":[]
        },
        {
          "name":"fine_string_metalhead 09",
          "from":[
            0.971897155046463,
            -0.27821964025497437,
            -0.7897189632058144
          ],
          "to":[
            1.2818746268749237,
            0.5886605381965637,
            -0.5729989185929298
          ],
          "rotationOrigin":[
            1.1268858909606934,
            0.15522044897079468,
            -0.6813589408993721
          ],
          "rotationY":-6.785366907358188,
          "group":"fine_string_metalhead",
          "faces":{
            "north":{
              "texture":"#material",
              "uv":[
                27.0,
                8.0,
                26.0,
                10.000001907348633
              ],
              "autoUv":false
            },
            "east":{
              "texture":"#material",
              "uv":[
                17.0,
                8.0,
                14.0,
                9.0
              ],
              "autoUv":false,
              "rotation":270
            },
            "south":{
              "texture":"#material",
              "uv":[
                22.560550689697266,
                13.602106094360352,
                19.94605255126953,
                16.906930923461914
              ],
              "autoUv":false,
              "rotation":270
            },
            "west":{
              "texture":"#material",
              "uv":[
                19.0,
                6.0,
                18.0,
                9.0
              ],
              "autoUv":false
            },
            "up":{
              "texture":"#material",
              "uv":[
                19.946054458618164,
                13.602106094360352,
                17.33155632019043,
                16.906930923461914
              ],
              "autoUv":false,
              "rotation":270
            },
            "down":{
              "texture":"#material",
              "uv":[
                22.560550689697266,
                16.906930923461914,
                25.175048828125,
                13.602106094360352
              ],
              "autoUv":false,
              "rotation":270
            }
          },
          "children":[]
        },
        {
          "name":"fine_string_metalhead 10",
          "from":[
            0.8438701927661896,
            -0.27821964025497437,
            0.28628983348608017
          ],
          "to":[
            1.1538476645946503,
            0.5886605381965637,
            0.5030098780989647
          ],
          "rotationOrigin":[
            0.9988589286804199,
            0.15522044897079468,
            0.39464985579252243
          ],
          "rotationY":-6.785366907358188,
          "group":"fine_string_metalhead",
          "faces":{
            "north":{
              "texture":"#material",
              "uv":[
                16.129085540771484,
                21.189156532287598,
                12.050106048583984,
                26.345142364501953
              ],
              "autoUv":false,
              "rotation":270
            },
            "east":{
              "texture":"#material",
              "uv":[
                27.0,
                3.0,
                26.0,
                6.0
              ],
              "autoUv":false
            },
            "south":{
              "texture":"#material",
              "uv":[
                22.0,
                8.0,
                21.0,
                10.000001907348633
              ],
              "autoUv":false
            },
            "west":{
              "texture":"#material",
              "uv":[
                26.0,
                3.0,
                25.0,
                6.0
              ],
              "autoUv":false
            },
            "up":{
              "texture":"#material",
              "uv":[
                11.848196029663086,
                16.81692886352539,
                9.808704376220703,
                19.39492130279541
              ],
              "autoUv":false,
              "rotation":270
            },
            "down":{
              "texture":"#material",
              "uv":[
                16.330997467041016,
                19.39492130279541,
                18.370487213134766,
                16.81692886352539
              ],
              "autoUv":false,
              "rotation":270
            }
          },
          "children":[]
        },
        {
          "name":"fine_string_metalhead 11",
          "from":[
            0.9629316329956055,
            -0.46338532865047455,
            -0.714157409965992
          ],
          "to":[
            1.2714462280273438,
            -0.15564294159412384,
            -0.49743742495775223
          ],
          "rotationOrigin":[
            1.1171889305114746,
            -0.3095141351222992,
            -0.6057974174618721
          ],
          "rotationX":-45.201372304443986,
          "rotationY":-4.792357408023019,
          "rotationZ":-4.809207911592263,
          "group":"fine_string_metalhead",
          "faces":{
            "north":{
              "texture":"#material",
              "uv":[
                25.0,
                6.004627227783203,
                24.0,
                7.0
              ],
              "autoUv":false,
              "rotation":270
            },
            "east":{
              "texture":"#material",
              "uv":[
                16.0,
                9.0,
                15.0,
                10.0
              ],
              "autoUv":false,
              "rotation":270
            },
            "south":{
              "texture":"#material",
              "uv":[
                24.31222152709961,
                14.245357513427734,
                22.150522232055664,
                16.964933395385742
              ],
              "autoUv":false,
              "rotation":270
            },
            "west":{
              "texture":"#material",
              "uv":[
                17.0,
                9.0,
                16.0,
                10.0
              ],
              "autoUv":false
            },
            "up":{
              "texture":"#material",
              "uv":[
                22.150522232055664,
                14.245357513427734,
                19.98882293701172,
                16.964933395385742
              ],
              "autoUv":false,
              "rotation":270
            },
            "down":{
              "texture":"#material",
              "uv":[
                24.31222152709961,
                16.964933395385742,
                26.473918914794922,
                14.245357513427734
              ],
              "autoUv":false,
              "rotation":270
            }
          },
          "children":[]
        },
        {
          "name":"fine_string_metalhead 12",
          "from":[
            0.962824821472168,
            0.46697066724300385,
            -0.713277168571949
          ],
          "to":[
            1.2713394165039062,
            0.7747130542993546,
            -0.49655718356370926
          ],
          "rotationOrigin":[
            1.117082118988037,
            0.6208418607711792,
            -0.6049171760678291
          ],
          "rotationX":45.201372304443986,
          "rotationY":-4.792357408023019,
          "rotationZ":4.809207911592263,
          "group":"fine_string_metalhead",
          "faces":{
            "north":{
              "texture":"#material",
              "uv":[
                23.0,
                6.004627227783203,
                22.0,
                7.0
              ],
              "autoUv":false,
              "rotation":270
            },
            "east":{
              "texture":"#material",
              "uv":[
                10.0,
                10.0,
                9.0,
                11.0
              ],
              "autoUv":false,
              "rotation":270
            },
            "south":{
              "texture":"#material",
              "uv":[
                23.597171783447266,
                13.172782897949219,
                21.435470581054688,
                15.892358779907227
              ],
              "autoUv":false,
              "rotation":270
            },
            "west":{
              "texture":"#material",
              "uv":[
                11.0,
                10.0,
                10.0,
                11.0
              ],
              "autoUv":false
            },
            "up":{
              "texture":"#material",
              "uv":[
                21.435470581054688,
                13.172782897949219,
                19.273773193359375,
                15.892358779907227
              ],
              "autoUv":false,
              "rotation":270
            },
            "down":{
              "texture":"#material",
              "uv":[
                23.597169876098633,
                15.892358779907227,
                25.758869171142578,
                13.172782897949219
              ],
              "autoUv":false,
              "rotation":270
            }
          },
          "children":[]
        },
        {
          "name":"fine_string_metalhead 13",
          "from":[
            0.8530092239379883,
            0.46697066724300385,
            0.2096831128001213
          ],
          "to":[
            1.1615238189697266,
            0.7747130542993546,
            0.42640309780836105
          ],
          "rotationOrigin":[
            1.0072665214538574,
            0.6208418607711792,
            0.3180431053042412
          ],
          "rotationX":-45.201372304443986,
          "rotationY":-4.792357408023019,
          "rotationZ":-4.809207911592263,
          "group":"fine_string_metalhead",
          "faces":{
            "north":{
              "texture":"#material",
              "uv":[
                13.996484756469727,
                20.778076171875,
                11.566566467285156,
                23.835092544555664
              ],
              "autoUv":false,
              "rotation":270
            },
            "east":{
              "texture":"#material",
              "uv":[
                8.0,
                10.0,
                7.0,
                11.0
              ],
              "autoUv":false,
              "rotation":270
            },
            "south":{
              "texture":"#material",
              "uv":[
                22.0,
                6.004627227783203,
                21.0,
                7.0
              ],
              "autoUv":false,
              "rotation":90
            },
            "west":{
              "texture":"#material",
              "uv":[
                9.0,
                10.0,
                8.0,
                11.0
              ],
              "autoUv":false
            },
            "up":{
              "texture":"#material",
              "uv":[
                11.505132675170898,
                17.025388717651367,
                9.46599006652832,
                19.59078025817871
              ],
              "autoUv":false,
              "rotation":270
            },
            "down":{
              "texture":"#material",
              "uv":[
                14.057918548583984,
                19.59078025817871,
                16.097061157226562,
                17.025388717651367
              ],
              "autoUv":false,
              "rotation":270
            }
          },
          "children":[]
        },
        {
          "name":"fine_string_metalhead 14",
          "from":[
            0.8529043197631836,
            -0.46338532865047455,
            0.21056240051984787
          ],
          "to":[
            1.1614189147949219,
            -0.15564294159412384,
            0.4272823855280876
          ],
          "rotationOrigin":[
            1.0071616172790527,
            -0.3095141351222992,
            0.31892239302396774
          ],
          "rotationX":45.201372304443986,
          "rotationY":-4.792357408023019,
          "rotationZ":4.809207911592263,
          "group":"fine_string_metalhead",
          "faces":{
            "north":{
              "texture":"#material",
              "uv":[
                13.996484756469727,
                20.778076171875,
                11.566566467285156,
                23.835092544555664
              ],
              "autoUv":false,
              "rotation":270
            },
            "east":{
              "texture":"#material",
              "uv":[
                19.0,
                10.0,
                18.0,
                11.0
              ],
              "autoUv":false,
              "rotation":270
            },
            "south":{
              "texture":"#material",
              "uv":[
                21.0,
                6.005950927734375,
                20.0,
                6.998674392700195
              ],
              "autoUv":false,
              "rotation":90
            },
            "west":{
              "texture":"#material",
              "uv":[
                19.0,
                9.0,
                18.0,
                10.0
              ],
              "autoUv":false
            },
            "up":{
              "texture":"#material",
              "uv":[
                11.505132675170898,
                17.025388717651367,
                9.46599006652832,
                19.59078025817871
              ],
              "autoUv":false,
              "rotation":270
            },
            "down":{
              "texture":"#material",
              "uv":[
                14.057918548583984,
                19.59078025817871,
                16.097061157226562,
                17.025388717651367
              ],
              "autoUv":false,
              "rotation":270
            }
          },
          "children":[]
        },
        {
          "name":"fine_string_metalhead 15",
          "from":[
            1.670788735151291,
            -0.5291301012039185,
            -0.6148485913872719
          ],
          "to":[
            1.9970608055591583,
            0.839544415473938,
            0.2976009473204613
          ],
          "rotationOrigin":[
            1.8339247703552246,
            0.15520715713500977,
            -0.1586238220334053
          ],
          "rotationY":-3.723729062371272,
          "group":"fine_string_metalhead",
          "faces":{
            "north":{
              "texture":"#material",
              "uv":[
                13.503095626831055,
                21.40650749206543,
                18.496902465820312,
                27.718875885009766
              ],
              "autoUv":false,
              "rotation":270
            },
            "east":{
              "texture":"#material",
              "uv":[
                7.0,
                7.0,
                9.0,
                10.0
              ],
              "autoUv":false
            },
            "south":{
              "texture":"#material",
              "uv":[
                13.503097534179688,
                12.281126022338867,
                18.496904373168945,
                18.59349250793457
              ],
              "autoUv":false,
              "rotation":270
            },
            "west":{
              "texture":"#material",
              "uv":[
                9.0,
                8.0,
                12.0,
                10.0
              ],
              "autoUv":false,
              "rotation":270
            },
            "up":{
              "texture":"#material",
              "uv":[
                10.0,
                8.0,
                11.0,
                10.000001907348633
              ],
              "autoUv":false
            },
            "down":{
              "texture":"#material",
              "uv":[
                10.0,
                10.000001907348633,
                9.0,
                8.0
              ],
              "autoUv":false
            }
          },
          "children":[]
        },
        {
          "name":"fine_string_metalhead 16",
          "from":[
            1.7078237235546112,
            -0.3010176718235016,
            -0.8417551219463348
          ],
          "to":[
            2.0340957939624786,
            0.6114319860935211,
            -0.6136427372694016
          ],
          "rotationOrigin":[
            1.870959758758545,
            0.15520715713500977,
            -0.7276989296078682
          ],
          "rotationY":-3.723729062371272,
          "group":"fine_string_metalhead",
          "faces":{
            "north":{
              "texture":"#material",
              "uv":[
                7.0,
                8.0,
                8.0,
                10.000001907348633
              ],
              "autoUv":false
            },
            "east":{
              "texture":"#material",
              "uv":[
                17.0,
                8.0,
                20.0,
                9.0
              ],
              "autoUv":false,
              "rotation":270
            },
            "south":{
              "texture":"#material",
              "uv":[
                11.439449310302734,
                13.602106094360352,
                14.053947448730469,
                16.906930923461914
              ],
              "autoUv":false,
              "rotation":270
            },
            "west":{
              "texture":"#material",
              "uv":[
                15.0,
                6.0,
                16.0,
                9.0
              ],
              "autoUv":false
            },
            "up":{
              "texture":"#material",
              "uv":[
                14.053945541381836,
                13.602106094360352,
                16.66844367980957,
                16.906930923461914
              ],
              "autoUv":false,
              "rotation":270
            },
            "down":{
              "texture":"#material",
              "uv":[
                11.439449310302734,
                16.906930923461914,
                8.824951171875,
                13.602106094360352
              ],
              "autoUv":false,
              "rotation":270
            }
          },
          "children":[]
        },
        {
          "name":"fine_string_metalhead 17",
          "from":[
            1.6337518393993378,
            -0.3010176718235016,
            0.29639604687690735
          ],
          "to":[
            1.9600239098072052,
            0.6114319860935211,
            0.5245084315538406
          ],
          "rotationOrigin":[
            1.7968878746032715,
            0.15520715713500977,
            0.410452239215374
          ],
          "rotationY":-3.723729062371272,
          "group":"fine_string_metalhead",
          "faces":{
            "north":{
              "texture":"#material",
              "uv":[
                17.870914459228516,
                21.18915557861328,
                21.949893951416016,
                26.345142364501953
              ],
              "autoUv":false,
              "rotation":270
            },
            "east":{
              "texture":"#material",
              "uv":[
                7.0,
                3.0,
                8.0,
                6.0
              ],
              "autoUv":false
            },
            "south":{
              "texture":"#material",
              "uv":[
                12.0,
                8.0,
                13.0,
                10.000001907348633
              ],
              "autoUv":false
            },
            "west":{
              "texture":"#material",
              "uv":[
                8.0,
                3.0,
                9.0,
                6.0
              ],
              "autoUv":false
            },
            "up":{
              "texture":"#material",
              "uv":[
                22.151803970336914,
                16.81692886352539,
                24.191295623779297,
                19.394920349121094
              ],
              "autoUv":false,
              "rotation":270
            },
            "down":{
              "texture":"#material",
              "uv":[
                17.669002532958984,
                19.394920349121094,
                15.629512786865234,
                16.81692886352539
              ],
              "autoUv":false,
              "rotation":270
            }
          },
          "children":[]
        },
        {
          "name":"fine_string_metalhead 18",
          "from":[
            1.7026483863592148,
            -0.4959169626235962,
            -0.7617909386754036
          ],
          "to":[
            2.027380719780922,
            -0.17199748754501343,
            -0.5336785987019539
          ],
          "rotationOrigin":[
            1.8650145530700684,
            -0.3339572250843048,
            -0.6477347686886787
          ],
          "rotationX":-45.06055429432583,
          "rotationY":-2.632145518136171,
          "rotationZ":-2.6349281798927167,
          "group":"fine_string_metalhead",
          "faces":{
            "north":{
              "texture":"#material",
              "uv":[
                9.0,
                6.004627227783203,
                10.0,
                7.0
              ],
              "autoUv":false,
              "rotation":270
            },
            "east":{
              "texture":"#material",
              "uv":[
                18.0,
                9.0,
                19.0,
                10.0
              ],
              "autoUv":false,
              "rotation":270
            },
            "south":{
              "texture":"#material",
              "uv":[
                9.68777847290039,
                14.245357513427734,
                11.849477767944336,
                16.964933395385742
              ],
              "autoUv":false,
              "rotation":270
            },
            "west":{
              "texture":"#material",
              "uv":[
                17.0,
                9.0,
                18.0,
                10.0
              ],
              "autoUv":false
            },
            "up":{
              "texture":"#material",
              "uv":[
                11.849477767944336,
                14.245357513427734,
                14.011177062988281,
                16.964933395385742
              ],
              "autoUv":false,
              "rotation":270
            },
            "down":{
              "texture":"#material",
              "uv":[
                9.68777847290039,
                16.964933395385742,
                7.526081085205078,
                14.245357513427734
              ],
              "autoUv":false,
              "rotation":270
            }
          },
          "children":[]
        },
        {
          "name":"fine_string_metalhead 19",
          "from":[
            1.7025873512029648,
            0.48334529995918274,
            -0.7608596757054329
          ],
          "to":[
            2.027319684624672,
            0.8072647750377655,
            -0.5327473357319832
          ],
          "rotationOrigin":[
            1.8649535179138184,
            0.6453050374984741,
            -0.646803505718708
          ],
          "rotationX":45.06055429432583,
          "rotationY":-2.632145518136171,
          "rotationZ":2.6349281798927167,
          "group":"fine_string_metalhead",
          "faces":{
            "north":{
              "texture":"#material",
              "uv":[
                11.0,
                6.004627227783203,
                12.0,
                7.0
              ],
              "autoUv":false,
              "rotation":270
            },
            "east":{
              "texture":"#material",
              "uv":[
                24.0,
                10.0,
                25.0,
                11.0
              ],
              "autoUv":false,
              "rotation":270
            },
            "south":{
              "texture":"#material",
              "uv":[
                10.402828216552734,
                13.172782897949219,
                12.564529418945312,
                15.892358779907227
              ],
              "autoUv":false,
              "rotation":270
            },
            "west":{
              "texture":"#material",
              "uv":[
                23.0,
                10.0,
                24.0,
                11.0
              ],
              "autoUv":false
            },
            "up":{
              "texture":"#material",
              "uv":[
                12.564529418945312,
                13.172782897949219,
                14.726226806640625,
                15.892358779907227
              ],
              "autoUv":false,
              "rotation":270
            },
            "down":{
              "texture":"#material",
              "uv":[
                10.402830123901367,
                15.892358779907227,
                8.241130828857422,
                13.172782897949219
              ],
              "autoUv":false,
              "rotation":270
            }
          },
          "children":[]
        },
        {
          "name":"fine_string_metalhead 20",
          "from":[
            1.6390497535467148,
            0.48334529995918274,
            0.21540432423353195
          ],
          "to":[
            1.963782086968422,
            0.8072647750377655,
            0.44351666420698166
          ],
          "rotationOrigin":[
            1.8014159202575684,
            0.6453050374984741,
            0.3294604942202568
          ],
          "rotationX":-45.06055429432583,
          "rotationY":-2.632145518136171,
          "rotationZ":-2.6349281798927167,
          "group":"fine_string_metalhead",
          "faces":{
            "north":{
              "texture":"#material",
              "uv":[
                20.003515243530273,
                20.778076171875,
                22.433433532714844,
                23.835092544555664
              ],
              "autoUv":false,
              "rotation":270
            },
            "east":{
              "texture":"#material",
              "uv":[
                26.0,
                10.0,
                27.0,
                11.0
              ],
              "autoUv":false,
              "rotation":270
            },
            "south":{
              "texture":"#material",
              "uv":[
                12.0,
                6.004627227783203,
                13.0,
                7.0
              ],
              "autoUv":false,
              "rotation":90
            },
            "west":{
              "texture":"#material",
              "uv":[
                25.0,
                10.0,
                26.0,
                11.0
              ],
              "autoUv":false
            },
            "up":{
              "texture":"#material",
              "uv":[
                22.4948673248291,
                17.025388717651367,
                24.53400993347168,
                19.59078025817871
              ],
              "autoUv":false,
              "rotation":270
            },
            "down":{
              "texture":"#material",
              "uv":[
                19.942081451416016,
                19.59078025817871,
                17.902938842773438,
                17.025388717651367
              ],
              "autoUv":false,
              "rotation":270
            }
          },
          "children":[]
        },
        {
          "name":"fine_string_metalhead 21",
          "from":[
            1.638986811041832,
            -0.4959169626235962,
            0.21633701771497726
          ],
          "to":[
            1.9637191444635391,
            -0.17199748754501343,
            0.44444935768842697
          ],
          "rotationOrigin":[
            1.8013529777526855,
            -0.3339572250843048,
            0.3303931877017021
          ],
          "rotationX":45.06055429432583,
          "rotationY":-2.632145518136171,
          "rotationZ":2.6349281798927167,
          "group":"fine_string_metalhead",
          "faces":{
            "north":{
              "texture":"#material",
              "uv":[
                20.003515243530273,
                20.778076171875,
                22.433433532714844,
                23.835092544555664
              ],
              "autoUv":false,
              "rotation":270
            },
            "east":{
              "texture":"#material",
              "uv":[
                15.0,
                10.0,
                16.0,
                11.0
              ],
              "autoUv":false,
              "rotation":270
            },
            "south":{
              "texture":"#material",
              "uv":[
                13.0,
                6.005950927734375,
                14.0,
                6.998674392700195
              ],
              "autoUv":false,
              "rotation":90
            },
            "west":{
              "texture":"#material",
              "uv":[
                15.0,
                9.0,
                16.0,
                10.0
              ],
              "autoUv":false
            },
            "up":{
              "texture":"#material",
              "uv":[
                22.4948673248291,
                17.025388717651367,
                24.53400993347168,
                19.59078025817871
              ],
              "autoUv":false,
              "rotation":270
            },
            "down":{
              "texture":"#material",
              "uv":[
                19.942081451416016,
                19.59078025817871,
                17.902938842773438,
                17.025388717651367
              ],
              "autoUv":false,
              "rotation":270
            }
          },
          "children":[]
        },
        {
          "name":"fine_string_metalhead 22",
          "from":[
            1.2667375355958939,
            -0.48600465059280396,
            -0.5629915669560432
          ],
          "to":[
            1.5724567621946335,
            0.7964527010917664,
            0.29197996109724045
          ],
          "rotationOrigin":[
            1.4195971488952637,
            0.1552240252494812,
            -0.1355058029294014
          ],
          "rotationY":10.863801780593386,
          "group":"fine_string_metalhead",
          "faces":{
            "north":{
              "texture":"#material",
              "uv":[
                20.496904373168945,
                21.40650749206543,
                15.503097534179688,
                27.718875885009766
              ],
              "autoUv":false,
              "rotation":270
            },
            "east":{
              "texture":"#material",
              "uv":[
                27.0,
                7.0,
                25.0,
                10.0
              ],
              "autoUv":false
            },
            "south":{
              "texture":"#material",
              "uv":[
                20.496902465820312,
                12.281126022338867,
                15.503095626831055,
                18.59349250793457
              ],
              "autoUv":false,
              "rotation":270
            },
            "west":{
              "texture":"#material",
              "uv":[
                25.0,
                8.0,
                22.0,
                10.0
              ],
              "autoUv":false,
              "rotation":270
            },
            "up":{
              "texture":"#material",
              "uv":[
                24.0,
                8.0,
                23.0,
                10.000001907348633
              ],
              "autoUv":false
            },
            "down":{
              "texture":"#material",
              "uv":[
                24.0,
                10.000001907348633,
                25.0,
                8.0
              ],
              "autoUv":false
            }
          },
          "children":[]
        },
        {
          "name":"fine_string_metalhead 23",
          "from":[
            1.1660257130861282,
            -0.27226173877716064,
            -0.7671575173735619
          ],
          "to":[
            1.4717449396848679,
            0.582709789276123,
            -0.5534146353602409
          ],
          "rotationOrigin":[
            1.318885326385498,
            0.1552240252494812,
            -0.6602860763669014
          ],
          "rotationY":10.863801780593386,
          "group":"fine_string_metalhead",
          "faces":{
            "north":{
              "texture":"#material",
              "uv":[
                27.0,
                8.0,
                26.0,
                10.000001907348633
              ],
              "autoUv":false
            },
            "east":{
              "texture":"#material",
              "uv":[
                17.0,
                8.0,
                14.0,
                9.0
              ],
              "autoUv":false,
              "rotation":270
            },
            "south":{
              "texture":"#material",
              "uv":[
                22.560550689697266,
                13.602106094360352,
                19.94605255126953,
                16.906930923461914
              ],
              "autoUv":false,
              "rotation":270
            },
            "west":{
              "texture":"#material",
              "uv":[
                19.0,
                6.0,
                18.0,
                9.0
              ],
              "autoUv":false
            },
            "up":{
              "texture":"#material",
              "uv":[
                19.946054458618164,
                13.602106094360352,
                17.33155632019043,
                16.906930923461914
              ],
              "autoUv":false,
              "rotation":270
            },
            "down":{
              "texture":"#material",
              "uv":[
                22.560550689697266,
                16.906930923461914,
                25.175048828125,
                13.602106094360352
              ],
              "autoUv":false,
              "rotation":270
            }
          },
          "children":[]
        },
        {
          "name":"fine_string_metalhead 24",
          "from":[
            1.367453172802925,
            -0.27226173877716064,
            0.28240159898996353
          ],
          "to":[
            1.6731723994016647,
            0.582709789276123,
            0.49614448100328445
          ],
          "rotationOrigin":[
            1.520312786102295,
            0.1552240252494812,
            0.389273039996624
          ],
          "rotationY":10.863801780593386,
          "group":"fine_string_metalhead",
          "faces":{
            "north":{
              "texture":"#material",
              "uv":[
                16.129085540771484,
                21.18915557861328,
                12.050106048583984,
                26.345142364501953
              ],
              "autoUv":false,
              "rotation":270
            },
            "east":{
              "texture":"#material",
              "uv":[
                27.0,
                3.0,
                26.0,
                6.0
              ],
              "autoUv":false
            },
            "south":{
              "texture":"#material",
              "uv":[
                22.0,
                8.0,
                21.0,
                10.000001907348633
              ],
              "autoUv":false
            },
            "west":{
              "texture":"#material",
              "uv":[
                26.0,
                3.0,
                25.0,
                6.0
              ],
              "autoUv":false
            },
            "up":{
              "texture":"#material",
              "uv":[
                11.848196029663086,
                16.81692886352539,
                9.808704376220703,
                19.394920349121094
              ],
              "autoUv":false,
              "rotation":270
            },
            "down":{
              "texture":"#material",
              "uv":[
                16.330997467041016,
                19.394920349121094,
                18.370487213134766,
                16.81692886352539
              ],
              "autoUv":false,
              "rotation":270
            }
          },
          "children":[]
        },
        {
          "name":"fine_string_metalhead 25",
          "from":[
            1.1802263408899307,
            -0.4548838436603546,
            -0.693241536617279
          ],
          "to":[
            1.4845027774572372,
            -0.1513691246509552,
            -0.4794986993074417
          ],
          "rotationOrigin":[
            1.332364559173584,
            -0.3031264841556549,
            -0.5863701179623604
          ],
          "rotationX":-45.518074515879135,
          "rotationY":7.658703069166346,
          "rotationZ":7.728061932640532,
          "group":"fine_string_metalhead",
          "faces":{
            "north":{
              "texture":"#material",
              "uv":[
                25.0,
                6.004627227783203,
                24.0,
                7.0
              ],
              "autoUv":false,
              "rotation":270
            },
            "east":{
              "texture":"#material",
              "uv":[
                16.0,
                9.0,
                15.0,
                10.0
              ],
              "autoUv":false,
              "rotation":270
            },
            "south":{
              "texture":"#material",
              "uv":[
                24.31222152709961,
                14.245357513427734,
                22.150522232055664,
                16.964933395385742
              ],
              "autoUv":false,
              "rotation":270
            },
            "west":{
              "texture":"#material",
              "uv":[
                17.0,
                9.0,
                16.0,
                10.0
              ],
              "autoUv":false
            },
            "up":{
              "texture":"#material",
              "uv":[
                22.150522232055664,
                14.245357513427734,
                19.98882293701172,
                16.964933395385742
              ],
              "autoUv":false,
              "rotation":270
            },
            "down":{
              "texture":"#material",
              "uv":[
                24.31222152709961,
                16.964933395385742,
                26.473918914794922,
                14.245357513427734
              ],
              "autoUv":false,
              "rotation":270
            }
          },
          "children":[]
        },
        {
          "name":"fine_string_metalhead 26",
          "from":[
            1.1803922802209854,
            0.4626915454864502,
            -0.6923827528953552
          ],
          "to":[
            1.484668716788292,
            0.7662062644958496,
            -0.4786399155855179
          ],
          "rotationOrigin":[
            1.3325304985046387,
            0.6144489049911499,
            -0.5855113342404366
          ],
          "rotationX":45.518074515879135,
          "rotationY":7.658703069166346,
          "rotationZ":-7.728061932640532,
          "group":"fine_string_metalhead",
          "faces":{
            "north":{
              "texture":"#material",
              "uv":[
                23.0,
                6.004627227783203,
                22.0,
                7.0
              ],
              "autoUv":false,
              "rotation":270
            },
            "east":{
              "texture":"#material",
              "uv":[
                10.0,
                10.0,
                9.0,
                11.0
              ],
              "autoUv":false,
              "rotation":270
            },
            "south":{
              "texture":"#material",
              "uv":[
                23.597171783447266,
                13.172782897949219,
                21.435470581054688,
                15.892358779907227
              ],
              "autoUv":false,
              "rotation":270
            },
            "west":{
              "texture":"#material",
              "uv":[
                11.0,
                10.0,
                10.0,
                11.0
              ],
              "autoUv":false
            },
            "up":{
              "texture":"#material",
              "uv":[
                21.435470581054688,
                13.172782897949219,
                19.273773193359375,
                15.892358779907227
              ],
              "autoUv":false,
              "rotation":270
            },
            "down":{
              "texture":"#material",
              "uv":[
                23.597169876098633,
                15.892358779907227,
                25.758869171142578,
                13.172782897949219
              ],
              "autoUv":false,
              "rotation":270
            }
          },
          "children":[]
        },
        {
          "name":"fine_string_metalhead 27",
          "from":[
            1.353167548775673,
            0.4626915454864502,
            0.207891047000885
          ],
          "to":[
            1.6574439853429794,
            0.7662062644958496,
            0.42163388431072235
          ],
          "rotationOrigin":[
            1.5053057670593262,
            0.6144489049911499,
            0.3147624656558037
          ],
          "rotationX":-45.518074515879135,
          "rotationY":7.658703069166346,
          "rotationZ":7.728061932640532,
          "group":"fine_string_metalhead",
          "faces":{
            "north":{
              "texture":"#material",
              "uv":[
                13.996484756469727,
                20.778076171875,
                11.566566467285156,
                23.835092544555664
              ],
              "autoUv":false,
              "rotation":270
            },
            "east":{
              "texture":"#material",
              "uv":[
                8.0,
                10.0,
                7.0,
                11.0
              ],
              "autoUv":false,
              "rotation":270
            },
            "south":{
              "texture":"#material",
              "uv":[
                22.0,
                6.004627227783203,
                21.0,
                7.0
              ],
              "autoUv":false,
              "rotation":90
            },
            "west":{
              "texture":"#material",
              "uv":[
                9.0,
                10.0,
                8.0,
                11.0
              ],
              "autoUv":false
            },
            "up":{
              "texture":"#material",
              "uv":[
                11.505132675170898,
                17.025388717651367,
                9.46599006652832,
                19.59078025817871
              ],
              "autoUv":false,
              "rotation":270
            },
            "down":{
              "texture":"#material",
              "uv":[
                14.057918548583984,
                19.59078025817871,
                16.097061157226562,
                17.025388717651367
              ],
              "autoUv":false,
              "rotation":270
            }
          },
          "children":[]
        },
        {
          "name":"fine_string_metalhead 28",
          "from":[
            1.3533315807580948,
            -0.4548838436603546,
            0.20874744653701782
          ],
          "to":[
            1.6576080173254013,
            -0.1513691246509552,
            0.42249028384685516
          ],
          "rotationOrigin":[
            1.505469799041748,
            -0.3031264841556549,
            0.3156188651919365
          ],
          "rotationX":45.518074515879135,
          "rotationY":7.658703069166346,
          "rotationZ":-7.728061932640532,
          "group":"fine_string_metalhead",
          "faces":{
            "north":{
              "texture":"#material",
              "uv":[
                13.996484756469727,
                20.778076171875,
                11.566566467285156,
                23.835092544555664
              ],
              "autoUv":false,
              "rotation":270
            },
            "east":{
              "texture":"#material",
              "uv":[
                19.0,
                10.0,
                18.0,
                11.0
              ],
              "autoUv":false,
              "rotation":270
            },
            "south":{
              "texture":"#material",
              "uv":[
                21.0,
                6.005950927734375,
                20.0,
                6.998674392700195
              ],
              "autoUv":false,
              "rotation":90
            },
            "west":{
              "texture":"#material",
              "uv":[
                19.0,
                9.0,
                18.0,
                10.0
              ],
              "autoUv":false
            },
            "up":{
              "texture":"#material",
              "uv":[
                11.505132675170898,
                17.025388717651367,
                9.46599006652832,
                19.59078025817871
              ],
              "autoUv":false,
              "rotation":270
            },
            "down":{
              "texture":"#material",
              "uv":[
                14.057918548583984,
                19.59078025817871,
                16.097061157226562,
                17.025388717651367
              ],
              "autoUv":false,
              "rotation":270
            }
          },
          "children":[]
        },
        {
          "name":"fine_string_metalhead 29",
          "from":[
            1.5670768469572067,
            -0.4015329033136368,
            0.011639676988124847
          ],
          "to":[
            1.7987707257270813,
            -0.18701089173555374,
            0.6829868778586388
          ],
          "rotationOrigin":[
            1.6829237937927246,
            -0.29427188634872437,
            0.3473132774233818
          ],
          "rotationX":60.10071963915312,
          "rotationY":-4.054076284220817,
          "rotationZ":-85.91169032392949,
          "group":"fine_string_metalhead",
          "faces":{
            "north":{
              "texture":"#material",
              "uv":[
                12.0,
                1.9999980926513672,
                13.0,
                3.0
              ],
              "autoUv":false
            },
            "east":{
              "texture":"#material",
              "uv":[
                2.0,
                2.0,
                4.0,
                3.0
              ],
              "autoUv":false,
              "rotation":180
            },
            "south":{
              "texture":"#material",
              "uv":[
                19.0,
                2.0,
                19.999998092651367,
                3.0
              ],
              "autoUv":false,
              "rotation":180
            },
            "west":{
              "texture":"#material",
              "uv":[
                6.0,
                2.000001907348633,
                7.999999523162842,
                3.0
              ],
              "autoUv":false
            },
            "up":{
              "texture":"#material",
              "uv":[
                1.0,
                0.9999980926513672,
                2.000000476837158,
                3.0
              ],
              "autoUv":false
            },
            "down":{
              "texture":"#material",
              "uv":[
                6.999999523162842,
                11.000001907348633,
                6.0,
                8.999998092651367
              ],
              "autoUv":false,
              "rotation":180
            }
          },
          "children":[]
        }
      ]
    }
  ],
  "groups":[]
}