[
    // Collider
    {
      "file": "game:itemtypes/combatoverhaul/sword.json",
      "op": "replace",
      "path": "/attributes/OneHandedStanceByType/*-falx-*/Attack/DamageTypes/0/Collider",
      "dependsOn": [{"modid": "combatoverhaul"}],

      "value": [0, 0.06, 0.5, 1.2, 0.06, 0]
    },

    // Ready
    {
        "file": "combatoverhaul:config/animations/melee/falx.json",
        "op": "replace",
        "path": "/sword-falx-ready",
        "dependsOn": [{"modid": "combatoverhaul"}],

        "value": {
            "Hold": true,
            "PlayerKeyFrames": [
              {
                "EasingTime": 300.0,
                "EasingFunction": "Sin",
                "DetachedAnchor": false,
                "SwitchArms": false,
                "PitchFollow": false,
                "PitchDontFollow": false,
                "FOVMultiplier": 1.0,
                "BobbingAmplitude": 1.0,
                "Elements": {
                  "ItemAnchor": [
                    0.0,
                    0.0,
                    0.0,
                    0.0,
                    0.0,
                    24.0
                  ],
                  "LowerArmR": [
                    0.0,
                    0.0,
                    0.0,
                    0.0,
                    11.0,
                    -63.0
                  ],
                  "UpperArmR": [
                    0.0,
                    0.0,
                    0.0,
                    5.0,
                    -16.0,
                    -32.0
                  ]
                }
              }
            ],
            "ItemKeyFrames": [],
            "SoundFrames": [],
            "ParticlesFrames": [],
            "CallbackFrames": [],
            "ItemAnimationStart": 0,
            "ItemAnimationEnd": 0
        }
    },

    // Slash (Right)
    {
        "file": "combatoverhaul:config/animations/melee/falx.json",
        "op": "replace",
        "path": "/sword-falx-slash-1",
        "dependsOn": [{"modid": "combatoverhaul"}],

        "value": {
            "Hold": false,
            "PlayerKeyFrames": [
              {
                "EasingTime": 100.0,
                "EasingFunction": "Sin",
                "DetachedAnchor": false,
                "SwitchArms": false,
                "PitchFollow": true,
                "PitchDontFollow": false,
                "FOVMultiplier": 1.0,
                "BobbingAmplitude": 0.6,
                "Elements": {
                  "ItemAnchor": [
                    0.0,
                    0.0,
                    0.0,
                    0.0,
                    -6.0,
                    -30.0
                  ],
                  "LowerArmR": [
                    0.0,
                    0.0,
                    0.0,
                    -17.0,
                    12.0,
                    -63.0
                  ],
                  "UpperArmR": [
                    1.6,
                    0.0,
                    0.0,
                    -12.0,
                    -58.0,
                    -54.2
                  ]
                }
              },
              {
                "EasingTime": 300.0,
                "EasingFunction": "Quintic",
                "DetachedAnchor": false,
                "SwitchArms": false,
                "PitchFollow": true,
                "PitchDontFollow": false,
                "FOVMultiplier": 1.0,
                "BobbingAmplitude": 0.6,
                "Elements": {
                  "ItemAnchor": [
                    0.0,
                    0.0,
                    0.0,
                    0.0,
                    0.0,
                    67.0
                  ],
                  "LowerArmR": [
                    0.0,
                    0.0,
                    0.0,
                    0.0,
                    0.0,
                    -3.0
                  ],
                  "UpperArmR": [
                    0.0,
                    -1.6,
                    0.0,
                    -38.4,
                    0.9,
                    -91.1
                  ]
                }
              },
              {
                "EasingTime": 350.0,
                "EasingFunction": "Linear",
                "DetachedAnchor": false,
                "SwitchArms": false,
                "PitchFollow": true,
                "PitchDontFollow": false,
                "FOVMultiplier": 1.0,
                "BobbingAmplitude": 0.6,
                "Elements": {
                  "ItemAnchor": [
                    0.0,
                    0.0,
                    0.0,
                    0.0,
                    0.0,
                    82.0
                  ],
                  "LowerArmR": [
                    0.0,
                    0.0,
                    0.0,
                    0.0,
                    0.0,
                    -2.0
                  ],
                  "UpperArmR": [
                    0.0,
                    -1.6,
                    0.0,
                    -37.4,
                    -0.1,
                    -97.1
                  ]
                }
              },
              {
                "EasingTime": 600.0,
                "EasingFunction": "Quadratic",
                "DetachedAnchor": false,
                "SwitchArms": false,
                "PitchFollow": true,
                "PitchDontFollow": false,
                "FOVMultiplier": 1.0,
                "BobbingAmplitude": 0.6,
                "Elements": {
                  "ItemAnchor": [
                    0.0,
                    0.0,
                    0.0,
                    0.0,
                    0.0,
                    29.0
                  ],
                  "LowerArmR": [
                    0.0,
                    0.0,
                    0.0,
                    0.0,
                    0.0,
                    -1.0
                  ],
                  "UpperArmR": [
                    0.0,
                    0.0,
                    0.0,
                    -29.0,
                    8.2,
                    -50.2
                  ]
                }
              },
              {
                "EasingTime": 750.0,
                "EasingFunction": "Sin",
                "DetachedAnchor": false,
                "SwitchArms": false,
                "PitchFollow": true,
                "PitchDontFollow": false,
                "FOVMultiplier": 1.0,
                "BobbingAmplitude": 0.6,
                "Elements": {
                  "ItemAnchor": [
                    0.0,
                    0.0,
                    0.0,
                    0.0,
                    -6.0,
                    20.0
                  ],
                  "LowerArmR": [
                    0.0,
                    0.0,
                    0.0,
                    0.0,
                    41.0,
                    -5.0
                  ],
                  "UpperArmR": [
                    1.6,
                    0.0,
                    0.0,
                    1.0,
                    15.0,
                    -61.2
                  ]
                }
              },
              {
                "EasingTime": 1050.0,
                "EasingFunction": "CosShifted",
                "DetachedAnchor": false,
                "SwitchArms": false,
                "PitchFollow": false,
                "PitchDontFollow": false,
                "FOVMultiplier": 1.0,
                "BobbingAmplitude": 0.6,
                "Elements": {
                  "ItemAnchor": [
                    0.0,
                    0.0,
                    0.0,
                    0.0,
                    0.0,
                    24.0
                  ],
                  "LowerArmR": [
                    0.0,
                    0.0,
                    0.0,
                    0.0,
                    11.0,
                    -63.0
                  ],
                  "UpperArmR": [
                    0.0,
                    0.0,
                    0.0,
                    5.0,
                    -16.0,
                    -32.0
                  ]
                }
              }
            ],
            "ItemKeyFrames": [],
            "SoundFrames": [
              {
                "Code": [
                  "game:sounds/player/strike1",
                  "game:sounds/player/strike2"
                ],
                "DurationFraction": 0.20952381,
                "RandomizePitch": true,
                "Range": 16.0,
                "Volume": 0.5,
                "Synchronize": true
              }
            ],
            "ParticlesFrames": [],
            "CallbackFrames": [
              {
                "Code": "start",
                "DurationFraction": 0.0952381
              },
              {
                "Code": "stop",
                "DurationFraction": 0.5714286
              },
              {
                "Code": "ready",
                "DurationFraction": 0.71428573
              }
            ],
            "ItemAnimationStart": 0,
            "ItemAnimationEnd": 0
        }
    },

    // Slash (Left)
    {
        "file": "combatoverhaul:config/animations/melee/falx.json",
        "op": "replace",
        "path": "/sword-falx-slash-2",
        "dependsOn": [{"modid": "combatoverhaul"}],

        "value": {
            "Hold": false,
            "PlayerKeyFrames": [
              {
                "EasingTime": 100.0,
                "EasingFunction": "Sin",
                "DetachedAnchor": false,
                "SwitchArms": false,
                "PitchFollow": true,
                "PitchDontFollow": false,
                "FOVMultiplier": 1.0,
                "BobbingAmplitude": 0.6,
                "Elements": {
                  "ItemAnchor": [
                    0.0,
                    0.0,
                    0.0,
                    0.0,
                    -6.0,
                    5.0
                  ],
                  "LowerArmR": [
                    0.0,
                    0.0,
                    0.0,
                    29.0,
                    41.0,
                    -81.0
                  ],
                  "UpperArmR": [
                    1.6,
                    0.0,
                    0.0,
                    19.0,
                    0.0,
                    -91.2
                  ]
                }
              },
              {
                "EasingTime": 300.0,
                "EasingFunction": "Quintic",
                "DetachedAnchor": false,
                "SwitchArms": false,
                "PitchFollow": true,
                "PitchDontFollow": false,
                "FOVMultiplier": 1.0,
                "BobbingAmplitude": 0.6,
                "Elements": {
                  "ItemAnchor": [
                    0.0,
                    0.0,
                    0.0,
                    0.0,
                    0.0,
                    70.0
                  ],
                  "LowerArmR": [
                    0.0,
                    0.0,
                    0.0,
                    0.0,
                    92.0,
                    -3.0
                  ],
                  "UpperArmR": [
                    0.0,
                    -1.6,
                    0.0,
                    -50.4,
                    -8.1,
                    -100.1
                  ]
                }
              },
              {
                "EasingTime": 350.0,
                "EasingFunction": "Quadratic",
                "DetachedAnchor": false,
                "SwitchArms": false,
                "PitchFollow": true,
                "PitchDontFollow": false,
                "FOVMultiplier": 1.0,
                "BobbingAmplitude": 0.6,
                "Elements": {
                  "ItemAnchor": [
                    0.0,
                    0.0,
                    0.0,
                    0.0,
                    0.0,
                    82.0
                  ],
                  "LowerArmR": [
                    0.0,
                    0.0,
                    0.0,
                    0.0,
                    92.0,
                    -1.0
                  ],
                  "UpperArmR": [
                    0.0,
                    -1.6,
                    0.0,
                    -50.4,
                    -2.1,
                    -99.1
                  ]
                }
              },
              {
                "EasingTime": 600.0,
                "EasingFunction": "Cubic",
                "DetachedAnchor": false,
                "SwitchArms": false,
                "PitchFollow": true,
                "PitchDontFollow": false,
                "FOVMultiplier": 1.0,
                "BobbingAmplitude": 0.6,
                "Elements": {
                  "ItemAnchor": [
                    0.0,
                    0.0,
                    0.0,
                    0.0,
                    0.0,
                    14.0
                  ],
                  "LowerArmR": [
                    0.0,
                    0.0,
                    0.0,
                    0.0,
                    86.0,
                    -2.0
                  ],
                  "UpperArmR": [
                    0.0,
                    0.0,
                    0.0,
                    -71.0,
                    -60.8,
                    -99.2
                  ]
                }
              },
              {
                "EasingTime": 750.0,
                "EasingFunction": "Sin",
                "DetachedAnchor": false,
                "SwitchArms": false,
                "PitchFollow": true,
                "PitchDontFollow": false,
                "FOVMultiplier": 1.0,
                "BobbingAmplitude": 0.6,
                "Elements": {
                  "ItemAnchor": [
                    0.0,
                    0.0,
                    0.0,
                    0.0,
                    0.0,
                    -14.0
                  ],
                  "LowerArmR": [
                    0.0,
                    0.0,
                    0.0,
                    -17.0,
                    12.0,
                    -1.0
                  ],
                  "UpperArmR": [
                    1.6,
                    0.0,
                    0.0,
                    -11.0,
                    -45.0,
                    -52.2
                  ]
                }
              },
              {
                "EasingTime": 1050.0,
                "EasingFunction": "CosShifted",
                "DetachedAnchor": false,
                "SwitchArms": false,
                "PitchFollow": false,
                "PitchDontFollow": false,
                "FOVMultiplier": 1.0,
                "BobbingAmplitude": 0.6,
                "Elements": {
                  "ItemAnchor": [
                    0.0,
                    0.0,
                    0.0,
                    0.0,
                    0.0,
                    24.0
                  ],
                  "LowerArmR": [
                    0.0,
                    0.0,
                    0.0,
                    0.0,
                    11.0,
                    -63.0
                  ],
                  "UpperArmR": [
                    0.0,
                    0.0,
                    0.0,
                    5.0,
                    -16.0,
                    -32.0
                  ]
                }
              }
            ],
            "ItemKeyFrames": [],
            "SoundFrames": [
              {
                "Code": [
                  "game:sounds/player/strike1",
                  "game:sounds/player/strike2"
                ],
                "DurationFraction": 0.20952381,
                "RandomizePitch": true,
                "Range": 16.0,
                "Volume": 0.5,
                "Synchronize": true
              }
            ],
            "ParticlesFrames": [],
            "CallbackFrames": [
              {
                "Code": "start",
                "DurationFraction": 0.0952381
              },
              {
                "Code": "stop",
                "DurationFraction": 0.5714286
              },
              {
                "Code": "ready",
                "DurationFraction": 0.71428573
              }
            ],
            "ItemAnimationStart": 0,
            "ItemAnimationEnd": 0
        }
    },

    // Remove Third Person Animations
    {
        "file": "combatoverhaul:config/animations/melee/falx.json",
        "op": "remove",
        "path": "/sword-falx-ready-tp",
        "dependsOn": [{"modid": "combatoverhaul"}]
    },
    {
        "file": "combatoverhaul:config/animations/melee/falx.json",
        "op": "remove",
        "path": "/sword-falx-slash-1-tp",
        "dependsOn": [{"modid": "combatoverhaul"}]
    },
    {
        "file": "combatoverhaul:config/animations/melee/falx.json",
        "op": "remove",
        "path": "/sword-falx-slash-2-tp",
        "dependsOn": [{"modid": "combatoverhaul"}]
    },
]