[
    // Ready
    {
        "file": "combatoverhaul:config/animations/melee/spear.json",
        "op": "replace",
        "path": "/spear-ready-2h",
        "dependsOn": [{"modid": "combatoverhaul"}],

        "value": {
          "Hold": true,
          "PlayerKeyFrames": [
            {
              "EasingTime": 300.0,
              "EasingFunction": "Sin",
              "DetachedAnchor": false,
              "SwitchArms": false,
              "PitchFollow": true,
              "PitchDontFollow": false,
              "FOVMultiplier": 1.0,
              "BobbingAmplitude": 1.0,
              "Elements": {
                "ItemAnchor": [
                  0.0,
                  0.0,
                  0.0,
                  0.0,
                  11.0,
                  8.0
                ],
                "LowerArmR": [
                  0.0,
                  0.0,
                  0.0,
                  0.0,
                  0.0,
                  -86.0
                ],
                "UpperArmR": [
                  0.0,
                  -2.0,
                  0.0,
                  8.0,
                  0.0,
                  67.0
                ],
                "ItemAnchorL": [
                  0.0,
                  0.0,
                  0.0,
                  0.0,
                  0.0,
                  0.0
                ],
                "LowerArmL": [
                  0.0,
                  0.0,
                  0.0,
                  0.0,
                  0.0,
                  -64.0
                ],
                "UpperArmL": [
                  0.6,
                  -0.1,
                  0.0,
                  -35.0,
                  -66.0,
                  -68.0
                ]
              }
            }
          ],
          "ItemKeyFrames": [],
          "SoundFrames": [],
          "ParticlesFrames": [],
          "CallbackFrames": [],
          "ItemAnimationStart": 0,
          "ItemAnimationEnd": 0
        }
    },

    // 2-Handed Thrust Below
    {
        "file": "combatoverhaul:config/animations/melee/spear.json",
        "op": "replace",
        "path": "/spear-thrust-2h-bottom",
        "dependsOn": [{"modid": "combatoverhaul"}],

        "value": {
          "Hold": false,
          "PlayerKeyFrames": [
            {
              "EasingTime": 75.0,
              "EasingFunction": "Sin",
              "DetachedAnchor": false,
              "SwitchArms": false,
              "PitchFollow": true,
              "PitchDontFollow": false,
              "FOVMultiplier": 1.0,
              "BobbingAmplitude": 1.0,
              "Elements": {
                "ItemAnchor": [
                  0.0,
                  0.0,
                  0.0,
                  -4.0,
                  11.0,
                  -5.0
                ],
                "LowerArmR": [
                  0.0,
                  0.0,
                  0.0,
                  0.0,
                  0.0,
                  -73.0
                ],
                "UpperArmR": [
                  0.0,
                  -2.0,
                  0.0,
                  6.0,
                  0.0,
                  70.0
                ],
                "ItemAnchorL": [
                  0.0,
                  0.0,
                  0.0,
                  0.0,
                  0.0,
                  0.0
                ],
                "LowerArmL": [
                  0.0,
                  0.0,
                  0.0,
                  0.0,
                  -19.0,
                  -65.0
                ],
                "UpperArmL": [
                  0.6,
                  -0.1,
                  0.0,
                  -35.0,
                  -60.0,
                  -65.0
                ]
              }
            },
            {
              "EasingTime": 300.0,
              "EasingFunction": "Quintic",
              "DetachedAnchor": false,
              "SwitchArms": false,
              "PitchFollow": true,
              "PitchDontFollow": false,
              "FOVMultiplier": 1.0,
              "BobbingAmplitude": 0.8,
              "Elements": {
                "ItemAnchor": [
                  0.0,
                  0.0,
                  0.0,
                  0.0,
                  0.0,
                  94.6
                ],
                "LowerArmR": [
                  0.0,
                  0.0,
                  0.0,
                  0.0,
                  0.0,
                  -72.0
                ],
                "UpperArmR": [
                  0.0,
                  -1.0,
                  0.0,
                  7.0,
                  1.0,
                  -31.0
                ],
                "ItemAnchorL": [
                  0.0,
                  0.0,
                  0.0,
                  0.0,
                  0.0,
                  0.0
                ],
                "LowerArmL": [
                  0.0,
                  0.0,
                  0.0,
                  0.0,
                  -1.0,
                  0.0
                ],
                "UpperArmL": [
                  0.7,
                  -1.4,
                  -0.5,
                  -25.0,
                  -29.0,
                  -98.0
                ]
              }
            },
            {
              "EasingTime": 500.0,
              "EasingFunction": "Linear",
              "DetachedAnchor": false,
              "SwitchArms": false,
              "PitchFollow": true,
              "PitchDontFollow": false,
              "FOVMultiplier": 1.0,
              "BobbingAmplitude": 0.8,
              "Elements": {
                "ItemAnchor": [
                  0.0,
                  0.0,
                  0.0,
                  0.0,
                  0.0,
                  78.3
                ],
                "LowerArmR": [
                  0.0,
                  0.0,
                  0.0,
                  0.0,
                  0.0,
                  -52.0
                ],
                "UpperArmR": [
                  0.0,
                  0.0,
                  0.0,
                  5.6,
                  0.6,
                  -36.0
                ],
                "ItemAnchorL": [
                  0.0,
                  0.0,
                  0.0,
                  0.0,
                  0.0,
                  0.0
                ],
                "LowerArmL": [
                  0.0,
                  0.0,
                  0.0,
                  0.0,
                  -8.0,
                  -4.0
                ],
                "UpperArmL": [
                  0.8,
                  -2.0,
                  0.0,
                  0.0,
                  -28.0,
                  -83.0
                ]
              }
            },
            {
              "EasingTime": 750.0,
              "EasingFunction": "CosShifted",
              "DetachedAnchor": false,
              "SwitchArms": false,
              "PitchFollow": true,
              "PitchDontFollow": false,
              "FOVMultiplier": 1.0,
              "BobbingAmplitude": 1.0,
              "Elements": {
                "ItemAnchor": [
                  0.0,
                  0.0,
                  0.0,
                  0.0,
                  11.0,
                  8.0
                ],
                "LowerArmR": [
                  0.0,
                  0.0,
                  0.0,
                  0.0,
                  0.0,
                  -86.0
                ],
                "UpperArmR": [
                  0.0,
                  -2.0,
                  0.0,
                  8.0,
                  0.0,
                  67.0
                ],
                "ItemAnchorL": [
                  0.0,
                  0.0,
                  0.0,
                  0.0,
                  0.0,
                  0.0
                ],
                "LowerArmL": [
                  0.0,
                  0.0,
                  0.0,
                  0.0,
                  0.0,
                  -64.0
                ],
                "UpperArmL": [
                  0.6,
                  -0.1,
                  0.0,
                  -35.0,
                  -66.0,
                  -68.0
                ]
              }
            }
          ],
          "ItemKeyFrames": [],
          "SoundFrames": [
            {
              "Code": [
                "game:sounds/player/strike1",
                "game:sounds/player/strike2"
              ],
              "DurationFraction": 0.256,
              "RandomizePitch": true,
              "Range": 16.0,
              "Volume": 0.5,
              "Synchronize": true
            }
          ],
          "ParticlesFrames": [],
          "CallbackFrames": [
            {
              "Code": "start",
              "DurationFraction": 0.1
            },
            {
              "Code": "stop",
              "DurationFraction": 0.6666667
            },
            {
              "Code": "ready",
              "DurationFraction": 1.0
            }
          ],
          "ItemAnimationStart": 0,
          "ItemAnimationEnd": 0
        }
    },

    // 2-Handed Thrust Above
    {
        "file": "combatoverhaul:config/animations/melee/spear.json",
        "op": "replace",
        "path": "/spear-thrust-2h-top",
        "dependsOn": [{"modid": "combatoverhaul"}],

        "value": {
          "Hold": false,
          "PlayerKeyFrames": [
            {
              "EasingTime": 75.0,
              "EasingFunction": "Sin",
              "DetachedAnchor": false,
              "SwitchArms": false,
              "PitchFollow": true,
              "PitchDontFollow": false,
              "FOVMultiplier": 1.0,
              "BobbingAmplitude": 1.0,
              "Elements": {
                "ItemAnchor": [
                  0.0,
                  0.0,
                  0.0,
                  0.0,
                  -9.0,
                  167.0
                ],
                "LowerArmR": [
                  0.0,
                  0.0,
                  0.0,
                  -11.0,
                  0.0,
                  -173.0
                ],
                "UpperArmR": [
                  2.6,
                  -1.6,
                  0.0,
                  34.0,
                  0.0,
                  4.0
                ],
                "ItemAnchorL": [
                  0.0,
                  0.0,
                  0.0,
                  0.0,
                  0.0,
                  0.0
                ],
                "LowerArmL": [
                  0.0,
                  0.0,
                  0.0,
                  -77.0,
                  7.0,
                  -93.0
                ],
                "UpperArmL": [
                  0.0,
                  -0.1,
                  0.6,
                  -17.0,
                  -54.0,
                  -83.0
                ]
              }
            },
            {
              "EasingTime": 300.0,
              "EasingFunction": "Quintic",
              "DetachedAnchor": false,
              "SwitchArms": false,
              "PitchFollow": true,
              "PitchDontFollow": false,
              "FOVMultiplier": 1.0,
              "BobbingAmplitude": 1.0,
              "Elements": {
                "ItemAnchor": [
                  0.0,
                  0.0,
                  0.0,
                  2.0,
                  -7.0,
                  174.5
                ],
                "LowerArmR": [
                  0.0,
                  0.0,
                  0.0,
                  0.0,
                  -25.0,
                  -90.0
                ],
                "UpperArmR": [
                  1.5,
                  0.7,
                  0.0,
                  21.0,
                  -1.0,
                  -82.0
                ],
                "ItemAnchorL": [
                  0.0,
                  0.0,
                  0.0,
                  0.0,
                  0.0,
                  0.0
                ],
                "LowerArmL": [
                  0.0,
                  0.0,
                  0.0,
                  -21.0,
                  -9.0,
                  -50.0
                ],
                "UpperArmL": [
                  1.5,
                  -1.2,
                  0.1,
                  -30.0,
                  -18.0,
                  -116.0
                ]
              }
            },
            {
              "EasingTime": 500.0,
              "EasingFunction": "Linear",
              "DetachedAnchor": false,
              "SwitchArms": false,
              "PitchFollow": true,
              "PitchDontFollow": false,
              "FOVMultiplier": 1.0,
              "BobbingAmplitude": 1.0,
              "Elements": {
                "ItemAnchor": [
                  0.0,
                  0.0,
                  0.0,
                  -24.0,
                  -8.0,
                  171.0
                ],
                "LowerArmR": [
                  0.0,
                  0.0,
                  0.0,
                  -6.0,
                  -21.0,
                  -92.0
                ],
                "UpperArmR": [
                  1.3,
                  -1.6,
                  0.0,
                  26.0,
                  -10.0,
                  -78.0
                ],
                "ItemAnchorL": [
                  0.0,
                  0.0,
                  0.0,
                  0.0,
                  0.0,
                  0.0
                ],
                "LowerArmL": [
                  0.0,
                  0.0,
                  0.0,
                  -22.0,
                  -8.0,
                  -24.0
                ],
                "UpperArmL": [
                  1.5,
                  -1.2,
                  0.1,
                  -38.0,
                  -18.0,
                  -126.0
                ]
              }
            },
            {
              "EasingTime": 750.0,
              "EasingFunction": "CosShifted",
              "DetachedAnchor": false,
              "SwitchArms": false,
              "PitchFollow": true,
              "PitchDontFollow": false,
              "FOVMultiplier": 1.0,
              "BobbingAmplitude": 1.0,
              "Elements": {
                "ItemAnchor": [
                  0.0,
                  0.0,
                  0.0,
                  9.0,
                  -6.0,
                  174.0
                ],
                "LowerArmR": [
                  0.0,
                  0.0,
                  0.0,
                  -17.0,
                  0.0,
                  -168.0
                ],
                "UpperArmR": [
                  1.8,
                  -1.6,
                  0.0,
                  60.0,
                  0.0,
                  -9.0
                ],
                "ItemAnchorL": [
                  0.0,
                  0.0,
                  0.0,
                  0.0,
                  0.0,
                  0.0
                ],
                "LowerArmL": [
                  0.0,
                  0.0,
                  0.0,
                  -60.0,
                  -2.0,
                  -86.0
                ],
                "UpperArmL": [
                  0.0,
                  -0.1,
                  0.6,
                  -16.0,
                  -49.0,
                  -89.0
                ]
              }
            },
            {
              "EasingTime": 1500.0,
              "EasingFunction": "Bounce",
              "DetachedAnchor": false,
              "SwitchArms": false,
              "PitchFollow": true,
              "PitchDontFollow": false,
              "FOVMultiplier": 1.0,
              "BobbingAmplitude": 1.0,
              "Elements": {
                "ItemAnchor": [
                  0.0,
                  0.0,
                  0.0,
                  0.0,
                  11.0,
                  8.0
                ],
                "LowerArmR": [
                  0.0,
                  0.0,
                  0.0,
                  0.0,
                  0.0,
                  -86.0
                ],
                "UpperArmR": [
                  0.0,
                  -2.0,
                  0.0,
                  8.0,
                  0.0,
                  67.0
                ],
                "ItemAnchorL": [
                  0.0,
                  0.0,
                  0.0,
                  0.0,
                  0.0,
                  0.0
                ],
                "LowerArmL": [
                  0.0,
                  0.0,
                  0.0,
                  0.0,
                  0.0,
                  -64.0
                ],
                "UpperArmL": [
                  0.6,
                  -0.1,
                  0.0,
                  -35.0,
                  -66.0,
                  -68.0
                ]
              }
            }
          ],
          "ItemKeyFrames": [],
          "SoundFrames": [
            {
              "Code": [
                "game:sounds/player/strike1",
                "game:sounds/player/strike2"
              ],
              "DurationFraction": 0.128,
              "RandomizePitch": true,
              "Range": 16.0,
              "Volume": 0.5,
              "Synchronize": true
            }
          ],
          "ParticlesFrames": [],
          "CallbackFrames": [
            {
              "Code": "start",
              "DurationFraction": 0.05
            },
            {
              "Code": "stop",
              "DurationFraction": 0.33333334
            },
            {
              "Code": "ready",
              "DurationFraction": 0.5
            }
          ],
          "ItemAnimationStart": 0,
          "ItemAnimationEnd": 0
        }
    },

    // Remove Third Person Animations
    {
        "file": "combatoverhaul:config/animations/melee/spear.json",
        "op": "remove",
        "path": "/spear-thrust-2h-top-tp",
        "dependsOn": [{"modid": "combatoverhaul"}]
    },
    {
        "file": "combatoverhaul:config/animations/melee/spear.json",
        "op": "remove",
        "path": "/spear-thrust-2h-bottom-tp",
        "dependsOn": [{"modid": "combatoverhaul"}]
    },
    {
        "file": "combatoverhaul:config/animations/melee/spear.json",
        "op": "remove",
        "path": "/spear-ready-2h-tp",
        "dependsOn": [{"modid": "combatoverhaul"}]
    }
]