{
  "textureWidth":16,
  "textureHeight":16,
  "textures":{
    "material":"game:item/tool/material/string"
  },
  "textureSizes":{
    "material":[
      32,
      32
    ]
  },
  "elements":[
    {
      "name":"origin",
      "from":[
        11.0,
        0.5,
        7.699999988079071
      ],
      "to":[
        11.0,
        0.5,
        7.699999988079071
      ],
      "rotationOrigin":[
        8.0,
        0.0,
        8.0
      ],
      "group":"fine_string_metalhead",
      "faces":{
        "north":{
          "texture":"#0",
          "uv":[
            0,
            0,
            4,
            4
          ],
          "autoUv":false
        },
        "east":{
          "texture":"#0",
          "uv":[
            0,
            0,
            4,
            4
          ],
          "autoUv":false
        },
        "south":{
          "texture":"#0",
          "uv":[
            0,
            0,
            4,
            4
          ],
          "autoUv":false
        },
        "west":{
          "texture":"#0",
          "uv":[
            0,
            0,
            4,
            4
          ],
          "autoUv":false
        },
        "up":{
          "texture":"#material",
          "uv":[
            0.0,
            0.0,
            1.0,
            1.0
          ],
          "autoUv":false,
          "rotation":180
        },
        "down":{
          "texture":"#0",
          "uv":[
            0,
            0,
            4,
            4
          ],
          "autoUv":false
        }
      },
      "children":[
        {
          "name":"fine_string_metalhead 01",
          "from":[
            -3.411254793405533,
            -0.4644240140914917,
            -0.4128510355949402
          ],
          "to":[
            -2.8741208016872406,
            0.9644240140914917,
            1.4686196446418762
          ],
          "rotationOrigin":[
            -3.1426877975463867,
            0.25,
            0.527884304523468
          ],
          "rotationY":12.439925134408128,
          "group":"fine_string_metalhead",
          "faces":{
            "north":{
              "texture":"#material",
              "uv":[
                2.0,
                7.000003814697266,
                5.0,
                8.000003814697266
              ],
              "autoUv":false,
              "rotation":270
            },
            "east":{
              "texture":"#material",
              "uv":[
                16.0,
                6.000003814697266,
                21.0,
                9.0
              ],
              "autoUv":false,
              "rotation":180
            },
            "south":{
              "texture":"#material",
              "uv":[
                17.0,
                7.000003814697266,
                20.0,
                8.000003814697266
              ],
              "autoUv":false,
              "rotation":270
            },
            "west":{
              "texture":"#material",
              "uv":[
                13.0,
                1.0000038146972656,
                18.0,
                4.000003814697266
              ],
              "autoUv":false,
              "rotation":180
            },
            "up":{
              "texture":"#material",
              "uv":[
                20.0,
                5.000003814697266,
                21.0,
                9.0
              ],
              "autoUv":false,
              "rotation":180
            },
            "down":{
              "texture":"#material",
              "uv":[
                21.0,
                9.0,
                20.0,
                5.000003814697266
              ],
              "autoUv":false
            }
          },
          "children":[]
        },
        {
          "name":"fine_string_metalhead 02",
          "from":[
            -2.8383396714925766,
            -0.4954249858856201,
            -0.5373566150665283
          ],
          "to":[
            -2.3383437544107437,
            0.9954249858856201,
            1.4206055402755737
          ],
          "rotationOrigin":[
            -2.58834171295166,
            0.25,
            0.4416244626045227
          ],
          "rotationY":4.431702929278835,
          "group":"fine_string_metalhead",
          "faces":{
            "north":{
              "texture":"#material",
              "uv":[
                5.0,
                2.0,
                2.0,
                3.0
              ],
              "autoUv":false,
              "rotation":90
            },
            "east":{
              "texture":"#material",
              "uv":[
                21.0,
                1.0000038146972656,
                16.0,
                3.999998092651367
              ],
              "autoUv":false
            },
            "south":{
              "texture":"#material",
              "uv":[
                20.0,
                2.0,
                17.0,
                3.0
              ],
              "autoUv":false,
              "rotation":90
            },
            "west":{
              "texture":"#material",
              "uv":[
                18.0,
                5.999998092651367,
                13.0,
                9.0
              ],
              "autoUv":false
            },
            "up":{
              "texture":"#material",
              "uv":[
                20.999998092651367,
                1.0,
                20.0,
                5.0
              ],
              "autoUv":false
            },
            "down":{
              "texture":"#material",
              "uv":[
                20.0,
                5.0,
                20.999998092651367,
                1.0
              ],
              "autoUv":false,
              "rotation":180
            }
          },
          "children":[]
        },
        {
          "name":"fine_string_metalhead 03",
          "from":[
            2.487623691558838,
            0.004220336675643921,
            0.23580199480056763
          ],
          "to":[
            5.251222133636475,
            0.504220262169838,
            2.0001461505889893
          ],
          "rotationOrigin":[
            3.8694229125976562,
            0.25422030687332153,
            1.1179741024971008
          ],
          "rotationX":90.91817800441382,
          "rotationY":0.3534042062597883,
          "rotationZ":-75.7525625751009,
          "group":"fine_string_metalhead",
          "faces":{
            "north":{
              "texture":"#material",
              "uv":[
                7.0,
                5.0,
                12.0,
                6.0
              ],
              "autoUv":false,
              "rotation":180
            },
            "east":{
              "texture":"#material",
              "uv":[
                2.9999923706054688,
                2.0,
                7.0,
                3.0
              ],
              "autoUv":false,
              "rotation":180
            },
            "south":{
              "texture":"#material",
              "uv":[
                7.0,
                5.0,
                12.0,
                6.0
              ],
              "autoUv":false,
              "rotation":180
            },
            "west":{
              "texture":"#material",
              "uv":[
                3.0000076293945312,
                2.0,
                7.0,
                3.0
              ],
              "autoUv":false
            },
            "up":{
              "texture":"#material",
              "uv":[
                1.0,
                5.0,
                6.0,
                8.0
              ],
              "autoUv":false
            },
            "down":{
              "texture":"#material",
              "uv":[
                6.0,
                8.0,
                1.0,
                5.0
              ],
              "autoUv":false,
              "rotation":180
            }
          },
          "children":[]
        },
        {
          "name":"fine_string_metalhead 04",
          "from":[
            3.034456968307495,
            -0.019961073994636536,
            0.1814544134029532
          ],
          "to":[
            5.6290504932403564,
            0.4800349473953247,
            1.95708352996024
          ],
          "rotationOrigin":[
            4.331753730773926,
            0.23003697395324707,
            1.0692690014839172
          ],
          "rotationX":91.99010106256644,
          "rotationY":-0.10930845316660645,
          "rotationZ":-68.56150719047969,
          "group":"fine_string_metalhead",
          "faces":{
            "north":{
              "texture":"#material",
              "uv":[
                5.999921798706055,
                2.0,
                0.9999217987060547,
                3.0
              ],
              "autoUv":false
            },
            "east":{
              "texture":"#material",
              "uv":[
                19.99984359741211,
                2.0,
                15.99984359741211,
                3.0
              ],
              "autoUv":false,
              "rotation":180
            },
            "south":{
              "texture":"#material",
              "uv":[
                5.999921798706055,
                2.0,
                0.9999217987060547,
                3.0
              ],
              "autoUv":false,
              "rotation":180
            },
            "west":{
              "texture":"#material",
              "uv":[
                20.0,
                2.0,
                16.0,
                3.0
              ],
              "autoUv":false
            },
            "up":{
              "texture":"#material",
              "uv":[
                19.999921798706055,
                5.0,
                14.999921798706055,
                8.0
              ],
              "autoUv":false
            },
            "down":{
              "texture":"#material",
              "uv":[
                14.999921798706055,
                8.0,
                19.999921798706055,
                5.0
              ],
              "autoUv":false,
              "rotation":180
            }
          },
          "children":[]
        },
        {
          "name":"fine_string_metalhead 05",
          "from":[
            4.327633023262018,
            -0.5152889490127563,
            -0.1518329232637683
          ],
          "to":[
            4.827632784843451,
            1.0748947858810425,
            2.3491515963976184
          ],
          "rotationOrigin":[
            4.577632904052734,
            0.27980291843414307,
            1.098659336566925
          ],
          "rotationY":9.504394352727626,
          "group":"fine_string_metalhead",
          "faces":{
            "north":{
              "texture":"#material",
              "uv":[
                18.0,
                2.0,
                22.0,
                3.0
              ],
              "autoUv":false,
              "rotation":90
            },
            "east":{
              "texture":"#material",
              "uv":[
                1.0,
                1.0,
                6.0,
                4.0
              ],
              "autoUv":false
            },
            "south":{
              "texture":"#material",
              "uv":[
                18.0,
                2.0,
                22.0,
                3.0
              ],
              "autoUv":false,
              "rotation":90
            },
            "west":{
              "texture":"#material",
              "uv":[
                1.0,
                1.0,
                6.0,
                4.0
              ],
              "autoUv":false
            },
            "up":{
              "texture":"#material",
              "uv":[
                15.0,
                2.0,
                20.0,
                3.0
              ],
              "autoUv":false,
              "rotation":90
            },
            "down":{
              "texture":"#material",
              "uv":[
                20.0,
                3.0,
                15.0,
                2.0
              ],
              "autoUv":false,
              "rotation":270
            }
          },
          "children":[]
        },
        {
          "name":"fine_string_metalhead 06",
          "from":[
            4.56986004114151,
            -0.6580338109525821,
            1.8379045724868774
          ],
          "to":[
            4.893000036478043,
            -0.35884312873156876,
            2.7742223739624023
          ],
          "rotationOrigin":[
            4.7314300537109375,
            -0.5084384549409151,
            2.30606347322464
          ],
          "rotationX":59.326510866543,
          "rotationY":-0.10947645314182627,
          "rotationZ":-68.46356910797088,
          "group":"fine_string_metalhead",
          "faces":{
            "north":{
              "texture":"#material",
              "uv":[
                12.0,
                1.9999980926513672,
                13.0,
                3.0
              ],
              "autoUv":false
            },
            "east":{
              "texture":"#material",
              "uv":[
                2.0,
                2.0,
                4.0,
                3.0
              ],
              "autoUv":false,
              "rotation":180
            },
            "south":{
              "texture":"#material",
              "uv":[
                19.0,
                2.0,
                19.999998092651367,
                3.0
              ],
              "autoUv":false,
              "rotation":180
            },
            "west":{
              "texture":"#material",
              "uv":[
                6.0,
                2.000001907348633,
                7.999999523162842,
                3.0
              ],
              "autoUv":false
            },
            "up":{
              "texture":"#material",
              "uv":[
                1.0,
                0.9999980926513672,
                2.000000476837158,
                3.0
              ],
              "autoUv":false
            },
            "down":{
              "texture":"#material",
              "uv":[
                6.999999523162842,
                11.000001907348633,
                6.0,
                8.999998092651367
              ],
              "autoUv":false,
              "rotation":180
            }
          },
          "children":[]
        }
      ]
    }
  ],
  "groups":[]
}