{
  "textureWidth":16,
  "textureHeight":16,
  "textures":{
    "material":"game:item/tool/material/string"
  },
  "textureSizes":{
    "material":[
      32,
      32
    ]
  },
  "elements":[
    {
      "name":"origin",
      "from":[
        11.0,
        0.5,
        7.699999988079071
      ],
      "to":[
        11.0,
        0.5,
        7.699999988079071
      ],
      "rotationOrigin":[
        8.0,
        0.0,
        8.0
      ],
      "group":"fine_string_stonehead",
      "faces":{
        "north":{
          "texture":"#0",
          "uv":[
            0,
            0,
            4,
            4
          ],
          "autoUv":false
        },
        "east":{
          "texture":"#0",
          "uv":[
            0,
            0,
            4,
            4
          ],
          "autoUv":false
        },
        "south":{
          "texture":"#0",
          "uv":[
            0,
            0,
            4,
            4
          ],
          "autoUv":false
        },
        "west":{
          "texture":"#0",
          "uv":[
            0,
            0,
            4,
            4
          ],
          "autoUv":false
        },
        "up":{
          "texture":"#material",
          "uv":[
            0.0,
            0.0,
            1.0,
            1.0
          ],
          "autoUv":false,
          "rotation":180
        },
        "down":{
          "texture":"#0",
          "uv":[
            0,
            0,
            4,
            4
          ],
          "autoUv":false
        }
      },
      "children":[
        {
          "name":"fine_string_stonehead 01",
          "from":[
            -3.487067610025406,
            -0.4644240140914917,
            -0.4100434184074402
          ],
          "to":[
            -2.9499336183071136,
            0.9644240140914917,
            1.4714272618293762
          ],
          "rotationOrigin":[
            -3.2185006141662598,
            0.25,
            0.530691921710968
          ],
          "rotationY":15.026182240048978,
          "group":"fine_string_stonehead",
          "faces":{
            "north":{
              "texture":"#material",
              "uv":[
                19.0,
                5.0,
                22.0,
                6.0
              ],
              "autoUv":false,
              "rotation":90
            },
            "east":{
              "texture":"#material",
              "uv":[
                1.0,
                3.999998092651367,
                6.0,
                7.0
              ],
              "autoUv":false
            },
            "south":{
              "texture":"#material",
              "uv":[
                19.0,
                5.0,
                22.0,
                6.0
              ],
              "autoUv":false,
              "rotation":90
            },
            "west":{
              "texture":"#material",
              "uv":[
                1.0,
                3.999998092651367,
                6.0,
                7.0
              ],
              "autoUv":false
            },
            "up":{
              "texture":"#material",
              "uv":[
                1.0,
                3.999998092651367,
                2.0,
                8.0
              ],
              "autoUv":false
            },
            "down":{
              "texture":"#material",
              "uv":[
                2.0,
                8.0,
                1.0,
                3.999998092651367
              ],
              "autoUv":false,
              "rotation":180
            }
          },
          "children":[]
        },
        {
          "name":"fine_string_stonehead 02",
          "from":[
            -2.8580044358968735,
            -0.4954249858856201,
            -0.554608166217804
          ],
          "to":[
            -2.3580085188150406,
            0.9954249858856201,
            1.4227661490440369
          ],
          "rotationOrigin":[
            -2.608006477355957,
            0.25,
            0.43407899141311646
          ],
          "rotationY":1.2951783566233703,
          "group":"fine_string_stonehead",
          "faces":{
            "north":{
              "texture":"#material",
              "uv":[
                4.0,
                5.0,
                1.0,
                6.0
              ],
              "autoUv":false,
              "rotation":90
            },
            "east":{
              "texture":"#material",
              "uv":[
                22.000001907348633,
                4.0,
                17.0,
                7.0
              ],
              "autoUv":false
            },
            "south":{
              "texture":"#material",
              "uv":[
                4.0,
                5.0,
                1.0,
                6.0
              ],
              "autoUv":false,
              "rotation":90
            },
            "west":{
              "texture":"#material",
              "uv":[
                22.000001907348633,
                4.0,
                17.0,
                7.0
              ],
              "autoUv":false
            },
            "up":{
              "texture":"#material",
              "uv":[
                22.000001907348633,
                4.0,
                21.0,
                8.0
              ],
              "autoUv":false
            },
            "down":{
              "texture":"#material",
              "uv":[
                21.0,
                8.0,
                22.000001907348633,
                4.0
              ],
              "autoUv":false,
              "rotation":180
            }
          },
          "children":[]
        },
        {
          "name":"fine_string_stonehead 03",
          "from":[
            2.5737587995531257,
            0.015914976596832275,
            0.20284754037857056
          ],
          "to":[
            5.197765629768163,
            0.5159149467945099,
            1.893749713897705
          ],
          "rotationOrigin":[
            3.8857622146606445,
            0.2659149765968323,
            1.0482986569404602
          ],
          "rotationX":90.93702932652305,
          "rotationY":0.3777575125497332,
          "rotationZ":-75.72762555444118,
          "group":"fine_string_stonehead",
          "faces":{
            "north":{
              "texture":"#material",
              "uv":[
                12.999929428100586,
                4.99989128112793,
                17.998207092285156,
                5.999883651733398
              ],
              "autoUv":false,
              "rotation":180
            },
            "east":{
              "texture":"#material",
              "uv":[
                9.999975204467773,
                2.0,
                12.999975204467773,
                2.999998092651367
              ],
              "autoUv":false,
              "rotation":180
            },
            "south":{
              "texture":"#material",
              "uv":[
                12.999907493591309,
                5.00010871887207,
                17.992164611816406,
                6.000110626220703
              ],
              "autoUv":false,
              "rotation":180
            },
            "west":{
              "texture":"#material",
              "uv":[
                10.00002384185791,
                1.9999980926513672,
                13.000024795532227,
                3.000001907348633
              ],
              "autoUv":false
            },
            "up":{
              "texture":"#material",
              "uv":[
                6.0,
                5.0,
                11.0,
                8.0
              ],
              "autoUv":false
            },
            "down":{
              "texture":"#material",
              "uv":[
                11.0,
                8.0,
                6.0,
                5.0
              ],
              "autoUv":false,
              "rotation":180
            }
          },
          "children":[]
        },
        {
          "name":"fine_string_stonehead 04",
          "from":[
            3.6702967435121536,
            -0.5152889490127563,
            -0.1942850947380066
          ],
          "to":[
            4.170296594500542,
            1.0748947858810425,
            2.306700050830841
          ],
          "rotationOrigin":[
            3.9202966690063477,
            0.27980291843414307,
            1.0562074780464172
          ],
          "rotationY":7.540000357807047,
          "group":"fine_string_stonehead",
          "faces":{
            "north":{
              "texture":"#material",
              "uv":[
                18.0,
                2.0,
                21.0,
                3.0
              ],
              "autoUv":false,
              "rotation":90
            },
            "east":{
              "texture":"#material",
              "uv":[
                1.0,
                1.0,
                5.0,
                3.999998092651367
              ],
              "autoUv":false
            },
            "south":{
              "texture":"#material",
              "uv":[
                18.0,
                2.0,
                21.0,
                3.0
              ],
              "autoUv":false,
              "rotation":90
            },
            "west":{
              "texture":"#material",
              "uv":[
                6.0,
                5.0,
                11.0,
                8.0
              ],
              "autoUv":false
            },
            "up":{
              "texture":"#material",
              "uv":[
                2.0,
                1.0,
                3.0,
                6.0
              ],
              "autoUv":false
            },
            "down":{
              "texture":"#material",
              "uv":[
                3.0,
                6.0,
                2.0,
                1.0
              ],
              "autoUv":false,
              "rotation":180
            }
          },
          "children":[]
        },
        {
          "name":"fine_string_stonehead 05",
          "from":[
            3.731484040617943,
            -0.6496534088802219,
            1.6826321482658386
          ],
          "to":[
            4.054623976349831,
            -0.35046278626384986,
            2.618949770927429
          ],
          "rotationOrigin":[
            3.8930540084838867,
            -0.5000580826708756,
            2.1507909893989563
          ],
          "rotationX":59.326510866543,
          "rotationY":-0.10949633672963469,
          "rotationZ":-68.46358959853839,
          "group":"fine_string_stonehead",
          "faces":{
            "north":{
              "texture":"#material",
              "uv":[
                23.0,
                4.0,
                24.0,
                5.000005722045898
              ],
              "autoUv":false,
              "rotation":90
            },
            "east":{
              "texture":"#material",
              "uv":[
                24.0,
                5.000005722045898,
                25.0,
                7.0
              ],
              "autoUv":false,
              "rotation":90
            },
            "south":{
              "texture":"#material",
              "uv":[
                22.0,
                4.0,
                23.0,
                5.000005722045898
              ],
              "autoUv":false,
              "rotation":90
            },
            "west":{
              "texture":"#material",
              "uv":[
                25.0,
                5.000005722045898,
                26.0,
                7.0
              ],
              "autoUv":false,
              "rotation":90
            },
            "up":{
              "texture":"#material",
              "uv":[
                23.0,
                5.000005722045898,
                24.0,
                7.0
              ],
              "autoUv":false,
              "rotation":180
            },
            "down":{
              "texture":"#material",
              "uv":[
                23.0,
                7.0,
                22.0,
                5.000005722045898
              ],
              "autoUv":false
            }
          },
          "children":[]
        },
        {
          "name":"fine_string_stonehead 06",
          "from":[
            4.11983642564374,
            -0.029114544391755537,
            -0.34171891881140226
          ],
          "to":[
            7.31522216810626,
            0.47088120877755557,
            1.4339101381412434
          ],
          "rotationOrigin":[
            5.717529296875,
            0.22088336944580078,
            0.5460956692695618
          ],
          "rotationX":91.03606706948823,
          "rotationY":1.6740722152158378,
          "rotationZ":-5.861874958927336,
          "group":"fine_string_stonehead",
          "faces":{
            "north":{
              "texture":"#material",
              "uv":[
                5.971559524536133,
                2.0,
                0.9715595245361328,
                3.0
              ],
              "autoUv":false
            },
            "east":{
              "texture":"#material",
              "uv":[
                19.971572875976562,
                1.9999828338623047,
                16.971572875976562,
                2.999980926513672
              ],
              "autoUv":false,
              "rotation":180
            },
            "south":{
              "texture":"#material",
              "uv":[
                5.971559524536133,
                2.0,
                0.9715595245361328,
                3.0
              ],
              "autoUv":false,
              "rotation":180
            },
            "west":{
              "texture":"#material",
              "uv":[
                19.971569061279297,
                2.0000152587890625,
                16.971569061279297,
                3.000020980834961
              ],
              "autoUv":false
            },
            "up":{
              "texture":"#material",
              "uv":[
                20.971559524536133,
                1.0,
                14.971559524536133,
                4.0
              ],
              "autoUv":false
            },
            "down":{
              "texture":"#material",
              "uv":[
                14.971559524536133,
                12.0,
                21.0,
                9.0
              ],
              "autoUv":false,
              "rotation":180
            }
          },
          "children":[]
        },
        {
          "name":"fine_string_stonehead 07",
          "from":[
            3.9653472900390625,
            -0.027597442269325256,
            0.5653167366981506
          ],
          "to":[
            7.2586517333984375,
            0.4723985940217972,
            2.3409462571144104
          ],
          "rotationOrigin":[
            5.61199951171875,
            0.22240060567855835,
            1.4531314969062805
          ],
          "rotationX":90.59409918867505,
          "rotationY":1.8738101051571654,
          "rotationZ":8.344144142002037,
          "group":"fine_string_stonehead",
          "faces":{
            "north":{
              "texture":"#material",
              "uv":[
                16.0,
                2.0,
                21.0,
                3.0
              ],
              "autoUv":false
            },
            "east":{
              "texture":"#material",
              "uv":[
                2.0000314712524414,
                1.9999866485595703,
                5.000030994415283,
                2.999980926513672
              ],
              "autoUv":false,
              "rotation":180
            },
            "south":{
              "texture":"#material",
              "uv":[
                16.0,
                2.0,
                21.0,
                3.0
              ],
              "autoUv":false,
              "rotation":180
            },
            "west":{
              "texture":"#material",
              "uv":[
                1.9999908208847046,
                2.0000152587890625,
                4.999990463256836,
                3.000020980834961
              ],
              "autoUv":false
            },
            "up":{
              "texture":"#material",
              "uv":[
                1.0,
                1.0,
                7.0,
                4.0
              ],
              "autoUv":false
            },
            "down":{
              "texture":"#material",
              "uv":[
                7.0,
                12.0,
                0.9715589284896851,
                9.0
              ],
              "autoUv":false,
              "rotation":180
            }
          },
          "children":[]
        }
      ]
    }
  ],
  "groups":[]
}