{
	"editor": {
		"backDropShape": "E:/Programs/VSModelCreator/seraph-faceless",
		"collapsedPaths": "Root/ArmorLowerArmL,Root/GamCoatL,Root/ArmorCoatL,Root/GamCoatR,Root/ArmorLowerArmR,Root/ArmorUpperArmR,Root/ArmorUpperArmL,Root/ArmorCoatR",
		"allAngles": true,
		"entityTextureMode": true
	},
	"textureWidth": 64,
	"textureHeight": 64,
	"textureSizes": {
	},
	"textures": {
	},
	"elements": [
		{
			"name": "ArmorUpperArmR",
			"stepParentName": "UpperArmR",
			"from": [ -0.1425, -0.1425, -0.2175 ],
			"to": [ 2.3175, 5.3925, 1.5675 ],
			"uv": [ 36.0, 0.0 ],
			"rotationOrigin": [ -0.15, -0.15, -0.225 ],
			"faces": {
				"north": { "texture": "#material", "uv": [ 36.0, 2.0, 39.0, 9.0 ], "autoUv": false },
				"east": { "texture": "#material", "uv": [ 39.0, 2.0, 41.0, 9.0 ], "autoUv": false },
				"south": { "texture": "#material", "uv": [ 41.0, 2.0, 44.0, 9.0 ], "autoUv": false },
				"west": { "texture": "#material", "uv": [ 44.0, 2.0, 46.0, 9.0 ], "autoUv": false },
				"up": { "texture": "#material", "uv": [ 36.0, 0.0, 39.0, 2.0 ], "autoUv": false },
				"down": { "texture": "#material", "uv": [ 39.0, 0.0, 42.0, 2.0 ], "autoUv": false }
			}
		},
		{
			"name": "ArmorUpperArmL",
			"stepParentName": "UpperArmL",
			"from": [ -0.1425, -0.1425, -0.0675 ],
			"to": [ 2.3175, 5.3925, 1.7175 ],
			"uv": [ 26.0, 0.0 ],
			"rotationOrigin": [ -0.15, -0.15, -0.15 ],
			"faces": {
				"north": { "texture": "#material", "uv": [ 26.0, 2.0, 29.0, 9.0 ], "autoUv": false },
				"east": { "texture": "#material", "uv": [ 29.0, 2.0, 31.0, 9.0 ], "autoUv": false },
				"south": { "texture": "#material", "uv": [ 31.0, 2.0, 34.0, 9.0 ], "autoUv": false },
				"west": { "texture": "#material", "uv": [ 34.0, 2.0, 36.0, 9.0 ], "autoUv": false },
				"up": { "texture": "#material", "uv": [ 26.0, 0.0, 29.0, 2.0 ], "autoUv": false },
				"down": { "texture": "#material", "uv": [ 29.0, 0.0, 32.0, 2.0 ], "autoUv": false }
			}
		},
		{
			"name": "ArmorLowerArmR",
			"stepParentName": "LowerArmR",
			"from": [ -0.1425, 4.2, -0.195 ],
			"to": [ 2.0175, 6.1425, 1.6725 ],
			"autoUnwrap": false,
			"uv": [ 36.0, 9.0 ],
			"rotationOrigin": [ -0.15, 3.6, -0.3 ],
			"faces": {
				"north": { "texture": "#material", "uv": [ 42.5, 15.0, 45.0, 17.5 ], "autoUv": false },
				"east": { "texture": "#material", "uv": [ 36.0, 15.0, 38.0, 17.5 ], "autoUv": false },
				"south": { "texture": "#material", "uv": [ 40.0, 15.0, 42.5, 17.5 ], "autoUv": false },
				"west": { "texture": "#material", "uv": [ 38.0, 15.0, 40.0, 17.5 ], "autoUv": false },
				"up": { "texture": "#material", "uv": [ 36.0, 9.0, 38.5, 11.5 ], "autoUv": false },
				"down": { "texture": "#material", "uv": [ 38.5, 9.0, 41.0, 11.5 ], "autoUv": false }
			}
		},
		{
			"name": "ArmorLowerArmL",
			"stepParentName": "LowerArmL",
			"from": [ -0.1425, 4.2, -0.18 ],
			"to": [ 2.0175, 6.1425, 1.68 ],
			"autoUnwrap": false,
			"uv": [ 26.0, 9.0 ],
			"rotationOrigin": [ -0.15, 3.6, -0.225 ],
			"faces": {
				"north": { "texture": "#material", "uv": [ 26.0, 15.0, 28.5, 17.5 ], "autoUv": false, "windMode": [-1,-1,-1,-1], "windData": [0,1,1,0] },
				"east": { "texture": "#material", "uv": [ 28.5, 15.0, 30.5, 17.5 ], "autoUv": false, "windMode": [-1,-1,-1,-1], "windData": [0,1,1,0] },
				"south": { "texture": "#material", "uv": [ 30.5, 15.0, 33.0, 17.5 ], "autoUv": false, "windMode": [-1,-1,-1,-1], "windData": [0,0,1,1] },
				"west": { "texture": "#material", "uv": [ 33.0, 15.0, 35.0, 17.5 ], "autoUv": false, "windMode": [-1,-1,-1,-1], "windData": [0,0,1,1] },
				"up": { "texture": "#material", "uv": [ 26.0, 9.0, 28.5, 11.0 ], "autoUv": false, "windMode": [-1,-1,-1,-1], "windData": [1,1,1,1] },
				"down": { "texture": "#material", "uv": [ 28.5, 9.5, 31.0, 11.5 ], "autoUv": false, "windMode": [-1,-1,-1,-1] }
			}
		}
	]}