{
	"editor": {
		"backDropShape": "E:/Programs/VSModelCreator/seraph-faceless",
		"collapsedPaths": "Root/ArmorLowerArmL,Root/GamCoatL,Root/ArmorCoatL,Root/GamCoatR,Root/ArmorUpperArmR,Root/ArmorUpperArmL,Root/ArmorCoatR",
		"allAngles": true,
		"entityTextureMode": true
	},
	"textureWidth": 64,
	"textureHeight": 64,
	"textureSizes": {
	},
	"textures": {
	},
	"elements": [
		{
			"name": "ArmorLowerArmR",
			"stepParentName": "LowerArmR",
			"from": [ -0.1425, -0.09, -0.195 ],
			"to": [ 2.0175, 4.2, 1.6725 ],
			"autoUnwrap": false,
			"uv": [ 36.0, 9.0 ],
			"rotationOrigin": [ -0.15, -0.675, -0.3 ],
			"faces": {
				"north": { "texture": "#material", "uv": [ 42.5, 11.5, 45.0, 17.0 ], "rotation": 180, "autoUv": false },
				"east": { "texture": "#material", "uv": [ 36.0, 11.5, 38.0, 17.0 ], "rotation": 180, "autoUv": false, "windMode": [-1,-1,-1,-1] },
				"south": { "texture": "#material", "uv": [ 40.0, 11.5, 42.5, 17.0 ], "rotation": 180, "autoUv": false, "windMode": [-1,-1,-1,-1] },
				"west": { "texture": "#material", "uv": [ 38.0, 11.5, 40.0, 17.0 ], "rotation": 180, "autoUv": false, "windMode": [-1,-1,-1,-1] },
				"up": { "texture": "#material", "uv": [ 38.5, 9.0, 41.0, 11.5 ], "autoUv": false },
				"down": { "texture": "#material", "uv": [ 36.0, 9.0, 38.5, 11.5 ], "autoUv": false }
			}
		},
		{
			"name": "ArmorLowerArmL",
			"stepParentName": "LowerArmL",
			"from": [ -0.1425, -0.165, -0.18 ],
			"to": [ 2.0175, 4.2075, 1.68 ],
			"autoUnwrap": false,
			"uv": [ 26.0, 9.0 ],
			"rotationOrigin": [ -0.15, -0.75, -0.225 ],
			"faces": {
				"north": { "texture": "#material", "uv": [ 26.0, 11.5, 28.5, 17.0 ], "rotation": 180, "autoUv": false, "windMode": [-1,-1,-1,-1], "windData": [0,0,0,0] },
				"east": { "texture": "#material", "uv": [ 28.5, 11.5, 30.5, 17.0 ], "rotation": 180, "autoUv": false, "windMode": [-1,-1,-1,-1], "windData": [0,0,0,0] },
				"south": { "texture": "#material", "uv": [ 30.5, 11.5, 33.0, 17.0 ], "rotation": 180, "autoUv": false, "windMode": [-1,-1,-1,-1], "windData": [0,0,0,0] },
				"west": { "texture": "#material", "uv": [ 33.0, 11.5, 35.0, 17.0 ], "rotation": 180, "autoUv": false, "windMode": [-1,-1,-1,-1], "windData": [0,0,0,0] },
				"up": { "texture": "#material", "uv": [ 28.5, 9.0, 31.0, 11.5 ], "autoUv": false, "windMode": [-1,-1,-1,-1], "windData": [1,1,1,1] },
				"down": { "texture": "#material", "uv": [ 26.0, 9.0, 28.5, 11.5 ], "autoUv": false, "windMode": [-1,-1,-1,-1] }
			}
		}
	]}