{
	"editor": {
		"backDropShape": "E:/Programs/VSModelCreator/seraph-faceless",
		"collapsedPaths": "Root/ArmorHelmet",
		"allAngles": true,
		"entityTextureMode": true
	},
	"textureWidth": 64,
	"textureHeight": 64,
	"textureSizes": {
	},
	"textures": {
	},
	"elements": [
		{
			"name": "ArmorHelmet",
			"stepParentName": "Head",
			"from": [ 0.105, -0.525, -0.4125 ],
			"to": [ 4.395, 4.065, 4.1625 ],
			"unwrapMode": 1,
			"autoUnwrap": false,
			"uv": [ 36.0, 17.5 ],
			"rotationOrigin": [ 0.075, -0.525, -0.45 ],
			"faces": {
				"north": { "texture": "#material", "uv": [ 18.0, 28.0, 23.5, 34.0 ], "autoUv": false },
				"east": { "texture": "#material", "uv": [ 12.0, 28.0, 18.0, 34.0 ], "autoUv": false },
				"south": { "texture": "#material", "uv": [ 29.5, 28.0, 35.0, 34.0 ], "autoUv": false },
				"west": { "texture": "#material", "uv": [ 23.5, 28.0, 29.5, 34.0 ], "autoUv": false },
				"up": { "texture": "#material", "uv": [ 3.0, 28.0, 8.5, 34.0 ], "rotation": 180, "autoUv": false },
				"down": { "texture": "#material", "uv": [ 42.0, 29.0, 47.5, 35.0 ], "autoUv": false }
			},
			"children": [
				{
					"name": "ArmorHelmetFace",
					"from": [ -0.24, 2.85, 0.0 ],
					"to": [ 0.0, 4.59, 4.575 ],
					"unwrapMode": 1,
					"autoUnwrap": false,
					"uv": [ 32.0, 36.0 ],
					"rotationOrigin": [ -0.375, 2.85, 0.0 ],
					"faces": {
						"north": { "texture": "#material", "uv": [ 24.0, 41.0, 24.5, 43.0 ], "autoUv": false },
						"south": { "texture": "#material", "uv": [ 30.5, 41.0, 31.0, 43.0 ], "autoUv": false },
						"west": { "texture": "#material", "uv": [ 24.5, 41.0, 30.5, 43.0 ], "autoUv": false },
						"up": { "texture": "#material", "uv": [ 23.0, 40.0, 23.5, 46.0 ], "rotation": 180, "autoUv": false },
						"down": { "texture": "#material", "uv": [ 23.5, 40.0, 24.0, 46.0 ], "autoUv": false }
					}
				}
			]
		},
		{
			"name": "ArmorHelmetBody",
			"stepParentName": "UpperTorso",
			"from": [ -0.45, 2.7, -0.375 ],
			"to": [ 4.2, 4.2, 5.025 ],
			"uv": [ 0.0, 39.5 ],
			"rotationOrigin": [ -0.45, 2.7, -0.375 ],
			"faces": {
				"north": { "texture": "#material", "uv": [ 0.0, 46.5, 6.0, 48.5 ], "autoUv": false },
				"east": { "texture": "#material", "uv": [ 6.0, 46.5, 13.0, 48.5 ], "autoUv": false },
				"south": { "texture": "#material", "uv": [ 13.0, 46.5, 19.0, 48.5 ], "autoUv": false },
				"west": { "texture": "#material", "uv": [ 19.0, 46.5, 26.0, 48.5 ], "autoUv": false },
				"up": { "texture": "#material", "uv": [ 0.0, 39.5, 6.0, 46.5 ], "autoUv": false },
				"down": { "texture": "#material", "uv": [ 6.0, 39.5, 12.0, 46.5 ], "autoUv": false }
			}
		}
	]}