{
  "version": 0,
  "file": "KRPGEnchantment/KRPGEnchantment_Config.json",
  "patches": {},
  "settings": [
    {
      "type": "separator",
      "title": "KRPGEnchantmentSettings"
    },
    {
      "code": "EnchantTimeHours",
      "comment": "EnchantTimeHoursComment",
      "type": "float",
      "clientSide": false,
      "default": -1.0
    },
    {
      "code": "LatentEnchantResetDays",
      "comment": "LatentEnchantResetDaysComment",
      "type": "float",
      "clientSide": false,
      "default": 7.0
    },
    {
      "code": "MaxLatentEnchants",
      "comment": "MaxLatentEnchantsComment",
      "type": "integer",
      "clientSide": false,
      "default": 3
    },
    {
      "code": "LegacyReagentPotential",
      "comment": "LegacyReagentPotentialComment",
      "type": "bool",
      "clientSide": false,
      "default": false
    },
    {
      "code": "ChargeReagentHours",
      "comment": "ChargeReagentHoursComment",
      "type": "float",
      "clientSide": false,
      "default": 1.0
    },
    {
      "code": "MaxReagentCharge",
      "comment": "MaxReagentChargeComment",
      "type": "integer",
      "clientSide": false,
      "default": 5
    },
    {
      "code": "ChargePerGear",
      "comment": "ChargePerGearComment",
      "type": "float",
      "clientSide": false,
      "default": 1.0
    },
    {
      "code": "Debug",
      "comment": "DebugComment",
      "type": "bool",
      "clientSide": false,
      "default": false
    }
  ]
}