{
	"code": "wandererlantern",
	"entityClass": "Lantern",
	"storageFlags": 257,
	"behaviors": [
		{ "name": "Lockable" }, 
		{ "name": "OmniAttachable", "properties": {"facingCode": "position", "attachmentAreas": {
				"down": { "x1": 7, "y1": 15, "z1": 7, "x2": 8, "y2": 15, "z2": 8 },
				"up": { "x1": 4, "y1": 0, "z1": 4, "x2": 11, "y2": 0, "z2": 11 },
				"north": { "x1": 7, "y1": 11, "z1": 0, "x2": 8, "y2": 13, "z2": 1 },
				"east": { "x1": 7, "y1": 11, "z1": 0, "x2": 8, "y2": 13, "z2": 1, "rotateY": 90 },
				"south": { "x1": 7, "y1": 11, "z1": 0, "x2": 8, "y2": 13, "z2": 1, "rotateY": 180 },
				"west": { "x1": 7, "y1": 11, "z1": 0, "x2": 8, "y2": 13, "z2": 1, "rotateY": 270 }
			}
		}},
		{ "name": "RightClickPickup" } 
	],
	"heldRightTpIdleAnimation": "holdinglanternrighthand",
	"heldLeftTpIdleAnimation": "holdinglanternlefthand",
	"variantgroups": [
		{ "code":"position", "states": ["up", "down"], "loadFromProperties": "game:abstract/horizontalorientation" }
	],
	"shapebytype": {
		"wandererlantern-up": { "base": "block/metal/wanderer-lantern" },
		"wandererlantern-down": { "base": "block/metal/wanderer-lantern-ceiling" },
		"wandererlantern-north": { "base": "block/metal/wanderer-lantern-wall", "rotateY": 180 },
		"wandererlantern-east": { "base": "block/metal/wanderer-lantern-wall", "rotateY": 90 },
		"wandererlantern-south": { "base": "block/metal/wanderer-lantern-wall", "rotateY": 0 },
		"wandererlantern-west": { "base": "block/metal/wanderer-lantern-wall", "rotateY": 270 }
	},
	"textures": {
		"rust": {"base":"block/metal/lantern/rust"},
		"iron5": {"base":"block/metal/tarnished/iron"},
		"iron4": {"base":"block/metal/tarnished/iron"},
		"iron3": {"base":"block/metal/tarnished/iron"},
		"iron2": {"base":"block/metal/tarnished/iron"},
		"glass": {"base":"block/glass/quartz"},
		"smoky": {"base":"block/glass/smoky"},
		"rustyglow": {"base":"block/machine/statictranslocator/rustyglow"},
		"materialdeco": {"base":"block/metal/lantern/copper-deco"},
		"brass": {"base":"block/metal/tarnished/brass"},
		"iron": {"base":"block/metal/tarnished/iron"},
		"rusty-iron": {"base":"block/metal/tarnished/rusty-iron"},
		"material": {"base":"block/metal/lantern/copper"},
		"lining": {"base":"block/metal/lantern/copper"},
		"rope": {"base":"item/resource/rope"}
	},	
	"creativeinventory": { },
	"creativeinventoryStacksByType": {
		"*-up": [
			{
				"tabs": [ "general", "decorative" ],
				"stacks": [
					{ "type": "block", "code": "wandererlantern-up"}
				]
			}
		]
	},
	"attributes": {
		"attachableToEntity": {
			"categoryCodeByType": {"wandererlantern-*": "lantern"},
			"attachedShapeBySlotCode":{
				"Upper Mast Storage": { "base": "block/metal/wanderer-lantern-boat" },
				"neck": { "base": "item/wearable/hooved/wandererlantern-elk"  } },
			"texturePrefixCode": "lantern"
		}
	},
	"blockmaterial": "Metal",
	"lightAbsorption": 0,
	"lightHsv": [28, 4, 20],
	"sidesolid": {
		"all": false
	},
	"sideopaque": {
		"all": false
	},
	"replaceable": 500,
	"resistance": 1,
	"fpHandTransform": {
		"translation": { "x": 0.3, "y": -0.1, "z": 0 },
		"rotation": { "x": 0, "y": -45, "z": 0 },
		"scale": 1.18
	},
	"guiTransform": {
		"origin": { "x": 0.5, "y": 0.3, "z": 0.5 },
		"scale": 1.5
	},
	"tpHandTransform": {
		"translation": { "x": -0.6199, "y": -0.84, "z": -0.93 },
		"rotation": { "x": 0, "y": 7, "z": -90 },
		"scale": 0.55
	},
	"tpOffHandTransform": {
		"translation": { "x": -0.6899, "y": -0.89, "z": -0.93 },
		"rotation": { "x": 0, "y": -8, "z": -96 },
		"scale": 0.55
	},
	"groundTransform": {
		"origin": { "x": 0.5, "y": 0, "z": 0.5 },
		"scale": 2
	},
	"selectionboxbytype": {
		"*-up": { "x1": 0.25, "y1": 0, "z1": 0.25, "x2": 0.75, "y2": 0.75, "z2": 0.75 },
		"*-down": { "x1": 0.25, "y1": 0, "z1": 0.25, "x2": 0.75, "y2": 1, "z2": 0.75 },
		"*-east": { "x1": 0.25, "y1": 0, "z1": 0.25, "x2": 0.75, "y2": 0.875, "z2": 1, "rotateY": 270 },
		"*-south": { "x1": 0.25, "y1": 0, "z1": 0.25, "x2": 0.75, "y2": 0.875, "z2": 1, "rotateY": 180 },
		"*-west": { "x1": 0.25, "y1": 0, "z1": 0.25, "x2": 0.75, "y2": 0.875, "z2": 1, "rotateY": 90 },
		"*-north": { "x1": 0.25, "y1": 0, "z1": 0.25, "x2": 0.75, "y2": 0.875, "z2": 1, "rotateY": 0 }
	},
	"collisionboxbytype": {
		"*-up": { "x1": 0.25, "y1": 0, "z1": 0.25, "x2": 0.6875, "y2": 0.75, "z2": 0.75 },
		"*-down": { "x1": 0.25, "y1": 0, "z1": 0.25, "x2": 0.75, "y2": 1, "z2": 0.75 },
		"*-east": { "x1": 0.25, "y1": 0, "z1": 0.25, "x2": 0.75, "y2": 0.875, "z2": 1, "rotateY": 270 },
		"*-south": { "x1": 0.25, "y1": 0, "z1": 0.25, "x2": 0.75, "y2": 0.875, "z2": 1, "rotateY": 180 },
		"*-west": { "x1": 0.25, "y1": 0, "z1": 0.25, "x2": 0.75, "y2": 0.875, "z2": 1, "rotateY": 90 },
		"*-north": { "x1": 0.25, "y1": 0, "z1": 0.25, "x2": 0.75, "y2": 0.875, "z2": 1, "rotateY": 0 }
	}
}
