[
  {
    "file": "game:config/traits.json",
    "op": "addmerge",
    "path": "/-",
    "value": {
      "code": "dwarf",
      "type": "positive",
      "attributes": { }
    }
  },
  {
    "file": "game:config/traits.json",
    "op": "addmerge",
    "path": "/-",
    "value": {
      "code": "peacetime-l",
      "type": "negative",
      "attributes": {
        "maxhealthExtraPoints": -3
      }
    }
  },
  {
    "file": "game:config/traits.json",
    "op": "addmerge",
    "path": "/-",
    "value": {
      "code": "perseverance-n",
      "type": "positive",
      "attributes": {
        "maxhealthExtraPoints": 4
      }
    }
  },
  {
    "file": "game:config/traits.json",
    "op": "addmerge",
    "path": "/-",
    "value": {
      "code": "dwarfism-l",
      "type": "negative",
      "attributes": {
        "walkspeed": -0.05,
        "hungerrate": 0.15
      }
    }
  },
  {
    "file": "game:config/traits.json",
    "op": "addmerge",
    "path": "/-",
    "value": {
      "code": "dwarfism-n",
      "type": "negative",
      "attributes": {
        "walkspeed": -0.1,
        "hungerrate": 0.3
      }
    }
  },
  {
    "file": "game:config/traits.json",
    "op": "addmerge",
    "path": "/-",
    "value": {
      "code": "mighty-shoulders-l",
      "type": "positive",
      "attributes": {
        "armorWalkSpeedAffectedness": -0.45,
        "armorDurabilityLoss": -0.30
      }
    }
  },
  {
    "file": "game:config/traits.json",
    "op": "addmerge",
    "path": "/-",
    "value": {
      "code": "mighty-shoulders-n",
      "type": "positive",
      "attributes": {
        "armorWalkSpeedAffectedness": -0.55,
        "armorDurabilityLoss": -0.30
      }
    }
  },
  {
    "file": "game:config/traits.json",
    "op": "addmerge",
    "path": "/-",
    "value": {
      "code": "dwarven-diligence-l",
      "type": "positive",
      "attributes": {
        "miningSpeedMul": 0.05,
        "forageDropRate": 0.3
      }
    }
  },
  {
    "file": "game:config/traits.json",
    "op": "addmerge",
    "path": "/-",
    "value": {
      "code": "dwarven-diligence-n",
      "type": "positive",
      "attributes": {
        "miningSpeedMul": 0.20,
        "oreDropRate": 0.1
      }
    }
  },
  {
    "file": "game:config/traits.json", //2
    "op": "addmerge",
    "path": "/-",
    "value": {
      "code": "alcohol-addiction",
      "type": "negative",
      "attributes": {
        //Алкоголизм, страдания без алкоголя... 
      }
    }
  },
  {
    "file": "game:config/traits.json", //1
    "op": "addmerge",
    "path": "/-",
    "value": {
      "code": "big-belly-1",
      "type": "positive",
      "attributes": {
        "maxsaturation": 500
      }
    }
  },
  {
    "file": "game:config/traits.json", //2
    "op": "addmerge",
    "path": "/-",
    "value": {
      "code": "big-belly-2",
      "type": "positive",
      "attributes": {
        "maxsaturation": 500
      }
    }
  }
]