[
	{
    "file": "game:config/characterclasses.json",
    "op": "addmerge",
    "path": "/-",
    "value": {
    	"code": "hill-dwarf",
			"traits": [ "dwarf", "peacetime-l", "dwarfism-l", "mighty-shoulders-l", "dwarven-diligence-l", "big-belly-1" ],
		  "gear": [
			  { "type": "item", "code": "clothes-nadiya-upperbodyover-alchemist" },
				{ "type": "item", "code": "clothes-upperbody-shepherd-tunic" },
				{ "type": "item", "code": "clothes-lowerbody-shepherd-pants" },
				{ "type": "item", "code": "clothes-hand-malefactor-gloves" },
				{ "type": "item", "code": "clothes-foot-shepherd-sandals" }
		  ]
    }
  },
	{
		"file": "game:config/characterclasses.json",
		"op": "addmerge",
		"path": "/-",
		"value": {
			"code": "miner-dwarf",
			"traits": [ "dwarf", "perseverance-n", "dwarfism-n", "mighty-shoulders-n", "dwarven-diligence-n", "alcohol-addiction", "big-belly-2", "merciless" ],
			"gear": [
				{ "type": "item", "code": "clothes-shoulder-miner" },
				//{ "type": "item", "code": "clothes-nadiya-face-hunter" },
				{ "type": "item", "code": "clothes-upperbody-miner" },
				{ "type": "item", "code": "clothes-lowerbody-miner" },
				{ "type": "item", "code": "clothes-nadiya-hand-miner" },
				{ "type": "item", "code": "clothes-nadiya-foot-miner-clean" }
			]
		}
	} 
]