[
  {
    "file": "game:config/traits.json", //1
    "op": "addmerge",
    "path": "/-",
    "value": {
      "code": "elven-agility-1",
      "type": "positive",
      "attributes": {
        "walkspeed": 0.05,
        "hungerrate": -0.2
      }
    }
  },
  {
    "file": "game:config/traits.json", //2
    "op": "addmerge",
    "path": "/-",
    "value": {
      "code": "elven-agility-2",
      "type": "positive",
      "attributes": {
        "walkspeed": 0.05,
        "hungerrate": -0.1
      }
    }
  },
  {
    "file": "game:config/traits.json", //3
    "op": "addmerge",
    "path": "/-",
    "value": {
      "code": "elven-agility-3",
      "type": "positive",
      "attributes": {
        "walkspeed": 0.12,
        "hungerrate": -0.1
      }
    }
  },
  {
    "file": "game:config/traits.json", //4
    "op": "addmerge",
    "path": "/-",
    "value": {
      "code": "elven-agility-4",
      "type": "positive",
      "attributes": {
        "walkspeed": 0.10,
        "hungerrate": -0.1
      }
    }
  },
  {
    "file": "game:config/traits.json", //2
    "op": "addmerge",
    "path": "/-",
    "value": {
      "code": "anchor-point",
      "type": "positive",
      "attributes": {
        "rangedWeaponsDamage": 0.2,
        "rangedWeaponsAcc": 0.5,
        "bowDrawingStrength": 0.25
      }
    }
  },
  {
    "file": "game:config/traits.json", //1
    "op": "addmerge",
    "path": "/-",
    "value": {
      "code": "heavy-hands",
      "type": "positive",
      "attributes": {
        "miningSpeedMul": 0.2
      }
    }
  },
  {
    "file": "game:config/traits.json", //1
    "op": "addmerge",
    "path": "/-",
    "value": {
      "code": "elegant-bearing-1",
      "type": "negative",
      "attributes": {
        "maxhealthExtraPoints": -2,
        "armorWalkSpeedAffectedness": 0.15
      }
    }
  },
  {
    "file": "game:config/traits.json", //2
    "op": "addmerge",
    "path": "/-",
    "value": {
      "code": "elegant-bearing-2",
      "type": "negative",
      "attributes": {
        "maxhealthExtraPoints": -4,
        "armorWalkSpeedAffectedness": 0.20
      }
    }
  },
  {
    "file": "game:config/traits.json", //3
    "op": "addmerge",
    "path": "/-",
    "value": {
      "code": "elegant-bearing-3",
      "type": "negative",
      "attributes": {
        "armorWalkSpeedAffectedness": 0.20
      }
    }
  },
  {
    "file": "game:config/traits.json", //4
    "op": "addmerge",
    "path": "/-",
    "value": {
      "code": "elegant-bearing-4",
      "type": "negative",
      "attributes": {
        "maxhealthExtraPoints": -4,
        "armorWalkSpeedAffectedness": 0.20
      }
    }
  },
  {
    "file": "game:config/traits.json", //2
    "op": "addmerge",
    "path": "/-",
    "value": {
      "code": "thorough-scavenger",
      "type": "positive",
      "attributes": {
        "forageDropRate": 0.25
      }
    }
  },
  {
    "file": "game:config/traits.json", //4
    "op": "addmerge",
    "path": "/-",
    "value": {
      "code": "expert-agriculture",
      "type": "positive",
      "attributes": {
        "forageDropRate": 0.3 //временно
      }
    }
  },
  {
    "file": "game:config/traits.json", //2
    "op": "addmerge",
    "path": "/-",
    "value": {
      "code": "unnatural-labor-2",
      "type": "negative",
      "attributes": {
        "miningSpeedMul": -0.2,
        "oreDropRate": -0.1
      }
    }
  },
  {
    "file": "game:config/traits.json", //3
    "op": "addmerge",
    "path": "/-",
    "value": {
      "code": "unnatural-labor-3",
      "type": "negative",
      "attributes": {
        "miningSpeedMul": -0.4,
        "oreDropRate": -0.1
      }
    }
  },
  {
    "file": "game:config/traits.json", //4
    "op": "addmerge",
    "path": "/-",
    "value": {
      "code": "unnatural-labor-3",
      "type": "negative",
      "attributes": {
        "miningSpeedMul": -0.4,
        "oreDropRate": -0.1
      }
    }
  },
  {
    "file": "game:config/traits.json", //2
    "op": "addmerge",
    "path": "/-",
    "value": {
      "code": "delicate-combatant",
      "type": "negative",
      "attributes": {
        "meleeWeaponsDamage": -0.4
      }
    }
  },
  {
    "file": "game:config/traits.json", //4
    "op": "addmerge",
    "path": "/-",
    "value": {
      "code": "beastfriends-burden",
      "type": "negative",
      "attributes": {
        "animalLootDropRate": -0.8,
        "animalHarvestingTime": 0.8
      }
    }
  },
  {
    "file": "game:config/traits.json",
    "op": "addmerge",
    "path": "/-",
    "value": {
      "code": "arboreal-bond",
      "type": "negative",
      "attributes": {
        //Лесные существа любят деревья...
      }
    }
  },
  {
    "file": "game:config/traits.json",
    "op": "addmerge",
    "path": "/-",
    "value": {
      "code": "exquisite-armorer",
      "type": "positive",
      "attributes": {
        //Крафты
      }
    }
  }
]