[
	{
    "file": "game:config/characterclasses.json",
    "op": "addmerge",
    "path": "/-",
    "value": {
    	"code": "duskborn-elf",
			"traits": [ "elven-agility-1", "heavy-hands", "elegant-bearing-1" ],
		  "gear": [
			  { "type": "item", "code": "clothes-shoulder-marketeer" },
				{ "type": "item", "code": "clothes-upperbodyover-clockmaker-tunic" },
				{ "type": "item", "code": "clothes-lowerbody-malefactor-trousers" },
				{ "type": "item", "code": "clothes-face-tailor-mask" },
				{ "type": "item", "code": "clothes-hand-miner" },
				{ "type": "item", "code": "clothes-nadiya-foot-peasantblue" }

		  ]
    }
  },
	{
		"file": "game:config/characterclasses.json",
		"op": "addmerge",
		"path": "/-",
		"value": {
			"code": "forestborn-elf",
			"traits": [ "elven-agility-2", "anchor-point", "bowyer", "elegant-bearing-2", "thorough-scavenger", "unnatural-labor-2", "delicate-combatant" ],
			"gear": [
				{ "type": "item", "code": "clothes-nadiya-hand-peasant1" },
				{ "type": "item", "code": "clothes-face-hunter-mask" },
				{ "type": "item", "code": "clothes-head-hunter-cape" },
				{ "type": "item", "code": "clothes-upperbody-hunters-green" },
				{ "type": "item", "code": "clothes-nadiya-lowerbody-winter2" },
				{ "type": "item", "code": "clothes-foot-hunter-boots" }
			]
		}
	},
	{
		"file": "game:config/characterclasses.json",
		"op": "addmerge",
		"path": "/-",
		"value": {
			"code": "drow-elf",
			"traits": [ "elven-agility-3", "elegant-bearing-3", "unnatural-labor-3" ],
			"gear": [
				{ "type": "item", "code": "clothes-upperbody-commoner-shirt" },
				{ "type": "item", "code": "clothes-lowerbody-survivor" },
				{ "type": "item", "code": "clothes-foot-malefactor-boots" },
				{ "type": "item", "code": "clothes-hand-malefactor-gloves" }
			]
		}
	},
	{
		"file": "game:config/characterclasses.json",
		"op": "addmerge",
		"path": "/-",
		"value": {
			"code": "high-elf",
			"traits": [ "elven-agility-4", "elegant-bearing-4", "expert-agriculture", "unnatural-labor-3", "beastfriends-burden", "exquisite-armorer"],
			"gear": [
				{ "type": "item", "code": "clothes-upperbody-clockmaker-shirt" },
				{ "type": "item", "code": "clothes-lowerbody-aristocrat-leggings" },
				{ "type": "item", "code": "clothes-nadiya-hand-peasant1" },
				{ "type": "item", "code": "clothes-nadiya-foot-guard" }
			]
		}
	} 
]