[
  {
    "file": "game:config/traits.json", //1
    "op": "addmerge",
    "path": "/-",
    "value": {
      "code": "goblin-nimbleness-1",
      "type": "positive",
      "attributes": {
        "walkspeed": 0.18
      }
    }
  },
  {
    "file": "game:config/traits.json", //2
    "op": "addmerge",
    "path": "/-",
    "value": {
      "code": "goblin-nimbleness-2",
      "type": "positive",
      "attributes": {
        "walkspeed": 0.15
      }
    }
  },
  {
    "file": "game:config/traits.json", //3
    "op": "addmerge",
    "path": "/-",
    "value": {
      "code": "goblin-nimbleness-3",
      "type": "positive",
      "attributes": {
        "walkspeed": 0.15
      }
    }
  },
  {
    "file": "game:config/traits.json", //4
    "op": "addmerge",
    "path": "/-",
    "value": {
      "code": "goblin-nimbleness-4",
      "type": "positive",
      "attributes": {
        "walkspeed": 0.15
      }
    }
  },
  {
    "file": "game:config/traits.json", //1
    "op": "addmerge",
    "path": "/-",
    "value": {
      "code": "brute-forager",
      "type": "positive",
      "attributes": {
        "forageDropRate": 0.25
      }
    }
  },
  {
    "file": "game:config/traits.json", //2
    "op": "addmerge",
    "path": "/-",
    "value": {
      "code": "dirty-fighter-2",
      "type": "positive",
      "attributes": {
        "meleeWeaponsDamage": 0.2
      }
    }
  },
  {
    "file": "game:config/traits.json", //3
    "op": "addmerge",
    "path": "/-",
    "value": {
      "code": "dirty-fighter-3",
      "type": "positive",
      "attributes": {
        "meleeWeaponsDamage": 0.2
      }
    }
  },
  {
    "file": "game:config/traits.json", //4
    "op": "addmerge",
    "path": "/-",
    "value": {
      "code": "dirty-fighter-4",
      "type": "positive",
      "attributes": {
        "meleeWeaponsDamage": 0.2
      }
    }
  },
  {
    "file": "game:config/traits.json", //3
    "op": "addmerge",
    "path": "/-",
    "value": {
      "code": "scavenger-instinct",
      "type": "positive",
      "attributes": {
        "animalLootDropRate": 0.2
      }
    }
  },
  {
    "file": "game:config/traits.json", //1
    "op": "addmerge",
    "path": "/-",
    "value": {
      "code": "brittle-bones-1",
      "type": "negative",
      "attributes": {
        "maxhealthExtraPoints": -4,
        "armorWalkSpeedAffectedness": 0.30,
        "animalHarvestingTime": 0.60
      }
    }
  },
  {
    "file": "game:config/traits.json", //2
    "op": "addmerge",
    "path": "/-",
    "value": {
      "code": "brittle-bones-2",
      "type": "negative",
      "attributes": {
        "maxhealthExtraPoints": -3,
        "armorWalkSpeedAffectedness": 0.30,
        "animalHarvestingTime": 0.60
      }
    }
  },
  {
    "file": "game:config/traits.json", //3
    "op": "addmerge",
    "path": "/-",
    "value": {
      "code": "brittle-bones-3",
      "type": "negative",
      "attributes": {
        "maxhealthExtraPoints": -8,
        "armorWalkSpeedAffectedness": 0.30,
        "animalHarvestingTime": 0.40
      }
    }
  },
  {
    "file": "game:config/traits.json", //4
    "op": "addmerge",
    "path": "/-",
    "value": {
      "code": "brittle-bones-4",
      "type": "negative",
      "attributes": {
        "maxhealthExtraPoints": -7,
        "armorWalkSpeedAffectedness": 0.40,
        "animalHarvestingTime": 0.30
      }
    }
  },
  {
    "file": "game:config/traits.json", //1
    "op": "addmerge",
    "path": "/-",
    "value": {
      "code": "dullstrike",
      "type": "negative",
      "attributes": {
        "meleeWeaponsDamage": -0.15
      }
    }
  },
  {
    "file": "game:config/traits.json", //2
    "op": "addmerge",
    "path": "/-",
    "value": {
      "code": "rustbite",
      "type": "negative",
      "attributes": {
        "armorDurabilityLoss": 0.25
      }
    }
  }
]