[
	{
		"file": "game:config/characterclasses.json",
		"op": "addmerge",
		"path": "/-",
		"value": {
			"code": "bungleborn-goblin",
			"traits": [ "goblin-nimbleness-1", "improviser", "brute-forager", "brittle-bones-1", "dullstrike" ],
			"gear": [
				{	"type": "item", "code": "clothes-lowerbody-torn-riding-pants" },
				//{	"type": "item", "code": "clothes-neck-pillory" },
				{	"type": "item", "code": "clothes-waist-sturdy-belt" }
			]
		}
	},
	{
		"file": "game:config/characterclasses.json",
		"op": "addmerge",
		"path": "/-",
		"value": {
			"code": "brute-gifted-goblin",
			"traits": [ "goblin-nimbleness-2", "dirty-fighter-2", "brittle-bones-2", "rustbite" ],
			"gear": [
				{	"type": "item", "code": "clothes-head-rotwalker" },
				{	"type": "item", "code": "clothes-lowerbody-torn-riding-pants" },
				{	"type": "item", "code": "clothes-upperbodyover-malefactor-tunic" },
				{	"type": "item", "code": "clothes-foot-survivor" }
			]
		}
	},
	{
		"file": "game:config/characterclasses.json",
		"op": "addmerge",
		"path": "/-",
		"value": {
			"code": "scrawny-swineherd-goblin",
			"traits": [ "goblin-nimbleness-3", "dirty-fighter-3", "scavenger-instinct", "brittle-bones-3" ],
			"gear": [
				{	"type": "item", "code": "clothes-lowerbody-torn-riding-pants" },
				{	"type": "item", "code": "clothes-hand-clockmaker-wristguard" },
				{	"type": "item", "code": "clothes-shoulder-survivor" }
			]
		}
	},
	{
		"file": "game:config/characterclasses.json",
		"op": "addmerge",
		"path": "/-",
		"value": {
			"code": "crazy-sage-goblin",
			"traits": [ "goblin-nimbleness-4", "dirty-fighter-4", "technical", "tinkerer", "brittle-bones-4" ],
			"gear": [
				{	"type": "item", "code": "clothes-lowerbody-torn-riding-pants" },
				{	"type": "item", "code": "clothes-waist-sturdy-belt" },
				{	"type": "item", "code": "clothes-neck-gear-amulet-rusty" },
				{ "type": "item", "code": "clothes-upperbodyover-clockmaker-tunic" }
			]
		}
	}
]