[
  {
    "file": "game:config/traits.json", //1
    "op": "addmerge",
    "path": "/-",
    "value": {
      "code": "flameforged-vitality",
      "type": "positive",
      "attributes": {
        "maxhealthExtraPoints": 2,
        "oreDropRate": 0.2
      }
    }
  },
  {
    "file": "game:config/traits.json", //1
    "op": "addmerge",
    "path": "/-",
    "value": {
      "code": "pyromaniacs-handicap",
      "type": "negative",
      "attributes": {
        "meleeWeaponsDamage": -0.2,
        "rangedWeaponsDamage": -0.1,
        "bowDrawingStrength": -0.35,
        "hungerrate": 0.1
      }
    }
  },
  {
    "file": "game:config/traits.json", //2
    "op": "addmerge",
    "path": "/-",
    "value": {
      "code": "bow-mastery",
      "type": "positive",
      "attributes": {
        "rangedWeaponsDamage": 0.2,
        "rangedWeaponsAcc": 0.3,
        "bowDrawingStrength": 0.25
      }
    }
  },
  {
    "file": "game:config/traits.json", //2
    "op": "addmerge",
    "path": "/-",
    "value": {
      "code": "graceful-swiftness",
      "type": "positive",
      "attributes": {
        "walkspeed": 0.08
      }
    }
  },
  {
    "file": "game:config/traits.json", //2
    "op": "addmerge",
    "path": "/-",
    "value": {
      "code": "gutluck",
      "type": "positive",
      "attributes": {
        "animalLootDropRate": 0.15,
        "animalHarvestingTime": -0.30
      }
    }
  },
  {
    "file": "game:config/traits.json", //2
    "op": "addmerge",
    "path": "/-",
    "value": {
      "code": "brittle",
      "type": "negative",
      "attributes": {
        "meleeWeaponsDamage": -0.2
      }
    }
  },
  {
    "file": "game:config/traits.json", //2
    "op": "addmerge",
    "path": "/-",
    "value": {
      "code": "tunnelblind",
      "type": "negative",
      "attributes": {
        "miningSpeedMul": -0.3,
        "oreDropRate": -0.15
      }
    }
  }, 
  {
    "file": "game:config/traits.json", //3
    "op": "addmerge",
    "path": "/-",
    "value": {
      "code": "sturdy",
      "type": "positive",
      "attributes": {
        "maxhealthExtraPoints": 8,
        "meleeWeaponsDamage": 0.1
      }
    }
  },
  {
    "file": "game:config/traits.json", //3
    "op": "addmerge",
    "path": "/-",
    "value": {
      "code": "unstoppable",
      "type": "positive",
      "attributes": {
        "armorDurabilityLoss": -0.2,
        "armorWalkSpeedAffectedness": -0.40
      }
    }
  },
  {
    "file": "game:config/traits.json", //3
    "op": "addmerge",
    "path": "/-",
    "value": {
      "code": "steelhold",
      "type": "positive",
      "attributes": {
        "miningSpeedMul": 0.2
      }
    }
  },
  {
    "file": "game:config/traits.json", //3
    "op": "addmerge",
    "path": "/-",
    "value": {
      "code": "bouldergut",
      "type": "negative",
      "attributes": {
        "hungerrate": 0.4,
        "walkspeed": -0.10,
        "animalSeekingRange": 0.40
      }
    }
  },
  {
    "file": "game:config/traits.json", //4
    "op": "addmerge",
    "path": "/-",
    "value": {
      "code": "scoutsprowess",
      "type": "positive",
      "attributes": {
        "walkspeed": 0.05,
        "forageDropRate": 0.2
      }
    }
  },
  {
    "file": "game:config/traits.json", //4
    "op": "addmerge",
    "path": "/-",
    "value": {
      "code": "ironstomach",
      "type": "positive",
      "attributes": {
        "hungerrate": -0.15
      }
    }
  },
  {
    "file": "game:config/traits.json", //4
    "op": "addmerge",
    "path": "/-",
    "value": {
      "code": "weakconstitution",
      "type": "negative",
      "attributes": {
        "maxhealthExtraPoints": -3,
        "meleeWeaponsDamage": -0.1
      }
    }
  }
]