[
	{
    "file": "game:config/characterclasses.json",
    "op": "addmerge",
    "path": "/-",
		"value": {
			"code": "exploder-human",
			"traits": [ "flameforged-vitality", "pyromaniacs-handicap" ],
			"gear": [
				{	"type": "item", "code": "clothes-shoulder-survivor" },
				{	"type": "item", "code": "clothes-upperbody-miner" },
				{	"type": "item", "code": "clothes-lowerbody-blackguard-leggings" },
				{	"type": "item", "code": "clothes-waist-peasant-strap" },
				{	"type": "item", "code": "clothes-foot-blackguard-shoes" }
			]
		}
  },
	{
		"file": "game:config/characterclasses.json",
		"op": "addmerge",
		"path": "/-",
		"value": {
			"code": "ranger-human",
			"traits": [ "bow-mastery", "bowyer", "graceful-swiftness", "gutluck", "brittle", "tunnelblind" ],
			"gear": [
				{ "type": "item", "code": "clothes-head-hunter-cape" },
				{ "type": "item", "code": "clothes-nadiya-face-hunter" },
				{ "type": "item", "code": "clothes-upperbodyover-great-steppe-mantle" },
				{ "type": "item", "code": "clothes-lowerbody-hunter-leggings" },
				{ "type": "item", "code": "clothes-hand-malefactor-gloves" },
				{ "type": "item", "code": "clothes-foot-hunter-boots" }
			]
		}
	},
	{
		"file": "game:config/characterclasses.json",
		"op": "addmerge",
		"path": "/-",
		"value": {
			"code": "brute-human",
			"traits": [ "sturdy", "unstoppable", "steelhold", "bouldergut", "merciless" ],
			"gear": [
				{ "type": "item", "code": "clothes-upperbodyover-miner" },
				{ "type": "item", "code": "clothes-lowerbody-hunter-leggings" },
				{ "type": "item", "code": "clothes-foot-commoner-boots" },
				{ "type": "item", "code": "clothes-waist-blackguard-belt" }
			]
		}
	},
	{
		"file": "game:config/characterclasses.json",
		"op": "addmerge",
		"path": "/-",
		"value": {
			"code": "vagabond-human",
			"traits": [ "scoutsprowess", "ironstomach", "weakconstitution" ],
			"gear": [
				{ "type": "item", "code": "clothes-waist-malefactor-sash" },
				{ "type": "item", "code": "clothes-upperbodyover-malefactor-tunic" },
				{ "type": "item", "code": "clothes-hand-malefactor-gloves" },
				{ "type": "item", "code": "clothes-lowerbody-malefactor-trousers" },
				{ "type": "item", "code": "clothes-foot-malefactor-boots" }
			]
		}
	} 
]