[
	{
		"file": "game:config/characterclasses.json",
		"op": "addmerge",
		"path": "/-",
		"value": {
			"code": "glutton-ork",
			"traits": [ "warlords-stride", "brutal-cleave", "scavenger-sgreed", "ironhide-vitality", "ravenous-appetite", "bottomless-stomach-1" ],
			"gear": [
				{	"type": "item",	"code": "clothes-upperbody-blackguard-shirt" },
				{	"type": "item", "code": "clothes-waist-blackguard-belt" },
				{	"type": "item", "code": "clothes-foot-hunter-boots" }
			]
		}
	},
	{
		"file": "game:config/characterclasses.json",
		"op": "addmerge",
		"path": "/-",
		"value": {
			"code": "stonecrusher-ork",
			"traits": [ "ironhide-constitution", "clumsy-butcher", "heavy-stride", "ravenous-gut", "boulderheave", "bottomless-stomach-2" ],
			"gear": [
				{	"type": "item",	"code": "clothes-upperbodyover-malefactor-tunic" },
				{	"type": "item", "code": "clothes-hand-malefactor-gloves" },
				{	"type": "item", "code": "clothes-lowerbody-blackguard-leggings" },
				{	"type": "item", "code": "clothes-waist-heavy-tool-belt" },
				{	"type": "item", "code": "clothes-foot-hunter-boots" }
			]
		}
	}
]