[
  {
    "file": "game:config/traits.json", //1
    "op": "addmerge",
    "path": "/-",
    "value": {
      "code": "warlords-stride",
      "type": "positive",
      "attributes": {
        "armorWalkSpeedAffectedness": -0.15
      }
    }
  },
  {
    "file": "game:config/traits.json", //1
    "op": "addmerge",
    "path": "/-",
    "value": {
      "code": "brutal-cleave",
      "type": "positive",
      "attributes": {
        "meleeWeaponsDamage": 0.2
      }
    }
  },
  {
    "file": "game:config/traits.json", //1
    "op": "addmerge",
    "path": "/-",
    "value": {
      "code": "scavenger-sgreed",
      "type": "positive",
      "attributes": {
        "animalLootDropRate": 0.2
      }
    }
  },
  {
    "file": "game:config/traits.json", //1
    "op": "addmerge",
    "path": "/-",
    "value": {
      "code": "ironhide-vitality",
      "type": "positive",
      "attributes": {
        "maxhealthExtraPoints": 6
      }
    }
  },
  {
    "file": "game:config/traits.json", //1
    "op": "addmerge",
    "path": "/-",
    "value": {
      "code": "ravenous-appetite",
      "type": "negative",
      "attributes": {
        "hungerrate": 0.8,
        "walkspeed": -0.05,
        "animalHarvestingTime": 0.80
      }
    }
  },
  {
    "file": "game:config/traits.json", //2
    "op": "addmerge",
    "path": "/-",
    "value": {
      "code": "ironhide-constitution",
      "type": "positive",
      "attributes": {
        "maxhealthExtraPoints": 4
      }
    }
  },
  {
    "file": "game:config/traits.json", //2
    "op": "addmerge",
    "path": "/-",
    "value": {
      "code": "clumsy-butcher",
      "type": "negative",
      "attributes": {
        "animalHarvestingTime": 0.80,
        "animalLootDropRate": -0.2
      }
    }
  },
  {
    "file": "game:config/traits.json", //2
    "op": "addmerge",
    "path": "/-",
    "value": {
      "code": "heavy-stride",
      "type": "negative",
      "attributes": {
        "walkspeed": -0.05
      }
    }
  },
  {
    "file": "game:config/traits.json", //2
    "op": "addmerge",
    "path": "/-",
    "value": {
      "code": "ravenous-gut",
      "type": "negative",
      "attributes": {
        "hungerrate": 0.4
      }
    }
  },
  {
    "file": "game:config/traits.json", //2
    "op": "addmerge",
    "path": "/-",
    "value": {
      "code": "boulderheave",
      "type": "positive",
      "attributes": {
        "rangedStrengthDamage": 0.5, //мои личные атрибуты, на силовое дист.оружие (Валун)
        "rangedStrengthRange": 0.3
      }
    }
  },
  {
    "file": "game:config/traits.json", //1
    "op": "addmerge",
    "path": "/-",
    "value": {
      "code": "bottomless-stomach-1",
      "type": "positive",
      "attributes": {
        "maxsaturation": 3000 //мои личные атрибут на увеличение макс голода 
      }
    }
  },
  {
    "file": "game:config/traits.json", //2
    "op": "addmerge",
    "path": "/-",
    "value": {
      "code": "bottomless-stomach-2",
      "type": "positive",
      "attributes": {
        "maxsaturation": 1000 //мои личные атрибут на увеличение макс голода 
      }
    }
  }
]