﻿{
  "code": "sporepaperprinted",
  "class": "BlockSporePaper",
  "entityClass": "SporePaper",
  "maxstacksize": 16,
  "shape": { "base": "game:block/paper/lifted" },
  "texture": { "base": "block/sporepaper-printed" },
  "behaviors": [ { "name": "HorizontalOrientable" } ],
  "materialDensity": 200,
  "blockmaterial": "Cloth",
  "lightAbsorption": 1,
  "emitSideAo": {
    "all": false
  },
  "resistance": 1,
  "variantgroups": [
    {
      "code": "mushroom",
      "states": [
        "beardedtooth",
        "chickenofthewoods",
        "dryadsaddle",
        "pinkoyster",
        "tinderhoof",
        "whiteoyster",
        "reishi",
        "funeralbell",
        "deerear",
        "livermushroom",
        "pinkbonnet",
        "shiitake",
        "flyagaric",
        "fieldmushroom",
        "almondmushroom",
        "bitterbolete",
        "blacktrumpet",
        "chanterelle",
        "commonmorel",
        "deathcap",
        "devilstooth",
        "devilbolete",
        "earthball",
        "elfinsaddle",
        "golddropmilkcap",
        "greencrackedrussula",
        "indigomilkcap",
        "jackolantern",
        "kingbolete",
        "lobster",
        "orangeoakbolete",
        "paddystraw",
        "puffball",
        "redwinecap",
        "saffronmilkcap",
        "violetwebcap",
        "witchhat"
      ]
    },
    {
      "code": "side",
      "loadFromProperties": "abstract/horizontalorientation"
    }
  ],
  "drops": [
    {
      "type": "block",
      "code": "sporepaperprinted-{mushroom}-north",
      "quantity": {
        "avg": 1,
        "var": 0
      }
    }
  ],
  "shapebytype": {
    "*-north": {
      "base": "game:block/paper/lifted",
      "rotateY": 0
    },
    "*-east": {
      "base": "game:block/paper/lifted",
      "rotateY": 270
    },
    "*-south": {
      "base": "game:block/paper/lifted",
      "rotateY": 180
    },
    "*-west": {
      "base": "game:block/paper/lifted",
      "rotateY": 90
    }
  },
  "attributes": {
    "displaycaseable": true,
    "shelvable": true,
    "sporecollectdays": 0.5,
    "handbook": {
      "groupBy": "sporepaperprinted-*",
      "extraSections": [
        {
          "title": "substrate:block-handbooktitle-sporepaperprinted",
          "text": "substrate:block-handbooktext-sporepaperprinted"
        }
      ]
    }
  },
  "sounds": {
    "place": "game:block/cloth",
    "break": "game:block/cloth",
    "hit": "game:block/cloth",
    "walk": "game:walk/cloth"
  },
  "selectionBox": {
    "x1": 0,
    "y1": 0,
    "z1": 0,
    "x2": 1,
    "y2": 0.0625,
    "z2": 1
  },
  "collisionBox": {
    "x1": 0,
    "y1": 0,
    "z1": 0,
    "x2": 1,
    "y2": 0.0625,
    "z2": 1
  },
  "faceCullMode": "MergeMaterial",
  "sideopaque": {
    "all": false
  },
  "combustibleProps": {
    "burnTemperature": 150,
    "burnDuration": 2
  },
  "creativeinventory": {
    "general": [ "*-north" ]
  }
}