{
  "code": "cavegoblin",
  "class": "EntityAgent",
  "variantgroups": [
    {
      "code": "type",
      "states": [
        "normal",
        "lessarmored"
      ]
    }
  ],
  "hitboxSize": {
    "x": 0.8,
    "y": 1.6
  },
  "deadHitboxSize": {
    "x": 0.6,
    "y": 0.5
  },
  "canClimb": true,
  "eyeHeight": 1.2,
  "drops": [],
  "client": {
    "renderer": "Shape",
    "shapeByType": {
      "cavegoblin-normal": {
        "base": "entity/land/goblin"
      },
      "cavegoblin-lessarmored": {
        "base": "entity/land/goblin_armored"
      }
    },
    "texturesByType": {
      "cavegoblin-normal": {
        "skin": {
          "base": "entity/goblin/cave_goblin_texture"
        }
      },
      "cavegoblin-lessarmored": {
        "skin": {
          "base": "entity/goblin/cave_goblin_armored_texture"
        }
      }
    },
    "behaviors": [
      {
        "code": "repulseagents"
      },
      {
        "code": "controlledphysics",
        "stepHeight": 1.1251
      },
      {
        "code": "floatupwhenstuck",
        "onlyWhenDead": true
      },
      {
        "code": "interpolateposition"
      },
      {
        "code": "harvestable",
        "duration": 2
      }
    ],
    "animations": [
      {
        "code": "hurt",
        "animation": "standhurt",
        "animationSpeed": 2,
        "weight": 10,
        "blendMode": "AddAverage"
      },
      {
        "code": "die",
        "animation": "standdie",
        "animationSpeed": 0.7,
        "weight": 10,
        "blendMode": "Average",
        "triggeredBy": {
          "onControls": [
            "dead"
          ]
        }
      },
      {
        "code": "idle",
        "animation": "standidle",
        "blendMode": "Average",
        "triggeredBy": {
          "defaultAnim": true
        }
      }
    ]
  },
  "server": {
    "behaviors": [
      {
        "code": "repulseagents"
      },
      {
        "code": "controlledphysics",
        "stepHeight": 1.1251
      },
      {
        "code": "health",
        "currenthealthByType": {
          "cavegoblin-normal": 12,
          "cavegoblin-lessarmored": 15
        },
        "maxhealthByType": {
          "cavegoblin-normal": 12,
          "cavegoblin-lessarmored": 15
        }
      },
      {
        "code": "deaddecay",
        "hoursToDecay": 0.2
      },
      {
        "code": "floatupwhenstuck",
        "onlyWhenDead": true
      },
      {
        "code": "despawn",
        "minPlayerDistance": 8,
        "minSeconds": 300
      },
      {
        "code": "emotionstates",
        "states": [
          {
            "code": "fleeondamage",
            "duration": 10,
            "chanceByType": {
              "cavegoblin-normal": 0.15,
              "cavegoblin-lessarmored": 0.05
            },
            "slot": 0,
            "priority": 1,
            "accumType": "max"
          }
        ]
      },
      {
        "code": "taskai",
        "aitasks": [
          {
            "code": "fleeentity",
            "entityCodes": [
              "player",
              "slime-*"
            ],
            "priority": 3,
            "movespeed": 0.05,
            "seekingRange": 20,
            "fleeingDistance": 64,
            "fleeDurationMs": 9999999,
            "minDayLightByType": {
              "cavegoblin-normal": 0.925
            },
            "ignoreDeepDayLight": true,
            "cancelOnHurt": true,
            "executionChance": 0.03,
            "animationSpeed": 1.3,
            "animation": "standrun"
          },
          {
            "code": "fleeentity",
            "entityCodes": [
              "player",
              "slime-*"
            ],
            "priority": 2.5,
            "movespeed": 0.05,
            "seekingRange": 12,
            "cancelOnHurt": true,
            "animationSpeed": 1.3,
            "whenInEmotionState": "fleeondamage",
            "animation": "standrun"
          },
          {
            "code": "meleeattack",
            "entityCodes": [
              "player",
              "slime-*"
            ],
            "priority": 2,
            "damageByType": {
              "cavegoblin-normal": 4,
              "cavegoblin-lessarmored": 6
            },
            "damageTierByType": {
              "cavegoblin-normal": 1,
              "cavegoblin-lessarmored": 1
            },
            "mincooldown": 500,
            "maxcooldown": 1750,
            "damagePlayerAtMs": 400,
            "attackDurationMs": 1000,
            "animation": "standattack",
            "animationSpeed": 1.5
          },
          {
            "code": "seekentity",
            "entityCodes": [
              "player",
              "slime-*"
            ],
            "priority": 1.5,
            "mincooldown": 400,
            "maxcooldown": 800,
            "movespeed": 0.035,
            "seekingRange": 20,
            "animationSpeed": 1.3,
            "animation": "standrun",
            "sound": "fantasycreatures:creature/goblin_idle1"
          },
          {
            "code": "idle",
            "priority": 1.2,
            "priorityForCancel": 1.35,
            "minduration": 4000,
            "maxduration": 6000,
            "chance": 0.001,
            "initialMinCoolDown": 2000,
            "initialMaxCoolDown": 150000,
            "mincooldown": 300000,
            "maxcooldown": 10000000,
            "animation": "standidle",
            "animationSpeed": 1.25
          },
          {
            "code": "wander",
            "priority": 1.0,
            "movespeed": 0.01,
            "animationSpeed": 1.2,
            "animation": "standlowwalk",
            "preferredLightLevel": 15
          },
          {
            "code": "wander",
            "priority": 0.99,
            "priorityForCancel": 1.1,
            "movespeed": 0.008,
            "animationSpeed": 1.1,
            "animation": "standlowwalk",
            "preferredLightLevel": 15
          },
          {
            "code": "getoutofwater",
            "priority": 1.4,
            "movespeed": 0.01,
            "animation": "standlowwalk",
            "animationSpeed": 1.6
          },
          {
            "code": "lookaround",
            "priority": 0.5
          }
        ]
      },
      {
        "code": "harvestable",
        "duration": 2,
        "dropsByType": {
          "cavegoblin-normal": [
            {
              "type": "item",
              "code": "game:gear-temporal",
              "quantity": {
                "avg": 0.01,
                "var": 0
              }
            },
            {
              "type": "item",
              "code": "game:flaxfibers",
              "quantity": {
                "dist": "uniform",
                "avg": 0.4,
                "var": 0
              }
            }
          ],
          "cavegoblin-lessarmored": [
            {
              "type": "item",
              "code": "game:gear-temporal",
              "quantity": {
                "avg": 0.02,
                "var": 0
              }
            },
            {
              "type": "item",
              "code": "game:flaxfibers",
              "quantity": {
                "dist": "uniform",
                "avg": 0.8,
                "var": 1
              }
            },
            {
              "type": "item",
              "code": "game:armor-body-improvised-wood",
              "quantity": {
                "avg": 0.8,
                "var": 1
              }
            }
          ]
        }
      }
    ],
    "spawnconditions": {
      "runtime": {
        "group": "hostile",
        "maxQuantityByType": {
          "cavegoblin-normal": 12,
          "cavegoblin-lessarmored": 2
        },
        "maxLightLevel": 7,
        "chance": 0.0006,
        "groupSize": {
          "avg": 2,
          "var": 1
        },
        "insideBlockCodes": [
          "game:air"
        ],
        "minY": 0.52,
        "maxY": 0.89
      }
    }
  },
  "idleSoundRange": 14,
  "sounds": {
    "hurt": "fantasycreatures:creature/goblin_hurt1",
    "death": "fantasycreatures:creature/goblin_death",
    "idle": "fantasycreatures:creature/goblin_laugh_idle"
  }
}