{
  "code": "dragon",
  "class": "EntityAgent",
  "variantgroups": [
    {
      "code": "type",
      "states": [
        "red",
        "blue"
      ]
    }
  ],
  "hitboxSize": {
    "x": 2.0,
    "y": 3.0
  },
  "deadHitboxSize": {
    "x": 3,
    "y": 1
  },
  "canClimb": false,
  "fallDamage": false,
  "eyeHeight": 1.2,
  "drops": [],
  "client": {
    "renderer": "Shape",
    "shapeByType": {
      "dragon-red": {
        "base": "entity/land/red_dragon"
      },
      "dragon-blue": {
        "base": "entity/land/red_dragon"
      }
    },
    "texturesByType": {
      "dragon-red": {
        "skin": {
          "base": "entity/dragon/red_dragon"
        }
      },
      "dragon-blue": {
        "skin": {
          "base": "entity/dragon/red_dragon"
        }
      }
    },
    "behaviors": [
      {
        "code": "repulseagents"
      },
      {
        "code": "controlledphysics",
        "stepHeight": 1.1251
      },
      {
        "code": "floatupwhenstuck",
        "onlyWhenDead": true
      },
      {
        "code": "interpolateposition"
      },
      {
        "code": "harvestable",
        "quantitySlots": 20,
        "duration": 2
      },
      {
        "code": "boss"
      }
    ],
    "animations": [
      {
        "code": "hurt",
        "animation": "standhurt",
        "animationSpeed": 2,
        "weight": 10,
        "blendMode": "AddAverage"
      },
      {
        "code": "die",
        "animation": "death",
        "animationSpeed": 0.7,
        "weight": 10,
        "blendMode": "Average",
        "triggeredBy": {
          "onControls": [
            "dead"
          ]
        }
      },
      {
        "code": "idle",
        "animation": "standidle",
        "blendMode": "Average",
        "triggeredBy": {
          "defaultAnim": true
        }
      }
    ]
  },
  "server": {
    "behaviors": [
      {
        "code": "repulseagents"
      },
      {
        "code": "controlledphysics",
        "stepHeight": 1.1251
      },
      {
        "code": "health",
        "currenthealthByType": {
          "dragon-red": 100,
          "dragon-blue": 100
        },
        "maxhealthByType": {
          "dragon-red": 100,
          "dragon-blue": 100
        }
      },
      {
        "code": "deaddecay",
        "hoursToDecay": 3
      },
      {
        "code": "floatupwhenstuck",
        "onlyWhenDead": true
      },
      {
        "code": "despawn",
        "minPlayerDistance": 8,
        "minSeconds": 300
      },
      {
        "code": "emotionstates",
        "states": [
          {
            "code": "aggressiveondamage",
            "duration": 30,
            "chance": 1,
            "slot": 2,
            "priority": 2,
            "accumType": "noaccum"
          }
        ]
      },
      {
        "hoursToGrow": 0.5,
        "adultEntityCodes": [
          "fantasycreatures:dragon-flying-red"
        ],
        "code": "grow"
      },
      {
        "code": "taskai",
        "aitasksByType": {
          "dragon-*": [
            {
              "code": "meleeattack",
              "entityCodes": [
                "ork-*",
                "skeleton-*",
                "player",
                "fox-female",
                "fox-male",
                "hare-male-*",
                "hare-female-*",
                "fox-arctic-male",
                "fox-arctic-female",
                "bass",
                "salmon",
                "surfacegoblin-normal",
                "surfacegoblin-alternate_1",
                "surfacegoblin-armored",
                "surfacegoblin-hunter",
                "lonehuntergoblin-normal",
                "lonehuntergoblin-pelted",
                "treant-walnut",
                "treant-oak",
                "treant-pine",
                "slime-blue",
                "slime-green"
              ],
              "priority": 2,
              "minDist": 2.1,
              "minVerDist": 4.1,
              "damage": 15,
              "damageTier": 2,
              "mincooldown": 500,
              "maxcooldown": 1750,
              "damagePlayerAtMs": 400,
              "attackDurationMs": 1200,
              "animation": "attack",
              "animationSpeed": 1.0,
              "sound": "creature/dragon_breath"
            },
            {
              "code": "meleeattack",
              "entityCodes": [
                "ork-*",
                "skeleton-*",
                "player",
                "fox-female",
                "fox-male",
                "hare-male-*",
                "hare-female-*",
                "fox-arctic-male",
                "fox-arctic-female",
                "bass",
                "salmon",
                "surfacegoblin-normal",
                "surfacegoblin-alternate_1",
                "surfacegoblin-armored",
                "surfacegoblin-hunter",
                "lonehuntergoblin-normal",
                "lonehuntergoblin-pelted",
                "treant-walnut",
                "treant-oak",
                "treant-pine",
                "slime-blue",
                "slime-green"
              ],
              "priority": 2,
              "minDist": 2.1,
              "minVerDist": 4.1,
              "damage": 18,
              "damageTier": 2,
              "damageType": "SlashingAttack",
              "mincooldown": 500,
              "maxcooldown": 1750,
              "damagePlayerAtMs": 400,
              "attackDurationMs": 1200,
              "animation": "claw",
              "animationSpeed": 1.0,
              "sound": "creature/dragon_claw"
            },
            {
              "code": "meleeattack",
              "entityCodes": [
                "ork-*",
                "skeleton-*",
                "sheep-bighorn-*",
                "player",
                "fox-female",
                "fox-male",
                "hare-male-*",
                "hare-female-*",
                "fox-arctic-male",
                "fox-arctic-female",
                "bass",
                "salmon",
                "surfacegoblin-normal",
                "surfacegoblin-alternate_1",
                "surfacegoblin-armored",
                "surfacegoblin-hunter",
                "lonehuntergoblin-normal",
                "lonehuntergoblin-pelted",
                "treant-walnut",
                "treant-oak",
                "treant-pine",
                "slime-blue",
                "slime-green"
              ],
              "priority": 2,
              "minDist": 2.1,
              "minVerDist": 4.1,
              "damage": 17,
              "damageType": "Fire",
              "damageTier": 2,
              "mincooldown": 500,
              "maxcooldown": 1750,
              "damagePlayerAtMs": 400,
              "attackDurationMs": 1200,
              "animation": "bite",
              "animationSpeed": 1.0,
              "sound": "creature/dragon_bite"
            },
            {
              "code": "seekentity",
              "entityCodes": [
                "sheep-bighorn-*"
              ],
              "priority": 1.3,
              "mincooldown": 1000,
              "maxcooldown": 2000,
              "movespeed": 0.07,
              "seekingRange": 128,
              "animationSpeed": 1.3,
              "animation": "walk",
              "sound": "creature/dragon_aggro"
            },
            {
              "code": "seekentity",
              "entityCodes": [
                "player"
              ],
              "priority": 1.45,
              "seekingRange": 64,
              "animation": "walk",
              "leapAtTarget": true,
              "leapAnimation": null,
              "leapChance": 0.01,
              "sound": "creature/dragon_aggro",
              "whenInEmotionState": "aggressiveondamage",
              "animationSpeed": 1.5,
              "movespeed": 0.07
            },
            {
              "code": "seekentity",
              "entityCodes": [
                "ork-*",
                "skeleton-*",
                "player",
                "fox-female",
                "fox-male",
                "hare-male-*",
                "hare-female-*",
                "fox-arctic-male",
                "fox-arctic-female",
                "bass",
                "salmon",
                "surfacegoblin-normal",
                "surfacegoblin-alternate_1",
                "surfacegoblin-armored",
                "surfacegoblin-hunter",
                "lonehuntergoblin-normal",
                "lonehuntergoblin-pelted",
                "treant-walnut",
                "treant-oak",
                "treant-pine",
                "skeleton",
                "slime-blue",
                "slime-green"
              ],
              "priority": 1.5,
              "mincooldown": 1000,
              "maxcooldown": 2000,
              "movespeed": 0.07,
              "seekingRange": 16,
              "animationSpeed": 1.3,
              "animation": "walk",
              "sound": "dragon_aggro"
            },
            {
              "code": "idle",
              "priority": 1.2,
              "priorityForCancel": 1.35,
              "minduration": 4000,
              "maxduration": 15000,
              "chance": 0.001,
              "initialMinCoolDown": 2000,
              "initialMaxCoolDown": 150000,
              "mincooldown": 300000,
              "maxcooldown": 10000000,
              "animation": "idle",
              "animationSpeed": 1.25
            },
            {
              "code": "wander",
              "priority": 1.0,
              "movespeed": 0.01,
              "animationSpeed": 1.2,
              "animation": "walk",
              "preferredLightLevel": 15
            },
            {
              "code": "wander",
              "priority": 0.99,
              "priorityForCancel": 1.1,
              "movespeed": 0.008,
              "animationSpeed": 1.1,
              "animation": "walk",
              "preferredLightLevel": 15
            },
            {
              "code": "getoutofwater",
              "priority": 1.4,
              "movespeed": 0.07,
              "animation": "walk",
              "animationSpeed": 1.6
            },
            {
              "code": "lookaround",
              "priority": 0.5
            }
          ]
        }
      },
      {
        "code": "harvestable",
        "duration": 2,
        "quantitySlots": 20,
        "dropsByType": {
          "dragon-red": [
            {
              "type": "item",
              "code": "game:gear-rusty",
              "quantity": {
                "avg": 16,
                "var": 15
              }
            },
            {
              "type": "item",
              "code": "game:armor-body-antique-blackguard-broken",
              "quantity": {
                "avg": 0.09,
                "var": 0
              }
            },
            {
              "type": "item",
              "code": "game:armor-head-antique-blackguard-damaged",
              "quantity": {
                "avg": 0.09,
                "var": 0
              }
            },
            {
              "type": "item",
              "code": "game:armor-legs-antique-blackguard-damaged",
              "quantity": {
                "avg": 0.09,
                "var": 0
              }
            },
            {
              "type": "item",
              "code": "game:armor-body-antique-blackguard-damaged",
              "quantity": {
                "avg": 0.133,
                "var": 0
              }
            },
            {
              "type": "item",
              "code": "game:armor-head-antique-blackguard-broken",
              "quantity": {
                "avg": 0.133,
                "var": 0
              }
            },
            {
              "type": "item",
              "code": "game:armor-body-chain-copper",
              "quantity": {
                "avg": 0.133,
                "var": 0
              }
            },
            {
              "type": "item",
              "code": "game:metalchain-iron",
              "quantity": {
                "avg": 0.133,
                "var": 0
              }
            },
            {
              "type": "item",
              "code": "game:metalchain-copper",
              "quantity": {
                "avg": 0.2533,
                "var": 0
              }
            },
            {
              "type": "item",
              "code": "game:blade-claymore-ruined",
              "quantity": {
                "avg": 0.133,
                "var": 0
              }
            },
            {
              "type": "item",
              "code": "game:arrow-copper",
              "quantity": {
                "avg": 21,
                "var": 9
              }
            },
            {
              "type": "item",
              "code": "game:redmeat-raw",
              "quantity": {
                "avg": 15,
                "var": 6
              }
            },
            {
              "type": "item",
              "code": "game:fat",
              "quantity": {
                "avg": 14,
                "var": 7
              }
            },
            {
              "type": "item",
              "code": "game:powderedsulfer",
              "quantity": {
                "avg": 31,
                "var": 12
              }
            },
            {
              "type": "item",
              "code": "game:metalscale-gold",
              "quantity": {
                "avg": 5,
                "var": 3
              }
            },
            {
              "type": "block",
              "code": "game:crystal-rosequartz-large2-up",
              "quantity": {
                "avg": 0.05,
                "var": 0
              }
            },
            {
              "type": "block",
              "code": "game:crystal-olivine-large2-up",
              "quantity": {
                "avg": 0.05,
                "var": 0
              }
            }
          ]
        }
      }
    ],
    "spawnconditionsByType": {
      "dragon-red": {
        "runtime": {
          "group": "hostile",
          "tryOnlySurface": true,
          "chance": 1e-05,
          "minDistanceToPlayer": 128,
          "maxQuantity": 1,
          "maxLightLevel": 32,
          "lightLevelType": "onlyBlockLight",
          "groupSize": {
            "dist": "verynarrowgaussian",
            "avg": 0.25,
            "var": 0
          },
          "insideBlockCodes": [
            "game:air",
            "game:tallgrass",
            "game:snowlayer-1"
          ],
          "minTemp": -40,
          "maxTemp": 40,
          "minRain": 0.0,
          "minForestOrShrubs": 0.0,
          "maxForest": 0.3,
          "maxShrubs": 0.6
        },
        "worldgen": {
          "TriesPerChunk": {
            "avg": 0.04,
            "var": 0
          },
          "tryOnlySurface": true,
          "maxQuantity": 1,
          "groupSize": {
            "dist": "verynarrowgaussian",
            "avg": 0.25,
            "var": 0
          },
          "insideBlockCodes": [
            "game:air",
            "game:tallgrass",
            "game:snowlayer-1"
          ],
          "minTemp": -40,
          "maxTemp": 40,
          "minRain": 0.25,
          "minY": 1.5,
          "minForestOrShrubs": 0.1,
          "maxForest": 1.0,
          "maxShrubs": 1.0
        }
      }
    }
  },
  "idleSoundRange": 14,
  "sounds": {
    "hurt": "creature/dragon_hurt",
    "death": "creature/dragon_death",
    "idle": "creature/dragon_aggro"
  }
}