{
	"code": "dragon-flying",
	"class": "EntityAgent",
	"habitat": "Air",
	"variantgroups": [
		{ "code": "type", "states": ["red", "blue"]}
	],
	"hitboxSize": { "x": 1, "y": 1 },
	"canClimb": true,
	"fallDamage": false,
	"eyeHeight": 1.2,
	"drops": [],
	"client": {
		"PitchStep": false,
		"renderer": "Shape",
		"shapeByType": {
			"dragon-flying-red": { "base": "entity/land/red_dragon_flying" },
			"dragon-flying-blue": { "base": "entity/land/red_dragon_flying" }

		},
		"texturesByType": {
			"dragon-flying-red": {
				"skin": { "base": "entity/dragon/red_dragon" }
			},
			"dragon-flying-blue": {
				"skin": { "base": "entity/dragon/red_dragon" }
			}
		},
		"behaviors": [
			{
				"code": "controlledphysics",
				"stepHeight": 1.01
			},
			{ "code": "interpolateposition" },
			{ "code": "boss"}
		],
		"animations": [
			{
				"code": "idle",
				"animation": "idle",
				"blendMode": "Average",
				"weight": 1,
				"triggeredBy": { "defaultAnim": true }
			},
			{
				"code": "flying",
				"animation": "flying",
				"blendMode": "Average",
				"weight": 19
			}
		]
	},
	"server": {
		"attributes": {
			"pathfinder": {
				"minTurnAnglePerSec": 1800,
				"maxTurnAnglePerSec": 3600
			}
		},
		"behaviors": [
			{ "code": "controlledphysics", "stepHeight": 1.0001 }, 
			{ "code": "health", 
				"currenthealthByType": {
					"dragon-flying-red": 10000,
					"dragon-flying-blue": 10000
				}, 
				"maxhealthByType": {
					"dragon-flying-red": 10000,
					"dragon-flying-blue": 10000
				} 
			},
			{ "code": "despawn", "minPlayerDistance": 80, "minSeconds": 20 },
			{ 
				"hoursToGrow": 0.1,
				"adultEntityCodes": ["fantasycreatures:dragon-red"],
				"code": "grow" 
			},
			{
				"code": "taskai",
				"aitasksByType": {

					"dragon-flying-*":
					[
						{
							"code": "fleeentity",
							"entityCodes": ["player"],
							"priority": 2.5,
							"movespeed": 0.05,
							"seekingRange": 32,
							"cancelOnHurt": false,
							"animationSpeed": 1.3,
							"sound": "creature/dragon_flying"
						},
						{
							"code": "wander",
							"priority": 1.0, 
							"movespeed": 0.05,
							"animationSpeed": 1.0,
							"maxHeight": 60,
							"sound": "creature/dragon_flying"
						},
						{
							"code": "idle",
							"priority": 1.2,
							"minduration": 1,
							"maxduration": 1000,
							"chance": 0.001,
							"initialMinCoolDown": 2000,
							"initialMaxCoolDown": 150000,
							"mincooldown": 300000,
							"maxcooldown": 10000000,
							"sound": "creature/dragon_flying"
						},
						{
							"code": "getoutofwater",
							"priority": 1.4,
							"movespeed": 0.09,
							"animationSpeed": 1.6
						}
					]
				}
			}
		],
		"spawnconditions": {
		}
	},
	"idleSoundRange": 64,
	"sounds": {
		"wander": "creature/dragon_flying",
		"hurt": "creature/dragon_flying",
		"death": "creature/dragon_flying",
		"idle": "creature/dragon_aggro"
	}
}