{
  "code": "lonehuntergoblin",
  "class": "EntityAgent",
  "variantgroups": [
    {
      "code": "type",
      "states": [
        "normal",
        "pelted"
      ]
    }
  ],
  "hitboxSize": {
    "x": 0.8,
    "y": 1.6
  },
  "deadHitboxSize": {
    "x": 0.6,
    "y": 0.5
  },
  "canClimb": true,
  "eyeHeight": 1.2,
  "drops": [],
  "client": {
    "renderer": "Shape",
    "shapeByType": {
      "lonehuntergoblin-normal": {
        "base": "entity/land/goblin_pelted"
      },
      "lonehuntergoblin-pelted": {
        "base": "entity/land/goblin_pelted"
      }
    },
    "texturesByType": {
      "lonehuntergoblin-normal": {
        "skin": {
          "base": "entity/goblin/goblin_pelted_texture"
        }
      },
      "lonehuntergoblin-pelted": {
        "skin": {
          "base": "entity/goblin/goblin_pelted_texture"
        }
      }
    },
    "behaviors": [
      {
        "code": "repulseagents"
      },
      {
        "code": "controlledphysics",
        "stepHeight": 1.1251
      },
      {
        "code": "floatupwhenstuck",
        "onlyWhenDead": true
      },
      {
        "code": "interpolateposition"
      },
      {
        "code": "harvestable",
        "duration": 2
      }
    ],
    "animations": [
      {
        "code": "hurt",
        "animation": "standhurt",
        "animationSpeed": 2,
        "weight": 10,
        "blendMode": "AddAverage"
      },
      {
        "code": "die",
        "animation": "standdie",
        "animationSpeed": 0.7,
        "weight": 10,
        "blendMode": "Average",
        "triggeredBy": {
          "onControls": [
            "dead"
          ]
        }
      },
      {
        "code": "idle",
        "animation": "standidle",
        "blendMode": "Average",
        "triggeredBy": {
          "defaultAnim": true
        }
      }
    ]
  },
  "server": {
    "behaviors": [
      {
        "code": "repulseagents"
      },
      {
        "code": "controlledphysics",
        "stepHeight": 1.1251
      },
      {
        "code": "health",
        "currenthealthByType": {
          "lonehuntergoblin-normal": 7,
          "lonehuntergoblin-pelted": 7
        },
        "maxhealthByType": {
          "lonehuntergoblin-normal": 7,
          "lonehuntergoblin-pelted": 7
        }
      },
      {
        "code": "deaddecay",
        "hoursToDecay": 3
      },
      {
        "code": "floatupwhenstuck",
        "onlyWhenDead": true
      },
      {
        "code": "despawn",
        "minPlayerDistance": 8,
        "minSeconds": 300
      },
      {
        "code": "emotionstates",
        "states": [
          {
            "code": "fleeondamage",
            "duration": 10,
            "chanceByType": {
              "lonehuntergoblin-normal": 0.05,
              "lonehuntergoblin-pelted": 0.05
            },
            "slot": 0,
            "priority": 1,
            "accumType": "max"
          }
        ]
      },
      {
        "code": "taskai",
        "aitasks": [
          {
            "code": "fleeentity",
            "entityCodes": [
              "player",
              "dragon-*"
            ],
            "priority": 2.5,
            "movespeed": 0.035,
            "seekingRange": 12,
            "cancelOnHurt": true,
            "animationSpeed": 1.3,
            "whenInEmotionState": "fleeondamage",
            "animation": "standrun"
          },
          {
            "code": "meleeattack",
            "entityCodes": [
              "player",
              "fox-female",
              "fox-male",
              "hare-male-*",
              "hare-female-*",
              "fox-arctic-male",
              "fox-arctic-female",
              "treant-walnut",
              "treant-oak",
              "treant-pine",
              "ent-shepherd-normal",
              "slime-blue",
              "slime-green",
              "dragon-*"
            ],
            "priority": 2,
            "damageByType": {
              "lonehuntergoblin-normal": 6,
              "lonehuntergoblin-pelted": 6
            },
            "damageTierByType": {
              "lonehuntergoblin-normal": 1,
              "lonehuntergoblin-pelted": 1
            },
            "mincooldown": 500,
            "maxcooldown": 1750,
            "damagePlayerAtMs": 400,
            "attackDurationMs": 1000,
            "animation": "standattack",
            "animationSpeed": 1.5
          },
          {
            "code": "seekentity",
            "entityCodes": [
              "player",
              "fox-female",
              "fox-male",
              "hare-male-*",
              "hare-female-*",
              "fox-arctic-male",
              "fox-arctic-female",
              "treant-walnut",
              "treant-oak",
              "treant-pine",
              "ent-shepherd-normal",
              "slime-blue",
              "slime-green",
              "dragon-*"
            ],
            "priority": 1.5,
            "mincooldown": 400,
            "maxcooldown": 800,
            "movespeed": 0.035,
            "seekingRange": 15,
            "animationSpeed": 1.3,
            "animation": "standrun",
            "sound": "fantasycreatures:creature/goblin_idle1"
          },
          {
            "code": "idle",
            "priority": 1.2,
            "priorityForCancel": 1.35,
            "minduration": 4000,
            "maxduration": 6000,
            "chance": 0.001,
            "initialMinCoolDown": 2000,
            "initialMaxCoolDown": 150000,
            "mincooldown": 300000,
            "maxcooldown": 10000000,
            "animation": "standidle",
            "animationSpeed": 1.25
          },
          {
            "code": "wander",
            "priority": 1.0,
            "movespeed": 0.01,
            "animationSpeed": 1.2,
            "animation": "standlowwalk",
            "preferredLightLevel": 15
          },
          {
            "code": "wander",
            "priority": 0.99,
            "priorityForCancel": 1.1,
            "movespeed": 0.008,
            "animationSpeed": 1.1,
            "animation": "standlowwalk",
            "preferredLightLevel": 15
          },
          {
            "code": "getoutofwater",
            "priority": 1.4,
            "movespeed": 0.01,
            "animation": "standlowwalk",
            "animationSpeed": 1.6
          },
          {
            "code": "lookaround",
            "priority": 0.5
          }
        ]
      },
      {
        "code": "harvestable",
        "duration": 2,
        "dropsByType": {
          "lonehuntergoblin-normal": [
            {
              "type": "item",
              "code": "game:gear-temporal",
              "quantity": {
                "avg": 0.03,
                "var": 0
              }
            },
            {
              "type": "item",
              "code": "game:flaxfibers",
              "quantity": {
                "avg": 0.2,
                "var": 0
              }
            },
            {
              "type": "item",
              "code": "game:axe-andesite",
              "quantity": {
                "avg": 0.5,
                "var": 0
              }
            }
          ],
          "lonehuntergoblin-pelted": [
            {
              "type": "item",
              "code": "game:gear-temporal",
              "quantity": {
                "avg": 0.03,
                "var": 0
              }
            },
            {
              "type": "item",
              "code": "game:flaxfibers",
              "quantity": {
                "avg": 0.2,
                "var": 0
              }
            },
            {
              "type": "item",
              "code": "game:axe-andesite",
              "quantity": {
                "avg": 0.5,
                "var": 0
              }
            }
          ]
        }
      }
    ],
    "spawnconditions": {
      "worldgen": {
        "group": "hostile",
        "TriesPerChunk": {
          "avg": 0.0005,
          "var": 0.0001
        },
        "tryOnlySurface": true,
        "groupSize": {
          "dist": "verynarrowgaussian",
          "avg": 0.25,
          "var": 0
        },
        "insideBlockCodes": [
          "game:air",
          "game:tallgrass",
          "game:snowlayer-1"
        ],
        "minTemp": -10,
        "maxTemp": 20,
        "minRain": 0.25,
        "minForestOrShrubs": 0.25,
        "maxForest": 0.75,
        "maxShrubs": 0.75
      },
      "runtime": {
        "group": "hostile",
        "tryOnlySurface": true,
        "chance": 0.0005,
        "minDistanceToPlayer": 40,
        "maxQuantity": 1,
        "maxLightLevel": 32,
        "lightLevelType": "onlyBlockLight",
        "groupSize": {
          "dist": "verynarrowgaussian",
          "avg": 0.25,
          "var": 0
        },
        "insideBlockCodes": [
          "game:air",
          "game:tallgrass",
          "game:snowlayer-1"
        ],
        "minTemp": -15,
        "maxTemp": 20,
        "minRain": 0.25,
        "minForestOrShrubs": 0.25,
        "maxForest": 0.75,
        "maxShrubs": 0.75
      }
    }
  },
  "idleSoundRange": 14,
  "sounds": {
    "hurt": "fantasycreatures:creature/goblin_hurt1",
    "death": "fantasycreatures:creature/goblin_death",
    "idle": "fantasycreatures:creature/goblin_laugh_idle"
  }
}