{
  "textureWidth":16,
  "textureHeight":16,
  "textures":{
    "grip":"game:block/leather/plain"
  },
  "textureSizes":{
    "grip":[
      32,
      32
    ]
  },
  "elements":[
    {
      "name":"origin",
      "from":[
        11.0,
        0.5354726910591125,
        7.699999988079071
      ],
      "to":[
        11.0,
        0.5354726910591125,
        7.699999988079071
      ],
      "rotationOrigin":[
        8.0,
        0.0,
        8.0
      ],
      "group":"regular_fabric",
      "faces":{
        "north":{
          "texture":"#0",
          "uv":[
            0,
            0,
            4,
            4
          ],
          "autoUv":false
        },
        "east":{
          "texture":"#0",
          "uv":[
            0,
            0,
            4,
            4
          ],
          "autoUv":false
        },
        "south":{
          "texture":"#0",
          "uv":[
            0,
            0,
            4,
            4
          ],
          "autoUv":false
        },
        "west":{
          "texture":"#0",
          "uv":[
            0,
            0,
            4,
            4
          ],
          "autoUv":false
        },
        "up":{
          "texture":"#grip",
          "uv":[
            0.0,
            0.0,
            1.0,
            1.0
          ],
          "autoUv":false,
          "rotation":180
        },
        "down":{
          "texture":"#0",
          "uv":[
            0,
            0,
            4,
            4
          ],
          "autoUv":false
        }
      },
      "children":[
        {
          "name":"regular_fabric1",
          "from":[
            -9.845837354660034,
            -0.4811519384384155,
            -0.5180401802062988
          ],
          "to":[
            -4.172832489013672,
            1.0125869512557983,
            0.9877692461013794
          ],
          "rotationOrigin":[
            -7.009335041046143,
            0.2657175064086914,
            0.23486453294754028
          ],
          "group":"regular_fabric",
          "faces":{
            "north":{
              "texture":"#grip",
              "uv":[
                20.0,
                18.0,
                28.9999942779541,
                21.002338409423828
              ],
              "autoUv":false
            },
            "east":{
              "texture":"#grip",
              "uv":[
                15.0,
                11.172750473022461,
                18.002338409423828,
                13.767162322998047
              ],
              "autoUv":false,
              "rotation":90
            },
            "south":{
              "texture":"#grip",
              "uv":[
                16.0,
                22.000000953674316,
                24.999998092651367,
                25.002336502075195
              ],
              "autoUv":false
            },
            "west":{
              "texture":"#grip",
              "uv":[
                18.000001907348633,
                11.232837677001953,
                21.002336502075195,
                13.827247619628906
              ],
              "autoUv":false,
              "rotation":90
            },
            "up":{
              "texture":"#grip",
              "uv":[
                6.000000476837158,
                15.172746658325195,
                15.000000953674316,
                17.76716136932373
              ],
              "autoUv":false
            },
            "down":{
              "texture":"#grip",
              "uv":[
                20.000001907348633,
                21.827248573303223,
                11.0,
                19.232836723327637
              ],
              "autoUv":false
            }
          },
          "children":[]
        }
      ]
    }
  ],
  "groups":[]
}