{
	"editor": {
		"backDropShape": "E:/Programs/VSModelCreator/seraph-hairless",
		"collapsedPaths": "Root/GamCoatL,Root/GamCoatR",
		"allAngles": true,
		"entityTextureMode": true
	},
	"textureWidth": 64,
	"textureHeight": 64,
	"textureSizes": {
	},
	"textures": {
	},
	"elements": [
		{
			"name": "ArmorUpperArmR",
			"stepParentName": "UpperArmR",
			"from": [ -0.15, -0.15, -0.225 ],
			"to": [ 2.325, 5.4, 1.575 ],
			"uv": [ 36.0, 0.0 ],
			"rotationOrigin": [ -0.15, -0.15, -0.225 ],
			"faces": {
				"north": { "texture": "#material", "uv": [ 36.0, 2.0, 39.0, 9.0 ], "autoUv": false },
				"east": { "texture": "#material", "uv": [ 39.0, 2.0, 41.0, 9.0 ], "autoUv": false },
				"south": { "texture": "#material", "uv": [ 41.0, 2.0, 44.0, 9.0 ], "autoUv": false },
				"west": { "texture": "#material", "uv": [ 44.0, 2.0, 46.0, 9.0 ], "autoUv": false },
				"up": { "texture": "#material", "uv": [ 36.0, 0.0, 39.0, 2.0 ], "autoUv": false },
				"down": { "texture": "#material", "uv": [ 39.0, 0.0, 42.0, 2.0 ], "autoUv": false }
			}
		},
		{
			"name": "ArmorUpperArmL",
			"stepParentName": "UpperArmL",
			"from": [ -0.15, -0.15, -0.15 ],
			"to": [ 2.325, 5.4, 1.65 ],
			"uv": [ 26.0, 0.0 ],
			"rotationOrigin": [ -0.15, -0.15, -0.15 ],
			"faces": {
				"north": { "texture": "#material", "uv": [ 26.0, 2.0, 29.0, 9.0 ], "autoUv": false },
				"east": { "texture": "#material", "uv": [ 29.0, 2.0, 31.0, 9.0 ], "autoUv": false },
				"south": { "texture": "#material", "uv": [ 31.0, 2.0, 34.0, 9.0 ], "autoUv": false },
				"west": { "texture": "#material", "uv": [ 34.0, 2.0, 36.0, 9.0 ], "autoUv": false },
				"up": { "texture": "#material", "uv": [ 26.0, 0.0, 29.0, 2.0 ], "autoUv": false },
				"down": { "texture": "#material", "uv": [ 29.0, 0.0, 32.0, 2.0 ], "autoUv": false }
			}
		},
		{
			"name": "ArmorLowerArmR",
			"stepParentName": "LowerArmR",
			"from": [ -0.15, 1.8, -0.1875 ],
			"to": [ 2.025, 6.15, 1.6875 ],
			"uv": [ 36.0, 9.0 ],
			"rotationOrigin": [ -0.15, 1.35, -0.3 ],
			"faces": {
				"north": { "texture": "#material", "uv": [ 36.0, 11.5, 38.5, 17.0 ], "autoUv": false },
				"east": { "texture": "#material", "uv": [ 38.5, 11.5, 41.0, 17.0 ], "autoUv": false },
				"south": { "texture": "#material", "uv": [ 41.0, 11.5, 43.5, 17.0 ], "autoUv": false },
				"west": { "texture": "#material", "uv": [ 43.5, 11.5, 46.0, 17.0 ], "autoUv": false },
				"up": { "texture": "#material", "uv": [ 36.0, 9.0, 38.5, 11.5 ], "autoUv": false },
				"down": { "texture": "#material", "uv": [ 38.5, 9.0, 41.0, 11.5 ], "autoUv": false }
			}
		},
		{
			"name": "ArmorLowerArmL",
			"stepParentName": "LowerArmL",
			"from": [ -0.15, 1.8, -0.1875 ],
			"to": [ 2.025, 6.15, 1.6875 ],
			"uv": [ 26.0, 9.0 ],
			"rotationOrigin": [ -0.15, 1.35, -0.225 ],
			"faces": {
				"north": { "texture": "#material", "uv": [ 26.0, 11.5, 28.5, 17.0 ], "autoUv": false },
				"east": { "texture": "#material", "uv": [ 28.5, 11.5, 31.0, 17.0 ], "autoUv": false },
				"south": { "texture": "#material", "uv": [ 31.0, 11.5, 33.5, 17.0 ], "autoUv": false },
				"west": { "texture": "#material", "uv": [ 33.5, 11.5, 36.0, 17.0 ], "autoUv": false },
				"up": { "texture": "#material", "uv": [ 26.0, 9.0, 28.5, 11.5 ], "autoUv": false },
				"down": { "texture": "#material", "uv": [ 28.5, 9.0, 31.0, 11.5 ], "autoUv": false }
			}
		}
	]}