[
 	{
  "ingredientPattern": "SSS,SRS,SSS",
  "requiresTrait": "culinary",
  "ingredients": {
	"R": {
      "type": "item", 
	  "code": "game:redmeat-cured", "quantity": 2
    },
	"S": {
      "type": "item", 
	  "code": "game:salt", "quantity": 1
    }
	},
  "width": 3,
  "height": 3,
  "shapeless": false,
  "output": { "type": "item", "code": "game:redmeat-vintage", "quantity": 1  }
	},
  {
    "ingredientPattern": "H,P,C",
    "requiresTrait": "culinary",
    "shapeless": true,
    "ingredients": {
      "P": {
        "type": "item",
        "code": "game:metalplate-copper",
        "quantity": 1
      },
      "H": {
        "type": "item",
        "code": "game:hammer-*",
        "isTool": true
      },
      "C": {
        "type": "block",
        "code": "game:claypot-burned"
      }
    },
    "width": 1,
    "height": 3,
    "averageDurability": false,
    "output": {
      "type": "block",
      "code": "allclasses:coppercookingpot-burned",
      "quantity": 1
    }
    },
  {
    "ingredientPattern": "H,P,C",
    "requiresTrait": "culinary",
    "shapeless": true,
    "ingredients": {
      "P": {
        "type": "item",
        "code": "game:metalplate-bismuthbronze",
        "quantity": 1
      },
      "H": {
        "type": "item",
        "code": "game:hammer-*",
        "isTool": true
      },
      "C": {
        "type": "block",
        "code": "allclasses:coppercookingpot-burned"
      }
    },
    "width": 1,
    "height": 3,
    "averageDurability": false,
    "output": {
      "type": "block",
      "code": "allclasses:bronzecookingpot-burned",
      "quantity": 1
    }
    },
  {
    "ingredientPattern": "H,P,C",
    "requiresTrait": "culinary",
    "shapeless": true,
    "ingredients": {
      "P": {
        "type": "item",
        "code": "game:metalplate-iron",
        "quantity": 1
      },
      "H": {
        "type": "item",
        "code": "game:hammer-*",
        "isTool": true
      },
      "C": {
        "type": "block",
        "code": "allclasses:bronzecookingpot-burned"
      }
    },
    "width": 1,
    "height": 3,
    "averageDurability": false,
    "output": {
      "type": "block",
      "code": "allclasses:ironcookingpot-burned",
      "quantity": 1
    }
  },
  {
    "ingredientPattern": "_H_,_PU,_C_",
    "requiresTrait": "culinary",
    "shapeless": true,
    "ingredients": {
      "P": {
        "type": "item",
        "code": "game:metalplate-meteoriciron",
        "quantity": 1
      },
      "U": {
        "type": "item",
        "code": "game:rod-meteoriciron",
        "quantity": 1
      },
      "H": {
        "type": "item",
        "code": "game:hammer-*",
        "isTool": true
      },
      "C": {
        "type": "block",
        "code": "allclasses:ironcookingpot-burned"
      }
    },
    "width": 3,
    "height": 3,
    "averageDurability": false,
    "output": {
      "type": "block",
      "code": "allclasses:meteoricironcookingpot-burned",
      "quantity": 1
    }
  },
  {
    "ingredientPattern": "_H_,UPU,_C_",
    "requiresTrait": "culinary",
    "shapeless": true,
    "ingredients": {
      "P": {
        "type": "item",
        "code": "game:metalplate-steel",
        "quantity": 1
      },
      "U": {
        "type": "item",
        "code": "game:rod-steel",
        "quantity": 1
      },
      "H": {
        "type": "item",
        "code": "game:hammer-*",
        "isTool": true
      },
      "C": {
        "type": "block",
        "code": "allclasses:ironcookingpot-burned"
      }
    },
    "width": 3,
    "height": 3,
    "averageDurability": false,
    "output": {
      "type": "block",
      "code": "allclasses:steelcookingpot-burned",
      "quantity": 1
    }
  },
  {
    "ingredientPattern": "_H_,UP_,_C_",
    "requiresTrait": "culinary",
    "shapeless": true,
    "ingredients": {
      "P": {
        "type": "item",
        "code": "game:metalplate-gold",
        "quantity": 1
      },
      "U": {
        "type": "item",
        "code": "game:rod-gold",
        "quantity": 1
      },
      "H": {
        "type": "item",
        "code": "game:hammer-*",
        "isTool": true
      },
      "C": {
        "type": "block",
        "code": "allclasses:ironcookingpot-burned"
      }
    },
    "width": 3,
    "height": 3,
    "averageDurability": false,
    "output": {
      "type": "block",
      "code": "allclasses:goldplatedcookingpot-burned",
      "quantity": 1
    }
  },
  {
    "ingredientPattern": "_H_,_PU,_C_",
    "requiresTrait": "culinary",
    "shapeless": true,
    "ingredients": {
      "P": {
        "type": "item",
        "code": "game:metalplate-tinbronze",
        "quantity": 1
      },
      "U": {
        "type": "item",
        "code": "game:rod-tinbronze",
        "quantity": 1
      },
      "H": {
        "type": "item",
        "code": "game:hammer-*",
        "isTool": true
      },
      "C": {
        "type": "block",
        "code": "allclasses:coppercookingpot-burned"
      }
    },
    "width": 3,
    "height": 3,
    "averageDurability": false,
    "output": {
      "type": "block",
      "code": "game:dirtyclaypot-tinbronze-empty",
      "quantity": 1
    }
  },
  {
    "ingredientPattern": "_H_,UPU,_C_",
    "requiresTrait": "culinary",
    "shapeless": true,
    "ingredients": {
      "P": {
        "type": "item",
        "code": "game:metalplate-gold",
        "quantity": 1
      },
      "U": {
        "type": "item",
        "code": "game:rod-blackbronze",
        "quantity": 1
      },
      "H": {
        "type": "item",
        "code": "game:hammer-*",
        "isTool": true
      },
      "C": {
        "type": "block",
        "code": "allclasses:ironcookingpot-burned"
      }
    },
    "width": 3,
    "height": 3,
    "averageDurability": false,
    "output": {
      "type": "block",
      "code": "game:dirtyclaypot-blackbronze-empty",
      "quantity": 1
    }
  }
]