[
	{
		"ingredientPattern": "A_,_W,",
		"requiresTrait": "carpenter",
		"ingredients": {
			"A": {
				"type": "item",
				"code": "game:axe-*",
				"isTool": true
			},
			"W": {
				"type": "block",
				"code": "game:log-*"
			}
		},
		"width": 2,
		"height": 2,
		"output": {
			"type": "item",
			"code": "game:firewood",
			"quantity": 6
		}
	},
	{
		"ingredientPattern": "A_,_W,",
		"requiresTrait": "carpenter",
		"ingredients": {
			"A": {
				"type": "item",
				"code": "game:axe-*",
				"isTool": true
			},
			"W": {
				"type": "block",
				"code": "game:logsection-*"
			}
		},
		"width": 2,
		"height": 2,
		"output": {
			"type": "item",
			"code": "game:firewood",
			"quantity": 6
		}
	},
	{
		"ingredientPattern": "AW",
		"requiresTrait": "carpenter",
		"ingredients": {
			"A": {
				"type": "item",
				"code": "game:axe-*",
				"isTool": true
			},
			"W": {
				"type": "item",
				"code": "game:firewood",
				"quantity": 2
			}
		},
		"width": 2,
		"height": 1,
		"recipeGroup": 2,
		"shapeless": false,
		"output": {
			"type": "item",
			"code": "game:stick",
			"quantity": 4
		}
	},
	{
		"ingredientPattern": "ALL",
		"requiresTrait": "carpenter",
		"ingredients": {
			"A": {
				"type": "item",
				"code": "game:saw-*",
				"isTool": true
			},
			"L": {
				"type": "block",
				"code": "game:log-placed-*-ud",
				"allowedVariants": [
					"aged",
					"birch",
					"oak",
					"maple",
					"pine",
					"acacia",
					"kapok",
					"redwood",
					"larch",
					"baldcypress",
					"walnut",
					"ebony",
					"purpleheart"
				],
				"name": "wood"
			}
		},
		"width": 3,
		"height": 1,
		"recipeGroup": 3,
		"shapeless": false,
		"output": {
			"type": "item",
			"code": "game:plank-{wood}",
			"quantity": 32
		}
	},
	{
		"ingredientPattern": "ALL",
		"requiresTrait": "carpenter",
		"ingredients": {
			"A": {
				"type": "item",
				"code": "game:saw-*",
				"isTool": true
			},
			"L": {
				"type": "block",
				"code": "game:logsection-placed-*-ne-ud",
				"allowedVariants": [
					"aged",
					"birch",
					"oak",
					"maple",
					"pine",
					"acacia",
					"kapok",
					"redwood",
					"larch",
					"baldcypress",
					"walnut",
					"ebony",
					"purpleheart"
				],
				"name": "wood"
			}
		},
		"width": 3,
		"height": 1,
		"recipeGroup": 3,
		"shapeless": false,
		"output": {
			"type": "item",
			"code": "game:plank-{wood}",
			"quantity": 32
		}
	},
	{
		"ingredientPattern": "PYP,YTY,PYP",
		"requiresTrait": "carpenter",
		"ingredients": {
			"P": {
				"type": "item",
				"code": "game:plank-*"
			},
			"Y": {
				"type": "item",
				"code": "game:paper-parchment"
			},
			"T": {
				"type": "block",
				"code": "game:torch-basic-lit-up"
			}
		},
		"width": 3,
		"height": 3,
		"shapeless": false,
		"output": {
			"type": "block",
			"code": "game:paperlantern-on",
			"quantity": 1
		}
	},
	{
		"ingredientPattern": "P",
		"requiresTrait": "carpenter",
		"ingredients": {
			"P": {
				"type": "block",
				"code": "game:paperlantern-on"
			}
		},
		"width": 1,
		"height": 1,
		"shapeless": true,
		"output": {
			"type": "block",
			"code": "game:paperlantern-off",
			"quantity": 1
		}
	},
	{
		"ingredientPattern": "P",
		"requiresTrait": "carpenter",
		"ingredients": {
			"P": {
				"type": "block",
				"code": "game:paperlantern-off"
			}
		},
		"width": 1,
		"height": 1,
		"shapeless": true,
		"output": {
			"type": "block",
			"code": "game:paperlantern-on",
			"quantity": 1
		}
	},
	{
		"ingredientPattern": "_P_,PYP,_P_",
		"requiresTrait": "carpenter",
		"ingredients": {
			"P": {
				"type": "item",
				"code": "game:stick",
				"quantity": 4
			},
			"Y": {
				"type": "item",
				"code": "game:metalplate-molybdochalkos"
			}
		},
		"width": 3,
		"height": 3,
		"shapeless": false,
		"output": {
			"type": "block",
			"code": "game:wagonwheels-spoked-west",
			"quantity": 4
		}
	},
	{
		"ingredientPattern": "_PW,PYP,WP_",
		"requiresTrait": "carpenter",
		"ingredients": {
			"P": {
				"type": "item",
				"code": "game:stick",
				"quantity": 4
			},
			"Y": {
				"type": "item",
				"code": "game:metalplate-molybdochalkos"
			},
			"W": {
				"type": "block",
				"code": "game:log-*"
			}
		},
		"width": 3,
		"height": 3,
		"shapeless": false,
		"output": {
			"type": "block",
			"code": "game:wagonwheels-spoked-longaxle-west",
			"quantity": 4
		}
	},
	{
		"ingredientPattern": "_P_,PYP,_P_",
		"requiresTrait": "carpenter",
		"ingredients": {
			"P": {
				"type": "item",
				"code": "game:plank-*",
				"quantity": 4
			},
			"Y": {
				"type": "item",
				"code": "game:metalplate-molybdochalkos"
			}
		},
		"width": 3,
		"height": 3,
		"shapeless": false,
		"output": {
			"type": "block",
			"code": "game:wagonwheels-solid-west",
			"quantity": 4
		}
	},
	{
		"ingredientPattern": "_PW,PYP,WP_",
		"requiresTrait": "carpenter",
		"ingredients": {
			"P": {
				"type": "item",
				"code": "game:plank-*",
				"quantity": 4
			},
			"Y": {
				"type": "item",
				"code": "game:metalplate-molybdochalkos"
			},
			"W": {
				"type": "block",
				"code": "game:log-*"
			}
		},
		"width": 3,
		"height": 3,
		"shapeless": false,
		"output": {
			"type": "block",
			"code": "game:wagonwheels-solid-longaxle-west",
			"quantity": 4
		}
	},
	{
		"ingredientPattern": "_PW,PYP,WP_",
		"requiresTrait": "carpenter",
		"ingredients": {
			"P": {
				"type": "item",
				"code": "game:plank-*",
				"quantity": 4
			},
			"Y": {
				"type": "item",
				"code": "game:metalplate-iron"
			},
			"W": {
				"type": "block",
				"code": "game:log-*"
			}
		},
		"width": 3,
		"height": 3,
		"shapeless": false,
		"output": {
			"type": "block",
			"code": "game:wagonwheels-large-west",
			"quantity": 4
		}
	},
	{
		"ingredientPattern": "_P_,PYP,_P_",
		"requiresTrait": "carpenter",
		"ingredients": {
			"P": {
				"type": "item",
				"code": "game:plank-*",
				"quantity": 4
			},
			"Y": {
				"type": "item",
				"code": "game:metalplate-iron"
			}
		},
		"width": 3,
		"height": 3,
		"shapeless": false,
		"output": {
			"type": "block",
			"code": "game:wagonwheels-large-longaxle-west",
			"quantity": 4
		}
	},
	{
		"ingredientPattern": "S,P",
		"requiresTrait": "carpenter",
		"ingredients": {
			"S": {
				"type": "item",
				"code": "game:saw-*",
				"isTool": true
			},
			"P": {
				"type": "item",
				"code": "game:plank-*"
			}
		},
		"width": 1,
		"height": 2,
		"recipeGroup": 2,
		"shapeless": true,
		"output": {
			"type": "block",
			"code": "game:woodenpath-ns",
			"quantity": 2
		}
	},
	{
		"ingredientPattern": "KC,_R,_P",
		"requiresTrait": "carpenter",
		"shapeless": true,
		"ingredients": {
		  "C": {
			"type": "item",
			"code": "game:cloth-blue",
			"quantity": 1
		  },
		  "K": {
			"type": "item",
			"code": "game:knife-*",
			"isTool": true
		  },
		  "R": {
			"type": "item",
			"code": "game:resin"
		  },
		  "P": {
			"type": "block",
			"code": "game:planks-aged-ud"
		  }
		},
		"width": 2,
		"height": 3,
		"output": {
		  "type": "block",
		  "code": "game:agedwallpaperplanks-blue-east",
		  "quantity": 1
		}
	},
	{
		"ingredientPattern": "KC,_R,_P",
		"requiresTrait": "carpenter",
		"shapeless": true,
		"ingredients": {
		  "C": {
			"type": "item",
			"code": "game:cloth-green",
			"quantity": 1
		  },
		  "K": {
			"type": "item",
			"code": "game:knife-*",
			"isTool": true
		  },
		  "R": {
			"type": "item",
			"code": "game:resin"
		  },
		  "P": {
			"type": "block",
			"code": "game:planks-aged-ud"
		  }
		},
		"width": 2,
		"height": 3,
		"output": {
		  "type": "block",
		  "code": "game:agedwallpaperplanks-green-east",
		  "quantity": 1
		}
	},
	{
		"ingredientPattern": "KC,_R,_P",
		"requiresTrait": "carpenter",
		"shapeless": true,
		"ingredients": {
		  "C": {
			"type": "item",
			"code": "game:cloth-gray",
			"quantity": 1
		  },
		  "K": {
			"type": "item",
			"code": "game:knife-*",
			"isTool": true
		  },
		  "R": {
			"type": "item",
			"code": "game:resin"
		  },
		  "P": {
			"type": "block",
			"code": "game:planks-aged-ud"
		  }
		},
		"width": 2,
		"height": 3,
		"output": {
		  "type": "block",
		  "code": "game:agedwallpaperplanks-grey-east",
		  "quantity": 1
		}
	},
	{
		"ingredientPattern": "SD",
		"requiresTrait": "carpenter",
		"ingredients": {
			"S": {
				"type": "item",
				"code": "game:saw-*",
				"isTool": true
			},
			"D": {
				"type": "block",
				"code": "game:door-solid-*",
				"allowedVariants": [
					"aged",
					"birch",
					"oak",
					"maple",
					"pine",
					"acacia",
					"kapok",
					"redwood",
					"larch",
					"baldcypress",
					"walnut",
					"ebony",
					"purpleheart"
				],
				"name": "wood","returnedStack": {
					"type": "item",
					"code": "game:plank-{wood}",
					"quantity": 2
	}
			}
		},
		"width": 2,
		"height": 1,
		"recipeGroup": 3,
		"shapeless": false,
		"output": {
			"type": "block",
			"code": "game:door-sleek-windowed-{wood}",
			"quantity": 1
		}
	}
]