[
    {
        "ingredientPattern": "H,C,R",
        "requiresTrait": "mercantile",
        "width": 1,
        "height": 3,
        "ingredients": {
            "H": {
                "type": "item",
                "code": "game:hammer-*",
                "isTool": true	
            },
            "C": {
                "type": "item",
                "code": "game:chisel-*",
                "isTool": true	
            },
            "R": {
                "type": "item",
                "code": "game:ingot-gold",
            "quantity": 1
            }
        },
        "output": {
            "type": "item",
            "code": "game:gear-rusty",
            "quantity": 4
        }
    }
]