[
	{
		"ingredientPattern": "AA",
        "requiresTrait": "transcription",
		"ingredients": {
			"A": {
				"type": "item",
				"code": "game:cattailtops"
			}
		},
		"width": 2,
		"height": 1,
		"shapeless": false,
		"output": {
			"type": "item",
			"code": "game:paper-parchment",
			"quantity": 2
		}
	},
	{
		"ingredientPattern": "AA",
    "requiresTrait": "transcription",
		"ingredients": {
			"A": {
				"type": "item",
				"code": "game:papyrustops"
			}
		},
		"width": 2,
		"height": 1,
		"shapeless": false,
		"output": {
			"type": "item",
			"code": "game:paper-parchment",
			"quantity": 2
		}
	},
	{
		"ingredientPattern": "AA",
    "requiresTrait": "transcription",
		"ingredients": {
			"A": {
				"type": "item",
				"code": "game:thatch"
			}
		},
		"width": 2,
		"height": 1,
		"shapeless": false,
		"output": {
			"type": "item",
			"code": "game:paper-parchment",
			"quantity": 2
		}
	},
    {
  "ingredientPattern": "___,DDD,DDD",
  "requiresTrait": "transcription",
    "ingredients": {
		"D": { "type": "block", "code": "game:packeddirt"}
    },
    "output": { "type": "block", "code": "game:soil-low-none", "quantity": 6}
    },
    {
  "ingredientPattern": "D_D,_S_,P_P",
  "requiresTrait": "transcription",
  "width": 3,
  "height": 3,
    "ingredients": {
		"D": { "type": "item", "code": "game:thatch"},
        "S": { "type": "item", "code": "game:stick"},      
        "P": { "type": "item", "code": "game:paper-parchment"}      
    },
    "output": { "type": "item", "code": "game:creature-butterfly-redadmiral", "quantity": 1}
    },
    {
  "ingredientPattern": "CSR",
  "requiresTrait": "transcription",
  "width": 3,
  "height": 1,
    "ingredients": {
		"S": { "type": "item", "code": "game:shears-*", "isTool": true },
        "C": { "type": "item", "code": "game:cloth-black", "quantity": 2},
        "R": { "type": "item", "code": "game:resin"}      
    },
    "output": { "type": "block", "code": "game:smallcarpet-black", "quantity": 2}
    },
    {
  "ingredientPattern": "CSR",
  "requiresTrait": "transcription",
  "width": 3,
  "height": 1,
    "ingredients": {
		"S": { "type": "item", "code": "game:shears-*", "isTool": true },
        "C": { "type": "item", "code": "game:cloth-blue", "quantity": 2},
        "R": { "type": "item", "code": "game:resin"}      
    },
    "output": { "type": "block", "code": "game:smallcarpet-blue", "quantity": 2}
    },
    {
  "ingredientPattern": "CSR",
  "requiresTrait": "transcription",
  "width": 3,
  "height": 1,
    "ingredients": {
		"S": { "type": "item", "code": "game:shears-*", "isTool": true },
        "C": { "type": "item", "code": "game:cloth-brown", "quantity": 2},
        "R": { "type": "item", "code": "game:resin"}      
    },
    "output": { "type": "block", "code": "game:smallcarpet-brown", "quantity": 2}
    },
    {
  "ingredientPattern": "CSR",
  "requiresTrait": "transcription",
  "width": 3,
  "height": 1,
    "ingredients": {
		"S": { "type": "item", "code": "game:shears-*", "isTool": true },
        "C": { "type": "item", "code": "game:cloth-purple", "quantity": 2},
        "R": { "type": "item", "code": "game:resin"}      
    },
    "output": { "type": "block", "code": "game:smallcarpet-purple", "quantity": 2}
    },
    {
  "ingredientPattern": "CSR",
  "requiresTrait": "transcription",
  "width": 3,
  "height": 1,
    "ingredients": {
		"S": { "type": "item", "code": "game:shears-*", "isTool": true },
        "C": { "type": "item", "code": "game:cloth-red", "quantity": 2},
        "R": { "type": "item", "code": "game:resin"}      
    },
    "output": { "type": "block", "code": "game:smallcarpet-red", "quantity": 2}
    },
    {
  "ingredientPattern": "CDC,RSR",
  "requiresTrait": "transcription", 
  "width": 3,
  "height": 2,
    "ingredients": {
		"S": { "type": "item", "code": "game:shears-*", "isTool": true },
    "C": { "type": "item", "code": "game:cloth-blue", "quantity": 1},
		"D": { "type": "item", "code": "game:cloth-green", "quantity": 1},
    "R": { "type": "item", "code": "game:resin"}      
    },
    "output": { "type": "block", "code": "game:smallcarpet-turqoise", "quantity": 3}
    },
    {
  "ingredientPattern": "CDC,RSR,GGG",
  "requiresTrait": "transcription",
  "width": 3,
  "height": 3,
    "ingredients": {
		"S": { "type": "item", "code": "game:shears-*", "isTool": true },
    "C": { "type": "item", "code": "game:cloth-blue", "quantity": 1},
		"D": { "type": "item", "code": "game:cloth-green", "quantity": 1},
		"G": { "type": "item", "code": "game:metalbit-gold", "quantity": 1},
    "R": { "type": "item", "code": "game:resin"}      
    },
    "output": { "type": "block", "code": "game:smallcarpet-turqoise2", "quantity": 3}
    }
]