[
	{
		"ingredientPattern": "_SR,SPR,_SR",
		"requiresTrait": "sentry",
		"ingredients": {
			"S": {
				"type": "item",
				"code": "game:stick"
			},
			"P": {
				"type": "item",
				"code": "game:hide-raw-large"
			},
			"R": {
				"type": "item",
				"code": "game:rope"
			}
		},
		"width": 3,
		"height": 3,
		"output": {
			"type": "item",
			"code": "game:bow-simple",
			"quantity": 1
		}
	},
	{
		"ingredientPattern": "_SR,SPR,_SR",
		"requiresTrait": "sentry",
		"ingredients": {
			"S": {
				"type": "item",
				"code": "game:stick"
			},
			"P": {
				"type": "item",
				"code": "game:hide-raw-huge"
			},
			"R": {
				"type": "item",
				"code": "game:rope"
			}
		},
		"width": 3,
		"height": 3,
		"output": {
			"type": "item",
			"code": "game:bow-simple",
			"quantity": 1
		}
	},
	{
		"ingredientPattern": "_SR,SPR,_SR",
		"requiresTrait": "sentry",
		"ingredients": {
			"S": {
				"type": "item",
				"code": "game:stick"
			},
			"P": {
				"type": "item",
				"code": "game:hide-raw-medium"
			},
			"R": {
				"type": "item",
				"code": "game:rope"
			}
		},
		"width": 3,
		"height": 3,
		"output": {
			"type": "item",
			"code": "game:bow-crude",
			"quantity": 1
		}
	},
	{
		"ingredientPattern": "_SR,SPR,_SR",
		"requiresTrait": "sentry",
		"ingredients": {
			"S": {
				"type": "item",
				"code": "game:stick"
			},
			"P": {
				"type": "item",
				"code": "game:hide-raw-small",
				"quantity": 2
			},
			"R": {
				"type": "item",
				"code": "game:rope"
			}
		},
		"width": 3,
		"height": 3,
		"output": {
			"type": "item",
			"code": "game:bow-crude",
			"quantity": 1
		}
	},
	{
		"ingredientPattern": "H,P,S",
		"requiresTrait": "sentry",
		"ingredients": {
			"H": { "type": "item", "code": "game:flint" },
			"P": { "type": "item", "code": "game:rope" },
			"S": { "type": "item", "code": "game:stick" }
		},
		"width": 1,
		"height": 3,
		"output": { "type": "item", "code": "game:arrow-crude", "quantity": 4  }
	}
]