{
	"editor": {
		"backDropShape": "C:/Users/Jesus/Documents/VintageMod/MyShapes/CHARmod/dwarf-faceless",
		"allAngles": true,
		"entityTextureMode": true
	},
	"textureWidth": 64,
	"textureHeight": 64,
	"textureSizes": {
	},
	"textures": {
	},
	"elements": [
		{
			"name": "ArmorUpperLegR",
			"stepParentName": "UpperFootR",
			"from": [ -0.19, -0.5, -0.1 ],
			"to": [ 4.41, 8.5, 3.7 ],
			"autoUnwrap": false,
			"uv": [ 17.5, 40.5 ],
			"rotationOrigin": [ -0.2, -0.5, -0.1 ],
			"faces": {
				"north": { "texture": "#material", "uv": [ 16.0, 40.0, 20.5, 49.0 ] },
				"east": { "texture": "#material", "uv": [ 20.5, 40.0, 24.0, 49.0 ] },
				"south": { "texture": "#material", "uv": [ 24.0, 40.0, 28.5, 49.0 ] },
				"west": { "texture": "#material", "uv": [ 28.5, 40.0, 32.0, 49.0 ] },
				"up": { "texture": "#material", "uv": [ 32.0, 4.0, 36.5, 7.5 ] },
				"down": { "texture": "#material", "uv": [ 36.5, 4.0, 41.0, 7.5 ] }
			}
		},
		{
			"name": "ArmorUpperLegL",
			"stepParentName": "UpperFootL",
			"from": [ -0.19, -0.5, -0.5 ],
			"to": [ 4.41, 8.5, 3.3 ],
			"autoUnwrap": false,
			"uv": [ 0.0, 40.0 ],
			"rotationOrigin": [ -0.2, -0.5, -0.5 ],
			"faces": {
				"north": { "texture": "#material", "uv": [ 0.0, 40.0, 4.5, 49.0 ] },
				"east": { "texture": "#material", "uv": [ 4.5, 40.0, 8.0, 49.0 ] },
				"south": { "texture": "#material", "uv": [ 8.0, 40.0, 12.5, 49.0 ] },
				"west": { "texture": "#material", "uv": [ 12.5, 40.0, 16.0, 49.0 ] },
				"up": { "texture": "#material", "uv": [ 32.0, 0.5, 36.5, 4.0 ] },
				"down": { "texture": "#material", "uv": [ 36.5, 0.5, 41.0, 4.0 ] }
			}
		},
		{
			"name": "ArmorLowerLegR",
			"stepParentName": "LowerFootR",
			"from": [ -0.25, -0.2, -0.25 ],
			"to": [ 4.25, 7.3, 3.25 ],
			"uv": [ 16.0, 51.0 ],
			"rotationOrigin": [ -0.25, -0.2, -0.25 ],
			"faces": {
				"north": { "texture": "#material", "uv": [ 16.0, 54.5, 20.5, 62.0 ] },
				"east": { "texture": "#material", "uv": [ 20.5, 54.5, 24.0, 62.0 ] },
				"south": { "texture": "#material", "uv": [ 24.0, 54.5, 28.5, 62.0 ] },
				"west": { "texture": "#material", "uv": [ 28.5, 54.5, 32.0, 62.0 ] },
				"up": { "texture": "#material", "uv": [ 16.0, 51.0, 20.5, 54.5 ] },
				"down": { "texture": "#material", "uv": [ 20.5, 51.0, 25.0, 54.5 ] }
			},
			"children": [
				{
					"name": "ArmorKneeSideR",
					"from": [ 1.5, 3.5, -0.5 ],
					"to": [ 5.5, 7.5, 0.0 ],
					"unwrapMode": 1,
					"uv": [ 22.0, 0.0 ],
					"rotationOrigin": [ 1.5, 7.0, -0.5 ],
					"faces": {
						"north": { "texture": "#material", "uv": [ 22.5, 0.5, 26.5, 4.5 ] },
						"east": { "texture": "#material", "uv": [ 22.0, 0.5, 22.5, 4.5 ] },
						"south": { "texture": "#material", "uv": [ 27.0, 0.5, 31.0, 4.5 ] },
						"west": { "texture": "#material", "uv": [ 26.5, 0.5, 27.0, 4.5 ] },
						"up": { "texture": "#material", "uv": [ 22.5, 0.0, 26.5, 0.5 ], "rotation": 180 },
						"down": { "texture": "#material", "uv": [ 22.5, 4.5, 26.5, 5.0 ] }
					},
					"children": [
						{
							"name": "ArmorKneeR",
							"from": [ -1.8, 1.5, 0.2 ],
							"to": [ 0.2, 4.8, 4.2 ],
							"unwrapMode": 4,
							"uv": [ 44.0, 57.0 ],
							"rotationOrigin": [ -1.8, 1.5, 0.2 ],
							"faces": {
								"north": { "texture": "#material", "uv": [ 44.0, 59.0, 46.0, 62.0 ] },
								"east": { "texture": "#material", "uv": [ 52.0, 59.0, 56.0, 62.0 ] },
								"south": { "texture": "#material", "uv": [ 50.0, 59.0, 52.0, 62.0 ] },
								"west": { "texture": "#material", "uv": [ 46.0, 59.0, 50.0, 62.0 ] },
								"up": { "texture": "#material", "uv": [ 46.0, 57.0, 50.0, 59.0 ], "rotation": 90 },
								"down": { "texture": "#material", "uv": [ 46.0, 62.0, 50.0, 64.0 ], "rotation": 90 }
							}
						}
					]
				}
			]
		},
		{
			"name": "ArmorLowerLegL",
			"stepParentName": "LowerFootL",
			"from": [ -0.25, -0.2, -0.25 ],
			"to": [ 4.25, 7.3, 3.25 ],
			"uv": [ 0.0, 51.0 ],
			"rotationOrigin": [ -0.25, -0.2, -0.25 ],
			"faces": {
				"north": { "texture": "#material", "uv": [ 0.0, 54.5, 4.5, 62.0 ] },
				"east": { "texture": "#material", "uv": [ 4.5, 54.5, 8.0, 62.0 ] },
				"south": { "texture": "#material", "uv": [ 8.0, 54.5, 12.5, 62.0 ] },
				"west": { "texture": "#material", "uv": [ 12.5, 54.5, 16.0, 62.0 ] },
				"up": { "texture": "#material", "uv": [ 0.0, 51.0, 4.5, 54.5 ] },
				"down": { "texture": "#material", "uv": [ 4.5, 51.0, 9.0, 54.5 ] }
			},
			"children": [
				{
					"name": "ArmorKneeSideL",
					"from": [ 1.5, 3.5, 3.5 ],
					"to": [ 5.5, 7.5, 4.0 ],
					"unwrapMode": 3,
					"uv": [ 12.5, 0.0 ],
					"rotationOrigin": [ 1.5, 5.1, 3.5 ],
					"faces": {
						"north": { "texture": "#material", "uv": [ 17.5, 0.5, 21.5, 4.5 ] },
						"east": { "texture": "#material", "uv": [ 17.0, 0.5, 17.5, 4.5 ] },
						"south": { "texture": "#material", "uv": [ 13.0, 0.5, 17.0, 4.5 ] },
						"west": { "texture": "#material", "uv": [ 12.5, 0.5, 13.0, 4.5 ] },
						"up": { "texture": "#material", "uv": [ 13.0, 0.0, 17.0, 0.5 ] },
						"down": { "texture": "#material", "uv": [ 13.0, 4.5, 17.0, 5.0 ], "rotation": 180 }
					},
					"children": [
						{
							"name": "ArmorKneeL",
							"from": [ -1.8, 1.5, -3.8 ],
							"to": [ 0.2, 4.8, 0.2 ],
							"unwrapMode": 4,
							"uv": [ 32.0, 57.0 ],
							"rotationOrigin": [ -1.8, 1.5, -3.8 ],
							"faces": {
								"north": { "texture": "#material", "uv": [ 32.0, 59.0, 34.0, 62.0 ] },
								"east": { "texture": "#material", "uv": [ 40.0, 59.0, 44.0, 62.0 ] },
								"south": { "texture": "#material", "uv": [ 38.0, 59.0, 40.0, 62.0 ] },
								"west": { "texture": "#material", "uv": [ 34.0, 59.0, 38.0, 62.0 ] },
								"up": { "texture": "#material", "uv": [ 34.0, 57.0, 38.0, 59.0 ], "rotation": 90 },
								"down": { "texture": "#material", "uv": [ 34.0, 62.0, 38.0, 64.0 ], "rotation": 90 }
							}
						}
					]
				}
			]
		}
	]}