{
  "textureWidth":16,
  "textureHeight":16,
  "textures":{
		"bark":"game:block/wood/firewood/bark",
		"side":"game:block/wood/firewood/side",
		"south":"game:block/wood/firewood/south",
		"north":"game:block/wood/firewood/north"
  },
  "textureSizes":{
    "bark":[
      32,
      32
    ],
    "south":[
      32,
      32
    ],
    "side":[
      32,
      32
    ],
    "north":[
      32,
      32
    ]
  },
  "elements":[
    {
      "name":"origin",
      "from":[
        10.775074481964111,
        0.5696307420730591,
        7.699999988079071
      ],
      "to":[
        10.775074481964111,
        0.5696307420730591,
        7.699999988079071
      ],
      "rotationOrigin":[
        8.0,
        0.0,
        8.0
      ],
      "group":"Crude",
      "faces":{
        "north":{
          "texture":"#0",
          "uv":[
            0,
            0,
            4,
            4
          ],
          "autoUv":false
        },
        "east":{
          "texture":"#0",
          "uv":[
            0,
            0,
            4,
            4
          ],
          "autoUv":false
        },
        "south":{
          "texture":"#0",
          "uv":[
            0,
            0,
            4,
            4
          ],
          "autoUv":false
        },
        "west":{
          "texture":"#0",
          "uv":[
            0,
            0,
            4,
            4
          ],
          "autoUv":false
        },
        "up":{
          "texture":"#bark",
          "uv":[
            0.0,
            0.0,
            1.0,
            1.0
          ],
          "autoUv":false,
          "rotation":180
        },
        "down":{
          "texture":"#0",
          "uv":[
            0,
            0,
            4,
            4
          ],
          "autoUv":false
        }
      },
      "children":[
        {
          "name":"handle_crude 01",
          "from":[
            -9.577264308929443,
            -0.5491393208503723,
            -5.2260536551475525
          ],
          "to":[
            -8.577264308929443,
            0.9098754525184631,
            2.773945152759552
          ],
          "rotationOrigin":[
            -9.077264308929443,
            0.1803680658340454,
            -1.2260543704032898
          ],
          "rotationY":10.000005685508444,
          "group":"Crude",
          "faces":{
            "north":{
              "texture":"#south",
              "uv":[
                0.0,
                0.04098701477050781,
                2.0,
                2.959016799926758
              ],
              "autoUv":false
            },
            "east":{
              "texture":"#side",
              "uv":[
                2.0,
                11.040987014770508,
                18.0,
                13.959016799926758
              ],
              "autoUv":false
            },
            "south":{
              "texture":"#south",
              "uv":[
                0.0,
                0.04098701477050781,
                2.0,
                2.959016799926758
              ],
              "autoUv":false
            },
            "west":{
              "texture":"#bark",
              "uv":[
                10.0,
                9.040987014770508,
                26.0,
                11.95901870727539
              ],
              "autoUv":false
            },
            "up":{
              "texture":"#bark",
              "uv":[
                0.0,
                12.0,
                16.0,
                14.0
              ],
              "autoUv":false,
              "rotation":90
            },
            "down":{
              "texture":"#side",
              "uv":[
                28.0,
                24.0,
                12.0,
                22.0
              ],
              "autoUv":false,
              "rotation":270
            }
          },
          "children":[]
        },
        {
          "name":"handle_crude 02",
          "from":[
            -6.7750749588012695,
            -0.2696305513381958,
            -1.199999988079071
          ],
          "to":[
            -5.7750749588012695,
            0.7303694486618042,
            1.800000011920929
          ],
          "rotationOrigin":[
            -6.2750749588012695,
            0.2303694486618042,
            0.30000001192092896
          ],
          "group":"Crude",
          "faces":{
            "north":{
              "texture":"#south",
              "uv":[
                0.0,
                0.0,
                2.0,
                2.0
              ],
              "autoUv":false
            },
            "east":{
              "texture":"#bark",
              "uv":[
                9.0,
                0.0,
                15.0,
                2.0
              ],
              "autoUv":false
            },
            "south":{
              "texture":"#south",
              "uv":[
                0.0,
                0.0,
                2.0,
                2.0
              ],
              "autoUv":false
            },
            "west":{
              "texture":"#bark",
              "uv":[
                13.0,
                1.0,
                19.0,
                3.0
              ],
              "autoUv":false
            },
            "up":{
              "texture":"#bark",
              "uv":[
                13.0,
                0.0,
                19.0,
                2.0
              ],
              "autoUv":false,
              "rotation":90
            },
            "down":{
              "texture":"#side",
              "uv":[
                17.0,
                7.0,
                11.0,
                5.0
              ],
              "autoUv":false,
              "rotation":270
            }
          },
          "children":[]
        },
        {
          "name":"handle_crude 03",
          "from":[
            -20.797497272491455,
            -0.5491400957107544,
            -3.146556556224823
          ],
          "to":[
            -19.797497272491455,
            0.909874677658081,
            2.853443443775177
          ],
          "rotationOrigin":[
            -20.297497272491455,
            0.18036729097366333,
            -0.146556556224823
          ],
          "rotationX":1.0456817765106774e-07,
          "rotationY":5.748874174864529,
          "rotationZ":4.824490206059842e-08,
          "group":"Crude",
          "faces":{
            "north":{
              "texture":"#south",
              "uv":[
                0.0,
                0.040988922119140625,
                2.0,
                2.959016799926758
              ],
              "autoUv":false
            },
            "east":{
              "texture":"#side",
              "uv":[
                8.0,
                3.0409889221191406,
                20.0,
                5.959016799926758
              ],
              "autoUv":false
            },
            "south":{
              "texture":"#south",
              "uv":[
                0.0,
                0.040988922119140625,
                2.0,
                2.959016799926758
              ],
              "autoUv":false
            },
            "west":{
              "texture":"#bark",
              "uv":[
                20.0,
                5.040988922119141,
                32.0,
                7.959016799926758
              ],
              "autoUv":false
            },
            "up":{
              "texture":"#bark",
              "uv":[
                10.0,
                1.0,
                22.0,
                3.0
              ],
              "autoUv":false,
              "rotation":90
            },
            "down":{
              "texture":"#side",
              "uv":[
                19.0,
                3.0,
                7.0,
                1.0
              ],
              "autoUv":false,
              "rotation":270
            }
          },
          "children":[]
        },
        {
          "name":"handle_crude 04",
          "from":[
            1.0517277717590332,
            -0.5658751726150513,
            0.7910431027412415
          ],
          "to":[
            15.478777408599854,
            0.9266136884689331,
            2.2910431027412415
          ],
          "rotationOrigin":[
            8.265252590179443,
            0.18036925792694092,
            1.5410431027412415
          ],
          "rotationY":-7.954545029102631,
          "group":"Crude",
          "faces":{
            "north":{
              "texture":"#bark",
              "uv":[
                3.1459007263183594,
                11.007511138916016,
                32.0,
                13.992488861083984
              ],
              "autoUv":false
            },
            "east":{
              "texture":"#bark",
              "uv":[
                1.0,
                1.0075092315673828,
                4.0,
                3.9924869537353516
              ],
              "autoUv":false
            },
            "south":{
              "texture":"#side",
              "uv":[
                0.0,
                0.002765655517578125,
                28.85409927368164,
                2.9924888610839844
              ],
              "autoUv":false
            },
            "west":{
              "texture":"#bark",
              "uv":[
                28.000001907348633,
                20.007511138916016,
                31.000001907348633,
                22.992488861083984
              ],
              "autoUv":false
            },
            "up":{
              "texture":"#bark",
              "uv":[
                0.0,
                9.0,
                28.85409927368164,
                12.0
              ],
              "autoUv":false
            },
            "down":{
              "texture":"#side",
              "uv":[
                32.0,
                3.0,
                3.1459007263183594,
                0.0
              ],
              "autoUv":false,
              "rotation":180
            }
          },
          "children":[]
        },
        {
          "name":"handle_crude 05",
          "from":[
            -14.775080680847168,
            -0.5696307420730591,
            -0.19999998807907104
          ],
          "to":[
            1.224919319152832,
            0.9303692579269409,
            1.300000011920929
          ],
          "rotationOrigin":[
            -6.775080680847168,
            0.18036925792694092,
            0.550000011920929
          ],
          "group":"Crude",
          "faces":{
            "north":{
              "texture":"#bark",
              "uv":[
                0.0,
                11.0,
                32.0,
                14.0
              ],
              "autoUv":false
            },
            "east":{
              "texture":"#bark",
              "uv":[
                1.0,
                1.0,
                4.0,
                4.0
              ],
              "autoUv":false
            },
            "south":{
              "texture":"#side",
              "uv":[
                0.0,
                -0.0047454833984375,
                32.0,
                3.0
              ],
              "autoUv":false
            },
            "west":{
              "texture":"#bark",
              "uv":[
                28.0,
                20.0,
                31.0,
                23.0
              ],
              "autoUv":false
            },
            "up":{
              "texture":"#bark",
              "uv":[
                0.0,
                9.0,
                32.0,
                12.0
              ],
              "autoUv":false
            },
            "down":{
              "texture":"#side",
              "uv":[
                32.0,
                3.0,
                0.0,
                0.0
              ],
              "autoUv":false,
              "rotation":180
            }
          },
          "children":[]
        },
        {
          "name":"handle_crude 06",
          "from":[
            -22.679832935333252,
            -0.5662657022476196,
            0.1969040036201477
          ],
          "to":[
            -14.679832935333252,
            0.9270046949386597,
            1.6969040036201477
          ],
          "rotationOrigin":[
            -18.679832935333252,
            0.18036949634552002,
            0.9469040036201477
          ],
          "rotationY":5.748873747977706,
          "group":"Crude",
          "faces":{
            "north":{
              "texture":"#bark",
              "uv":[
                0.0,
                11.006729125976562,
                16.0,
                13.993270874023438
              ],
              "autoUv":false
            },
            "east":{
              "texture":"#bark",
              "uv":[
                1.0,
                1.0067291259765625,
                4.0,
                3.9932689666748047
              ],
              "autoUv":false
            },
            "south":{
              "texture":"#side",
              "uv":[
                0.0,
                0.001983642578125,
                16.0,
                2.9932708740234375
              ],
              "autoUv":false
            },
            "west":{
              "texture":"#south",
              "uv":[
                28.0,
                20.006729125976562,
                31.0,
                22.99326992034912
              ],
              "autoUv":false
            },
            "up":{
              "texture":"#bark",
              "uv":[
                0.0,
                9.0,
                16.0,
                12.0
              ],
              "autoUv":false
            },
            "down":{
              "texture":"#side",
              "uv":[
                16.0,
                3.0,
                0.0,
                0.0
              ],
              "autoUv":false,
              "rotation":180
            }
          },
          "children":[]
        },
        {
          "name":"handle_crude 07",
          "from":[
            15.20965051651001,
            -0.5696307420730591,
            1.9766643643379211
          ],
          "to":[
            16.0589337348938,
            0.9303692579269409,
            3.476664364337921
          ],
          "rotationOrigin":[
            15.634292125701904,
            0.18036925792694092,
            2.726664364337921
          ],
          "rotationY":-17.533013637152692,
          "group":"Crude",
          "faces":{
            "north":{
              "texture":"#bark",
              "uv":[
                2.7543678283691406,
                11.0,
                1.0556354522705078,
                14.000293731689453
              ],
              "autoUv":false
            },
            "east":{
              "texture":"#south",
              "uv":[
                17.94817352294922,
                14.036201477050781,
                15.051826477050781,
                16.93254852294922
              ],
              "autoUv":false
            },
            "south":{
              "texture":"#bark",
              "uv":[
                28.85409927368164,
                21.0,
                30.55282974243164,
                24.000293731689453
              ],
              "autoUv":false
            },
            "west":{
              "texture":"#bark",
              "uv":[
                14.499853134155273,
                14.499853134155273,
                17.500146865844727,
                17.500146865844727
              ],
              "autoUv":false
            },
            "up":{
              "texture":"#bark",
              "uv":[
                14.499853134155273,
                15.346397399902344,
                17.500146865844727,
                17.045129776000977
              ],
              "autoUv":false,
              "rotation":90
            },
            "down":{
              "texture":"#side",
              "uv":[
                14.499852180480957,
                17.045129776000977,
                17.500146865844727,
                15.346399307250977
              ],
              "autoUv":false,
              "rotation":90
            }
          },
          "children":[]
        },
        {
          "name":"handle_crude 08",
          "from":[
            13.648442268371582,
            0.12447500228881836,
            1.6880093216896057
          ],
          "to":[
            16.290437698364258,
            0.982006311416626,
            2.4988704323768616
          ],
          "rotationOrigin":[
            14.96943998336792,
            0.5532406568527222,
            2.0934398770332336
          ],
          "rotationX":-1.5722133168072926e-07,
          "rotationY":-8.20676854722557,
          "rotationZ":3.0000041389074252,
          "group":"Crude",
          "faces":{
            "north":{
              "texture":"#side",
              "uv":[
                2.0,
                0.0,
                6.0,
                2.0
              ],
              "autoUv":false
            },
            "east":{
              "texture":"#north",
              "uv":[
                4.0,
                1.0,
                7.0,
                4.0
              ],
              "autoUv":false
            },
            "south":{
              "texture":"#bark",
              "uv":[
                0.9968939423561096,
                0.0,
                4.0,
                2.0
              ],
              "autoUv":false
            },
            "west":{
              "texture":"#side",
              "uv":[
                12.0,
                0.0,
                20.0,
                8.0
              ],
              "autoUv":false,
              "rotation":270
            },
            "up":{
              "texture":"#side",
              "uv":[
                18.0,
                0.0,
                22.0,
                2.0
              ],
              "autoUv":false
            },
            "down":{
              "texture":"#bark",
              "uv":[
                24.0,
                2.0,
                20.0,
                0.0
              ],
              "autoUv":false,
              "rotation":180
            }
          },
          "children":[]
        },
        {
          "name":"handle_crude 09",
          "from":[
            13.682425737380981,
            -0.613245964050293,
            1.7224751114845276
          ],
          "to":[
            16.255164861679077,
            0.24435585737228394,
            2.5333362221717834
          ],
          "rotationOrigin":[
            14.96879529953003,
            -0.18444505333900452,
            2.1279056668281555
          ],
          "rotationX":-1.0499415729094285e-08,
          "rotationY":-10.20676917206307,
          "rotationZ":-1.9999997710638548,
          "group":"Crude",
          "faces":{
            "north":{
              "texture":"#side",
              "uv":[
                2.0,
                2.0,
                6.0,
                3.999998092651367
              ],
              "autoUv":false
            },
            "east":{
              "texture":"#north",
              "uv":[
                4.0,
                2.0,
                7.0,
                5.0
              ],
              "autoUv":false
            },
            "south":{
              "texture":"#bark",
              "uv":[
                0.9968940019607544,
                1.9999980926513672,
                4.0,
                4.0
              ],
              "autoUv":false
            },
            "west":{
              "texture":"#side",
              "uv":[
                12.0,
                0.0,
                20.0,
                8.0
              ],
              "autoUv":false,
              "rotation":270
            },
            "up":{
              "texture":"#bark",
              "uv":[
                18.0,
                1.9999980926513672,
                22.0,
                4.0
              ],
              "autoUv":false
            },
            "down":{
              "texture":"#side",
              "uv":[
                24.0,
                1.9999980926513672,
                20.0,
                0.0
              ],
              "autoUv":false,
              "rotation":180
            }
          },
          "children":[]
        },
        {
          "name":"handle_crude 10",
          "from":[
            13.462244749069214,
            -0.6317915618419647,
            2.6112529039382935
          ],
          "to":[
            16.067707300186157,
            0.2257397472858429,
            3.4221138954162598
          ],
          "rotationOrigin":[
            14.764976024627686,
            -0.2030259072780609,
            3.0166833996772766
          ],
          "rotationX":-1.90484488539223e-07,
          "rotationY":-16.20677190034922,
          "rotationZ":-3.0000054195678945,
          "group":"Crude",
          "faces":{
            "north":{
              "texture":"#side",
              "uv":[
                2.0,
                3.999998092651367,
                6.0,
                5.999998092651367
              ],
              "autoUv":false
            },
            "east":{
              "texture":"#north",
              "uv":[
                4.0,
                2.0,
                6.0,
                4.0
              ],
              "autoUv":false
            },
            "south":{
              "texture":"#side",
              "uv":[
                1.0062121152877808,
                1.9999980926513672,
                4.0,
                4.0
              ],
              "autoUv":false
            },
            "west":{
              "texture":"#side",
              "uv":[
                12.0,
                0.0,
                20.0,
                8.0
              ],
              "autoUv":false,
              "rotation":270
            },
            "up":{
              "texture":"#side",
              "uv":[
                18.0,
                3.999998092651367,
                22.0,
                5.999998092651367
              ],
              "autoUv":false
            },
            "down":{
              "texture":"#side",
              "uv":[
                24.0,
                3.999998092651367,
                20.0,
                1.9999980926513672
              ],
              "autoUv":false,
              "rotation":180
            }
          },
          "children":[]
        },
        {
          "name":"handle_crude 11",
          "from":[
            13.492893815040588,
            0.08754849433898926,
            2.5974991619586945
          ],
          "to":[
            16.065496802330017,
            0.945192813873291,
            3.408359855413437
          ],
          "rotationOrigin":[
            14.779195308685303,
            0.5163706541061401,
            3.0029295086860657
          ],
          "rotationX":-5.3978688359817634e-08,
          "rotationY":-15.206772441704116,
          "rotationZ":0.999997644376106,
          "group":"Crude",
          "faces":{
            "north":{
              "texture":"#side",
              "uv":[
                2.0,
                4.0,
                6.0,
                6.0
              ],
              "autoUv":false
            },
            "east":{
              "texture":"#north",
              "uv":[
                4.0,
                1.0,
                6.0,
                3.0
              ],
              "autoUv":false
            },
            "south":{
              "texture":"#side",
              "uv":[
                2.0,
                -3.814697265625e-06,
                6.0,
                2.000001907348633
              ],
              "autoUv":false
            },
            "west":{
              "texture":"#side",
              "uv":[
                12.0,
                0.0,
                20.0,
                8.0
              ],
              "autoUv":false,
              "rotation":270
            },
            "up":{
              "texture":"#bark",
              "uv":[
                18.0,
                1.9999980926513672,
                22.0,
                4.0
              ],
              "autoUv":false
            },
            "down":{
              "texture":"#side",
              "uv":[
                24.0,
                6.0,
                20.0,
                4.0
              ],
              "autoUv":false,
              "rotation":180
            }
          },
          "children":[]
        },
        {
          "name":"handle_crude 12",
          "from":[
            7.746549725532532,
            0.8098101168870926,
            1.4423219561576843
          ],
          "to":[
            9.396550059318542,
            0.9748101681470871,
            2.2673220038414
          ],
          "rotationOrigin":[
            8.571549892425537,
            0.8923101425170898,
            1.8548219799995422
          ],
          "rotationX":-4.090317998105596e-08,
          "rotationY":-7.103085963206025,
          "rotationZ":3.999996127033125,
          "group":"Crude",
          "faces":{
            "north":{
              "texture":"#bark",
              "uv":[
                29.0,
                0.0,
                32.0,
                1.0
              ],
              "autoUv":false
            },
            "east":{
              "texture":"#bark",
              "uv":[
                31.0,
                1.0,
                32.0,
                2.0
              ],
              "autoUv":false
            },
            "south":{
              "texture":"#bark",
              "uv":[
                29.0,
                0.0,
                32.0,
                1.0
              ],
              "autoUv":false
            },
            "west":{
              "texture":"#bark",
              "uv":[
                12.0,
                0.0,
                20.0,
                8.0
              ],
              "autoUv":false,
              "rotation":270
            },
            "up":{
              "texture":"#bark",
              "uv":[
                2.0,
                2.0,
                5.0,
                4.0
              ],
              "autoUv":false
            },
            "down":{
              "texture":"#bark",
              "uv":[
                32.0,
                1.0,
                29.0,
                0.0
              ],
              "autoUv":false,
              "rotation":180
            }
          },
          "children":[]
        },
        {
          "name":"handle_crude 13",
          "from":[
            -5.132346093654633,
            0.8002821952104568,
            0.07915228605270386
          ],
          "to":[
            -4.032345831394196,
            0.9652822464704514,
            0.9041523337364197
          ],
          "rotationOrigin":[
            -4.582345962524414,
            0.8827822208404541,
            0.49165230989456177
          ],
          "rotationZ":3.999993138825363,
          "group":"Crude",
          "faces":{
            "north":{
              "texture":"#bark",
              "uv":[
                29.0,
                0.0,
                31.0,
                1.0
              ],
              "autoUv":false
            },
            "east":{
              "texture":"#bark",
              "uv":[
                31.0,
                1.0,
                32.0,
                2.0
              ],
              "autoUv":false
            },
            "south":{
              "texture":"#bark",
              "uv":[
                29.0,
                0.0,
                31.0,
                1.0
              ],
              "autoUv":false
            },
            "west":{
              "texture":"#bark",
              "uv":[
                12.0,
                0.0,
                20.0,
                8.0
              ],
              "autoUv":false,
              "rotation":270
            },
            "up":{
              "texture":"#bark",
              "uv":[
                7.0,
                3.0,
                9.0,
                5.0
              ],
              "autoUv":false
            },
            "down":{
              "texture":"#bark",
              "uv":[
                31.0,
                1.0,
                29.0,
                0.0
              ],
              "autoUv":false,
              "rotation":180
            }
          },
          "children":[]
        },
        {
          "name":"handle_crude 14",
          "from":[
            2.167089104652405,
            0.8289932757616043,
            0.31978052854537964
          ],
          "to":[
            4.367089629173279,
            0.9939933270215988,
            1.1447805762290955
          ],
          "rotationOrigin":[
            3.267089366912842,
            0.9114933013916016,
            0.7322805523872375
          ],
          "rotationX":-9.088586396684837e-08,
          "rotationY":-7.339356720748753,
          "rotationZ":3.99999271193854,
          "group":"Crude",
          "faces":{
            "north":{
              "texture":"#bark",
              "uv":[
                28.0,
                0.0,
                32.0,
                1.0
              ],
              "autoUv":false
            },
            "east":{
              "texture":"#bark",
              "uv":[
                31.0,
                1.0,
                32.0,
                2.0
              ],
              "autoUv":false
            },
            "south":{
              "texture":"#bark",
              "uv":[
                28.0,
                0.0,
                32.0,
                1.0
              ],
              "autoUv":false
            },
            "west":{
              "texture":"#bark",
              "uv":[
                12.0,
                0.0,
                20.0,
                8.0
              ],
              "autoUv":false,
              "rotation":270
            },
            "up":{
              "texture":"#bark",
              "uv":[
                11.0,
                1.0,
                15.0,
                3.0
              ],
              "autoUv":false
            },
            "down":{
              "texture":"#bark",
              "uv":[
                32.0,
                1.0,
                28.0,
                0.0
              ],
              "autoUv":false,
              "rotation":180
            }
          },
          "children":[]
        },
        {
          "name":"handle_crude 15",
          "from":[
            -12.657567977905273,
            0.8289932757616043,
            0.3677160143852234
          ],
          "to":[
            -10.457568168640137,
            0.9939933270215988,
            1.1927160620689392
          ],
          "rotationOrigin":[
            -11.557568073272705,
            0.9114933013916016,
            0.7802160382270813
          ],
          "rotationX":-8.84335545296902e-08,
          "rotationY":0.8744808588243684,
          "rotationZ":3.9999944194858323,
          "group":"Crude",
          "faces":{
            "north":{
              "texture":"#bark",
              "uv":[
                28.0,
                0.0,
                32.0,
                1.0
              ],
              "autoUv":false
            },
            "east":{
              "texture":"#bark",
              "uv":[
                31.0,
                1.0,
                32.0,
                2.0
              ],
              "autoUv":false
            },
            "south":{
              "texture":"#bark",
              "uv":[
                28.0,
                0.0,
                32.0,
                1.0
              ],
              "autoUv":false
            },
            "west":{
              "texture":"#bark",
              "uv":[
                12.0,
                0.0,
                20.0,
                8.0
              ],
              "autoUv":false,
              "rotation":270
            },
            "up":{
              "texture":"#bark",
              "uv":[
                11.0,
                1.0,
                15.0,
                3.0
              ],
              "autoUv":false
            },
            "down":{
              "texture":"#bark",
              "uv":[
                32.0,
                1.0,
                28.0,
                0.0
              ],
              "autoUv":false,
              "rotation":180
            }
          },
          "children":[]
        },
        {
          "name":"handle_crude 16",
          "from":[
            -18.367225110530853,
            0.8002823144197464,
            0.33908480405807495
          ],
          "to":[
            -17.267224848270416,
            0.9652823656797409,
            1.1640848517417908
          ],
          "rotationOrigin":[
            -17.817224979400635,
            0.8827823400497437,
            0.7515848278999329
          ],
          "rotationX":1.130903594200807e-07,
          "rotationY":5.596442281836416,
          "rotationZ":3.9999948463726556,
          "group":"Crude",
          "faces":{
            "north":{
              "texture":"#bark",
              "uv":[
                29.0,
                0.0,
                31.0,
                1.0
              ],
              "autoUv":false
            },
            "east":{
              "texture":"#bark",
              "uv":[
                31.0,
                1.0,
                32.0,
                2.0
              ],
              "autoUv":false
            },
            "south":{
              "texture":"#bark",
              "uv":[
                29.0,
                0.0,
                31.0,
                1.0
              ],
              "autoUv":false
            },
            "west":{
              "texture":"#bark",
              "uv":[
                12.0,
                0.0,
                20.0,
                8.0
              ],
              "autoUv":false,
              "rotation":270
            },
            "up":{
              "texture":"#bark",
              "uv":[
                7.0,
                3.0,
                9.0,
                5.0
              ],
              "autoUv":false
            },
            "down":{
              "texture":"#bark",
              "uv":[
                31.0,
                1.0,
                29.0,
                0.0
              ],
              "autoUv":false,
              "rotation":180
            }
          },
          "children":[]
        },
        {
          "name":"handle_crude 17",
          "from":[
            11.321176171302795,
            0.8289932757616043,
            1.535205066204071
          ],
          "to":[
            13.52117669582367,
            0.9939933270215988,
            2.360205113887787
          ],
          "rotationOrigin":[
            12.421176433563232,
            0.9114933013916016,
            1.947705090045929
          ],
          "rotationX":-3.1562203848178265e-07,
          "rotationY":-8.56392511534106,
          "rotationZ":3.999993992599009,
          "group":"Crude",
          "faces":{
            "north":{
              "texture":"#bark",
              "uv":[
                28.0,
                0.0,
                32.0,
                1.0
              ],
              "autoUv":false
            },
            "east":{
              "texture":"#bark",
              "uv":[
                31.0,
                1.0,
                32.0,
                2.0
              ],
              "autoUv":false
            },
            "south":{
              "texture":"#bark",
              "uv":[
                28.0,
                0.0,
                32.0,
                1.0
              ],
              "autoUv":false
            },
            "west":{
              "texture":"#bark",
              "uv":[
                12.0,
                0.0,
                20.0,
                8.0
              ],
              "autoUv":false,
              "rotation":270
            },
            "up":{
              "texture":"#bark",
              "uv":[
                11.0,
                1.0,
                15.0,
                3.0
              ],
              "autoUv":false
            },
            "down":{
              "texture":"#bark",
              "uv":[
                32.0,
                1.0,
                28.0,
                0.0
              ],
              "autoUv":false,
              "rotation":180
            }
          },
          "children":[]
        }
      ]
    }
  ],
  "groups":[]
}