[
	{
		"code": "wanderer",
		"traits": ["self sufficient", "powerful", "aescetic fasting", "pilferer", "relichunter", "slight build", "rushed", "carelessbutcherer"],
		"gear": [
			  { "type": "item", "code": "clothes-face-survivor"},
			  { "type": "item", "code": "clothes-upperbody-great-steppe-shirt" },
			  { "type": "item", "code": "clothes-lowerbody-survivor"},
			  { "type": "item", "code": "clothes-foot-great-steppe-boots"},
			  { "type": "item", "code": "clothes-hand-survivor"},
			  { "type": "item", "code": "clothes-waist-malefactor-sash" },
			  { "type": "item", "code": "clothes-shoulder-malefactor-cloak"},
			  { "type": "item", "code": "poultice-linen-honey-sulfur"},
			  { "type": "item", "code": "poultice-linen-honey-sulfur"},
			  { "type": "item", "code": "spear-scrap-scrap"}
		]
	},
	{  
	    "code": "hedgeknight",
	    "traits": ["bulwark", "stalwart", "strong", "crusher", "chivalricheritage", "insatiablehunger", "bowshy", "loud" ],
	    "gear": [	
		     { "type": "item", "code": "clothes-upperbody-lackey-shirt" },
		     { "type": "item", "code": "clothes-lowerbody-jailor-pants" },
		     { "type": "item", "code": "clothes-foot-forlorn-shoes" },
		     { "type": "item", "code": "clothes-hand-forlorn-bracer" },
		     { "type": "item", "code": "clothes-waist-sturdy-belt" },
		     { "type": "item", "code": "clothes-shoulder-squire-tunic"},
			 { "type": "item", "code": "clothes-head-squire-hood"},
			 { "type": "item", "code": "club-scrapmace-scrap"},
			 { "type": "item", "code": "shield-crude"}
	    ]
	},
	{  
        "code": "serf",
        "traits": ["fieldhand", "butcher", "arborist", "healthy", "composter", "steady hands", "outdoorsman", "awkward stance" ],
        "gear": [	
           { "type": "item", "code": "clothes-upperbody-linen-tunic" },
           { "type": "item", "code": "clothes-lowerbody-commoner-trousers" },
           { "type": "item", "code": "clothes-foot-worn-leather-boots" },
           { "type": "item", "code": "clothes-waist-linen-rope" },
           { "type": "item", "code": "clothes-shoulder-peasent-kaftan"},
           { "type": "item", "code": "clothes-head-shepherds-cowl"},
		   { "type": "item", "code": "scythe-copper"}
        ]
    },
	{
		  "code": "ironmonger", 
		  "traits": ["burner", "rock hound", "gear eyed", "strong", "makeshift", "black lung", "insatiablehunger", "heavyhanded"],
		  "gear": [	
			   { "type": "item", "code": "clothes-upperbodyover-miner" },
			   { "type": "item", "code": "clothes-shoulder-jord-robe" },
			   { "type": "item", "code": "clothes-lowerbody-workmans-gown" },
			   { "type": "item", "code": "clothes-foot-worn-leather-boots" },
			   { "type": "item", "code": "clothes-hand-surgeon" },
			   { "type": "item", "code": "clothes-face-survivor"},
			   { "type": "block", "code": "bomb-ore"},
			   { "type": "block", "code": "bomb-ore"},
			   { "type": "block", "code": "bomb-ore"},
			   { "type": "block", "code": "bomb-ore"}	   
		]
	},
	{  
		  "code": "yeoman",
		  "traits": ["seasoned archer", "quiet", "fleetfooted", "low metabolism", "bowyer", "old soldier", "farsighted", "slight build"],
		  "gear": [	
			   { "type": "item", "code": "clothes-upperbody-earth-toned-robe" },
			   { "type": "item", "code": "clothes-lowerbody-surgeon" },
			   { "type": "item", "code": "clothes-foot-soldier-boots" },
			   { "type": "item", "code": "clothes-waist-marketeer" },
			   { "type": "item", "code": "clothes-shoulder-stained-leather-poncho"},
			   { "type": "item", "code": "clothes-hand-clockmaker-wristguard" },
			   { "type": "item", "code": "bow-crude"},
			   { "type": "item", "code": "arrow-flint"},
			   { "type": "item", "code": "arrow-flint"},
			   { "type": "item", "code": "arrow-flint"},
			   { "type": "item", "code": "arrow-flint"},
			   { "type": "item", "code": "arrow-flint"},
			   { "type": "item", "code": "arrow-flint"},
			   { "type": "item", "code": "arrow-flint"},
			   { "type": "item", "code": "arrow-flint"},
			   { "type": "item", "code": "arrow-flint"},
			   { "type": "item", "code": "arrow-flint"},
			   { "type": "item", "code": "arrow-flint"},
			   { "type": "item", "code": "arrow-flint"}
		  ]
		
    },
	{
		"code": "woodsman",
		"traits": ["experienced hunter", "reaper", "forester", "ranger", "improviser", "farsighted", "outdoorsman", "underweight"],
		"gear": [
			{ "type": "item", "code": "clothes-upperbody-shepherd-tunic" },
			{ "type": "item", "code": "clothes-upperbodyover-hunter-coat"},
			{ "type": "item", "code": "clothes-lowerbody-surgeon" },
			{ "type": "item", "code": "clothes-foot-soldier-boots" },
			{ "type": "item", "code": "clothes-waist-linen-rope" },
			{ "type": "item", "code": "clothes-shoulder-woolen-scarf"},
			{ "type": "item", "code": "clothes-hand-hunter-gloves" },
			{ "type": "item", "code": "axe-scrap-scrap" },
			{ "type": "item", "code": "sling" }
		]
	},
	{
		"code": "guildsman",
		"traits": ["tailored fit", "low metabolism", "eye for value", "fleetfooted", "clothier", "delicate", "squeamish", "unfit for war" ],
		"gear": [
			{ "type": "item", "code": "clothes-upperbody-marketeer" },
			{ "type": "item", "code": "clothes-lowerbody-tailor-trousers" },
			{ "type": "item", "code": "clothes-foot-scribe" },
			{ "type": "item", "code": "clothes-waist-alchemist" },
			{ "type": "item", "code": "clothes-hand-scribe" },
			{ "type": "item", "code": "clothes-head-minstrel-hat"},
			{ "type": "item", "code": "gear-rusty"},
			{ "type": "item", "code": "gear-rusty"},
			{ "type": "item", "code": "gear-rusty"},
			{ "type": "item", "code": "gear-rusty"},
			{ "type": "item", "code": "gear-rusty"},
			{ "type": "item", "code": "gear-rusty"},
			{ "type": "item", "code": "gear-rusty"}
			
		]
	},
	{
		"code": "malefactor",
		"traits": ["vagabond", "looter", "fleetfooted", "furtive", "packrat", "delicate", "farsighted", "awkward stance" ],
		"gear": [
			{ "type": "item", "code": "clothes-upperbody-malefactor-shirt" },
			{ "type": "item", "code": "clothes-lowerbody-malefactor-trousers" },
			{ "type": "item", "code": "clothes-face-malefactor-mask" },
			{ "type": "item", "code": "clothes-foot-malefactor-boots" },
			{ "type": "item", "code": "clothes-waist-peasant-strap" },
			{ "type": "item", "code": "clothes-shoulder-miner"},
			{ "type": "item", "code": "clothes-hand-malefactor-gloves" },
			{ "type": "item", "code": "knife-generic-copper" }
		]
	},
	{
		"code": "gearsmith",
		"traits": ["technical", "gearworker", "healthy", "precise", "tinkerer","machinist", "high metabolism", "bowshy", "tinnitus" ],
		"gear": [
			{ "type": "item", "code": "clothes-upperbody-linen-tunic" },
			{ "type": "item", "code": "clothes-face-survivor"},
			{ "type": "item", "code": "clothes-lowerbody-clockmaker-pants" },
			{ "type": "item", "code": "clothes-foot-worn-leather-boots" },
			{ "type": "item", "code": "clothes-waist-clockmaker-belt" },
			{ "type": "item", "code": "clothes-shoulder-clockmaker-apron"},
			{ "type": "item", "code": "clothes-hand-heavy-leather-gloves" },
			{ "type": "block", "code": "bomb-scrap" },
			{ "type": "block", "code": "bomb-scrap" },
			{ "type": "block", "code": "bomb-scrap" },
			{ "type": "item", "code": "scrapweaponkit" }
		]
	},
	{
		"code": "blackguard",
		"traits": ["reaver", "quick step", "hulking", "hardy", "merciless", "voracious", "reckless", "heavyhanded" ],
		"gear": [
			{ "type": "item", "code": "clothes-upperbodyover-malefactor-tunic"},
			{ "type": "item", "code": "clothes-lowerbody-marketeer" },
			{ "type": "item", "code": "clothes-foot-high-leather-boots" },
			{ "type": "item", "code": "clothes-waist-blackguard-belt" },
			{ "type": "item", "code": "clothes-hand-surgeon"},
			{ "type": "item", "code": "clothes-face-leather-reinforced-mask"},
			{ "type": "item", "code": "blade-scrap-scrap" },
			{ "type": "item", "code": "bandage-clean" },
			{ "type": "item", "code": "bandage-clean" }
		]
	}
	




	
]