{
	"editor": {
		"allAngles": true,
		"entityTextureMode": false
	},
	"textureWidth": 16,
	"textureHeight": 16,
	"textureSizes": {
	},
	"textures": {
		"material": "game:block/stone/rock/granite1"
	},
	"elements": [
		{
			"name": "Cube1",
			"from": [ 4.7254, 0.06, 3.8595 ],
			"to": [ 11.2292, 5.1334, 12.3971 ],
			"rotationOrigin": [ 7.9773, 2.5965, 8.1283 ],
			"faces": {
				"north": { "texture": "#material", "uv": [ 0.0, 8.5, 6.5, 13.5 ] },
				"east": { "texture": "#material", "uv": [ 0.0, 8.5, 8.5, 13.5 ] },
				"south": { "texture": "#material", "uv": [ 0.0, 8.5, 6.5, 13.5 ] },
				"west": { "texture": "#material", "uv": [ 0.0, 8.0, 8.5, 13.0 ], "windMode": [-1,-1,-1,-1] },
				"up": { "texture": "#material", "uv": [ 0.0, 0.0, 6.5, 8.5 ] },
				"down": { "texture": "#material", "uv": [ 0.0, 0.0, 6.5, 8.5 ] }
			},
			"children": [
				{
					"name": "Cube2",
					"from": [ 3.2093, 0.2781, 2.6016 ],
					"to": [ 7.1178, 4.6103, 9.1392 ],
					"rotationOrigin": [ 5.1636, 3.1751, 5.8704 ],
					"faces": {
						"north": { "texture": "#material", "uv": [ 0.0, 6.5, 3.5, 10.5 ] },
						"east": { "texture": "#material", "uv": [ 3.5, 6.5, 10.0, 10.5 ] },
						"south": { "texture": "#material", "uv": [ 10.0, 6.5, 13.5, 10.5 ] },
						"west": { "texture": "#material", "uv": [ 7.0, 6.5, 13.5, 10.5 ] },
						"up": { "texture": "#material", "uv": [ 0.0, 0.0, 3.5, 6.5 ] },
						"down": { "texture": "#material", "uv": [ 3.5, 0.0, 7.0, 6.5 ] }
					}
				},
				{
					"name": "Cube3",
					"from": [ -0.7155, -0.2012, -0.783 ],
					"to": [ 4.6935, 4.2234, 6.8522 ],
					"rotationOrigin": [ 1.989, 2.0111, 3.0346 ],
					"faces": {
						"north": { "texture": "#material", "uv": [ 0.0, 7.5, 5.0, 11.5 ] },
						"east": { "texture": "#material", "uv": [ 5.0, 7.5, 12.5, 11.5 ] },
						"south": { "texture": "#material", "uv": [ 10.0, 7.5, 15.0, 11.5 ], "windMode": [-1,-1,-1,-1] },
						"west": { "texture": "#material", "uv": [ 0.5, 7.5, 8.0, 11.5 ], "windMode": [-1,-1,-1,-1] },
						"up": { "texture": "#material", "uv": [ 0.0, 0.0, 5.0, 7.5 ] },
						"down": { "texture": "#material", "uv": [ 5.0, 0.0, 10.0, 7.5 ] }
					}
				}
			]
		}
	]}