{
  "textureWidth":16,
  "textureHeight":16,
  "textures":{
		"bark":"game:block/wood/firewood/bark",
		"side":"game:block/wood/firewood/side",
		"south":"game:block/wood/firewood/south",
		"linen":"game:item/tool/material/string"
  },
  "textureSizes":{
    "bark":[
      32,
      32
    ],
    "south":[
      32,
      32
    ],
    "side":[
      32,
      32
    ],
    "linen":[
      32,
      32
    ],
    "north":[
      32,
      32
    ]
  },
  "elements":[
    {
      "name":"origin",
      "from":[
        10.79720687866211,
        -6.257323741912842,
        14.415776252746582
      ],
      "to":[
        10.79720687866211,
        -6.257323741912842,
        14.415776252746582
      ],
      "rotationOrigin":[
        8.0,
        0.0,
        8.0
      ],
      "group":"Crude",
      "faces":{
        "north":{
          "texture":"#0",
          "uv":[
            0,
            0,
            4,
            4
          ],
          "autoUv":false
        },
        "east":{
          "texture":"#0",
          "uv":[
            0,
            0,
            4,
            4
          ],
          "autoUv":false
        },
        "south":{
          "texture":"#0",
          "uv":[
            0,
            0,
            4,
            4
          ],
          "autoUv":false
        },
        "west":{
          "texture":"#0",
          "uv":[
            0,
            0,
            4,
            4
          ],
          "autoUv":false
        },
        "up":{
          "texture":"#bark",
          "uv":[
            0.0,
            0.0,
            1.0,
            1.0
          ],
          "autoUv":false,
          "rotation":180
        },
        "down":{
          "texture":"#0",
          "uv":[
            0,
            0,
            4,
            4
          ],
          "autoUv":false
        }
      },
      "children":[
        {
          "name":"handle_crude 01",
          "from":[
            -9.79720687866211,
            6.5,
            -11.415776252746582
          ],
          "to":[
            -8.79720687866211,
            7.5,
            -4.415776252746582
          ],
          "rotationOrigin":[
            -9.29720687866211,
            7.0,
            -7.915776252746582
          ],
          "group":"Crude",
          "faces":{
            "north":{
              "texture":"#south",
              "uv":[
                19.0,
                16.0,
                21.0,
                20.0
              ],
              "autoUv":false
            },
            "east":{
              "texture":"#bark",
              "uv":[
                5.5,
                1.0,
                19.5,
                5.0
              ],
              "autoUv":false
            },
            "south":{
              "texture":"#south",
              "uv":[
                14.0,
                18.0,
                16.0,
                22.0
              ],
              "autoUv":false
            },
            "west":{
              "texture":"#side",
              "uv":[
                6.0,
                0.0,
                20.0,
                4.0
              ],
              "autoUv":false
            },
            "up":{
              "texture":"#bark",
              "uv":[
                0.0,
                17.0,
                14.0,
                21.0
              ],
              "autoUv":false,
              "rotation":90
            },
            "down":{
              "texture":"#side",
              "uv":[
                29.5,
                6.0,
                15.5,
                2.0
              ],
              "autoUv":false,
              "rotation":270
            }
          },
          "children":[]
        },
        {
          "name":"handle_crude 02",
          "from":[
            2.7027931213378906,
            6.5,
            -11.736150741577148
          ],
          "to":[
            3.7027931213378906,
            7.5,
            -4.415776252746582
          ],
          "rotationOrigin":[
            3.2027931213378906,
            7.0,
            -8.075963497161865
          ],
          "group":"Crude",
          "faces":{
            "north":{
              "texture":"#south",
              "uv":[
                23.0,
                17.0,
                25.0,
                21.0
              ],
              "autoUv":false
            },
            "east":{
              "texture":"#side",
              "uv":[
                8.0,
                0.0,
                22.640750885009766,
                4.0
              ],
              "autoUv":false
            },
            "south":{
              "texture":"#south",
              "uv":[
                15.0,
                5.0,
                17.0,
                9.0
              ],
              "autoUv":false
            },
            "west":{
              "texture":"#bark",
              "uv":[
                7.359251022338867,
                14.0,
                22.0,
                18.0
              ],
              "autoUv":false
            },
            "up":{
              "texture":"#bark",
              "uv":[
                10.359251022338867,
                22.0,
                25.0,
                26.0
              ],
              "autoUv":false,
              "rotation":90
            },
            "down":{
              "texture":"#side",
              "uv":[
                22.0,
                6.0,
                7.359251022338867,
                2.0
              ],
              "autoUv":false,
              "rotation":270
            }
          },
          "children":[]
        },
        {
          "name":"handle_crude 03",
          "from":[
            -8.79720687866211,
            6.5,
            -8.415776252746582
          ],
          "to":[
            2.7027931213378906,
            7.5,
            -7.415776252746582
          ],
          "rotationOrigin":[
            -3.0472068786621094,
            7.0,
            -7.915776252746582
          ],
          "group":"Crude",
          "faces":{
            "north":{
              "texture":"#bark",
              "uv":[
                8.0,
                23.0,
                31.0,
                27.0
              ],
              "autoUv":false
            },
            "east":{
              "texture":"#bark",
              "uv":[
                12.0,
                16.0,
                20.0,
                24.0
              ],
              "autoUv":false,
              "rotation":270
            },
            "south":{
              "texture":"#bark",
              "uv":[
                5.5,
                23.0,
                28.5,
                27.0
              ],
              "autoUv":false
            },
            "west":{
              "texture":"#bark",
              "uv":[
                12.0,
                0.0,
                20.0,
                8.0
              ],
              "autoUv":false,
              "rotation":270
            },
            "up":{
              "texture":"#bark",
              "uv":[
                3.0,
                23.0,
                26.0,
                27.0
              ],
              "autoUv":false
            },
            "down":{
              "texture":"#bark",
              "uv":[
                30.5,
                10.0,
                7.5,
                6.0
              ],
              "autoUv":false,
              "rotation":180
            }
          },
          "children":[]
        },
        {
          "name":"handle_crude 04",
          "from":[
            -3.2972068786621094,
            6.5,
            -11.415776252746582
          ],
          "to":[
            -2.2972068786621094,
            7.5,
            -8.415776252746582
          ],
          "rotationOrigin":[
            -2.7972068786621094,
            7.0,
            -9.915776252746582
          ],
          "group":"Crude",
          "faces":{
            "north":{
              "texture":"#south",
              "uv":[
                0.0,
                11.0,
                2.0,
                15.0
              ],
              "autoUv":false
            },
            "east":{
              "texture":"#bark",
              "uv":[
                19.5,
                14.0,
                25.5,
                18.0
              ],
              "autoUv":false
            },
            "south":{
              "texture":"#bark",
              "uv":[
                12.0,
                8.0,
                20.0,
                16.0
              ],
              "autoUv":false,
              "rotation":270
            },
            "west":{
              "texture":"#bark",
              "uv":[
                12.0,
                4.0,
                18.0,
                8.0
              ],
              "autoUv":false
            },
            "up":{
              "texture":"#bark",
              "uv":[
                10.5,
                6.0,
                16.5,
                10.0
              ],
              "autoUv":false,
              "rotation":90
            },
            "down":{
              "texture":"#bark",
              "uv":[
                13.5,
                23.0,
                7.5,
                19.0
              ],
              "autoUv":false,
              "rotation":270
            }
          },
          "children":[]
        },
        {
          "name":"handle_crude 05",
          "from":[
            -8.79720687866211,
            6.599999904632568,
            -10.415776252746582
          ],
          "to":[
            2.7027931213378906,
            7.099999904632568,
            -9.915776252746582
          ],
          "rotationOrigin":[
            -3.0472068786621094,
            6.849999904632568,
            -10.165776252746582
          ],
          "group":"Crude",
          "faces":{
            "north":{
              "texture":"#linen",
              "uv":[
                4.0,
                5.0,
                27.0,
                7.0
              ],
              "autoUv":false
            },
            "east":{
              "texture":"#linen",
              "uv":[
                12.0,
                16.0,
                20.0,
                24.0
              ],
              "autoUv":false,
              "rotation":270
            },
            "south":{
              "texture":"#linen",
              "uv":[
                6.0,
                24.0,
                29.0,
                26.0
              ],
              "autoUv":false
            },
            "west":{
              "texture":"#linen",
              "uv":[
                12.0,
                0.0,
                20.0,
                8.0
              ],
              "autoUv":false,
              "rotation":270
            },
            "up":{
              "texture":"#linen",
              "uv":[
                4.0,
                20.0,
                27.0,
                22.0
              ],
              "autoUv":false
            },
            "down":{
              "texture":"#linen",
              "uv":[
                31.0,
                24.0,
                8.0,
                22.0
              ],
              "autoUv":false,
              "rotation":180
            }
          },
          "children":[]
        },
        {
          "name":"handle_crude 06",
          "from":[
            2.0856868624687195,
            7.002764463424683,
            -11.275774240493774
          ],
          "to":[
            3.7308509945869446,
            7.507766008377075,
            -10.770772695541382
          ],
          "rotationOrigin":[
            2.908268928527832,
            7.255265235900879,
            -11.023273468017578
          ],
          "rotationX":-1.0869856351371729e-05,
          "rotationY":93.9999730183019,
          "rotationZ":2.9999973087182554,
          "group":"Crude",
          "faces":{
            "north":{
              "texture":"#side",
              "uv":[
                2.0,
                0.0,
                6.0,
                2.0
              ],
              "autoUv":false
            },
            "east":{
              "texture":"#north",
              "uv":[
                4.0,
                1.0,
                7.0,
                4.0
              ],
              "autoUv":false
            },
            "south":{
              "texture":"#bark",
              "uv":[
                0.9968939423561096,
                0.0,
                4.0,
                2.0
              ],
              "autoUv":false
            },
            "west":{
              "texture":"#side",
              "uv":[
                12.0,
                0.0,
                20.0,
                8.0
              ],
              "autoUv":false,
              "rotation":270
            },
            "up":{
              "texture":"#bark",
              "uv":[
                18.0,
                0.0,
                22.0,
                2.0
              ],
              "autoUv":false
            },
            "down":{
              "texture":"#bark",
              "uv":[
                24.0,
                2.0,
                20.0,
                0.0
              ],
              "autoUv":false,
              "rotation":180
            }
          },
          "children":[]
        },
        {
          "name":"handle_crude 07",
          "from":[
            2.1282426714897156,
            6.496156930923462,
            -11.27991795539856
          ],
          "to":[
            3.730422794818878,
            7.0011584758758545,
            -10.774916410446167
          ],
          "rotationOrigin":[
            2.929332733154297,
            6.748657703399658,
            -11.027417182922363
          ],
          "rotationX":4.305011138658372e-06,
          "rotationY":91.99999800667379,
          "rotationZ":-1.9999942215351543,
          "group":"Crude",
          "faces":{
            "north":{
              "texture":"#side",
              "uv":[
                2.0,
                2.0,
                6.0,
                3.999998092651367
              ],
              "autoUv":false
            },
            "east":{
              "texture":"#north",
              "uv":[
                4.0,
                2.0,
                7.0,
                5.0
              ],
              "autoUv":false
            },
            "south":{
              "texture":"#bark",
              "uv":[
                0.9968940019607544,
                1.9999980926513672,
                4.0,
                4.0
              ],
              "autoUv":false
            },
            "west":{
              "texture":"#side",
              "uv":[
                12.0,
                0.0,
                20.0,
                8.0
              ],
              "autoUv":false,
              "rotation":270
            },
            "up":{
              "texture":"#bark",
              "uv":[
                18.0,
                1.9999980926513672,
                22.0,
                4.0
              ],
              "autoUv":false
            },
            "down":{
              "texture":"#bark",
              "uv":[
                24.0,
                1.9999980926513672,
                20.0,
                0.0
              ],
              "autoUv":false,
              "rotation":180
            }
          },
          "children":[]
        },
        {
          "name":"handle_crude 08",
          "from":[
            2.685978949069977,
            6.481926679611206,
            -11.272890776395798
          ],
          "to":[
            4.308394372463226,
            6.986928224563599,
            -10.76788929104805
          ],
          "rotationOrigin":[
            3.4971866607666016,
            6.734427452087402,
            -11.020390033721924
          ],
          "rotationX":2.1490389784596655e-05,
          "rotationY":85.99998417933024,
          "rotationZ":-3.0000288983431664,
          "group":"Crude",
          "faces":{
            "north":{
              "texture":"#side",
              "uv":[
                2.0,
                3.999998092651367,
                6.0,
                5.999998092651367
              ],
              "autoUv":false
            },
            "east":{
              "texture":"#north",
              "uv":[
                4.0,
                2.0,
                6.0,
                4.0
              ],
              "autoUv":false
            },
            "south":{
              "texture":"#side",
              "uv":[
                1.0062121152877808,
                1.9999980926513672,
                4.0,
                4.0
              ],
              "autoUv":false
            },
            "west":{
              "texture":"#side",
              "uv":[
                12.0,
                0.0,
                20.0,
                8.0
              ],
              "autoUv":false,
              "rotation":270
            },
            "up":{
              "texture":"#side",
              "uv":[
                18.0,
                3.999998092651367,
                22.0,
                5.999998092651367
              ],
              "autoUv":false
            },
            "down":{
              "texture":"#side",
              "uv":[
                24.0,
                3.999998092651367,
                20.0,
                1.9999980926513672
              ],
              "autoUv":false,
              "rotation":180
            }
          },
          "children":[]
        },
        {
          "name":"handle_crude 09",
          "from":[
            2.6858531832695007,
            6.995896577835083,
            -11.279733896255493
          ],
          "to":[
            4.288033306598663,
            7.500898122787476,
            -10.7747323513031
          ],
          "rotationOrigin":[
            3.486943244934082,
            7.248397350311279,
            -11.027233123779297
          ],
          "rotationX":-4.34224225375971e-06,
          "rotationY":86.99996485495512,
          "rotationZ":1.0000094904854477,
          "group":"Crude",
          "faces":{
            "north":{
              "texture":"#side",
              "uv":[
                2.0,
                4.0,
                6.0,
                6.0
              ],
              "autoUv":false
            },
            "east":{
              "texture":"#north",
              "uv":[
                4.0,
                1.0,
                6.0,
                3.0
              ],
              "autoUv":false
            },
            "south":{
              "texture":"#side",
              "uv":[
                2.0,
                -3.814697265625e-06,
                6.0,
                2.000001907348633
              ],
              "autoUv":false
            },
            "west":{
              "texture":"#side",
              "uv":[
                12.0,
                0.0,
                20.0,
                8.0
              ],
              "autoUv":false,
              "rotation":270
            },
            "up":{
              "texture":"#bark",
              "uv":[
                18.0,
                1.9999980926513672,
                22.0,
                4.0
              ],
              "autoUv":false
            },
            "down":{
              "texture":"#side",
              "uv":[
                24.0,
                6.0,
                20.0,
                4.0
              ],
              "autoUv":false,
              "rotation":180
            }
          },
          "children":[]
        },
        {
          "name":"handle_crude 10",
          "from":[
            -10.41996556520462,
            7.002764463424683,
            -10.97115683555603
          ],
          "to":[
            -8.774801433086395,
            7.507766008377075,
            -10.466155290603638
          ],
          "rotationOrigin":[
            -9.597383499145508,
            7.255265235900879,
            -10.718656063079834
          ],
          "rotationX":-1.0869856351371729e-05,
          "rotationY":93.9999730183019,
          "rotationZ":2.9999973087182554,
          "group":"Crude",
          "faces":{
            "north":{
              "texture":"#side",
              "uv":[
                2.0,
                0.0,
                6.0,
                2.0
              ],
              "autoUv":false
            },
            "east":{
              "texture":"#north",
              "uv":[
                4.0,
                1.0,
                7.0,
                4.0
              ],
              "autoUv":false
            },
            "south":{
              "texture":"#bark",
              "uv":[
                0.9968939423561096,
                0.0,
                4.0,
                2.0
              ],
              "autoUv":false
            },
            "west":{
              "texture":"#side",
              "uv":[
                12.0,
                0.0,
                20.0,
                8.0
              ],
              "autoUv":false,
              "rotation":270
            },
            "up":{
              "texture":"#bark",
              "uv":[
                18.0,
                0.0,
                22.0,
                2.0
              ],
              "autoUv":false
            },
            "down":{
              "texture":"#bark",
              "uv":[
                24.0,
                2.0,
                20.0,
                0.0
              ],
              "autoUv":false,
              "rotation":180
            }
          },
          "children":[]
        },
        {
          "name":"handle_crude 11",
          "from":[
            -10.377409756183624,
            6.496156930923462,
            -10.975300550460815
          ],
          "to":[
            -8.775229632854462,
            7.0011584758758545,
            -10.470299005508423
          ],
          "rotationOrigin":[
            -9.576319694519043,
            6.748657703399658,
            -10.72279977798462
          ],
          "rotationX":4.305011138658372e-06,
          "rotationY":91.99999800667379,
          "rotationZ":-1.9999942215351543,
          "group":"Crude",
          "faces":{
            "north":{
              "texture":"#side",
              "uv":[
                2.0,
                2.0,
                6.0,
                3.999998092651367
              ],
              "autoUv":false
            },
            "east":{
              "texture":"#north",
              "uv":[
                4.0,
                2.0,
                7.0,
                5.0
              ],
              "autoUv":false
            },
            "south":{
              "texture":"#bark",
              "uv":[
                0.9968940019607544,
                1.9999980926513672,
                4.0,
                4.0
              ],
              "autoUv":false
            },
            "west":{
              "texture":"#side",
              "uv":[
                12.0,
                0.0,
                20.0,
                8.0
              ],
              "autoUv":false,
              "rotation":270
            },
            "up":{
              "texture":"#bark",
              "uv":[
                18.0,
                1.9999980926513672,
                22.0,
                4.0
              ],
              "autoUv":false
            },
            "down":{
              "texture":"#bark",
              "uv":[
                24.0,
                1.9999980926513672,
                20.0,
                0.0
              ],
              "autoUv":false,
              "rotation":180
            }
          },
          "children":[]
        },
        {
          "name":"handle_crude 12",
          "from":[
            -9.819672524929047,
            6.481926679611206,
            -10.968273371458054
          ],
          "to":[
            -8.197257101535797,
            6.986928224563599,
            -10.463271886110306
          ],
          "rotationOrigin":[
            -9.008464813232422,
            6.734427452087402,
            -10.71577262878418
          ],
          "rotationX":2.1490389784596655e-05,
          "rotationY":85.99998417933024,
          "rotationZ":-3.0000288983431664,
          "group":"Crude",
          "faces":{
            "north":{
              "texture":"#side",
              "uv":[
                2.0,
                3.999998092651367,
                6.0,
                5.999998092651367
              ],
              "autoUv":false
            },
            "east":{
              "texture":"#north",
              "uv":[
                4.0,
                2.0,
                6.0,
                4.0
              ],
              "autoUv":false
            },
            "south":{
              "texture":"#side",
              "uv":[
                1.0062121152877808,
                1.9999980926513672,
                4.0,
                4.0
              ],
              "autoUv":false
            },
            "west":{
              "texture":"#side",
              "uv":[
                12.0,
                0.0,
                20.0,
                8.0
              ],
              "autoUv":false,
              "rotation":270
            },
            "up":{
              "texture":"#side",
              "uv":[
                18.0,
                3.999998092651367,
                22.0,
                5.999998092651367
              ],
              "autoUv":false
            },
            "down":{
              "texture":"#side",
              "uv":[
                24.0,
                3.999998092651367,
                20.0,
                1.9999980926513672
              ],
              "autoUv":false,
              "rotation":180
            }
          },
          "children":[]
        },
        {
          "name":"handle_crude 13",
          "from":[
            -9.819799244403839,
            6.995896577835083,
            -10.975116491317749
          ],
          "to":[
            -8.217619121074677,
            7.500898122787476,
            -10.470114946365356
          ],
          "rotationOrigin":[
            -9.018709182739258,
            7.248397350311279,
            -10.722615718841553
          ],
          "rotationX":-4.34224225375971e-06,
          "rotationY":86.99996485495512,
          "rotationZ":1.0000094904854477,
          "group":"Crude",
          "faces":{
            "north":{
              "texture":"#side",
              "uv":[
                2.0,
                4.0,
                6.0,
                6.0
              ],
              "autoUv":false
            },
            "east":{
              "texture":"#north",
              "uv":[
                4.0,
                1.0,
                6.0,
                3.0
              ],
              "autoUv":false
            },
            "south":{
              "texture":"#side",
              "uv":[
                2.0,
                -3.814697265625e-06,
                6.0,
                2.000001907348633
              ],
              "autoUv":false
            },
            "west":{
              "texture":"#side",
              "uv":[
                12.0,
                0.0,
                20.0,
                8.0
              ],
              "autoUv":false,
              "rotation":270
            },
            "up":{
              "texture":"#bark",
              "uv":[
                18.0,
                1.9999980926513672,
                22.0,
                4.0
              ],
              "autoUv":false
            },
            "down":{
              "texture":"#side",
              "uv":[
                24.0,
                6.0,
                20.0,
                4.0
              ],
              "autoUv":false,
              "rotation":180
            }
          },
          "children":[]
        },
        {
          "name":"handle_crude 14",
          "from":[
            -9.82050371170044,
            7.397503986954689,
            -7.85887536406517
          ],
          "to":[
            -8.809196949005127,
            7.529410228133202,
            -7.481526285409927
          ],
          "rotationOrigin":[
            -9.314850330352783,
            7.463457107543945,
            -7.670200824737549
          ],
          "rotationY":89.999995674289,
          "rotationZ":3.9999948463726556,
          "group":"Crude",
          "faces":{
            "north":{
              "texture":"#bark",
              "uv":[
                28.0,
                0.0,
                32.0,
                1.0
              ],
              "autoUv":false
            },
            "east":{
              "texture":"#bark",
              "uv":[
                31.0,
                1.0,
                32.0,
                2.0
              ],
              "autoUv":false
            },
            "south":{
              "texture":"#bark",
              "uv":[
                28.0,
                0.0,
                32.0,
                1.0
              ],
              "autoUv":false
            },
            "west":{
              "texture":"#bark",
              "uv":[
                12.0,
                0.0,
                20.0,
                8.0
              ],
              "autoUv":false,
              "rotation":270
            },
            "up":{
              "texture":"#bark",
              "uv":[
                11.0,
                1.0,
                15.0,
                3.0
              ],
              "autoUv":false
            },
            "down":{
              "texture":"#bark",
              "uv":[
                32.0,
                1.0,
                28.0,
                0.0
              ],
              "autoUv":false,
              "rotation":180
            }
          },
          "children":[]
        },
        {
          "name":"handle_crude 15",
          "from":[
            -9.610931873321533,
            7.397503986954689,
            -9.654616922140121
          ],
          "to":[
            -8.59962511062622,
            7.529410228133202,
            -9.277267843484879
          ],
          "rotationOrigin":[
            -9.105278491973877,
            7.463457107543945,
            -9.4659423828125
          ],
          "rotationY":89.999995674289,
          "rotationZ":3.9999948463726556,
          "group":"Crude",
          "faces":{
            "north":{
              "texture":"#bark",
              "uv":[
                28.0,
                0.0,
                32.0,
                1.0
              ],
              "autoUv":false
            },
            "east":{
              "texture":"#bark",
              "uv":[
                31.0,
                1.0,
                32.0,
                2.0
              ],
              "autoUv":false
            },
            "south":{
              "texture":"#bark",
              "uv":[
                28.0,
                0.0,
                32.0,
                1.0
              ],
              "autoUv":false
            },
            "west":{
              "texture":"#bark",
              "uv":[
                12.0,
                0.0,
                20.0,
                8.0
              ],
              "autoUv":false,
              "rotation":270
            },
            "up":{
              "texture":"#bark",
              "uv":[
                11.0,
                1.0,
                15.0,
                3.0
              ],
              "autoUv":false
            },
            "down":{
              "texture":"#bark",
              "uv":[
                32.0,
                1.0,
                28.0,
                0.0
              ],
              "autoUv":false,
              "rotation":180
            }
          },
          "children":[]
        },
        {
          "name":"handle_crude 16",
          "from":[
            2.524250030517578,
            7.397503986954689,
            -6.218973726034164
          ],
          "to":[
            3.5355567932128906,
            7.529410228133202,
            -5.8416246473789215
          ],
          "rotationOrigin":[
            3.0299034118652344,
            7.463457107543945,
            -6.030299186706543
          ],
          "rotationY":89.999995674289,
          "rotationZ":3.9999948463726556,
          "group":"Crude",
          "faces":{
            "north":{
              "texture":"#bark",
              "uv":[
                28.0,
                0.0,
                32.0,
                1.0
              ],
              "autoUv":false
            },
            "east":{
              "texture":"#bark",
              "uv":[
                31.0,
                1.0,
                32.0,
                2.0
              ],
              "autoUv":false
            },
            "south":{
              "texture":"#bark",
              "uv":[
                28.0,
                0.0,
                32.0,
                1.0
              ],
              "autoUv":false
            },
            "west":{
              "texture":"#bark",
              "uv":[
                12.0,
                0.0,
                20.0,
                8.0
              ],
              "autoUv":false,
              "rotation":270
            },
            "up":{
              "texture":"#bark",
              "uv":[
                11.0,
                1.0,
                15.0,
                3.0
              ],
              "autoUv":false
            },
            "down":{
              "texture":"#bark",
              "uv":[
                32.0,
                1.0,
                28.0,
                0.0
              ],
              "autoUv":false,
              "rotation":180
            }
          },
          "children":[]
        },
        {
          "name":"handle_crude 17",
          "from":[
            2.8432741165161133,
            7.397503986954689,
            -9.077919572591782
          ],
          "to":[
            3.854580879211426,
            7.529410228133202,
            -8.700570493936539
          ],
          "rotationOrigin":[
            3.3489274978637695,
            7.463457107543945,
            -8.88924503326416
          ],
          "rotationY":89.999995674289,
          "rotationZ":3.9999948463726556,
          "group":"Crude",
          "faces":{
            "north":{
              "texture":"#bark",
              "uv":[
                28.0,
                0.0,
                32.0,
                1.0
              ],
              "autoUv":false
            },
            "east":{
              "texture":"#bark",
              "uv":[
                31.0,
                1.0,
                32.0,
                2.0
              ],
              "autoUv":false
            },
            "south":{
              "texture":"#bark",
              "uv":[
                28.0,
                0.0,
                32.0,
                1.0
              ],
              "autoUv":false
            },
            "west":{
              "texture":"#bark",
              "uv":[
                12.0,
                0.0,
                20.0,
                8.0
              ],
              "autoUv":false,
              "rotation":270
            },
            "up":{
              "texture":"#bark",
              "uv":[
                11.0,
                1.0,
                15.0,
                3.0
              ],
              "autoUv":false
            },
            "down":{
              "texture":"#bark",
              "uv":[
                32.0,
                1.0,
                28.0,
                0.0
              ],
              "autoUv":false,
              "rotation":180
            }
          },
          "children":[]
        }
      ]
    }
  ],
  "groups":[]
}