[
  {
    "dependsOn": [
      {
        "modId": "elephantidae"
      }
    ],
    "file": "elephantidae:entities/land/elephantidae-carcass.json",
    "op": "replace",
    "path": "/server/behaviors/5/drops/0/quantityByType/*/avg",
    "value": 2
  },
  {
    "dependsOn": [
      {
        "modId": "elephantidae"
      }
    ],
    "file": "elephantidae:entities/land/elephantidae-carcass.json",
    "op": "replace",
    "path": "/server/behaviors/5/drops/0/quantityByType/*/var",
    "value": 1
  },
  {
    "dependsOn": [
      {
        "modId": "elephantidae"
      }
    ],
    "file": "elephantidae:entities/land/elephantidae.json",
    "op": "replace",
    "path": "/server/behaviors/11/drops/0/quantityByType/*-adult-female-elephasmaximus/avg",
    "value": 47
  },
  {
    "dependsOn": [
      {
        "modId": "elephantidae"
      }
    ],
    "file": "elephantidae:entities/land/elephantidae.json",
    "op": "replace",
    "path": "/server/behaviors/11/drops/0/quantityByType/*-adult-female-elephasmaximus/var",
    "value": 3
  },
  {
    "dependsOn": [
      {
        "modId": "elephantidae"
      }
    ],
    "file": "elephantidae:entities/land/elephantidae.json",
    "op": "replace",
    "path": "/server/behaviors/11/drops/0/quantityByType/*-adult-female-elephasmaximusborneensis/avg",
    "value": 41
  },
  {
    "dependsOn": [
      {
        "modId": "elephantidae"
      }
    ],
    "file": "elephantidae:entities/land/elephantidae.json",
    "op": "replace",
    "path": "/server/behaviors/11/drops/0/quantityByType/*-adult-female-elephasmaximusborneensis/var",
    "value": 2
  },
  {
    "dependsOn": [
      {
        "modId": "elephantidae"
      }
    ],
    "file": "elephantidae:entities/land/elephantidae.json",
    "op": "replace",
    "path": "/server/behaviors/11/drops/0/quantityByType/*-adult-female-loxodontaafricana/avg",
    "value": 53
  },
  {
    "dependsOn": [
      {
        "modId": "elephantidae"
      }
    ],
    "file": "elephantidae:entities/land/elephantidae.json",
    "op": "replace",
    "path": "/server/behaviors/11/drops/0/quantityByType/*-adult-female-loxodontaafricana/var",
    "value": 3
  },
  {
    "dependsOn": [
      {
        "modId": "elephantidae"
      }
    ],
    "file": "elephantidae:entities/land/elephantidae.json",
    "op": "replace",
    "path": "/server/behaviors/11/drops/0/quantityByType/*-adult-female-loxodontacyclotis/avg",
    "value": 18
  },
  {
    "dependsOn": [
      {
        "modId": "elephantidae"
      }
    ],
    "file": "elephantidae:entities/land/elephantidae.json",
    "op": "replace",
    "path": "/server/behaviors/11/drops/0/quantityByType/*-adult-female-loxodontacyclotis/var",
    "value": 1
  },
  {
    "dependsOn": [
      {
        "modId": "elephantidae"
      }
    ],
    "file": "elephantidae:entities/land/elephantidae.json",
    "op": "replace",
    "path": "/server/behaviors/11/drops/0/quantityByType/*-adult-female-mammuthuscolumbi/avg",
    "value": 90
  },
  {
    "dependsOn": [
      {
        "modId": "elephantidae"
      }
    ],
    "file": "elephantidae:entities/land/elephantidae.json",
    "op": "replace",
    "path": "/server/behaviors/11/drops/0/quantityByType/*-adult-female-mammuthuscolumbi/var",
    "value": 4
  },
  {
    "dependsOn": [
      {
        "modId": "elephantidae"
      }
    ],
    "file": "elephantidae:entities/land/elephantidae.json",
    "op": "replace",
    "path": "/server/behaviors/11/drops/0/quantityByType/*-adult-female-mammuthusexilis/avg",
    "value": 13
  },
  {
    "dependsOn": [
      {
        "modId": "elephantidae"
      }
    ],
    "file": "elephantidae:entities/land/elephantidae.json",
    "op": "replace",
    "path": "/server/behaviors/11/drops/0/quantityByType/*-adult-female-mammuthusexilis/var",
    "value": 1
  },
  {
    "dependsOn": [
      {
        "modId": "elephantidae"
      }
    ],
    "file": "elephantidae:entities/land/elephantidae.json",
    "op": "replace",
    "path": "/server/behaviors/11/drops/0/quantityByType/*-adult-female-mammuthusprimigenius/avg",
    "value": 57
  },
  {
    "dependsOn": [
      {
        "modId": "elephantidae"
      }
    ],
    "file": "elephantidae:entities/land/elephantidae.json",
    "op": "replace",
    "path": "/server/behaviors/11/drops/0/quantityByType/*-adult-female-mammuthusprimigenius/var",
    "value": 3
  },
  {
    "dependsOn": [
      {
        "modId": "elephantidae"
      }
    ],
    "file": "elephantidae:entities/land/elephantidae.json",
    "op": "replace",
    "path": "/server/behaviors/11/drops/0/quantityByType/*-adult-female-palaeoloxodoncypriotes/avg",
    "value": 5.5
  },
  {
    "dependsOn": [
      {
        "modId": "elephantidae"
      }
    ],
    "file": "elephantidae:entities/land/elephantidae.json",
    "op": "replace",
    "path": "/server/behaviors/11/drops/0/quantityByType/*-adult-female-palaeoloxodoncypriotes/var",
    "value": 0.5
  },
  {
    "dependsOn": [
      {
        "modId": "elephantidae"
      }
    ],
    "file": "elephantidae:entities/land/elephantidae.json",
    "op": "replace",
    "path": "/server/behaviors/11/drops/0/quantityByType/*-adult-male-elephasmaximus/avg",
    "value": 72
  },
  {
    "dependsOn": [
      {
        "modId": "elephantidae"
      }
    ],
    "file": "elephantidae:entities/land/elephantidae.json",
    "op": "replace",
    "path": "/server/behaviors/11/drops/0/quantityByType/*-adult-male-elephasmaximus/var",
    "value": 3
  },
  {
    "dependsOn": [
      {
        "modId": "elephantidae"
      }
    ],
    "file": "elephantidae:entities/land/elephantidae.json",
    "op": "replace",
    "path": "/server/behaviors/11/drops/0/quantityByType/*-adult-male-elephasmaximusborneensis/avg",
    "value": 63
  },
  {
    "dependsOn": [
      {
        "modId": "elephantidae"
      }
    ],
    "file": "elephantidae:entities/land/elephantidae.json",
    "op": "replace",
    "path": "/server/behaviors/11/drops/0/quantityByType/*-adult-male-elephasmaximusborneensis/var",
    "value": 3
  },
  {
    "dependsOn": [
      {
        "modId": "elephantidae"
      }
    ],
    "file": "elephantidae:entities/land/elephantidae.json",
    "op": "replace",
    "path": "/server/behaviors/11/drops/0/quantityByType/*-adult-male-loxodontaafricana/avg",
    "value": 106
  },
  {
    "dependsOn": [
      {
        "modId": "elephantidae"
      }
    ],
    "file": "elephantidae:entities/land/elephantidae.json",
    "op": "replace",
    "path": "/server/behaviors/11/drops/0/quantityByType/*-adult-male-loxodontaafricana/var",
    "value": 6
  },
  {
    "dependsOn": [
      {
        "modId": "elephantidae"
      }
    ],
    "file": "elephantidae:entities/land/elephantidae.json",
    "op": "replace",
    "path": "/server/behaviors/11/drops/0/quantityByType/*-adult-male-loxodontacyclotis/avg",
    "value": 34
  },
  {
    "dependsOn": [
      {
        "modId": "elephantidae"
      }
    ],
    "file": "elephantidae:entities/land/elephantidae.json",
    "op": "replace",
    "path": "/server/behaviors/11/drops/0/quantityByType/*-adult-male-loxodontacyclotis/var",
    "value": 3
  },
  {
    "dependsOn": [
      {
        "modId": "elephantidae"
      }
    ],
    "file": "elephantidae:entities/land/elephantidae.json",
    "op": "replace",
    "path": "/server/behaviors/11/drops/0/quantityByType/*-adult-male-mammuthuscolumbi/avg",
    "value": 168
  },
  {
    "dependsOn": [
      {
        "modId": "elephantidae"
      }
    ],
    "file": "elephantidae:entities/land/elephantidae.json",
    "op": "replace",
    "path": "/server/behaviors/11/drops/0/quantityByType/*-adult-male-mammuthuscolumbi/var",
    "value": 9
  },
  {
    "dependsOn": [
      {
        "modId": "elephantidae"
      }
    ],
    "file": "elephantidae:entities/land/elephantidae.json",
    "op": "replace",
    "path": "/server/behaviors/11/drops/0/quantityByType/*-adult-male-mammuthusexilis/avg",
    "value": 24
  },
  {
    "dependsOn": [
      {
        "modId": "elephantidae"
      }
    ],
    "file": "elephantidae:entities/land/elephantidae.json",
    "op": "replace",
    "path": "/server/behaviors/11/drops/0/quantityByType/*-adult-male-mammuthusexilis/var",
    "value": 1
  },
  {
    "dependsOn": [
      {
        "modId": "elephantidae"
      }
    ],
    "file": "elephantidae:entities/land/elephantidae.json",
    "op": "replace",
    "path": "/server/behaviors/11/drops/0/quantityByType/*-adult-male-mammuthusprimigenius/avg",
    "value": 85
  },
  {
    "dependsOn": [
      {
        "modId": "elephantidae"
      }
    ],
    "file": "elephantidae:entities/land/elephantidae.json",
    "op": "replace",
    "path": "/server/behaviors/11/drops/0/quantityByType/*-adult-male-mammuthusprimigenius/var",
    "value": 5
  },
  {
    "dependsOn": [
      {
        "modId": "elephantidae"
      }
    ],
    "file": "elephantidae:entities/land/elephantidae.json",
    "op": "replace",
    "path": "/server/behaviors/11/drops/0/quantityByType/*-adult-male-palaeoloxodoncypriotes/avg",
    "value": 8.5
  },
  {
    "dependsOn": [
      {
        "modId": "elephantidae"
      }
    ],
    "file": "elephantidae:entities/land/elephantidae.json",
    "op": "replace",
    "path": "/server/behaviors/11/drops/0/quantityByType/*-adult-male-palaeoloxodoncypriotes/var",
    "value": 0.5
  },
  {
    "dependsOn": [
      {
        "modId": "elephantidae"
      }
    ],
    "file": "elephantidae:entities/land/elephantidae.json",
    "op": "replace",
    "path": "/server/behaviors/11/drops/0/quantityByType/*-baby-*-elephasmaximus/avg",
    "value": 6.5
  },
  {
    "dependsOn": [
      {
        "modId": "elephantidae"
      }
    ],
    "file": "elephantidae:entities/land/elephantidae.json",
    "op": "replace",
    "path": "/server/behaviors/11/drops/0/quantityByType/*-baby-*-elephasmaximus/var",
    "value": 0.5
  },
  {
    "dependsOn": [
      {
        "modId": "elephantidae"
      }
    ],
    "file": "elephantidae:entities/land/elephantidae.json",
    "op": "replace",
    "path": "/server/behaviors/11/drops/0/quantityByType/*-baby-*-elephasmaximusborneensis/avg",
    "value": 6.5
  },
  {
    "dependsOn": [
      {
        "modId": "elephantidae"
      }
    ],
    "file": "elephantidae:entities/land/elephantidae.json",
    "op": "replace",
    "path": "/server/behaviors/11/drops/0/quantityByType/*-baby-*-elephasmaximusborneensis/var",
    "value": 0.5
  },
  {
    "dependsOn": [
      {
        "modId": "elephantidae"
      }
    ],
    "file": "elephantidae:entities/land/elephantidae.json",
    "op": "replace",
    "path": "/server/behaviors/11/drops/0/quantityByType/*-baby-*-loxodontaafricana/avg",
    "value": 7.5
  },
  {
    "dependsOn": [
      {
        "modId": "elephantidae"
      }
    ],
    "file": "elephantidae:entities/land/elephantidae.json",
    "op": "replace",
    "path": "/server/behaviors/11/drops/0/quantityByType/*-baby-*-loxodontaafricana/var",
    "value": 0.5
  },
  {
    "dependsOn": [
      {
        "modId": "elephantidae"
      }
    ],
    "file": "elephantidae:entities/land/elephantidae.json",
    "op": "replace",
    "path": "/server/behaviors/11/drops/0/quantityByType/*-baby-*-loxodontacyclotis/avg",
    "value": 4.5
  },
  {
    "dependsOn": [
      {
        "modId": "elephantidae"
      }
    ],
    "file": "elephantidae:entities/land/elephantidae.json",
    "op": "replace",
    "path": "/server/behaviors/11/drops/0/quantityByType/*-baby-*-loxodontacyclotis/var",
    "value": 0.5
  },
  {
    "dependsOn": [
      {
        "modId": "elephantidae"
      }
    ],
    "file": "elephantidae:entities/land/elephantidae.json",
    "op": "replace",
    "path": "/server/behaviors/11/drops/0/quantityByType/*-baby-*-mammuthuscolumbi/avg",
    "value": 8
  },
  {
    "dependsOn": [
      {
        "modId": "elephantidae"
      }
    ],
    "file": "elephantidae:entities/land/elephantidae.json",
    "op": "replace",
    "path": "/server/behaviors/11/drops/0/quantityByType/*-baby-*-mammuthuscolumbi/var",
    "value": 1
  },
  {
    "dependsOn": [
      {
        "modId": "elephantidae"
      }
    ],
    "file": "elephantidae:entities/land/elephantidae.json",
    "op": "replace",
    "path": "/server/behaviors/11/drops/0/quantityByType/*-baby-*-mammuthusexilis/avg",
    "value": 1.5
  },
  {
    "dependsOn": [
      {
        "modId": "elephantidae"
      }
    ],
    "file": "elephantidae:entities/land/elephantidae.json",
    "op": "replace",
    "path": "/server/behaviors/11/drops/0/quantityByType/*-baby-*-mammuthusexilis/var",
    "value": 0.5
  },
  {
    "dependsOn": [
      {
        "modId": "elephantidae"
      }
    ],
    "file": "elephantidae:entities/land/elephantidae.json",
    "op": "replace",
    "path": "/server/behaviors/11/drops/0/quantityByType/*-baby-*-mammuthusprimigenius/avg",
    "value": 5
  },
  {
    "dependsOn": [
      {
        "modId": "elephantidae"
      }
    ],
    "file": "elephantidae:entities/land/elephantidae.json",
    "op": "replace",
    "path": "/server/behaviors/11/drops/0/quantityByType/*-baby-*-mammuthusprimigenius/var",
    "value": 1
  },
  {
    "dependsOn": [
      {
        "modId": "elephantidae"
      }
    ],
    "file": "elephantidae:entities/land/elephantidae.json",
    "op": "replace",
    "path": "/server/behaviors/11/drops/0/quantityByType/*-baby-*-palaeoloxodoncypriotes/avg",
    "value": 0.5
  },
  {
    "dependsOn": [
      {
        "modId": "elephantidae"
      }
    ],
    "file": "elephantidae:entities/land/elephantidae.json",
    "op": "replace",
    "path": "/server/behaviors/11/drops/0/quantityByType/*-baby-*-palaeoloxodoncypriotes/var",
    "value": 0.3
  },
  {
    "dependsOn": [
      {
        "modId": "elephantidae"
      }
    ],
    "file": "elephantidae:entities/land/elephantidae.json",
    "op": "replace",
    "path": "/server/behaviors/11/drops/1/quantityByType/*-adult-female-elephasmaximus/avg",
    "value": 47
  },
  {
    "dependsOn": [
      {
        "modId": "elephantidae"
      }
    ],
    "file": "elephantidae:entities/land/elephantidae.json",
    "op": "replace",
    "path": "/server/behaviors/11/drops/1/quantityByType/*-adult-female-elephasmaximus/var",
    "value": 3
  },
  {
    "dependsOn": [
      {
        "modId": "elephantidae"
      }
    ],
    "file": "elephantidae:entities/land/elephantidae.json",
    "op": "replace",
    "path": "/server/behaviors/11/drops/1/quantityByType/*-adult-female-elephasmaximusborneensis/avg",
    "value": 41
  },
  {
    "dependsOn": [
      {
        "modId": "elephantidae"
      }
    ],
    "file": "elephantidae:entities/land/elephantidae.json",
    "op": "replace",
    "path": "/server/behaviors/11/drops/1/quantityByType/*-adult-female-elephasmaximusborneensis/var",
    "value": 2
  },
  {
    "dependsOn": [
      {
        "modId": "elephantidae"
      }
    ],
    "file": "elephantidae:entities/land/elephantidae.json",
    "op": "replace",
    "path": "/server/behaviors/11/drops/1/quantityByType/*-adult-female-loxodontaafricana/avg",
    "value": 53
  },
  {
    "dependsOn": [
      {
        "modId": "elephantidae"
      }
    ],
    "file": "elephantidae:entities/land/elephantidae.json",
    "op": "replace",
    "path": "/server/behaviors/11/drops/1/quantityByType/*-adult-female-loxodontaafricana/var",
    "value": 3
  },
  {
    "dependsOn": [
      {
        "modId": "elephantidae"
      }
    ],
    "file": "elephantidae:entities/land/elephantidae.json",
    "op": "replace",
    "path": "/server/behaviors/11/drops/1/quantityByType/*-adult-female-loxodontacyclotis/avg",
    "value": 18
  },
  {
    "dependsOn": [
      {
        "modId": "elephantidae"
      }
    ],
    "file": "elephantidae:entities/land/elephantidae.json",
    "op": "replace",
    "path": "/server/behaviors/11/drops/1/quantityByType/*-adult-female-loxodontacyclotis/var",
    "value": 1
  },
  {
    "dependsOn": [
      {
        "modId": "elephantidae"
      }
    ],
    "file": "elephantidae:entities/land/elephantidae.json",
    "op": "replace",
    "path": "/server/behaviors/11/drops/1/quantityByType/*-adult-female-mammuthuscolumbi/avg",
    "value": 90
  },
  {
    "dependsOn": [
      {
        "modId": "elephantidae"
      }
    ],
    "file": "elephantidae:entities/land/elephantidae.json",
    "op": "replace",
    "path": "/server/behaviors/11/drops/1/quantityByType/*-adult-female-mammuthuscolumbi/var",
    "value": 4
  },
  {
    "dependsOn": [
      {
        "modId": "elephantidae"
      }
    ],
    "file": "elephantidae:entities/land/elephantidae.json",
    "op": "replace",
    "path": "/server/behaviors/11/drops/1/quantityByType/*-adult-female-mammuthusexilis/avg",
    "value": 13
  },
  {
    "dependsOn": [
      {
        "modId": "elephantidae"
      }
    ],
    "file": "elephantidae:entities/land/elephantidae.json",
    "op": "replace",
    "path": "/server/behaviors/11/drops/1/quantityByType/*-adult-female-mammuthusexilis/var",
    "value": 1
  },
  {
    "dependsOn": [
      {
        "modId": "elephantidae"
      }
    ],
    "file": "elephantidae:entities/land/elephantidae.json",
    "op": "replace",
    "path": "/server/behaviors/11/drops/1/quantityByType/*-adult-female-mammuthusprimigenius/avg",
    "value": 57
  },
  {
    "dependsOn": [
      {
        "modId": "elephantidae"
      }
    ],
    "file": "elephantidae:entities/land/elephantidae.json",
    "op": "replace",
    "path": "/server/behaviors/11/drops/1/quantityByType/*-adult-female-mammuthusprimigenius/var",
    "value": 3
  },
  {
    "dependsOn": [
      {
        "modId": "elephantidae"
      }
    ],
    "file": "elephantidae:entities/land/elephantidae.json",
    "op": "replace",
    "path": "/server/behaviors/11/drops/1/quantityByType/*-adult-female-palaeoloxodoncypriotes/avg",
    "value": 5.5
  },
  {
    "dependsOn": [
      {
        "modId": "elephantidae"
      }
    ],
    "file": "elephantidae:entities/land/elephantidae.json",
    "op": "replace",
    "path": "/server/behaviors/11/drops/1/quantityByType/*-adult-female-palaeoloxodoncypriotes/var",
    "value": 0.5
  },
  {
    "dependsOn": [
      {
        "modId": "elephantidae"
      }
    ],
    "file": "elephantidae:entities/land/elephantidae.json",
    "op": "replace",
    "path": "/server/behaviors/11/drops/1/quantityByType/*-adult-male-elephasmaximus/avg",
    "value": 72
  },
  {
    "dependsOn": [
      {
        "modId": "elephantidae"
      }
    ],
    "file": "elephantidae:entities/land/elephantidae.json",
    "op": "replace",
    "path": "/server/behaviors/11/drops/1/quantityByType/*-adult-male-elephasmaximus/var",
    "value": 3
  },
  {
    "dependsOn": [
      {
        "modId": "elephantidae"
      }
    ],
    "file": "elephantidae:entities/land/elephantidae.json",
    "op": "replace",
    "path": "/server/behaviors/11/drops/1/quantityByType/*-adult-male-elephasmaximusborneensis/avg",
    "value": 63
  },
  {
    "dependsOn": [
      {
        "modId": "elephantidae"
      }
    ],
    "file": "elephantidae:entities/land/elephantidae.json",
    "op": "replace",
    "path": "/server/behaviors/11/drops/1/quantityByType/*-adult-male-elephasmaximusborneensis/var",
    "value": 3
  },
  {
    "dependsOn": [
      {
        "modId": "elephantidae"
      }
    ],
    "file": "elephantidae:entities/land/elephantidae.json",
    "op": "replace",
    "path": "/server/behaviors/11/drops/1/quantityByType/*-adult-male-loxodontaafricana/avg",
    "value": 106
  },
  {
    "dependsOn": [
      {
        "modId": "elephantidae"
      }
    ],
    "file": "elephantidae:entities/land/elephantidae.json",
    "op": "replace",
    "path": "/server/behaviors/11/drops/1/quantityByType/*-adult-male-loxodontaafricana/var",
    "value": 6
  },
  {
    "dependsOn": [
      {
        "modId": "elephantidae"
      }
    ],
    "file": "elephantidae:entities/land/elephantidae.json",
    "op": "replace",
    "path": "/server/behaviors/11/drops/1/quantityByType/*-adult-male-loxodontacyclotis/avg",
    "value": 34
  },
  {
    "dependsOn": [
      {
        "modId": "elephantidae"
      }
    ],
    "file": "elephantidae:entities/land/elephantidae.json",
    "op": "replace",
    "path": "/server/behaviors/11/drops/1/quantityByType/*-adult-male-loxodontacyclotis/var",
    "value": 3
  },
  {
    "dependsOn": [
      {
        "modId": "elephantidae"
      }
    ],
    "file": "elephantidae:entities/land/elephantidae.json",
    "op": "replace",
    "path": "/server/behaviors/11/drops/1/quantityByType/*-adult-male-mammuthuscolumbi/avg",
    "value": 168
  },
  {
    "dependsOn": [
      {
        "modId": "elephantidae"
      }
    ],
    "file": "elephantidae:entities/land/elephantidae.json",
    "op": "replace",
    "path": "/server/behaviors/11/drops/1/quantityByType/*-adult-male-mammuthuscolumbi/var",
    "value": 9
  },
  {
    "dependsOn": [
      {
        "modId": "elephantidae"
      }
    ],
    "file": "elephantidae:entities/land/elephantidae.json",
    "op": "replace",
    "path": "/server/behaviors/11/drops/1/quantityByType/*-adult-male-mammuthusexilis/avg",
    "value": 24
  },
  {
    "dependsOn": [
      {
        "modId": "elephantidae"
      }
    ],
    "file": "elephantidae:entities/land/elephantidae.json",
    "op": "replace",
    "path": "/server/behaviors/11/drops/1/quantityByType/*-adult-male-mammuthusexilis/var",
    "value": 1
  },
  {
    "dependsOn": [
      {
        "modId": "elephantidae"
      }
    ],
    "file": "elephantidae:entities/land/elephantidae.json",
    "op": "replace",
    "path": "/server/behaviors/11/drops/1/quantityByType/*-adult-male-mammuthusprimigenius/avg",
    "value": 85
  },
  {
    "dependsOn": [
      {
        "modId": "elephantidae"
      }
    ],
    "file": "elephantidae:entities/land/elephantidae.json",
    "op": "replace",
    "path": "/server/behaviors/11/drops/1/quantityByType/*-adult-male-mammuthusprimigenius/var",
    "value": 5
  },
  {
    "dependsOn": [
      {
        "modId": "elephantidae"
      }
    ],
    "file": "elephantidae:entities/land/elephantidae.json",
    "op": "replace",
    "path": "/server/behaviors/11/drops/1/quantityByType/*-adult-male-palaeoloxodoncypriotes/avg",
    "value": 8.5
  },
  {
    "dependsOn": [
      {
        "modId": "elephantidae"
      }
    ],
    "file": "elephantidae:entities/land/elephantidae.json",
    "op": "replace",
    "path": "/server/behaviors/11/drops/1/quantityByType/*-adult-male-palaeoloxodoncypriotes/var",
    "value": 0.5
  },
  {
    "dependsOn": [
      {
        "modId": "elephantidae"
      }
    ],
    "file": "elephantidae:entities/land/elephantidae.json",
    "op": "replace",
    "path": "/server/behaviors/11/drops/1/quantityByType/*-baby-*-elephasmaximus/avg",
    "value": 6.5
  },
  {
    "dependsOn": [
      {
        "modId": "elephantidae"
      }
    ],
    "file": "elephantidae:entities/land/elephantidae.json",
    "op": "replace",
    "path": "/server/behaviors/11/drops/1/quantityByType/*-baby-*-elephasmaximus/var",
    "value": 0.5
  },
  {
    "dependsOn": [
      {
        "modId": "elephantidae"
      }
    ],
    "file": "elephantidae:entities/land/elephantidae.json",
    "op": "replace",
    "path": "/server/behaviors/11/drops/1/quantityByType/*-baby-*-elephasmaximusborneensis/avg",
    "value": 6.5
  },
  {
    "dependsOn": [
      {
        "modId": "elephantidae"
      }
    ],
    "file": "elephantidae:entities/land/elephantidae.json",
    "op": "replace",
    "path": "/server/behaviors/11/drops/1/quantityByType/*-baby-*-elephasmaximusborneensis/var",
    "value": 0.5
  },
  {
    "dependsOn": [
      {
        "modId": "elephantidae"
      }
    ],
    "file": "elephantidae:entities/land/elephantidae.json",
    "op": "replace",
    "path": "/server/behaviors/11/drops/1/quantityByType/*-baby-*-loxodontaafricana/avg",
    "value": 7.5
  },
  {
    "dependsOn": [
      {
        "modId": "elephantidae"
      }
    ],
    "file": "elephantidae:entities/land/elephantidae.json",
    "op": "replace",
    "path": "/server/behaviors/11/drops/1/quantityByType/*-baby-*-loxodontaafricana/var",
    "value": 0.5
  },
  {
    "dependsOn": [
      {
        "modId": "elephantidae"
      }
    ],
    "file": "elephantidae:entities/land/elephantidae.json",
    "op": "replace",
    "path": "/server/behaviors/11/drops/1/quantityByType/*-baby-*-loxodontacyclotis/avg",
    "value": 4.5
  },
  {
    "dependsOn": [
      {
        "modId": "elephantidae"
      }
    ],
    "file": "elephantidae:entities/land/elephantidae.json",
    "op": "replace",
    "path": "/server/behaviors/11/drops/1/quantityByType/*-baby-*-loxodontacyclotis/var",
    "value": 0.5
  },
  {
    "dependsOn": [
      {
        "modId": "elephantidae"
      }
    ],
    "file": "elephantidae:entities/land/elephantidae.json",
    "op": "replace",
    "path": "/server/behaviors/11/drops/1/quantityByType/*-baby-*-mammuthuscolumbi/avg",
    "value": 8
  },
  {
    "dependsOn": [
      {
        "modId": "elephantidae"
      }
    ],
    "file": "elephantidae:entities/land/elephantidae.json",
    "op": "replace",
    "path": "/server/behaviors/11/drops/1/quantityByType/*-baby-*-mammuthuscolumbi/var",
    "value": 1
  },
  {
    "dependsOn": [
      {
        "modId": "elephantidae"
      }
    ],
    "file": "elephantidae:entities/land/elephantidae.json",
    "op": "replace",
    "path": "/server/behaviors/11/drops/1/quantityByType/*-baby-*-mammuthusexilis/avg",
    "value": 1.5
  },
  {
    "dependsOn": [
      {
        "modId": "elephantidae"
      }
    ],
    "file": "elephantidae:entities/land/elephantidae.json",
    "op": "replace",
    "path": "/server/behaviors/11/drops/1/quantityByType/*-baby-*-mammuthusexilis/var",
    "value": 0.5
  },
  {
    "dependsOn": [
      {
        "modId": "elephantidae"
      }
    ],
    "file": "elephantidae:entities/land/elephantidae.json",
    "op": "replace",
    "path": "/server/behaviors/11/drops/1/quantityByType/*-baby-*-mammuthusprimigenius/avg",
    "value": 5
  },
  {
    "dependsOn": [
      {
        "modId": "elephantidae"
      }
    ],
    "file": "elephantidae:entities/land/elephantidae.json",
    "op": "replace",
    "path": "/server/behaviors/11/drops/1/quantityByType/*-baby-*-mammuthusprimigenius/var",
    "value": 1
  },
  {
    "dependsOn": [
      {
        "modId": "elephantidae"
      }
    ],
    "file": "elephantidae:entities/land/elephantidae.json",
    "op": "replace",
    "path": "/server/behaviors/11/drops/1/quantityByType/*-baby-*-palaeoloxodoncypriotes/avg",
    "value": 0.5
  },
  {
    "dependsOn": [
      {
        "modId": "elephantidae"
      }
    ],
    "file": "elephantidae:entities/land/elephantidae.json",
    "op": "replace",
    "path": "/server/behaviors/11/drops/1/quantityByType/*-baby-*-palaeoloxodoncypriotes/var",
    "value": 0.3
  },
  {
    "dependsOn": [
      {
        "modId": "elephantidae"
      }
    ],
    "file": "elephantidae:entities/land/elephantidae.json",
    "op": "replace",
    "path": "/server/behaviors/11/drops/2/quantityByType/*-adult-female-elephasmaximus/avg",
    "value": 19
  },
  {
    "dependsOn": [
      {
        "modId": "elephantidae"
      }
    ],
    "file": "elephantidae:entities/land/elephantidae.json",
    "op": "replace",
    "path": "/server/behaviors/11/drops/2/quantityByType/*-adult-female-elephasmaximus/var",
    "value": 1
  },
  {
    "dependsOn": [
      {
        "modId": "elephantidae"
      }
    ],
    "file": "elephantidae:entities/land/elephantidae.json",
    "op": "replace",
    "path": "/server/behaviors/11/drops/2/quantityByType/*-adult-female-elephasmaximusborneensis/avg",
    "value": 16
  },
  {
    "dependsOn": [
      {
        "modId": "elephantidae"
      }
    ],
    "file": "elephantidae:entities/land/elephantidae.json",
    "op": "replace",
    "path": "/server/behaviors/11/drops/2/quantityByType/*-adult-female-elephasmaximusborneensis/var",
    "value": 1
  },
  {
    "dependsOn": [
      {
        "modId": "elephantidae"
      }
    ],
    "file": "elephantidae:entities/land/elephantidae.json",
    "op": "replace",
    "path": "/server/behaviors/11/drops/2/quantityByType/*-adult-female-loxodontaafricana/avg",
    "value": 21.5
  },
  {
    "dependsOn": [
      {
        "modId": "elephantidae"
      }
    ],
    "file": "elephantidae:entities/land/elephantidae.json",
    "op": "replace",
    "path": "/server/behaviors/11/drops/2/quantityByType/*-adult-female-loxodontaafricana/var",
    "value": 1
  },
  {
    "dependsOn": [
      {
        "modId": "elephantidae"
      }
    ],
    "file": "elephantidae:entities/land/elephantidae.json",
    "op": "replace",
    "path": "/server/behaviors/11/drops/2/quantityByType/*-adult-female-loxodontacyclotis/avg",
    "value": 7
  },
  {
    "dependsOn": [
      {
        "modId": "elephantidae"
      }
    ],
    "file": "elephantidae:entities/land/elephantidae.json",
    "op": "replace",
    "path": "/server/behaviors/11/drops/2/quantityByType/*-adult-female-loxodontacyclotis/var",
    "value": 0.5
  },
  {
    "dependsOn": [
      {
        "modId": "elephantidae"
      }
    ],
    "file": "elephantidae:entities/land/elephantidae.json",
    "op": "replace",
    "path": "/server/behaviors/11/drops/2/quantityByType/*-adult-female-mammuthuscolumbi/avg",
    "value": 35.5
  },
  {
    "dependsOn": [
      {
        "modId": "elephantidae"
      }
    ],
    "file": "elephantidae:entities/land/elephantidae.json",
    "op": "replace",
    "path": "/server/behaviors/11/drops/2/quantityByType/*-adult-female-mammuthuscolumbi/var",
    "value": 2
  },
  {
    "dependsOn": [
      {
        "modId": "elephantidae"
      }
    ],
    "file": "elephantidae:entities/land/elephantidae.json",
    "op": "replace",
    "path": "/server/behaviors/11/drops/2/quantityByType/*-adult-female-mammuthusexilis/avg",
    "value": 5
  },
  {
    "dependsOn": [
      {
        "modId": "elephantidae"
      }
    ],
    "file": "elephantidae:entities/land/elephantidae.json",
    "op": "replace",
    "path": "/server/behaviors/11/drops/2/quantityByType/*-adult-female-mammuthusexilis/var",
    "value": 0.5
  },
  {
    "dependsOn": [
      {
        "modId": "elephantidae"
      }
    ],
    "file": "elephantidae:entities/land/elephantidae.json",
    "op": "replace",
    "path": "/server/behaviors/11/drops/2/quantityByType/*-adult-female-mammuthusprimigenius/avg",
    "value": 36
  },
  {
    "dependsOn": [
      {
        "modId": "elephantidae"
      }
    ],
    "file": "elephantidae:entities/land/elephantidae.json",
    "op": "replace",
    "path": "/server/behaviors/11/drops/2/quantityByType/*-adult-female-mammuthusprimigenius/var",
    "value": 1.5
  },
  {
    "dependsOn": [
      {
        "modId": "elephantidae"
      }
    ],
    "file": "elephantidae:entities/land/elephantidae.json",
    "op": "replace",
    "path": "/server/behaviors/11/drops/2/quantityByType/*-adult-female-palaeoloxodoncypriotes/avg",
    "value": 1.25
  },
  {
    "dependsOn": [
      {
        "modId": "elephantidae"
      }
    ],
    "file": "elephantidae:entities/land/elephantidae.json",
    "op": "replace",
    "path": "/server/behaviors/11/drops/2/quantityByType/*-adult-female-palaeoloxodoncypriotes/var",
    "value": 0.25
  },
  {
    "dependsOn": [
      {
        "modId": "elephantidae"
      }
    ],
    "file": "elephantidae:entities/land/elephantidae.json",
    "op": "replace",
    "path": "/server/behaviors/11/drops/2/quantityByType/*-adult-male-elephasmaximus/avg",
    "value": 28.5
  },
  {
    "dependsOn": [
      {
        "modId": "elephantidae"
      }
    ],
    "file": "elephantidae:entities/land/elephantidae.json",
    "op": "replace",
    "path": "/server/behaviors/11/drops/2/quantityByType/*-adult-male-elephasmaximus/var",
    "value": 1.5
  },
  {
    "dependsOn": [
      {
        "modId": "elephantidae"
      }
    ],
    "file": "elephantidae:entities/land/elephantidae.json",
    "op": "replace",
    "path": "/server/behaviors/11/drops/2/quantityByType/*-adult-male-elephasmaximusborneensis/avg",
    "value": 24.5
  },
  {
    "dependsOn": [
      {
        "modId": "elephantidae"
      }
    ],
    "file": "elephantidae:entities/land/elephantidae.json",
    "op": "replace",
    "path": "/server/behaviors/11/drops/2/quantityByType/*-adult-male-elephasmaximusborneensis/var",
    "value": 1.5
  },
  {
    "dependsOn": [
      {
        "modId": "elephantidae"
      }
    ],
    "file": "elephantidae:entities/land/elephantidae.json",
    "op": "replace",
    "path": "/server/behaviors/11/drops/2/quantityByType/*-adult-male-loxodontaafricana/avg",
    "value": 42.5
  },
  {
    "dependsOn": [
      {
        "modId": "elephantidae"
      }
    ],
    "file": "elephantidae:entities/land/elephantidae.json",
    "op": "replace",
    "path": "/server/behaviors/11/drops/2/quantityByType/*-adult-male-loxodontaafricana/var",
    "value": 2.5
  },
  {
    "dependsOn": [
      {
        "modId": "elephantidae"
      }
    ],
    "file": "elephantidae:entities/land/elephantidae.json",
    "op": "replace",
    "path": "/server/behaviors/11/drops/2/quantityByType/*-adult-male-loxodontacyclotis/avg",
    "value": 14
  },
  {
    "dependsOn": [
      {
        "modId": "elephantidae"
      }
    ],
    "file": "elephantidae:entities/land/elephantidae.json",
    "op": "replace",
    "path": "/server/behaviors/11/drops/2/quantityByType/*-adult-male-loxodontacyclotis/var",
    "value": 1
  },
  {
    "dependsOn": [
      {
        "modId": "elephantidae"
      }
    ],
    "file": "elephantidae:entities/land/elephantidae.json",
    "op": "replace",
    "path": "/server/behaviors/11/drops/2/quantityByType/*-adult-male-mammuthuscolumbi/avg",
    "value": 67.5
  },
  {
    "dependsOn": [
      {
        "modId": "elephantidae"
      }
    ],
    "file": "elephantidae:entities/land/elephantidae.json",
    "op": "replace",
    "path": "/server/behaviors/11/drops/2/quantityByType/*-adult-male-mammuthuscolumbi/var",
    "value": 3.5
  },
  {
    "dependsOn": [
      {
        "modId": "elephantidae"
      }
    ],
    "file": "elephantidae:entities/land/elephantidae.json",
    "op": "replace",
    "path": "/server/behaviors/11/drops/2/quantityByType/*-adult-male-mammuthusexilis/avg",
    "value": 9
  },
  {
    "dependsOn": [
      {
        "modId": "elephantidae"
      }
    ],
    "file": "elephantidae:entities/land/elephantidae.json",
    "op": "replace",
    "path": "/server/behaviors/11/drops/2/quantityByType/*-adult-male-mammuthusexilis/var",
    "value": 0.5
  },
  {
    "dependsOn": [
      {
        "modId": "elephantidae"
      }
    ],
    "file": "elephantidae:entities/land/elephantidae.json",
    "op": "replace",
    "path": "/server/behaviors/11/drops/2/quantityByType/*-adult-male-mammuthusprimigenius/avg",
    "value": 53
  },
  {
    "dependsOn": [
      {
        "modId": "elephantidae"
      }
    ],
    "file": "elephantidae:entities/land/elephantidae.json",
    "op": "replace",
    "path": "/server/behaviors/11/drops/2/quantityByType/*-adult-male-mammuthusprimigenius/var",
    "value": 2.5
  },
  {
    "dependsOn": [
      {
        "modId": "elephantidae"
      }
    ],
    "file": "elephantidae:entities/land/elephantidae.json",
    "op": "replace",
    "path": "/server/behaviors/11/drops/2/quantityByType/*-adult-male-palaeoloxodoncypriotes/avg",
    "value": 2.75
  },
  {
    "dependsOn": [
      {
        "modId": "elephantidae"
      }
    ],
    "file": "elephantidae:entities/land/elephantidae.json",
    "op": "replace",
    "path": "/server/behaviors/11/drops/2/quantityByType/*-adult-male-palaeoloxodoncypriotes/var",
    "value": 0.25
  },
  {
    "dependsOn": [
      {
        "modId": "elephantidae"
      }
    ],
    "file": "elephantidae:entities/land/elephantidae.json",
    "op": "replace",
    "path": "/server/behaviors/11/drops/2/quantityByType/*-baby-*-elephasmaximus/avg",
    "value": 1.75
  },
  {
    "dependsOn": [
      {
        "modId": "elephantidae"
      }
    ],
    "file": "elephantidae:entities/land/elephantidae.json",
    "op": "replace",
    "path": "/server/behaviors/11/drops/2/quantityByType/*-baby-*-elephasmaximus/var",
    "value": 0.25
  },
  {
    "dependsOn": [
      {
        "modId": "elephantidae"
      }
    ],
    "file": "elephantidae:entities/land/elephantidae.json",
    "op": "replace",
    "path": "/server/behaviors/11/drops/2/quantityByType/*-baby-*-elephasmaximusborneensis/avg",
    "value": 1.75
  },
  {
    "dependsOn": [
      {
        "modId": "elephantidae"
      }
    ],
    "file": "elephantidae:entities/land/elephantidae.json",
    "op": "replace",
    "path": "/server/behaviors/11/drops/2/quantityByType/*-baby-*-elephasmaximusborneensis/var",
    "value": 0.25
  },
  {
    "dependsOn": [
      {
        "modId": "elephantidae"
      }
    ],
    "file": "elephantidae:entities/land/elephantidae.json",
    "op": "replace",
    "path": "/server/behaviors/11/drops/2/quantityByType/*-baby-*-loxodontaafricana/avg",
    "value": 2.25
  },
  {
    "dependsOn": [
      {
        "modId": "elephantidae"
      }
    ],
    "file": "elephantidae:entities/land/elephantidae.json",
    "op": "replace",
    "path": "/server/behaviors/11/drops/2/quantityByType/*-baby-*-loxodontaafricana/var",
    "value": 0.25
  },
  {
    "dependsOn": [
      {
        "modId": "elephantidae"
      }
    ],
    "file": "elephantidae:entities/land/elephantidae.json",
    "op": "replace",
    "path": "/server/behaviors/11/drops/2/quantityByType/*-baby-*-loxodontacyclotis/avg",
    "value": 1.25
  },
  {
    "dependsOn": [
      {
        "modId": "elephantidae"
      }
    ],
    "file": "elephantidae:entities/land/elephantidae.json",
    "op": "replace",
    "path": "/server/behaviors/11/drops/2/quantityByType/*-baby-*-loxodontacyclotis/var",
    "value": 0.25
  },
  {
    "dependsOn": [
      {
        "modId": "elephantidae"
      }
    ],
    "file": "elephantidae:entities/land/elephantidae.json",
    "op": "replace",
    "path": "/server/behaviors/11/drops/2/quantityByType/*-baby-*-mammuthuscolumbi/avg",
    "value": 2.75
  },
  {
    "dependsOn": [
      {
        "modId": "elephantidae"
      }
    ],
    "file": "elephantidae:entities/land/elephantidae.json",
    "op": "replace",
    "path": "/server/behaviors/11/drops/2/quantityByType/*-baby-*-mammuthuscolumbi/var",
    "value": 0.25
  },
  {
    "dependsOn": [
      {
        "modId": "elephantidae"
      }
    ],
    "file": "elephantidae:entities/land/elephantidae.json",
    "op": "replace",
    "path": "/server/behaviors/11/drops/2/quantityByType/*-baby-*-mammuthusexilis/avg",
    "value": 0.75
  },
  {
    "dependsOn": [
      {
        "modId": "elephantidae"
      }
    ],
    "file": "elephantidae:entities/land/elephantidae.json",
    "op": "replace",
    "path": "/server/behaviors/11/drops/2/quantityByType/*-baby-*-mammuthusexilis/var",
    "value": 0.25
  },
  {
    "dependsOn": [
      {
        "modId": "elephantidae"
      }
    ],
    "file": "elephantidae:entities/land/elephantidae.json",
    "op": "replace",
    "path": "/server/behaviors/11/drops/2/quantityByType/*-baby-*-mammuthusprimigenius/avg",
    "value": 2.5
  },
  {
    "dependsOn": [
      {
        "modId": "elephantidae"
      }
    ],
    "file": "elephantidae:entities/land/elephantidae.json",
    "op": "replace",
    "path": "/server/behaviors/11/drops/2/quantityByType/*-baby-*-mammuthusprimigenius/var",
    "value": 0.5
  },
  {
    "dependsOn": [
      {
        "modId": "elephantidae"
      }
    ],
    "file": "elephantidae:entities/land/elephantidae.json",
    "op": "replace",
    "path": "/server/behaviors/11/drops/2/quantityByType/*-baby-*-palaeoloxodoncypriotes/avg",
    "value": 0.25
  },
  {
    "dependsOn": [
      {
        "modId": "elephantidae"
      }
    ],
    "file": "elephantidae:entities/land/elephantidae.json",
    "op": "replace",
    "path": "/server/behaviors/11/drops/2/quantityByType/*-baby-*-palaeoloxodoncypriotes/var",
    "value": 0.15
  },
  {
    "dependsOn": [
      {
        "modId": "elephantidae"
      }
    ],
    "file": "elephantidae:entities/land/elephantidae.json",
    "op": "replace",
    "path": "/server/behaviors/11/drops/3/quantityByType/*-adult-*/avg",
    "value": 0.5
  },
  {
    "dependsOn": [
      {
        "modId": "elephantidae"
      }
    ],
    "file": "elephantidae:entities/land/elephantidae.json",
    "op": "replace",
    "path": "/server/behaviors/11/drops/4/quantityByType/*-baby-*/avg",
    "value": 0.5
  },
  {
    "dependsOn": [
      {
        "modId": "elephantidae"
      }
    ],
    "file": "elephantidae:entities/land/elephantidae.json",
    "op": "replace",
    "path": "/server/behaviors/15/hoursToGrowByType/*-elephasmaximus",
    "value": 1008
  },
  {
    "dependsOn": [
      {
        "modId": "elephantidae"
      }
    ],
    "file": "elephantidae:entities/land/elephantidae.json",
    "op": "replace",
    "path": "/server/behaviors/15/hoursToGrowByType/*-elephasmaximusborneensis",
    "value": 1008
  },
  {
    "dependsOn": [
      {
        "modId": "elephantidae"
      }
    ],
    "file": "elephantidae:entities/land/elephantidae.json",
    "op": "replace",
    "path": "/server/behaviors/15/hoursToGrowByType/*-loxodontaafricana",
    "value": 1008
  },
  {
    "dependsOn": [
      {
        "modId": "elephantidae"
      }
    ],
    "file": "elephantidae:entities/land/elephantidae.json",
    "op": "replace",
    "path": "/server/behaviors/15/hoursToGrowByType/*-loxodontacyclotis",
    "value": 1008
  },
  {
    "dependsOn": [
      {
        "modId": "elephantidae"
      }
    ],
    "file": "elephantidae:entities/land/elephantidae.json",
    "op": "replace",
    "path": "/server/behaviors/15/hoursToGrowByType/*-mammuthuscolumbi",
    "value": 1314
  },
  {
    "dependsOn": [
      {
        "modId": "elephantidae"
      }
    ],
    "file": "elephantidae:entities/land/elephantidae.json",
    "op": "replace",
    "path": "/server/behaviors/15/hoursToGrowByType/*-mammuthusexilis",
    "value": 1008
  },
  {
    "dependsOn": [
      {
        "modId": "elephantidae"
      }
    ],
    "file": "elephantidae:entities/land/elephantidae.json",
    "op": "replace",
    "path": "/server/behaviors/15/hoursToGrowByType/*-mammuthusprimigenius",
    "value": 1314
  },
  {
    "dependsOn": [
      {
        "modId": "elephantidae"
      }
    ],
    "file": "elephantidae:entities/land/elephantidae.json",
    "op": "replace",
    "path": "/server/behaviors/15/hoursToGrowByType/*-palaeoloxodoncypriotes",
    "value": 1314
  },
  {
    "dependsOn": [
      {
        "modId": "elephantidae"
      }
    ],
    "file": "elephantidae:entities/land/elephantidae.json",
    "op": "replace",
    "path": "/server/behaviors/13/multiplyCooldownDaysMaxByType/*",
    "value": 45
  },
  {
    "dependsOn": [
      {
        "modId": "elephantidae"
      }
    ],
    "file": "elephantidae:entities/land/elephantidae.json",
    "op": "replace",
    "path": "/server/behaviors/13/multiplyCooldownDaysMinByType/*",
    "value": 27
  },
  {
    "dependsOn": [
      {
        "modId": "elephantidae"
      }
    ],
    "file": "elephantidae:entities/land/elephantidae.json",
    "op": "replace",
    "path": "/server/behaviors/13/pregnancyDaysByType/*-elephasmaximus",
    "value": 61
  },
  {
    "dependsOn": [
      {
        "modId": "elephantidae"
      }
    ],
    "file": "elephantidae:entities/land/elephantidae.json",
    "op": "replace",
    "path": "/server/behaviors/13/pregnancyDaysByType/*-elephasmaximusborneensis",
    "value": 61
  },
  {
    "dependsOn": [
      {
        "modId": "elephantidae"
      }
    ],
    "file": "elephantidae:entities/land/elephantidae.json",
    "op": "replace",
    "path": "/server/behaviors/13/pregnancyDaysByType/*-loxodontaafricana",
    "value": 70
  },
  {
    "dependsOn": [
      {
        "modId": "elephantidae"
      }
    ],
    "file": "elephantidae:entities/land/elephantidae.json",
    "op": "replace",
    "path": "/server/behaviors/13/pregnancyDaysByType/*-loxodontacyclotis",
    "value": 70
  },
  {
    "dependsOn": [
      {
        "modId": "elephantidae"
      }
    ],
    "file": "elephantidae:entities/land/elephantidae.json",
    "op": "replace",
    "path": "/server/behaviors/13/pregnancyDaysByType/*-mammuthuscolumbi",
    "value": 68
  },
  {
    "dependsOn": [
      {
        "modId": "elephantidae"
      }
    ],
    "file": "elephantidae:entities/land/elephantidae.json",
    "op": "replace",
    "path": "/server/behaviors/13/pregnancyDaysByType/*-mammuthusexilis",
    "value": 58
  },
  {
    "dependsOn": [
      {
        "modId": "elephantidae"
      }
    ],
    "file": "elephantidae:entities/land/elephantidae.json",
    "op": "replace",
    "path": "/server/behaviors/13/pregnancyDaysByType/*-mammuthusprimigenius",
    "value": 68
  },
  {
    "dependsOn": [
      {
        "modId": "elephantidae"
      }
    ],
    "file": "elephantidae:entities/land/elephantidae.json",
    "op": "replace",
    "path": "/server/behaviors/13/pregnancyDaysByType/*-palaeoloxodoncypriotes",
    "value": 19
  }
]
