[
  {
    "dependsOn": [
      {
        "modId": "iniidae"
      }
    ],
    "file": "iniidae:entities/water/iniidae-adult.json",
    "op": "replace",
    "path": "/server/behaviors/6/drops/0/quantityByType/cetacea-adult-female-lipotesvexillifer/avg",
    "value": 12.5
  },
  {
    "dependsOn": [
      {
        "modId": "iniidae"
      }
    ],
    "file": "iniidae:entities/water/iniidae-adult.json",
    "op": "replace",
    "path": "/server/behaviors/6/drops/0/quantityByType/cetacea-adult-female-lipotesvexillifer/var",
    "value": 1
  },
  {
    "dependsOn": [
      {
        "modId": "iniidae"
      }
    ],
    "file": "iniidae:entities/water/iniidae-adult.json",
    "op": "replace",
    "path": "/server/behaviors/6/drops/0/quantityByType/cetacea-adult-male-lipotesvexillifer/avg",
    "value": 10
  },
  {
    "dependsOn": [
      {
        "modId": "iniidae"
      }
    ],
    "file": "iniidae:entities/water/iniidae-adult.json",
    "op": "replace",
    "path": "/server/behaviors/6/drops/0/quantityByType/cetacea-adult-male-lipotesvexillifer/var",
    "value": 1
  },
  {
    "dependsOn": [
      {
        "modId": "iniidae"
      }
    ],
    "file": "iniidae:entities/water/iniidae-adult.json",
    "op": "replace",
    "path": "/server/behaviors/6/drops/1/quantityByType/*-adult-*/avg",
    "value": 0.5
  },
  {
    "dependsOn": [
      {
        "modId": "iniidae"
      }
    ],
    "file": "iniidae:entities/water/iniidae-adult.json",
    "op": "replace",
    "path": "/server/behaviors/6/drops/2/quantityByType/cetacea-adult-female-lipotesvexillifer/avg",
    "value": 3.5
  },
  {
    "dependsOn": [
      {
        "modId": "iniidae"
      }
    ],
    "file": "iniidae:entities/water/iniidae-adult.json",
    "op": "replace",
    "path": "/server/behaviors/6/drops/2/quantityByType/cetacea-adult-female-lipotesvexillifer/var",
    "value": 0.5
  },
  {
    "dependsOn": [
      {
        "modId": "iniidae"
      }
    ],
    "file": "iniidae:entities/water/iniidae-adult.json",
    "op": "replace",
    "path": "/server/behaviors/6/drops/2/quantityByType/cetacea-adult-male-lipotesvexillifer/avg",
    "value": 2.75
  },
  {
    "dependsOn": [
      {
        "modId": "iniidae"
      }
    ],
    "file": "iniidae:entities/water/iniidae-adult.json",
    "op": "replace",
    "path": "/server/behaviors/6/drops/2/quantityByType/cetacea-adult-male-lipotesvexillifer/var",
    "value": 0.25
  },
  {
    "dependsOn": [
      {
        "modId": "iniidae"
      }
    ],
    "file": "iniidae:entities/water/iniidae-adult.json",
    "op": "replace",
    "path": "/server/behaviors/7/multiplyCooldownDaysMax",
    "value": 41
  },
  {
    "dependsOn": [
      {
        "modId": "iniidae"
      }
    ],
    "file": "iniidae:entities/water/iniidae-adult.json",
    "op": "replace",
    "path": "/server/behaviors/7/multiplyCooldownDaysMin",
    "value": 37
  },
  {
    "dependsOn": [
      {
        "modId": "iniidae"
      }
    ],
    "file": "iniidae:entities/water/iniidae-adult.json",
    "op": "replace",
    "path": "/server/behaviors/7/pregnancyDaysByType/*-lipotesvexillifer",
    "value": 30
  },
  {
    "dependsOn": [
      {
        "modId": "iniidae"
      }
    ],
    "file": "iniidae:entities/water/iniidae-baby.json",
    "op": "replace",
    "path": "/server/behaviors/6/drops/0/quantityByType/cetacea-baby-*-lipotesvexillifer/avg",
    "value": 4.25
  },
  {
    "dependsOn": [
      {
        "modId": "iniidae"
      }
    ],
    "file": "iniidae:entities/water/iniidae-baby.json",
    "op": "replace",
    "path": "/server/behaviors/6/drops/0/quantityByType/cetacea-baby-*-lipotesvexillifer/var",
    "value": 0.25
  },
  {
    "dependsOn": [
      {
        "modId": "iniidae"
      }
    ],
    "file": "iniidae:entities/water/iniidae-baby.json",
    "op": "replace",
    "path": "/server/behaviors/6/drops/1/quantityByType/*-baby-*/avg",
    "value": 0.5
  },
  {
    "dependsOn": [
      {
        "modId": "iniidae"
      }
    ],
    "file": "iniidae:entities/water/iniidae-baby.json",
    "op": "replace",
    "path": "/server/behaviors/6/drops/2/quantityByType/cetacea-baby-*-lipotesvexillifer/avg",
    "value": 0.5
  },
  {
    "dependsOn": [
      {
        "modId": "iniidae"
      }
    ],
    "file": "iniidae:entities/water/iniidae-baby.json",
    "op": "replace",
    "path": "/server/behaviors/6/drops/2/quantityByType/cetacea-baby-*-lipotesvexillifer/var",
    "value": 0.15
  },
  {
    "dependsOn": [
      {
        "modId": "iniidae"
      }
    ],
    "file": "iniidae:entities/water/iniidae-baby.json",
    "op": "replace",
    "path": "/server/behaviors/7/hoursToGrowByType/*-lipotesvexillifer",
    "value": 350
  }
]
