[
  {
    "dependsOn": [
      {
        "modId": "meiolaniidae"
      }
    ],
    "file": "meiolaniidae:entities/land/meiolaniidae-egg.json",
    "op": "replace",
    "path": "/server/behaviors/7/hoursToGrowByType/*",
    "value": 86
  },
  {
    "dependsOn": [
      {
        "modId": "meiolaniidae"
      }
    ],
    "file": "meiolaniidae:entities/land/meiolaniidae-egg.json",
    "op": "replace",
    "path": "/server/behaviors/7/hoursToGrowByType/*-ninjemysoweni-*",
    "value": 150
  },
  {
    "dependsOn": [
      {
        "modId": "meiolaniidae"
      }
    ],
    "file": "meiolaniidae:entities/land/meiolaniidae.json",
    "op": "replace",
    "path": "/server/behaviors/6/drops/0/quantityByType/meiolaniidae-adult-*-ninjemysoweni/avg",
    "value": 6
  },
  {
    "dependsOn": [
      {
        "modId": "meiolaniidae"
      }
    ],
    "file": "meiolaniidae:entities/land/meiolaniidae.json",
    "op": "replace",
    "path": "/server/behaviors/6/drops/0/quantityByType/meiolaniidae-adult-*-ninjemysoweni/var",
    "value": 0.5
  },
  {
    "dependsOn": [
      {
        "modId": "meiolaniidae"
      }
    ],
    "file": "meiolaniidae:entities/land/meiolaniidae.json",
    "op": "replace",
    "path": "/server/behaviors/6/drops/0/quantityByType/meiolaniidae-baby-*-ninjemysoweni/avg",
    "value": 0.25
  },
  {
    "dependsOn": [
      {
        "modId": "meiolaniidae"
      }
    ],
    "file": "meiolaniidae:entities/land/meiolaniidae.json",
    "op": "replace",
    "path": "/server/behaviors/6/drops/1/quantityByType/meiolaniidae-adult-*-ninjemysoweni/avg",
    "value": 6
  },
  {
    "dependsOn": [
      {
        "modId": "meiolaniidae"
      }
    ],
    "file": "meiolaniidae:entities/land/meiolaniidae.json",
    "op": "replace",
    "path": "/server/behaviors/6/drops/1/quantityByType/meiolaniidae-adult-*-ninjemysoweni/var",
    "value": 0.5
  },
  {
    "dependsOn": [
      {
        "modId": "meiolaniidae"
      }
    ],
    "file": "meiolaniidae:entities/land/meiolaniidae.json",
    "op": "replace",
    "path": "/server/behaviors/6/drops/1/quantityByType/meiolaniidae-baby-*-ninjemysoweni/avg",
    "value": 0.25
  },
  {
    "dependsOn": [
      {
        "modId": "meiolaniidae"
      }
    ],
    "file": "meiolaniidae:entities/land/meiolaniidae.json",
    "op": "replace",
    "path": "/server/behaviors/6/drops/2/quantityByType/*-adult-*/avg",
    "value": 0.5
  },
  {
    "dependsOn": [
      {
        "modId": "meiolaniidae"
      }
    ],
    "file": "meiolaniidae:entities/land/meiolaniidae.json",
    "op": "replace",
    "path": "/server/behaviors/6/drops/3/quantityByType/meiolaniidae-adult-*-ninjemysoweni/avg",
    "value": 2.25
  },
  {
    "dependsOn": [
      {
        "modId": "meiolaniidae"
      }
    ],
    "file": "meiolaniidae:entities/land/meiolaniidae.json",
    "op": "replace",
    "path": "/server/behaviors/6/drops/3/quantityByType/meiolaniidae-adult-*-ninjemysoweni/var",
    "value": 0.15
  },
  {
    "dependsOn": [
      {
        "modId": "meiolaniidae"
      }
    ],
    "file": "meiolaniidae:entities/land/meiolaniidae.json",
    "op": "replace",
    "path": "/server/behaviors/8/hoursToGrowByType/*",
    "value": 1750
  },
  {
    "dependsOn": [
      {
        "modId": "meiolaniidae"
      }
    ],
    "file": "meiolaniidae:entities/land/meiolaniidae.json",
    "op": "replace",
    "path": "/server/behaviors/7/multiplyCooldownDaysMax",
    "value": 38
  },
  {
    "dependsOn": [
      {
        "modId": "meiolaniidae"
      }
    ],
    "file": "meiolaniidae:entities/land/meiolaniidae.json",
    "op": "replace",
    "path": "/server/behaviors/7/multiplyCooldownDaysMin",
    "value": 33
  },
  {
    "dependsOn": [
      {
        "modId": "meiolaniidae"
      }
    ],
    "file": "meiolaniidae:entities/land/meiolaniidae.json",
    "op": "replace",
    "path": "/server/behaviors/7/pregnancyDaysByType/*",
    "value": 5
  }
]
