{
  "code": "part",
  "class": "Item",
  "variantgroups": [{"code": "type", "states": ["dwarvenshortaxehead"]}, {"code": "material", "states": ["copper", "tinbronze", "bismuthbronze", "blackbronze", "iron", "meteoriciron", "steel"]}],
  "shape": {"base": "igniscustomstuff:dwarven-shortaxe-head"},
  "textures": {
    "iron": {"base": "igniscustomstuff:tools/{material}"},
    "gold": {"base": "game:item/tool/material/gold"}
  },
  "attributes": {
    "groundStorageTransform": {"translation": {"x": 0.18, "y": 0, "z": 0.86}, "rotation": {"x": 0, "y": 90, "z": 0}, "origin": {"x": 0, "y": 0, "z": 0}, "scale": 0.72},
		"onTongTransform": {
			"translation": { "x": -0.8, "y": -1.22, "z": 0.2 },
			"rotation": { "x": 17, "y": -84, "z": 29 },
			"origin": { "x": 0, "y": 0, "z": 0 },
			"scale": 0.82
		}
	},
  "behaviors": [
    {
      "name": "GroundStorable",
      "properties": {"layout": "Quadrants", "placeRemoveSound": "sounds/player/build", "collisionBox": {"x1": 0, "y1": 0, "z1": 0, "x2": 1, "y2": 0.1, "z2": 1}}
    }
  ],
  "creativeinventory": {"general": ["*"], "ignis-stuff": ["*"]},
	"guiTransform": {
		"translation": { "x": -48, "y": 3, "z": 0 },
		"rotation": { "x": -30, "y": 46, "z": -6 },
		"origin": { "x": 0, "y": 0, "z": 0 },
		"scale": 2.61
	},
  "tpHandTransform": {"translation": {"x": 0.2, "y": 0, "z": -0.45}, "rotation": {"x": 0, "y": 90, "z": 0}, "origin": {"x": 0, "y": 0, "z": 0}, "scale": 0.6},
  "groundTransform": {"translation": {"x": 0, "y": 0.0, "z": 0}, "rotation": {"x": -0, "y": 0, "z": 0}, "origin": {"x": 0, "y": 0, "z": 0}, "scale": 2.5}
}


