{
  "code": "part",
  "class": "Item",
  "variantgroups": [{"code": "type", "states": ["elvenswordhead"]}, {"code": "material", "states": ["copper", "tinbronze", "bismuthbronze", "blackbronze", "iron", "meteoriciron", "steel"]}],
  "shape": {"base": "igniscustomstuff:elven-longsword-head"},
  "textures": {
    "iron": {"base": "igniscustomstuff:tools/{material}"},
    "gold": {"base": "game:item/tool/material/gold"}
  },
  "attributes": {
    		"onTongTransform": {
			"translation": { "x": -0.5, "y": -0.2, "z": 0.04 },
			"rotation": { "x": -55, "y": -48, "z": 0 },
			"origin": { "x": 0, "y": 0, "z": 0 }
		},
    		"groundStorageTransform": {
			"translation": { "x": 0.1, "y": 0, "z": 0.6 },
			"rotation": { "x": 0, "y": 53, "z": 0 },
			"origin": { "x": 0, "y": 0, "z": 0 },
			"scale": 0.65
		}
  },
  "behaviors": [
    {
      "name": "GroundStorable",
      "properties": {"layout": "Quadrants", "placeRemoveSound": "sounds/player/build", "collisionBox": {"x1": 0, "y1": 0, "z1": 0, "x2": 1, "y2": 0.1, "z2": 1}}
    }
  ],
  "creativeinventory": {"general": ["*"], "ignis-stuff": ["*"]},
    	"guiTransform": {
		"translation": { "x": 0, "y": 0, "z": 0 },
		"rotation": { "x": -46, "y": 38, "z": -18 },
		"origin": { "x": 0.73, "y": 0.7, "z": 0 },
		"scaleXyz": { "x": -1.54, "y": 1.54, "z": 1.54 }},
  "tpHandTransform": {"translation": {"x": 0.2, "y": 0, "z": -0.45}, "rotation": {"x": 0, "y": 90, "z": 0}, "origin": {"x": 0, "y": 0, "z": 0}, "scale": 0.6},
  "groundTransform": {"translation": {"x": 0, "y": 0.04, "z": 0}, "rotation": {"x": -2, "y": 0, "z": 0}, "origin": {"x": 0, "y": 0, "z": 0}, "scale": 3}
}
