{
  "code": "part",
  "class": "Item",
  "variantgroups": [{"code": "type", "states": ["elvenglaivehead"]}, {"code": "material", "states": ["copper", "tinbronze", "bismuthbronze", "blackbronze", "iron", "meteoriciron", "steel"]}],
  "shape": {"base": "igniscustomstuff:elven-glaive-part"},
  "textures": {
    "iron": {"base": "igniscustomstuff:tools/{material}"},
    "gold": {"base": "game:item/tool/material/gold"}
  },
  "attributes": {
    "groundStorageTransform": {"translation": {"x": 0.18, "y": 0, "z": 0.86}, "rotation": {"x": 0, "y": 90, "z": 0}, "origin": {"x": 0, "y": 0, "z": 0}, "scale": 0.72},
		"onTongTransform": {
			"translation": { "x": -0.1, "y": -0.9, "z": -0.3 },
			"rotation": { "x": -60, "y": 20, "z": 20 },
			"origin": { "x": 0, "y": 0, "z": 0 },
			"scale": 0.60
		}
	},
  "behaviors": [
    {
      "name": "GroundStorable",
      "properties": {"layout": "Quadrants", "placeRemoveSound": "sounds/player/build", "collisionBox": {"x1": 0, "y1": 0, "z1": 0, "x2": 1, "y2": 0.1, "z2": 1}}
    }
  ],
  "creativeinventory": {"general": ["*"], "ignis-stuff": ["*"]},
	"guiTransform": {
		"translation": { "x": 25, "y": 10, "z": 0 },
		"rotation": { "x": -62, "y": 56, "z": -6 },
		"origin": { "x": 0, "y": 0, "z": 0 },
		"scaleXyz": { "x": -1.19, "y": 1.19, "z": 1.19 }
	},
  "tpHandTransform": {"translation": {"x": 0.2, "y": 0, "z": -0.45}, "rotation": {"x": 0, "y": 90, "z": 0}, "origin": {"x": 0, "y": 0, "z": 0}, "scale": 0.6},
  "groundTransform": {"translation": {"x": 0, "y": 0.0, "z": 0}, "rotation": {"x": -0, "y": 0, "z": 0}, "origin": {"x": 0, "y": 0, "z": 0}, "scale": 2.5}
}

