{
  "code": "part",
  "class": "Item",
  "variantgroups": [{"code": "type", "states": ["narsilhead"]}, {"code": "material", "states": ["meteoriciron"]}],
  "shape": {"base": "igniscustomstuff:narsil-part"},
  "textures": {
    "iron": {"base": "igniscustomstuff:tools/iron"},
    "meteoriciron1": {"base": "igniscustomstuff:tools/meteoriciron"}
  },
  "attributes": {
    		"onTongTransform": {
			"translation": { "x": 0.2, "y": -0.7, "z": -0.16 },
			"rotation": { "x": -59, "y": 10, "z": 0 },
			"origin": { "x": 0, "y": 0, "z": 0 },
      "scale": 0.46
		},
    		"groundStorageTransform": {
			"translation": { "x": 0.1, "y": 0, "z": 0.6 },
			"rotation": { "x": 0, "y": 53, "z": 0 },
			"origin": { "x": 0, "y": 0, "z": 0 },
			"scale": 0.65
		}
  },
  "behaviors": [
    {
      "name": "GroundStorable",
      "properties": {"layout": "SingleCenter", "placeRemoveSound": "sounds/player/build", "collisionBox": {"x1": 0, "y1": 0, "z1": 0, "x2": 1, "y2": 0.1, "z2": 1}}
    }
  ],
  "creativeinventory": {"general": ["*"], "ignis-stuff": ["*"]},
    	"guiTransform": {
		"translation": { "x": 0, "y": 0, "z": 0 },
		"rotation": { "x": -46, "y": 38, "z": -18 },
		"origin": { "x": 0.73, "y": 0.7, "z": 0 },
		"scaleXyz": { "x": -1.54, "y": 1.54, "z": 1.54 }},
  "tpHandTransform": {"translation": {"x": 1, "y": 0, "z": 0.4}, "rotation": {"x": 0, "y": 28, "z": 0}, "origin": {"x": 0, "y": 0, "z": 0}, "scale": 0.25},
  "groundTransform": {"translation": {"x": 0, "y": 0.04, "z": 0}, "rotation": {"x": -2, "y": 0, "z": 0}, "origin": {"x": 0, "y": 0, "z": 0}, "scale": 3}
}
