{
    "code": "mallard-duck-female",
    "class": "EntityAgent",
	tags: ["animal", "huntable", "adult", "habitat-land"],		
    "hitboxSize": {
        "x": 0.6,
        "y": 0.6
    },
    "deadHitboxSize": {
        "x": 0.5,
        "y": 0.25
    },
    "eyeHeight": 0.5,
    "weight": 0.78,
    "attributes": {
        "creatureDiet": {
            "foodCategories": [
                "Grain",
                "Fruit",
                "Vegetable"
            ],
            "skipFoodTags": [
                "honeycomb"
            ],
            "foodTags": [
                "fruitmash"
            ]
        },
        eggTypes: [ { type: "item", code: "thecritterpack:egg-mallard-raw" } ],		
		trappable: {
			"small": { trapChance: 0.65, trapDestroyChance: 0.03 }
		},
        "handbook": {
            "groupcode": "thecritterpack:creaturegroup-mallardduck"
        }
    },
    "client": {
        "renderer": "Shape",
        "shape": {
            "base": "entity/land/duck/newduck_4"
        },
        "texture": {
            "base": "entity/duck/mallard-duck-female",
            "alternates": [
                {
                    "base": "entity/duck/mallard-duck-female"
                }
            ]
        },
        "size": 1,
        "behaviors": [
            {
                "code": "repulseagents"
            },
            {
                "code": "controlledphysics",
                "stepHeight": 1.1251
            },
            {
                "code": "floatupwhenstuck",
                "onlyWhenDead": true
            },
            {
                "code": "interpolateposition"
            },
			{ code: "multiplybase"}, 
            {
                "code": "harvestable"
            },
            {
                "code": "despawn",
                "minPlayerDistance": 8,
                "belowLightLevel": 8,
                "minSeconds": 300
            },
            {
                "code": "pettable",
                "minGeneration": 1
            }
        ],
        "animations": [
            {
                "code": "hurt",
                "animation": "hurt",
                "animationSpeed": 2.2,
                "weight": 10,
                "blendMode": "AddAverage"
            },
            {
                "code": "eat",
                "animation": "eat",
                "animationSpeed": 1,
                "weight": 1,
                "blendMode": "Add"
            },
            {
                "code": "swim",
                "animation": "Swim",
                "supressDefaultAnimation": true,
				"weight": 2,
                "blendMode": "Average",				
                "triggeredBy": {
                    "onControls": [
                    "swim",
                    ]
                },
				"animationSpeed": 0.5
				
            },	
            {
                "code": "walk",
                "animation": "Walk",
                "supressDefaultAnimation": true,
                "blendMode": "Average",
                "animationSpeed": 2.2
            },
            {
                "code": "idle",
                "animation": "Idle",
                "blendMode": "AddAverage",
                "easeOutSpeed": 4,
                "triggeredBy": {
                    "defaultAnim": true
                }
            },
            {
                "code": "die",
                "animation": "death",
                "animationSpeed": 1.25,
                "weight": 10,
                "blendMode": "Average",
                "triggeredBy": {
                    "onControls": [
                        "dead"
                    ]
                }
            },
            {
                "code": "sleep",
                "animation": "sleep",
                "easeInSpeed": 4,
                "easeOutSpeed": 4,
                "blendMode": "Average"
            },
			{
				code: "sit", 
				animation: "sit",
				easeInSpeed: 4,
				easeOutSpeed: 4,
				blendMode: "Average", 
			}
        ]
    },
    "server": {
        "attributes": {
            "pathfinder": {
                "minTurnAnglePerSec": 190,
                "maxTurnAnglePerSec": 280
            }
        },
        "behaviors": [
            {
                "code": "repulseagents"
            },
            {
                "code": "controlledphysics",
                "stepHeight": 1.1251
            },
            {
                "code": "despawn",
                "minPlayerDistance": 8,
                "belowLightLevel": 8,
                "minSeconds": 300
            },
            {
                "code": "health",
                "currenthealth": 3,
                "maxhealth": 3
            },
            {
                "code": "deaddecay",
                "hoursToDecay": 96,
                "decayedBlock": "carcass-tiny"
            },
            {
                "code": "harvestable",
                "drops": [
                    {
                        "type": "item",
                        "code": "poultry-raw",
                        "quantity": {
                            "avg": 0.75,
                            "var": 1.25
                        }
                    },
                    {
                        "type": "item",
                        "code": "feather",
                        "quantity": {
                            "avg": 2,
                            "var": 2
                        }
                    },
                    {
                        "type": "item",
                        "code": "bone",
                        "quantity": {
                            "avg": 0.5,
                            "var": 0
                        }
                    }
                ]
            },
            {
                "code": "floatupwhenstuck",
                "onlyWhenDead": true
            },
			{ code: "multiplybase",
				multiplyCooldownDaysMin: 1,
				multiplyCooldownDaysMax: 3,
				portionsEatenForMultiply: 4
			},
            {
                "code": "emotionstates",
                "states": [
                    {
                        "code": "alarmherdondamage",
                        "chance": 0.35,
                        "slot": 1,
                        "priority": 1,
                        "accumType": "max"
                    }
                ]
            },
            {
                "code": "taskai",
                "aiCreatureType": "SeaCreature",
                "aitasks": [
                    {
                        "code": "fleeentity",
                        "entityCodes": [
                            "wolf-male",
                            "wolf-female",
                            "fox-*",
                            "bear-*"
                        ],
                        "priority": 2.8,
                        "movespeed": 0.025,
                        "animationSpeed": 1.8,
                        "seekingRange": 7,
                        "animation": "walk",
                        "instafleeOnDamageChance": 1
                    },
                    {
                        "code": "stayclosetoentity",
                        "priority": 1.30,
                        "entityCodeByType": {
                            "mallard-duck-female": "call-duck-female-adult"
                        },
                        "movespeed": 0.013,
                        "maxDistance": 15,
                        "searchRange": 20,
                        "animation": "walk",
                        "animationSpeed": 0.75
                    },
                    {
                        "code": "lookaround",
                        "priority": 0.5
                    },
                    {
                        "code": "idle",
                        "priority": 1.25,
                        "minduration": 5000000,
                        "maxduration": 5000000,
                        "mincooldown": 5000,
                        "maxcooldown": 15000,
                        "priorityForCancel": 1.38,
                        "animation": "Sleep",
                        "whenNotInEmotionState": "aggressiveondamage",
                        "duringDayTimeFrames": [
                            {
                                "fromHour": 20,
                                "toHour": 24
                            },
                            {
                                "fromHour": 0,
                                "toHour": 6
                            }
                        ],
                        "stopOnNearbyEntityCodes": [
                            "player",
                            "wolf-male",
                            "wolf-female",
                            "fox-*"
                        ],
                        "stopRange": 8,
                        "stopOnHurt": true
                    },
                    {
                        "code": "getoutofwater",
                        "whenSwimming": "true",
                        "priority": 0.35,
                        "movespeed": 0.028,
                        "animation": "Swim",
                        "animationSpeed": 1.92
                    },
                    {
                        "code": "idle",
                        "priority": 1.2,
                        "minduration": 1500,
                        "maxduration": 4500,
                        "mincooldown": 1000,
                        "maxcooldown": 10000,
                        "priorityForCancel": 1.29,
                        "animation": "Eat"
                    },
                    {
                        "code": "idle",
                        "priority": 1.1,
                        "minduration": 1000,
                        "maxduration": 3000,
                        "mincooldown": 2000,
                        "maxcooldown": 30000,
                        "animation": "Idle"
                    },
                    {
                        "code": "wander",
                        "priority": 1,
                        "priorityForCancel": 1.35,
                        "movespeed": 0.008,
                        "animation": "Walk",
                        "stopOnNearbyEntityCodes": [
                            "fox-*",
                            "wolf-*",
                            "bear-*"
                        ],
                        "animationSpeed": 0.75
                    },
                    {
                        "code": "idle",
                        "priority": 1.2,
                        "minduration": 6000,
                        "maxduration": 40000,
                        "mincooldown": 2000,
                        "maxcooldown": 12000,
                        "priorityForCancel": 1.29,
                        "animation": "Sit",
                        "stopRange": 8,
                        "stopOnNearbyEntityCodes": [
                            "fox-*",
                            "wolf-*",
                            "bear-*"
                        ]
                    },
					{
						code: "seekblockandlay",
						priority: 1.55,
						layTime: 6,
						chickCodes: [ "mallard-duck-baby" ],
						nestTypes: [ "ground", "ducknest", ],
						sitDays: 0.8,
						incubationDays: 4,
						movespeed: 0.006,
						animation: "Walk",
						mincooldownHours: 1,
						maxcooldownHours: 2,
						sitAnimation: "Sit",
						requiresNearbyEntityCode: "thecritterpack:mallard-duck-male",
						requiresNearbyEntityRange: 16,
						failBlockCode: "thecritterpack:egg-mallard-1",
						sound: "creature/chicken/hen-lay",
						animationSpeed: 0.7,
					},
					{
						code: "seekfoodandeat",
						priority: 1.35,
						eatSound: "creature/animal-eat-small",
						eatTime: 1.5,
						movespeed: 0.0065,
						animation: "Walk",
						mincooldownHours: 1,
						maxcooldownHours: 4,
						animationSpeed: 0.7,
					},
                    {
                        "code": "fleeentity",
                        "entityCodes": [
                            "player"
                        ],
                        "priority": 2.7,
                        "movespeed": 0.025,
                        "animationSpeed": 1.8,
                        "seekingRange": 4,
                        "animation": "walk",
                        "instafleeOnDamageChance": 1
                    }
                ]
            },
			
				{"code": "placeblock",
			"minHourDelay": 192,
			"maxHourDelay": 320,
			"blockCodes": ["thecritterpack:big-wildducknest",],
				},
        ]
    },
    "sounds": {
        "idle": "creature/duck/female-*",
        "hurt": "creature/duck/duckx-02"
    },
    "idleSoundChance": 0.2,
    "idleSoundRange": 14
}