{
	"editor": {
		"backDropShape": "E:/Programs/VSModelCreator/seraph-hairless",
		"collapsedPaths": "Root/Waist-Quiver,Root/Waist-Quiver/Quiver/arrow_5,Root/Waist-Quiver/Quiver/arrow_4,Root/Waist-Quiver/Belt,Root/Waist-Quiver/Quiver/arrow_3,Root/Waist-Quiver/Quiver/arrow_2,Root/Waist-Quiver/Quiver/arrow_1,Root/Waist/buckle-bottom,Root/Waist-Quiver/Quiver/arrow_0",
		"allAngles": false,
		"entityTextureMode": false
	},
	"textureWidth": 16,
	"textureHeight": 16,
	"textureSizes": {
	},
	"textures": {
	},
	"elements": [
		{
			"name": "Waist-Quiver",
			"stepParentName": "LowerTorso",
			"from": [ -0.375, 0.75, -0.375 ],
			"to": [ 4.2, 1.575, 5.025 ],
			"rotationOrigin": [ 1.875, 0.75, 2.025 ],
			"faces": {
				"north": { "texture": "#leather", "uv": [ 0.0, 1.0, 6.0, 2.0 ], "autoUv": false },
				"east": { "texture": "#leather", "uv": [ 0.5, 0.5, 7.5, 1.5 ], "autoUv": false },
				"south": { "texture": "#leather", "uv": [ 0.5, 0.5, 6.5, 1.5 ], "autoUv": false },
				"west": { "texture": "#leather", "uv": [ 0.0, 0.0, 7.0, 1.0 ], "autoUv": false }
			},
			"children": [
				{
					"name": "Quiver",
					"from": [ 2.475, -6.825, -1.8 ],
					"to": [ 5.475, -0.825, -1.05 ],
					"rotationOrigin": [ 3.225, -2.325, -0.3 ],
					"rotationY": -45.0,
					"rotationZ": 5.5,
					"faces": {
						"north": { "texture": "#leather", "uv": [ 0.0, 0.0, 4.0, 8.0 ], "autoUv": false },
						"east": { "texture": "#leather", "uv": [ 0.0, 0.0, 1.0, 8.0 ], "autoUv": false },
						"south": { "texture": "#leather", "uv": [ 0.0, 0.0, 4.0, 8.0 ], "autoUv": false },
						"west": { "texture": "#leather", "uv": [ 0.0, 0.0, 1.0, 8.0 ], "autoUv": false },
						"up": { "texture": "#leather", "uv": [ 0.0, 0.0, 4.0, 1.0 ], "autoUv": false },
						"down": { "texture": "#leather", "uv": [ 0.0, 0.0, 4.0, 1.0 ], "autoUv": false }
					},
					"children": [
						{
							"name": "quiver_0",
							"from": [ -0.075, 0.375, -0.075 ],
							"to": [ 3.075, 0.75, 0.825 ],
							"rotationOrigin": [ -0.075, 0.375, -0.075 ],
							"faces": {
								"north": { "texture": "#brass", "uv": [ 0.0, 0.0, 4.0, 0.5 ], "autoUv": false },
								"east": { "texture": "#brass", "uv": [ 0.0, 0.0, 1.0, 0.5 ], "autoUv": false },
								"south": { "texture": "#brass", "uv": [ 0.0, 0.0, 4.0, 0.5 ], "autoUv": false },
								"west": { "texture": "#brass", "uv": [ 0.0, 0.0, 1.0, 0.5 ], "autoUv": false },
								"up": { "texture": "#brass", "uv": [ 0.0, 0.0, 4.0, 1.0 ], "autoUv": false },
								"down": { "texture": "#brass", "uv": [ 0.0, 0.0, 4.0, 1.0 ], "autoUv": false }
							}
						},
						{
							"name": "quiver_1",
							"from": [ -0.075, 5.25, -0.075 ],
							"to": [ 3.075, 5.625, 0.825 ],
							"rotationOrigin": [ -0.075, 5.25, -0.075 ],
							"faces": {
								"north": { "texture": "#brass", "uv": [ 0.0, 0.0, 4.0, 0.5 ], "autoUv": false },
								"east": { "texture": "#brass", "uv": [ 0.0, 0.0, 1.0, 0.5 ], "autoUv": false },
								"south": { "texture": "#brass", "uv": [ 0.0, 0.0, 4.0, 0.5 ], "autoUv": false },
								"west": { "texture": "#brass", "uv": [ 0.0, 0.0, 1.0, 0.5 ], "autoUv": false },
								"up": { "texture": "#brass", "uv": [ 0.0, 0.0, 4.0, 1.0 ], "autoUv": false },
								"down": { "texture": "#brass", "uv": [ 0.0, 0.0, 4.0, 1.0 ], "autoUv": false }
							}
						},
						{
							"name": "javelin_0",
							"from": [ 2.4, 6.0, 0.15 ],
							"to": [ 2.85, 10.5, 0.6 ],
							"rotationOrigin": [ 2.4, 6.0, 0.45 ],
							"rotationX": -4.0,
							"rotationZ": -4.0,
							"faces": {
								"north": { "texture": "#oak", "uv": [ 0.0, 0.0, 0.5, 6.0 ], "autoUv": false },
								"east": { "texture": "#oak", "uv": [ 0.0, 0.0, 0.5, 6.0 ], "autoUv": false },
								"south": { "texture": "#oak", "uv": [ 0.0, 0.0, 0.5, 6.0 ], "autoUv": false },
								"west": { "texture": "#oak", "uv": [ 0.0, 0.0, 0.5, 6.0 ], "autoUv": false },
								"up": { "texture": "#oak", "uv": [ 0.0, 0.0, 0.5, 0.5 ], "autoUv": false },
								"down": { "texture": "#oak", "uv": [ 0.0, 0.0, 0.5, 0.5 ], "autoUv": false }
							}
						},
						{
							"name": "quiver_2",
							"from": [ 1.8, 5.85, 0.6 ],
							"to": [ 2.25, 6.75, 0.75 ],
							"rotationOrigin": [ 1.8, 5.85, 0.75 ],
							"rotationX": 26.5,
							"faces": {
								"north": { "texture": "#leather", "uv": [ 0.0, 0.0, 0.5, 1.0 ], "autoUv": false },
								"east": { "texture": "#leather", "uv": [ 0.0, 0.0, 0.5, 1.0 ], "autoUv": false },
								"south": { "texture": "#leather", "uv": [ 0.0, 0.0, 0.5, 1.0 ], "autoUv": false },
								"west": { "texture": "#leather", "uv": [ 0.0, 0.0, 0.5, 1.0 ], "autoUv": false },
								"up": { "texture": "#leather", "uv": [ 0.0, 0.0, 0.5, 0.5 ], "autoUv": false },
								"down": { "texture": "#leather", "uv": [ 0.0, 0.0, 0.5, 0.5 ], "autoUv": false }
							}
						},
						{
							"name": "quiver_3",
							"from": [ 0.0, 5.25, 0.75 ],
							"to": [ 0.45, 8.4, 0.9 ],
							"rotationOrigin": [ 0.0, 5.25, 0.75 ],
							"rotationX": 44.5,
							"rotationY": 45.0,
							"rotationZ": 8.5,
							"faces": {
								"north": { "texture": "#leather", "uv": [ 0.0, 0.0, 0.5, 4.0 ], "autoUv": false },
								"east": { "texture": "#leather", "uv": [ 0.0, 0.0, 0.5, 4.0 ], "autoUv": false },
								"south": { "texture": "#leather", "uv": [ 0.0, 0.0, 0.5, 4.0 ], "autoUv": false },
								"west": { "texture": "#leather", "uv": [ 0.0, 0.0, 0.5, 4.0 ], "autoUv": false },
								"up": { "texture": "#leather", "uv": [ 0.0, 0.0, 0.5, 0.5 ], "autoUv": false },
								"down": { "texture": "#leather", "uv": [ 0.0, 0.0, 0.5, 0.5 ], "autoUv": false }
							}
						},
						{
							"name": "javelin_1",
							"from": [ 1.8, 6.0, 0.15 ],
							"to": [ 2.25, 10.5, 0.6 ],
							"rotationOrigin": [ 1.8, 6.0, 0.45 ],
							"rotationX": -6.0,
							"rotationZ": -1.0,
							"faces": {
								"north": { "texture": "#oak", "uv": [ 15.5, 2.5, 16.0, 8.5 ], "autoUv": false },
								"east": { "texture": "#oak", "uv": [ 15.5, 2.5, 16.0, 8.5 ], "autoUv": false },
								"south": { "texture": "#oak", "uv": [ 15.5, 2.5, 16.0, 8.5 ], "autoUv": false },
								"west": { "texture": "#oak", "uv": [ 15.5, 2.5, 16.0, 8.5 ], "autoUv": false },
								"up": { "texture": "#oak", "uv": [ 0.0, 0.0, 0.5, 0.5 ], "autoUv": false },
								"down": { "texture": "#oak", "uv": [ 0.0, 0.0, 0.5, 0.5 ], "autoUv": false }
							}
						},
						{
							"name": "javelin_2",
							"from": [ 1.2, 6.0, 0.15 ],
							"to": [ 1.65, 10.5, 0.6 ],
							"rotationOrigin": [ 1.2, 6.0, 0.45 ],
							"rotationX": -2.0,
							"rotationZ": 1.0,
							"faces": {
								"north": { "texture": "#oak", "uv": [ 0.0, 0.0, 0.5, 6.0 ], "autoUv": false },
								"east": { "texture": "#oak", "uv": [ 0.0, 0.0, 0.5, 6.0 ], "autoUv": false },
								"south": { "texture": "#oak", "uv": [ 0.0, 0.0, 0.5, 6.0 ], "autoUv": false },
								"west": { "texture": "#oak", "uv": [ 0.0, 0.0, 0.5, 6.0 ], "autoUv": false },
								"up": { "texture": "#oak", "uv": [ 0.0, 0.0, 0.5, 0.5 ], "autoUv": false },
								"down": { "texture": "#oak", "uv": [ 0.0, 0.0, 0.5, 0.5 ], "autoUv": false }
							}
						},
						{
							"name": "javelin_3",
							"from": [ 0.6, 6.0, 0.15 ],
							"to": [ 1.05, 10.5, 0.6 ],
							"rotationOrigin": [ 1.05, 6.0, 0.45 ],
							"rotationX": 1.0,
							"rotationZ": 3.0,
							"faces": {
								"north": { "texture": "#oak", "uv": [ 5.0, 3.0, 5.5, 9.0 ], "autoUv": false },
								"east": { "texture": "#oak", "uv": [ 5.0, 3.5, 5.5, 9.5 ], "autoUv": false },
								"south": { "texture": "#oak", "uv": [ 5.0, 3.5, 5.5, 9.5 ], "autoUv": false },
								"west": { "texture": "#oak", "uv": [ 5.0, 4.0, 5.5, 10.0 ], "autoUv": false },
								"up": { "texture": "#oak", "uv": [ 0.0, 0.0, 0.5, 0.5 ], "autoUv": false },
								"down": { "texture": "#oak", "uv": [ 0.0, 0.0, 0.5, 0.5 ], "autoUv": false }
							}
						},
						{
							"name": "javelin_4",
							"from": [ 0.075, 6.0, 0.15 ],
							"to": [ 0.525, 10.5, 0.6 ],
							"rotationOrigin": [ 0.525, 6.0, 0.45 ],
							"rotationX": 1.0,
							"rotationZ": 8.0,
							"faces": {
								"north": { "texture": "#oak", "uv": [ 0.0, 3.0, 0.5, 9.0 ], "autoUv": false },
								"east": { "texture": "#oak", "uv": [ 0.0, 3.0, 0.5, 9.0 ], "autoUv": false },
								"south": { "texture": "#oak", "uv": [ 0.0, 2.5, 0.5, 8.5 ], "autoUv": false },
								"west": { "texture": "#oak", "uv": [ 0.0, 2.0, 0.5, 8.0 ], "autoUv": false },
								"up": { "texture": "#oak", "uv": [ 0.0, 0.0, 0.5, 0.5 ], "autoUv": false },
								"down": { "texture": "#oak", "uv": [ 0.0, 0.0, 0.5, 0.5 ], "autoUv": false }
							}
						}
					]
				},
				{
					"name": "Belt",
					"from": [ 0.0, 0.0, 0.0 ],
					"to": [ 0.0, 0.0, 0.0 ],
					"faces": {
						"north": { "texture": "#leather", "uv": [ 0.0, 0.0, 0.5, 0.5 ], "autoUv": false },
						"east": { "texture": "#leather", "uv": [ 0.0, 0.0, 0.5, 0.5 ], "autoUv": false },
						"south": { "texture": "#leather", "uv": [ 0.0, 0.0, 0.5, 0.5 ], "autoUv": false },
						"west": { "texture": "#leather", "uv": [ 0.0, 0.0, 0.5, 0.5 ], "autoUv": false },
						"up": { "texture": "#leather", "uv": [ 0.0, 0.0, 0.5, 0.5 ], "autoUv": false },
						"down": { "texture": "#leather", "uv": [ 0.0, 0.0, 0.5, 0.5 ], "autoUv": false }
					},
					"children": [
						{
							"name": "loop",
							"from": [ -0.225, -0.225, 0.75 ],
							"to": [ 0.45, 0.975, 1.125 ],
							"rotationOrigin": [ -0.225, -0.225, 0.75 ],
							"faces": {
								"north": { "texture": "#iron", "uv": [ 6.5, 3.5, 7.0, 5.0 ], "autoUv": false },
								"south": { "texture": "#iron", "uv": [ 7.0, 3.0, 7.5, 4.5 ], "autoUv": false },
								"west": { "texture": "#iron", "uv": [ 7.0, 3.5, 7.5, 5.0 ], "autoUv": false },
								"up": { "texture": "#iron", "uv": [ 6.0, 3.0, 6.5, 3.5 ], "autoUv": false },
								"down": { "texture": "#iron", "uv": [ 7.0, 4.5, 7.5, 5.0 ], "autoUv": false }
							}
						},
						{
							"name": "buckle-bottom",
							"from": [ -0.375, -0.3, 1.8 ],
							"to": [ 0.375, 0.075, 2.925 ],
							"rotationOrigin": [ -0.375, -0.3, 1.8 ],
							"faces": {
								"north": { "texture": "#iron", "uv": [ 6.0, 4.0, 7.0, 4.5 ], "autoUv": false },
								"west": { "texture": "#iron", "uv": [ 6.0, 3.5, 7.5, 4.0 ], "autoUv": false },
								"up": { "texture": "#iron", "uv": [ 6.5, 3.5, 7.5, 5.0 ], "autoUv": false },
								"down": { "texture": "#iron", "uv": [ 7.0, 3.0, 8.0, 4.5 ], "autoUv": false }
							},
							"children": [
								{
									"name": "buckle-left",
									"from": [ 0.0, 0.375, 0.0 ],
									"to": [ 0.75, 1.5, 0.375 ],
									"rotationOrigin": [ 0.0, 0.375, 0.0 ],
									"faces": {
										"north": { "texture": "#iron", "uv": [ 6.5, 3.5, 7.5, 5.0 ], "autoUv": false },
										"south": { "texture": "#iron", "uv": [ 7.5, 3.5, 8.5, 5.0 ], "autoUv": false },
										"west": { "texture": "#iron", "uv": [ 6.5, 3.5, 7.0, 5.0 ], "autoUv": false },
										"up": { "texture": "#iron", "uv": [ 6.5, 3.5, 7.5, 4.0 ], "autoUv": false }
									}
								},
								{
									"name": "buckle-right",
									"from": [ 0.0, 0.0, 1.125 ],
									"to": [ 0.75, 1.125, 1.5 ],
									"rotationOrigin": [ 0.0, 0.0, 1.125 ],
									"faces": {
										"north": { "texture": "#iron", "uv": [ 6.5, 3.0, 7.5, 4.5 ], "autoUv": false },
										"south": { "texture": "#iron", "uv": [ 6.5, 3.5, 7.5, 5.0 ], "autoUv": false },
										"west": { "texture": "#iron", "uv": [ 7.0, 3.0, 7.5, 4.5 ], "autoUv": false },
										"down": { "texture": "#iron", "uv": [ 7.0, 4.5, 8.0, 5.0 ], "autoUv": false }
									}
								},
								{
									"name": "buckle-top",
									"from": [ 0.0, 1.125, 0.375 ],
									"to": [ 0.75, 1.5, 1.5 ],
									"rotationOrigin": [ 0.0, 1.125, 0.375 ],
									"faces": {
										"south": { "texture": "#iron", "uv": [ 6.5, 4.0, 7.5, 4.5 ], "autoUv": false },
										"west": { "texture": "#iron", "uv": [ 6.0, 4.0, 7.5, 4.5 ], "autoUv": false },
										"up": { "texture": "#iron", "uv": [ 7.0, 3.0, 8.0, 4.5 ], "autoUv": false },
										"down": { "texture": "#iron", "uv": [ 6.0, 3.0, 7.0, 4.5 ], "autoUv": false, "windMode": [-1,-1,-1,-1], "windData": [1,1,1,1] }
									}
								},
								{
									"name": "buckle-pin",
									"from": [ 0.15, 0.675, 0.75 ],
									"to": [ 0.6, 0.825, 1.875 ],
									"rotationOrigin": [ 0.15, 0.675, 0.75 ],
									"faces": {
										"north": { "texture": "#iron", "uv": [ 7.5, 4.5, 8.0, 5.0 ], "autoUv": false },
										"south": { "texture": "#iron", "uv": [ 6.5, 3.0, 7.0, 3.5 ], "autoUv": false },
										"west": { "texture": "#iron", "uv": [ 6.0, 3.5, 7.5, 4.0 ], "autoUv": false },
										"up": { "texture": "#iron", "uv": [ 6.0, 3.0, 6.5, 4.5 ], "autoUv": false },
										"down": { "texture": "#iron", "uv": [ 7.5, 3.0, 8.0, 4.5 ], "autoUv": false }
									}
								}
							]
						},
						{
							"name": "S-top",
							"from": [ 0.375, 0.525, 4.8 ],
							"to": [ 3.825, 0.9, 5.475 ],
							"rotationOrigin": [ 0.375, 0.525, 4.8 ],
							"faces": {
								"south": { "texture": "#leather", "uv": [ 0.0, 0.0, 4.5, 0.5 ], "autoUv": false },
								"up": { "texture": "#leather", "uv": [ 0.0, 0.0, 4.5, 0.5 ], "autoUv": false },
								"down": { "texture": "#leather", "uv": [ 1.0, 0.0, 5.5, 0.5 ], "autoUv": false }
							}
						},
						{
							"name": "S-bottom",
							"from": [ 0.225, -0.15, 4.8 ],
							"to": [ 3.825, 0.225, 5.475 ],
							"rotationOrigin": [ 0.225, -0.15, 4.8 ],
							"faces": {
								"south": { "texture": "#leather", "uv": [ 1.0, 0.0, 5.5, 0.5 ], "autoUv": false },
								"up": { "texture": "#leather", "uv": [ 0.0, 0.0, 4.5, 0.5 ], "autoUv": false },
								"down": { "texture": "#leather", "uv": [ 1.0, 0.0, 5.5, 0.5 ], "autoUv": false }
							}
						},
						{
							"name": "N-top",
							"from": [ 0.375, 0.525, -0.15 ],
							"to": [ 3.9, 0.9, 0.3 ],
							"rotationOrigin": [ 0.375, 0.525, -0.15 ],
							"faces": {
								"north": { "texture": "#leather", "uv": [ 1.0, 0.0, 5.5, 0.5 ], "autoUv": false },
								"up": { "texture": "#leather", "uv": [ 1.5, 0.0, 6.0, 0.5 ], "autoUv": false },
								"down": { "texture": "#leather", "uv": [ 1.5, 0.0, 6.0, 0.5 ], "autoUv": false }
							}
						},
						{
							"name": "N-bottom",
							"from": [ 0.225, -0.15, -0.15 ],
							"to": [ 3.825, 0.225, 0.3 ],
							"rotationOrigin": [ 0.225, -0.15, -0.15 ],
							"faces": {
								"north": { "texture": "#leather", "uv": [ 1.5, 1.0, 6.0, 1.5 ], "autoUv": false },
								"up": { "texture": "#leather", "uv": [ 2.0, 1.5, 6.5, 2.0 ], "autoUv": false },
								"down": { "texture": "#leather", "uv": [ 1.0, 1.0, 5.5, 1.5 ], "autoUv": false }
							}
						},
						{
							"name": "W-topleft",
							"from": [ -0.15, 0.525, -0.15 ],
							"to": [ 0.375, 0.9, 2.1 ],
							"rotationOrigin": [ -0.15, 0.525, -0.15 ],
							"faces": {
								"north": { "texture": "#leather", "uv": [ 6.0, 0.0, 6.5, 0.5 ], "autoUv": false },
								"west": { "texture": "#leather", "uv": [ 4.0, 0.0, 7.0, 0.5 ], "autoUv": false },
								"up": { "texture": "#leather", "uv": [ 3.0, 0.0, 6.0, 0.5 ], "rotation": 90, "autoUv": false },
								"down": { "texture": "#leather", "uv": [ 2.0, 2.0, 5.0, 2.5 ], "rotation": 90, "autoUv": false }
							}
						},
						{
							"name": "W-bottomright",
							"from": [ -0.15, -0.15, 3.0 ],
							"to": [ 0.225, 0.225, 5.475 ],
							"rotationOrigin": [ -0.15, -0.15, 3.0 ],
							"faces": {
								"south": { "texture": "#leather", "uv": [ 0.0, 0.0, 0.5, 0.5 ], "autoUv": false },
								"west": { "texture": "#leather", "uv": [ 3.5, 0.0, 6.5, 0.5 ], "autoUv": false },
								"up": { "texture": "#leather", "uv": [ 4.0, 0.0, 7.0, 0.5 ], "rotation": 90, "autoUv": false },
								"down": { "texture": "#leather", "uv": [ 2.0, 0.0, 5.0, 0.5 ], "rotation": 90, "autoUv": false }
							}
						},
						{
							"name": "W-topright",
							"from": [ -0.15, 0.525, 3.0 ],
							"to": [ 0.375, 0.9, 5.475 ],
							"rotationOrigin": [ -0.15, 0.525, 3.0 ],
							"faces": {
								"south": { "texture": "#leather", "uv": [ 1.5, 0.0, 2.0, 0.5 ], "autoUv": false },
								"west": { "texture": "#leather", "uv": [ 0.5, 0.0, 3.5, 0.5 ], "autoUv": false },
								"up": { "texture": "#leather", "uv": [ 1.0, 0.0, 4.0, 0.5 ], "rotation": 90, "autoUv": false },
								"down": { "texture": "#leather", "uv": [ 4.0, 0.0, 7.0, 0.5 ], "rotation": 90, "autoUv": false }
							}
						},
						{
							"name": "W-bottomleft",
							"from": [ -0.15, -0.15, -0.15 ],
							"to": [ 0.225, 0.225, 2.1 ],
							"rotationOrigin": [ -0.15, -0.15, -0.15 ],
							"faces": {
								"north": { "texture": "#leather", "uv": [ 1.0, 0.0, 1.5, 0.5 ], "autoUv": false },
								"west": { "texture": "#leather", "uv": [ 2.0, 0.0, 5.0, 0.5 ], "autoUv": false },
								"up": { "texture": "#leather", "uv": [ 2.5, 0.0, 5.5, 0.5 ], "rotation": 90, "autoUv": false },
								"down": { "texture": "#leather", "uv": [ 1.5, 0.0, 4.5, 0.5 ], "rotation": 90, "autoUv": false }
							}
						},
						{
							"name": "E-top",
							"from": [ 3.825, 0.525, -0.15 ],
							"to": [ 4.65, 0.9, 5.475 ],
							"rotationOrigin": [ 3.825, 0.525, -0.15 ],
							"faces": {
								"north": { "texture": "#leather", "uv": [ 0.0, 0.0, 1.0, 0.5 ], "autoUv": false },
								"east": { "texture": "#leather", "uv": [ 0.0, 0.0, 7.5, 0.5 ], "autoUv": false },
								"south": { "texture": "#leather", "uv": [ 0.0, 0.0, 1.0, 0.5 ], "autoUv": false },
								"up": { "texture": "#leather", "uv": [ 0.0, 0.5, 7.5, 1.5 ], "rotation": 90, "autoUv": false },
								"down": { "texture": "#leather", "uv": [ 1.0, 2.0, 8.5, 3.0 ], "rotation": 90, "autoUv": false }
							}
						},
						{
							"name": "E-bottom",
							"from": [ 3.825, -0.15, -0.15 ],
							"to": [ 4.65, 0.225, 5.475 ],
							"rotationOrigin": [ 3.825, -0.15, -0.15 ],
							"faces": {
								"north": { "texture": "#leather", "uv": [ 1.5, 0.0, 2.5, 0.5 ], "autoUv": false },
								"east": { "texture": "#leather", "uv": [ 0.5, 0.0, 8.0, 0.5 ], "autoUv": false },
								"south": { "texture": "#leather", "uv": [ 4.5, 0.0, 5.5, 0.5 ], "autoUv": false },
								"up": { "texture": "#leather", "uv": [ 0.0, 0.0, 7.5, 1.0 ], "rotation": 90, "autoUv": false },
								"down": { "texture": "#leather", "uv": [ 0.5, 1.5, 8.0, 2.5 ], "rotation": 90, "autoUv": false }
							}
						},
						{
							"name": "belt_0",
							"from": [ 3.675, -0.225, 3.75 ],
							"to": [ 4.725, 0.975, 4.125 ],
							"rotationOrigin": [ 3.675, -0.225, 3.75 ],
							"faces": {
								"north": { "texture": "#iron", "uv": [ 0.0, 0.0, 1.0, 1.5 ], "autoUv": false },
								"east": { "texture": "#iron", "uv": [ 0.0, 0.0, 0.5, 1.5 ], "autoUv": false },
								"south": { "texture": "#iron", "uv": [ 0.0, 0.0, 1.0, 1.5 ], "autoUv": false },
								"west": { "texture": "#iron", "uv": [ 0.0, 0.0, 0.5, 1.5 ], "autoUv": false },
								"up": { "texture": "#iron", "uv": [ 0.0, 0.0, 1.0, 0.5 ], "autoUv": false },
								"down": { "texture": "#iron", "uv": [ 0.0, 0.0, 1.0, 0.5 ], "autoUv": false }
							},
							"children": [
								{
									"name": "belt_1",
									"from": [ 1.05, 0.0, 0.0 ],
									"to": [ 1.725, 0.375, 0.375 ],
									"rotationOrigin": [ 1.05, 0.0, 0.0 ],
									"faces": {
										"north": { "texture": "#iron", "uv": [ 0.0, 0.0, 0.5, 0.5 ], "autoUv": false },
										"east": { "texture": "#iron", "uv": [ 0.0, 0.0, 0.5, 0.5 ], "autoUv": false },
										"south": { "texture": "#iron", "uv": [ 0.0, 0.0, 0.5, 0.5 ], "autoUv": false },
										"west": { "texture": "#iron", "uv": [ 0.0, 0.0, 0.5, 0.5 ], "autoUv": false },
										"up": { "texture": "#iron", "uv": [ 0.0, 0.0, 0.5, 0.5 ], "autoUv": false },
										"down": { "texture": "#iron", "uv": [ 0.0, 0.0, 0.5, 0.5 ], "autoUv": false }
									}
								},
								{
									"name": "belt_2",
									"from": [ 1.35, 0.375, 0.0 ],
									"to": [ 1.725, 0.75, 0.375 ],
									"rotationOrigin": [ 1.35, 0.375, 0.0 ],
									"faces": {
										"north": { "texture": "#iron", "uv": [ 0.0, 0.0, 0.5, 0.5 ], "autoUv": false },
										"east": { "texture": "#iron", "uv": [ 0.0, 0.0, 0.5, 0.5 ], "autoUv": false },
										"south": { "texture": "#iron", "uv": [ 0.0, 0.0, 0.5, 0.5 ], "autoUv": false },
										"west": { "texture": "#iron", "uv": [ 0.0, 0.0, 0.5, 0.5 ], "autoUv": false },
										"up": { "texture": "#iron", "uv": [ 0.0, 0.0, 0.5, 0.5 ], "autoUv": false },
										"down": { "texture": "#iron", "uv": [ 0.0, 0.0, 0.5, 0.5 ], "autoUv": false }
									}
								}
							]
						}
					]
				}
			]
		}
	]}