[
{	"enabled": true,
	"op": "addmerge",
	"path": "/variantgroups/0/states",
	"value": ["plain","green","blue","violet","red","yellow","brown","vintage","smoky","pink","quartz"],
	"file": "wildcrafttree:blocktypes/glass/pane.json",
    "side": "server",
    "dependsOn": [{ "modid": "wildcrafttree" }]
},
{	"enabled": true,
	"op": "addmerge",
	"path": "/variantgroups/2/states",
	"value": [ "cedar", "fir", "spruce", "douglasfir", "tuja", "redcedar", "yew", "kauri", "ginkgo", "sycamore", "honeylocust", "dalbergia", "umnini", "banyan", "elm", "beech", "bearnut", "willow", "poplar", "tamanu", "spurgetree", "azobe", "guajacum", "eucalyptus", "ghostgum", "ohia", "satinash", "leadwood", "bluemahoe", "linden", "sal", "horsechestnut", "tigerwood", "mahogany", "sapele", "saxaul", "ash", "catalpa", "jacaranda", "mangrove", "empresstree", "chlorociboria" ],
	"file": "apewindows:blocktypes/glass/pane.json",
    "side": "server",
    "dependsOn": [{ "modid": "wildcrafttree" }]
},
{	"enabled": true,
	"op": "addmerge",
	"path": "/behaviors",
	"value": [
		{ "name": "UnleadedWindows.BlockName",
			"properties": { "parts": ["apewindows:glasspane-{glass}", " (", "wildcrafttree:tree-{wood}", ")"] }
		}
	],
	"file": "wildcrafttree:blocktypes/glass/pane.json",
    "side": "server",
    "dependsOn": [{ "modid": "wildcrafttree" }]
},
{	"enabled": true,
	"op": "addmerge",
	"path": "/-",
	"value": {
		"ingredientPattern": "W_W	_G_	W_W",
		"ingredients": {
			"G": { "type": "block", "code": "glass-*", "name": "glass" },
			"W": { "type": "item", "code": "wildcrafttree:plank-*", "name": "wood" }
		},
		"width": 3,
		"height": 3,
		"output": { "type": "block", "code": "wildcrafttree:glasspane-{glass}-{wood}-ew", "quantity": 4  }
	},
	"file": "game:recipes/grid/glasspane.json",
	"side": "server",
	"dependsOn": [{ "modid": "wildcrafttree" }]
}
]