[
{	"enabled": true,
	"op": "addmerge",
	"path": "/variantgroups/0/states",
	"value": ["plain","green","blue","violet","red","yellow","brown","vintage","smoky","pink","quartz"],
	"file": "game:blocktypes/glass/pane.json",
    "side": "server"
},
{	"enabled": true,
	"op": "addmerge",
	"path": "/behaviors",
	"value": [
		{ "name": "UnleadedWindows.BlockName",
			"properties": { "parts": ["apewindows:glasspane-{glass}", " (", "game:material-{wood}", ")"] }
		}
	],
	"file": "game:blocktypes/glass/pane.json",
    "side": "server"
}
]