{
  "textureWidth":16,
  "textureHeight":16,
  "textures":{
    "material":"game:block/metal/ingot/copper"
  },
  "textureSizes":{
    "material":[
      32,
      32
    ]
  },
  "elements":[
    {
      "name":"origin",
      "from":[
        10.79720687866211,
        0.5,
        8.21067351102829
      ],
      "to":[
        10.79720687866211,
        0.5,
        8.21067351102829
      ],
      "rotationOrigin":[
        8.0,
        0.0,
        8.0
      ],
      "group":"fine_metal_metalhead",
      "faces":{
        "north":{
          "texture":"#0",
          "uv":[
            0,
            0,
            4,
            4
          ],
          "autoUv":false
        },
        "east":{
          "texture":"#0",
          "uv":[
            0,
            0,
            4,
            4
          ],
          "autoUv":false
        },
        "south":{
          "texture":"#0",
          "uv":[
            0,
            0,
            4,
            4
          ],
          "autoUv":false
        },
        "west":{
          "texture":"#0",
          "uv":[
            0,
            0,
            4,
            4
          ],
          "autoUv":false
        },
        "up":{
          "texture":"#material",
          "uv":[
            0.0,
            0.0,
            1.0,
            1.0
          ],
          "autoUv":false,
          "rotation":180
        },
        "down":{
          "texture":"#0",
          "uv":[
            0,
            0,
            4,
            4
          ],
          "autoUv":false
        }
      },
      "children":[
        {
          "name":"fine_metal_metalhead 01",
          "from":[
            4.133443728089333,
            -0.7342343926429749,
            -0.44004134833812714
          ],
          "to":[
            4.491953000426292,
            1.2342341542243958,
            -0.08139856159687042
          ],
          "rotationOrigin":[
            4.3126983642578125,
            0.24999988079071045,
            -0.2607199549674988
          ],
          "rotationY":-45.00000125223908,
          "group":"fine_metal_metalhead",
          "faces":{
            "north":{
              "texture":"#material",
              "uv":[
                19.0,
                12.0,
                20.0,
                15.0
              ],
              "autoUv":false
            },
            "east":{
              "texture":"#material",
              "uv":[
                16.0,
                11.000001907348633,
                17.0,
                14.000001907348633
              ],
              "autoUv":false
            },
            "south":{
              "texture":"#material",
              "uv":[
                18.0,
                9.0,
                19.0,
                12.0
              ],
              "autoUv":false
            },
            "west":{
              "texture":"#material",
              "uv":[
                17.0,
                11.0,
                16.0,
                14.0
              ],
              "autoUv":false
            },
            "up":{
              "texture":"#material",
              "uv":[
                17.0,
                12.0,
                16.0,
                13.0
              ],
              "autoUv":false,
              "rotation":90
            },
            "down":{
              "texture":"#material",
              "uv":[
                17.0,
                13.0,
                16.0,
                12.0
              ],
              "autoUv":false,
              "rotation":90
            }
          },
          "children":[]
        },
        {
          "name":"fine_metal_metalhead 02",
          "from":[
            4.013032615184784,
            0.03945854306221008,
            -1.0331863164901733
          ],
          "to":[
            5.4881232380867,
            0.36351463198661804,
            0.5786323547363281
          ],
          "rotationOrigin":[
            4.750577926635742,
            0.20148658752441406,
            -0.2272769808769226
          ],
          "rotationY":-5.19390593687536,
          "group":"fine_metal_metalhead",
          "faces":{
            "north":{
              "texture":"#material",
              "uv":[
                16.0,
                7.999998092651367,
                17.0,
                11.0
              ],
              "autoUv":false,
              "rotation":90
            },
            "east":{
              "texture":"#material",
              "uv":[
                14.0,
                7.999998092651367,
                15.0,
                11.0
              ],
              "autoUv":false,
              "rotation":90
            },
            "south":{
              "texture":"#material",
              "uv":[
                17.0,
                7.999998092651367,
                18.0,
                11.0
              ],
              "autoUv":false,
              "rotation":90
            },
            "west":{
              "texture":"#material",
              "uv":[
                15.0,
                7.999998092651367,
                16.0,
                11.0
              ],
              "autoUv":false,
              "rotation":90
            },
            "up":{
              "texture":"#material",
              "uv":[
                18.0,
                11.0,
                22.0,
                14.0
              ],
              "autoUv":false
            },
            "down":{
              "texture":"#material",
              "uv":[
                18.0,
                14.0,
                14.0,
                11.0
              ],
              "autoUv":false
            }
          },
          "children":[]
        },
        {
          "name":"fine_metal_metalhead 03",
          "from":[
            1.7113682478666306,
            -0.6364966630935669,
            -0.7793411016464233
          ],
          "to":[
            2.1891253739595413,
            1.069506049156189,
            0.35799407958984375
          ],
          "rotationOrigin":[
            1.950246810913086,
            0.21650469303131104,
            -0.2106735110282898
          ],
          "group":"fine_metal_metalhead",
          "faces":{
            "north":{
              "texture":"#material",
              "uv":[
                17.09591293334961,
                20.650704383850098,
                18.051496505737305,
                24.062957763671875
              ],
              "autoUv":false,
              "rotation":180
            },
            "east":{
              "texture":"#material",
              "uv":[
                17.0,
                19.0,
                14.0,
                23.0
              ],
              "autoUv":false
            },
            "south":{
              "texture":"#material",
              "uv":[
                18.051496505737305,
                20.650704383850098,
                19.007080078125,
                24.062957763671875
              ],
              "autoUv":false,
              "rotation":180
            },
            "west":{
              "texture":"#material",
              "uv":[
                14.0,
                19.0,
                17.0,
                23.0
              ],
              "autoUv":false
            },
            "up":{
              "texture":"#material",
              "uv":[
                16.99887466430664,
                15.99951171875,
                19.001123428344727,
                17.00048828125
              ],
              "autoUv":false,
              "rotation":90
            },
            "down":{
              "texture":"#material",
              "uv":[
                16.99887466430664,
                17.00048828125,
                19.001123428344727,
                15.99951171875
              ],
              "autoUv":false,
              "rotation":90
            }
          },
          "children":[]
        },
        {
          "name":"fine_metal_metalhead 04",
          "from":[
            1.7113681733608246,
            -0.3521628975868225,
            -1.0636749118566513
          ],
          "to":[
            2.1925701200962067,
            0.7851722836494446,
            -0.7793411165475845
          ],
          "rotationOrigin":[
            1.9519691467285156,
            0.21650469303131104,
            -0.9215080142021179
          ],
          "group":"fine_metal_metalhead",
          "faces":{
            "north":{
              "texture":"#material",
              "uv":[
                14.0,
                13.0,
                15.0,
                15.0
              ],
              "autoUv":false,
              "rotation":180
            },
            "east":{
              "texture":"#material",
              "uv":[
                14.0,
                20.0,
                13.0,
                22.0
              ],
              "autoUv":false
            },
            "south":{
              "texture":"#material",
              "uv":[
                14.955891609191895,
                12.793750762939453,
                15.918365478515625,
                15.068584442138672
              ],
              "autoUv":false,
              "rotation":180
            },
            "west":{
              "texture":"#material",
              "uv":[
                13.0,
                20.0,
                14.0,
                22.0
              ],
              "autoUv":false
            },
            "up":{
              "texture":"#material",
              "uv":[
                20.454256057739258,
                15.2435302734375,
                21.022964477539062,
                16.206003189086914
              ],
              "autoUv":false,
              "rotation":90
            },
            "down":{
              "texture":"#material",
              "uv":[
                21.022659301757812,
                12.79374885559082,
                20.453948974609375,
                11.831275939941406
              ],
              "autoUv":false,
              "rotation":90
            }
          },
          "children":[]
        },
        {
          "name":"fine_metal_metalhead 05",
          "from":[
            1.7113681733608246,
            -0.3521628975868225,
            0.35799409449100494
          ],
          "to":[
            2.1925701200962067,
            0.7851722836494446,
            0.6423278898000717
          ],
          "rotationOrigin":[
            1.9519691467285156,
            0.21650469303131104,
            0.5001609921455383
          ],
          "group":"fine_metal_metalhead",
          "faces":{
            "north":{
              "texture":"#material",
              "uv":[
                19.03649139404297,
                15.628406524658203,
                19.998964309692383,
                17.903242111206055
              ],
              "autoUv":false,
              "rotation":180
            },
            "east":{
              "texture":"#material",
              "uv":[
                18.0,
                20.0,
                17.0,
                22.0
              ],
              "autoUv":false
            },
            "south":{
              "texture":"#material",
              "uv":[
                15.0,
                13.0,
                16.0,
                15.0
              ],
              "autoUv":false,
              "rotation":180
            },
            "west":{
              "texture":"#material",
              "uv":[
                17.0,
                20.0,
                18.0,
                22.0
              ],
              "autoUv":false
            },
            "up":{
              "texture":"#material",
              "uv":[
                24.141090393066406,
                20.3530216217041,
                24.70979881286621,
                21.315494537353516
              ],
              "autoUv":false,
              "rotation":90
            },
            "down":{
              "texture":"#material",
              "uv":[
                24.70949363708496,
                15.62840461730957,
                24.140783309936523,
                14.665931701660156
              ],
              "autoUv":false,
              "rotation":90
            }
          },
          "children":[]
        },
        {
          "name":"fine_metal_metalhead 06",
          "from":[
            1.7116525918245316,
            0.6255166232585907,
            -0.9625662863254547
          ],
          "to":[
            2.1922856867313385,
            1.0292704403400421,
            -0.6782326400279999
          ],
          "rotationOrigin":[
            1.9519691467285156,
            0.8273935317993164,
            -0.8203994631767273
          ],
          "rotationX":45.00000125223908,
          "group":"fine_metal_metalhead",
          "faces":{
            "north":{
              "texture":"#material",
              "uv":[
                16.00168800354004,
                16.000123023986816,
                17.00225067138672,
                16.999876976013184
              ],
              "autoUv":false,
              "rotation":270
            },
            "east":{
              "texture":"#material",
              "uv":[
                14.0,
                19.0,
                13.0,
                20.0
              ],
              "autoUv":false,
              "rotation":90
            },
            "south":{
              "texture":"#material",
              "uv":[
                12.900522232055664,
                10.251718521118164,
                13.708088874816895,
                11.213054656982422
              ],
              "autoUv":false,
              "rotation":90
            },
            "west":{
              "texture":"#material",
              "uv":[
                13.0,
                19.0,
                14.0,
                20.0
              ],
              "autoUv":false,
              "rotation":270
            },
            "up":{
              "texture":"#material",
              "uv":[
                19.12250328063965,
                14.013858795166016,
                19.691211700439453,
                14.975196838378906
              ],
              "autoUv":false,
              "rotation":90
            },
            "down":{
              "texture":"#material",
              "uv":[
                19.691211700439453,
                15.93766975402832,
                19.12250328063965,
                14.976333618164062
              ],
              "autoUv":false,
              "rotation":90
            }
          },
          "children":[]
        },
        {
          "name":"fine_metal_metalhead 07",
          "from":[
            1.7116525918245316,
            0.6255166232585907,
            0.2568856179714203
          ],
          "to":[
            2.1922856867313385,
            1.0292704403400421,
            0.5412192642688751
          ],
          "rotationOrigin":[
            1.9519691467285156,
            0.8273935317993164,
            0.3990524411201477
          ],
          "rotationX":-45.00000125223908,
          "group":"fine_metal_metalhead",
          "faces":{
            "north":{
              "texture":"#material",
              "uv":[
                9.756270408630371,
                5.062135696411133,
                10.563837051391602,
                6.023471832275391
              ],
              "autoUv":false,
              "rotation":90
            },
            "east":{
              "texture":"#material",
              "uv":[
                18.0,
                19.0,
                17.0,
                20.0
              ],
              "autoUv":false,
              "rotation":270
            },
            "south":{
              "texture":"#material",
              "uv":[
                18.99774932861328,
                16.000123023986816,
                19.99831199645996,
                16.999876976013184
              ],
              "autoUv":false,
              "rotation":90
            },
            "west":{
              "texture":"#material",
              "uv":[
                17.0,
                19.0,
                18.0,
                20.0
              ],
              "autoUv":false,
              "rotation":90
            },
            "up":{
              "texture":"#material",
              "uv":[
                8.709846496582031,
                4.099662780761719,
                9.278554916381836,
                5.060997009277344
              ],
              "autoUv":false,
              "rotation":90
            },
            "down":{
              "texture":"#material",
              "uv":[
                8.709846496582031,
                5.060997009277344,
                8.14113712310791,
                4.099662780761719
              ],
              "autoUv":false,
              "rotation":90
            }
          },
          "children":[]
        },
        {
          "name":"fine_metal_metalhead 08",
          "from":[
            1.7116525918245316,
            -0.5950978621840477,
            -0.9637292921543121
          ],
          "to":[
            2.1922856867313385,
            -0.19134404510259628,
            -0.6793956458568573
          ],
          "rotationOrigin":[
            1.9519691467285156,
            -0.393220953643322,
            -0.8215624690055847
          ],
          "rotationX":-45.00000125223908,
          "group":"fine_metal_metalhead",
          "faces":{
            "north":{
              "texture":"#material",
              "uv":[
                16.99887466430664,
                16.000123023986816,
                15.998311996459961,
                16.999876976013184
              ],
              "autoUv":false,
              "rotation":270
            },
            "east":{
              "texture":"#material",
              "uv":[
                14.0,
                22.0,
                13.0,
                23.0
              ],
              "autoUv":false,
              "rotation":270
            },
            "south":{
              "texture":"#material",
              "uv":[
                16.056779861450195,
                5.062135696411133,
                16.864347457885742,
                6.023471832275391
              ],
              "autoUv":false,
              "rotation":90
            },
            "west":{
              "texture":"#material",
              "uv":[
                13.0,
                22.0,
                14.0,
                23.0
              ],
              "autoUv":false,
              "rotation":90
            },
            "up":{
              "texture":"#material",
              "uv":[
                13.725074768066406,
                4.099662780761719,
                14.293783187866211,
                5.060997009277344
              ],
              "autoUv":false,
              "rotation":90
            },
            "down":{
              "texture":"#material",
              "uv":[
                13.725074768066406,
                5.060997009277344,
                13.156365394592285,
                4.099662780761719
              ],
              "autoUv":false,
              "rotation":90
            }
          },
          "children":[]
        },
        {
          "name":"fine_metal_metalhead 09",
          "from":[
            1.7116525918245316,
            -0.5950978621840477,
            0.2580481469631195
          ],
          "to":[
            2.1922856867313385,
            -0.19134404510259628,
            0.5423817932605743
          ],
          "rotationOrigin":[
            1.9519691467285156,
            -0.393220953643322,
            0.4002149701118469
          ],
          "rotationX":45.00000125223908,
          "group":"fine_metal_metalhead",
          "faces":{
            "north":{
              "texture":"#material",
              "uv":[
                20.74216079711914,
                5.062135696411133,
                21.549726486206055,
                6.023471832275391
              ],
              "autoUv":false,
              "rotation":90
            },
            "east":{
              "texture":"#material",
              "uv":[
                18.0,
                22.0,
                17.0,
                23.0
              ],
              "autoUv":false,
              "rotation":90
            },
            "south":{
              "texture":"#material",
              "uv":[
                20.001686096191406,
                16.000123023986816,
                19.001123428344727,
                16.999876976013184
              ],
              "autoUv":false,
              "rotation":90
            },
            "west":{
              "texture":"#material",
              "uv":[
                17.0,
                22.0,
                18.0,
                23.0
              ],
              "autoUv":false,
              "rotation":270
            },
            "up":{
              "texture":"#material",
              "uv":[
                18.740304946899414,
                4.099662780761719,
                19.30901527404785,
                5.060997009277344
              ],
              "autoUv":false,
              "rotation":90
            },
            "down":{
              "texture":"#material",
              "uv":[
                18.740306854248047,
                5.060997009277344,
                18.17159652709961,
                4.099662780761719
              ],
              "autoUv":false,
              "rotation":90
            }
          },
          "children":[]
        }
      ]
    }
  ],
  "groups":[]
}