{
	"editor": {
		"backDropShape": "E:/Programs/VSModelCreator/seraph-faceless",
		"collapsedPaths": "Root/bandN/toothR1,Root/bandN/toothL1",
		"allAngles": true,
		"entityTextureMode": true
	},
	"textureWidth": 64,
	"textureHeight": 64,
	"textureSizes": {
	},
	"textures": {
	},
	"elements": [
		{
			"name": "GamHelmet",
			"stepParentName": "Head",
			"from": [ 0.1125, 0.6, -0.36 ],
			"to": [ 4.3875, 4.05, 4.065 ],
			"unwrapMode": 1,
			"uv": [ 33.5, 35.0 ],
			"rotationOrigin": [ 0.075, 0.6, -0.45 ],
			"faces": {
				"north": { "texture": "#material", "uv": [ 39.0, 40.5, 44.5, 45.0 ], "autoUv": false },
				"east": { "texture": "#material", "uv": [ 33.5, 40.5, 39.0, 45.0 ], "autoUv": false },
				"south": { "texture": "#material", "uv": [ 50.0, 40.5, 55.5, 45.0 ], "autoUv": false },
				"west": { "texture": "#material", "uv": [ 44.5, 40.5, 50.0, 45.0 ], "autoUv": false },
				"up": { "texture": "#material", "uv": [ 39.0, 35.0, 44.5, 40.5 ], "rotation": 180, "autoUv": false },
				"down": { "texture": "#material", "uv": [ 39.0, 45.0, 44.5, 50.5 ], "autoUv": false }
			},
			"children": [
				{
					"name": "GamHelmetstrap",
					"from": [ 0.375, -0.735, 0.1875 ],
					"to": [ 1.5, 0.0, 4.3125 ],
					"unwrapMode": 5,
					"uv": [ 56.5, 39.5 ],
					"rotationOrigin": [ 0.375, -0.75, 0.225 ],
					"faces": {
						"north": { "texture": "#material", "uv": [ 57.0, 39.5, 58.5, 40.0 ], "rotation": 180, "autoUv": false },
						"east": { "texture": "#material", "uv": [ 58.5, 40.0, 59.0, 45.5 ], "rotation": 90, "autoUv": false },
						"south": { "texture": "#material", "uv": [ 57.0, 45.5, 58.5, 46.0 ], "autoUv": false },
						"west": { "texture": "#material", "uv": [ 56.5, 40.0, 57.0, 45.5 ], "rotation": 270, "autoUv": false },
						"up": { "texture": "#material", "uv": [ 57.0, 40.0, 58.5, 45.5 ], "autoUv": false },
						"down": { "texture": "#material", "uv": [ 59.0, 40.0, 60.5, 45.5 ], "autoUv": false }
					}
				},
				{
					"name": "GamHelmetFace",
					"from": [ -0.24, 2.25, 0.0 ],
					"to": [ 0.0, 3.45, 4.425 ],
					"uv": [ 46.0, 48.5 ],
					"rotationOrigin": [ -0.375, 2.25, 0.0 ],
					"faces": {
						"north": { "texture": "#material", "uv": [ 46.0, 49.0, 46.5, 50.5 ], "autoUv": false },
						"south": { "texture": "#material", "uv": [ 46.5, 49.0, 47.0, 50.5 ], "autoUv": false },
						"west": { "texture": "#material", "uv": [ 47.0, 49.0, 52.5, 50.5 ], "autoUv": false },
						"up": { "texture": "#material", "uv": [ 46.0, 48.5, 51.5, 49.0 ], "rotation": 90, "autoUv": false },
						"down": { "texture": "#material", "uv": [ 51.5, 48.5, 57.0, 49.0 ], "rotation": 90, "autoUv": false }
					}
				}
			]
		}
	]}