{
	"editor": {
		"backDropShape": "E:/Programs/VSModelCreator/seraph-faceless",
		"collapsedPaths": "Root/GamHelmet",
		"allAngles": true,
		"entityTextureMode": true
	},
	"textureWidth": 64,
	"textureHeight": 64,
	"textureSizes": {
	},
	"textures": {
	},
	"elements": [
		{
			"name": "ArmorHelmet",
			"stepParentName": "Head",
			"from": [ 0.03, 1.35, -0.525 ],
			"to": [ 4.53, 4.275, 4.275 ],
			"unwrapMode": 1,
			"uv": [ 40.0, 40.5 ],
			"rotationOrigin": [ 0.0, 1.35, -0.6 ],
			"faces": {
				"north": { "texture": "#material", "uv": [ 46.0, 46.5, 52.0, 50.0 ], "autoUv": false },
				"east": { "texture": "#material", "uv": [ 40.0, 46.5, 46.0, 50.0 ], "autoUv": false },
				"south": { "texture": "#material", "uv": [ 58.0, 46.5, 64.0, 50.0 ], "autoUv": false },
				"west": { "texture": "#material", "uv": [ 52.0, 46.5, 58.0, 50.0 ], "autoUv": false },
				"up": { "texture": "#material", "uv": [ 46.0, 40.5, 52.0, 46.5 ], "rotation": 180, "autoUv": false },
				"down": { "texture": "#material", "uv": [ 46.0, 50.0, 52.0, 56.0 ], "autoUv": false }
			},
			"children": [
				{
					"name": "ArmorHelmetFace",
					"from": [ -0.375, 0.825, 0.0 ],
					"to": [ 0.0, 2.925, 4.8 ],
					"unwrapMode": 1,
					"uv": [ 56.5, 30.0 ],
					"rotationOrigin": [ -0.525, 0.825, 0.0 ],
					"faces": {
						"north": { "texture": "#material", "uv": [ 56.5, 36.0, 57.0, 38.5 ], "autoUv": false },
						"south": { "texture": "#material", "uv": [ 63.0, 36.0, 63.5, 38.5 ], "autoUv": false },
						"west": { "texture": "#material", "uv": [ 57.0, 36.0, 63.0, 38.5 ], "autoUv": false },
						"up": { "texture": "#material", "uv": [ 56.5, 30.0, 57.0, 36.0 ], "rotation": 180, "autoUv": false },
						"down": { "texture": "#material", "uv": [ 56.5, 38.5, 57.0, 44.5 ], "autoUv": false }
					}
				},
				{
					"name": "ArmorHelmetTop",
					"from": [ 0.0, 2.91, 0.375 ],
					"to": [ 4.125, 3.285, 4.425 ],
					"unwrapMode": 1,
					"autoUnwrap": false,
					"uv": [ 31.0, 30.0 ],
					"rotationOrigin": [ 0.0, 3.0, 0.375 ],
					"faces": {
						"north": { "texture": "#material", "uv": [ 46.5, 45.5, 52.0, 46.0 ], "autoUv": false },
						"east": { "texture": "#material", "uv": [ 46.5, 41.0, 47.0, 46.0 ], "rotation": 90, "autoUv": false },
						"south": { "texture": "#material", "uv": [ 46.5, 41.0, 52.0, 41.5 ], "rotation": 180, "autoUv": false },
						"west": { "texture": "#material", "uv": [ 51.5, 41.0, 52.0, 46.0 ], "rotation": 90, "autoUv": false },
						"up": { "texture": "#material", "uv": [ 46.5, 41.0, 52.0, 46.0 ], "rotation": 180, "autoUv": false }
					}
				},
				{
					"name": "ArmorHelmetTop2",
					"from": [ 0.75, 3.285, 1.2 ],
					"to": [ 3.375, 3.66, 3.6 ],
					"unwrapMode": 1,
					"autoUnwrap": false,
					"uv": [ 31.0, 30.0 ],
					"rotationOrigin": [ 0.75, 3.375, 1.2 ],
					"faces": {
						"north": { "texture": "#material", "uv": [ 47.5, 44.5, 51.0, 45.0 ], "autoUv": false },
						"east": { "texture": "#material", "uv": [ 47.5, 42.0, 48.0, 45.0 ], "rotation": 90, "autoUv": false },
						"south": { "texture": "#material", "uv": [ 47.5, 42.0, 51.0, 42.5 ], "autoUv": false },
						"west": { "texture": "#material", "uv": [ 50.5, 42.0, 51.0, 45.0 ], "rotation": 90, "autoUv": false },
						"up": { "texture": "#material", "uv": [ 47.5, 42.0, 51.0, 45.0 ], "rotation": 180, "autoUv": false }
					}
				},
				{
					"name": "ArmorHelmetFace2",
					"from": [ -0.375, 0.0, 2.025 ],
					"to": [ 0.0, 0.825, 2.775 ],
					"unwrapMode": 1,
					"uv": [ 49.5, 30.0 ],
					"rotationOrigin": [ -0.525, 0.0, 2.025 ],
					"faces": {
						"north": { "texture": "#material", "uv": [ 49.5, 31.0, 50.0, 32.0 ], "autoUv": false },
						"south": { "texture": "#material", "uv": [ 51.0, 31.0, 51.5, 32.0 ], "autoUv": false },
						"west": { "texture": "#material", "uv": [ 50.0, 31.0, 51.0, 32.0 ], "autoUv": false },
						"up": { "texture": "#material", "uv": [ 49.5, 30.0, 50.0, 31.0 ], "rotation": 180, "autoUv": false },
						"down": { "texture": "#material", "uv": [ 49.5, 32.0, 50.0, 33.0 ], "autoUv": false }
					}
				}
			]
		}
	]}