{
	"editor": {
		"collapsedPaths": "",
		"allAngles": true,
		"entityTextureMode": true
	},
	"textureWidth": 32,
	"textureHeight": 32,
	"textureSizes": {
	},
	"textures": {
	},
	"elements": [
		{
			"name": "Body",
			"from": [ 4.25, 3.9, 5.68 ],
			"to": [ 11.0, 7.275, 9.805 ],
			"unwrapMode": 6,
			"uv": [ 0.0, 11.5 ],
			"rotationOrigin": [ 8.1875, 4.35, 8.075 ],
			"faces": {
				"north": { "texture": "#mute-swan-young", "uv": [ 3.0, 11.5, 9.5, 14.5 ] },
				"east": { "texture": "#mute-swan-young", "uv": [ 0.0, 14.5, 3.0, 18.5 ], "rotation": 90 },
				"south": { "texture": "#mute-swan-young", "uv": [ 3.0, 18.5, 9.5, 21.5 ], "rotation": 180 },
				"west": { "texture": "#mute-swan-young", "uv": [ 9.5, 14.5, 12.5, 18.5 ], "rotation": 270 },
				"up": { "texture": "#mute-swan-young", "uv": [ 12.5, 14.5, 19.0, 18.5 ] },
				"down": { "texture": "#mute-swan-young", "uv": [ 3.0, 14.5, 9.5, 18.5 ] }
			},
			"children": [
				{
					"name": "Chest",
					"from": [ 0.3, -0.1875, 0.6 ],
					"to": [ 2.2125, 2.8125, 3.6 ],
					"unwrapMode": 2,
					"unwrapRotation": 1,
					"uv": [ 10.0, 5.5 ],
					"rotationOrigin": [ 0.2625, 0.15, 2.265 ],
					"rotationZ": 42.0,
					"faces": {
						"north": { "texture": "#mute-swan-young", "uv": [ 11.5, 5.5, 14.5, 7.0 ], "rotation": 90 },
						"east": { "texture": "#mute-swan-young", "uv": [ 11.5, 7.0, 14.5, 10.0 ], "rotation": 90 },
						"south": { "texture": "#mute-swan-young", "uv": [ 11.5, 10.0, 14.5, 11.5 ], "rotation": 90 },
						"west": { "texture": "#mute-swan-young", "uv": [ 16.0, 7.0, 19.0, 10.0 ], "rotation": 270 },
						"up": { "texture": "#mute-swan-young", "uv": [ 10.0, 7.0, 11.5, 10.0 ] },
						"down": { "texture": "#mute-swan-young", "uv": [ 14.5, 7.0, 16.0, 10.0 ] }
					},
					"children": [
						{
							"name": "UpperThroat",
							"from": [ 0.3375, 1.8, 0.6 ],
							"to": [ 2.025, 4.8, 2.475 ],
							"uv": [ 13.5, 9.0 ],
							"rotationOrigin": [ 1.125, 2.55, 1.575 ],
							"rotationZ": -61.0,
							"faces": {
								"north": { "texture": "#mute-swan-young", "uv": [ 13.5, 11.5, 15.0, 14.5 ] },
								"east": { "texture": "#mute-swan-young", "uv": [ 15.5, 11.5, 17.375, 14.5 ] },
								"south": { "texture": "#mute-swan-young", "uv": [ 18.0, 11.5, 19.5, 14.5 ] },
								"west": { "texture": "#mute-swan-young", "uv": [ 20.0, 11.5, 21.875, 14.5 ] },
								"up": { "texture": "#mute-swan-young", "uv": [ 13.5, 9.0, 15.0, 10.875 ] },
								"down": { "texture": "#mute-swan-young", "uv": [ 15.5, 9.0, 17.0, 10.875 ] }
							},
							"children": [
								{
									"name": "UpperThroat2",
									"from": [ -0.075, 2.7, 0.3 ],
									"to": [ 1.6125, 5.325, 1.65 ],
									"uv": [ 13.5, 9.0 ],
									"rotationOrigin": [ 0.75, 2.7, 1.05 ],
									"rotationZ": 19.0,
									"faces": {
										"north": { "texture": "#mute-swan-young", "uv": [ 13.5, 10.5, 15.0, 13.125 ] },
										"east": { "texture": "#mute-swan-young", "uv": [ 15.5, 10.5, 16.625, 13.125 ] },
										"south": { "texture": "#mute-swan-young", "uv": [ 17.0, 10.5, 18.5, 13.125 ] },
										"west": { "texture": "#mute-swan-young", "uv": [ 19.0, 10.5, 20.125, 13.125 ] },
										"up": { "texture": "#mute-swan-young", "uv": [ 13.5, 9.0, 15.0, 10.125 ] },
										"down": { "texture": "#mute-swan-young", "uv": [ 15.5, 9.0, 17.0, 10.125 ] }
									},
									"children": [
										{
											"name": "Neck",
											"from": [ 0.0225, 2.385, 0.075 ],
											"to": [ 1.5225, 4.635, 1.275 ],
											"uv": [ 11.0, 4.5 ],
											"rotationOrigin": [ 0.5475, 2.3825, 0.75 ],
											"rotationZ": 17.0,
											"faces": {
												"north": { "texture": "#mute-swan-young", "uv": [ 11.0, 5.5, 12.5, 7.5 ] },
												"east": { "texture": "#mute-swan-young", "uv": [ 12.5, 5.5, 13.5, 7.5 ] },
												"south": { "texture": "#mute-swan-young", "uv": [ 13.5, 5.5, 15.0, 7.5 ] },
												"west": { "texture": "#mute-swan-young", "uv": [ 15.0, 5.5, 16.0, 7.5 ] },
												"up": { "texture": "#mute-swan-young", "uv": [ 11.0, 4.5, 12.5, 5.5 ] },
												"down": { "texture": "#mute-swan-young", "uv": [ 12.5, 4.5, 14.0, 5.5 ] }
											},
											"children": [
												{
													"name": "head",
													"from": [ -1.02, 0.8025, -0.375 ],
													"to": [ 1.23, 2.6025, 1.5 ],
													"unwrapMode": 5,
													"unwrapRotation": 1,
													"autoUnwrap": false,
													"uv": [ 17.5, 26.5 ],
													"rotationOrigin": [ 0.8625, 1.23, 0.6375 ],
													"rotationZ": -6.0,
													"faces": {
														"north": { "texture": "#mute-swan-young", "uv": [ 16.5, 28.0, 18.0, 30.0 ], "rotation": 270 },
														"east": { "texture": "#mute-swan-young", "uv": [ 19.0, 26.5, 20.5, 28.0 ], "rotation": 180 },
														"south": { "texture": "#mute-swan-young", "uv": [ 20.5, 28.0, 22.0, 30.0 ], "rotation": 90 },
														"west": { "texture": "#mute-swan-young", "uv": [ 19.0, 30.0, 20.5, 31.5 ] },
														"up": { "texture": "#mute-swan-young", "uv": [ 19.0, 28.0, 20.5, 30.0 ], "rotation": 90 },
														"down": { "texture": "#mute-swan-young", "uv": [ 22.0, 28.0, 23.5, 30.0 ], "rotation": 270 }
													},
													"children": [
														{
															"name": "beak",
															"from": [ -2.025, 0.5625, 0.3 ],
															"to": [ 0.0, 1.125, 1.575 ],
															"uv": [ 1.0, 0.5 ],
															"rotationOrigin": [ -1.125, 0.9, 1.0875 ],
															"faces": {
																"north": { "texture": "#mute-swan-young", "uv": [ 1.0, 2.0, 2.875, 2.375 ] },
																"south": { "texture": "#mute-swan-young", "uv": [ 3.5, 2.0, 5.375, 2.375 ] },
																"west": { "texture": "#mute-swan-young", "uv": [ 6.0, 2.0, 7.125, 2.375 ] },
																"up": { "texture": "#mute-swan-young", "uv": [ 1.0, 0.5, 2.875, 1.625 ] },
																"down": { "texture": "#mute-swan-young", "uv": [ 3.5, 0.5, 5.375, 1.625 ] }
															},
															"children": [
																{
																	"name": "beak2",
																	"from": [ 1.5, 0.225, -0.0375 ],
																	"to": [ 2.925, 0.9, 1.3125 ],
																	"uv": [ 0.0, 5.5 ],
																	"rotationOrigin": [ 1.5, 0.225, -0.225 ],
																	"faces": {
																		"north": { "texture": "#mute-swan-young", "uv": [ 0.0, 7.0, 1.125, 7.375 ] },
																		"east": { "texture": "#mute-swan-young", "uv": [ 1.5, 7.0, 2.625, 7.375 ] },
																		"south": { "texture": "#mute-swan-young", "uv": [ 3.0, 7.0, 4.125, 7.375 ] },
																		"west": { "texture": "#mute-swan-young", "uv": [ 4.5, 7.0, 5.625, 7.375 ] },
																		"up": { "texture": "#mute-swan-young", "uv": [ 0.0, 5.5, 1.125, 6.625 ] },
																		"down": { "texture": "#mute-swan-young", "uv": [ 1.5, 5.5, 2.625, 6.625 ] }
																	}
																}
															]
														}
													]
												}
											]
										}
									]
								}
							]
						}
					]
				},
				{
					"name": "tail",
					"from": [ 5.625, 0.375, 0.375 ],
					"to": [ 10.125, 2.625, 3.75 ],
					"unwrapMode": 5,
					"uv": [ 25.5, 2.5 ],
					"rotationOrigin": [ 6.75, 1.5, 2.25 ],
					"rotationZ": 8.0,
					"faces": {
						"north": { "texture": "#mute-swan-young", "uv": [ 27.5, 2.5, 32.0, 4.5 ], "rotation": 180 },
						"south": { "texture": "#mute-swan-young", "uv": [ 27.5, 7.5, 32.0, 9.5 ] },
						"west": { "texture": "#mute-swan-young", "uv": [ 25.5, 4.5, 27.5, 7.5 ], "rotation": 270 },
						"up": { "texture": "#mute-swan-young", "uv": [ 27.5, 4.5, 32.0, 7.5 ] }
					},
					"children": [
						{
							"name": "tail2",
							"from": [ 0.375, 1.575, -0.1875 ],
							"to": [ 3.375, 3.075, 3.5625 ],
							"unwrapMode": 5,
							"uv": [ 27.5, 2.5 ],
							"rotationOrigin": [ 1.5, 2.7, 2.25 ],
							"rotationZ": 19.0,
							"faces": {
								"north": { "texture": "#mute-swan-young", "uv": [ 29.0, 2.5, 32.0, 4.0 ], "rotation": 180 },
								"south": { "texture": "#mute-swan-young", "uv": [ 29.0, 7.5, 32.0, 9.0 ] },
								"west": { "texture": "#mute-swan-young", "uv": [ 27.5, 4.0, 29.0, 7.5 ], "rotation": 270 },
								"up": { "texture": "#mute-swan-young", "uv": [ 29.0, 4.0, 32.0, 7.5 ] }
							}
						}
					]
				},
				{
					"name": "thighs right",
					"from": [ 1.875, -0.7875, 0.15 ],
					"to": [ 5.25, 1.8375, 2.25 ],
					"unwrapMode": 1,
					"autoUnwrap": false,
					"uv": [ 10.0, 0.0 ],
					"rotationOrigin": [ 3.5625, -0.225, 1.5375 ],
					"faces": {
						"north": { "texture": "#mute-swan-young", "uv": [ 13.0, 0.0, 16.375, 2.625 ] },
						"east": { "texture": "#mute-swan-young", "uv": [ 10.5, 0.0, 12.375, 2.625 ] },
						"south": { "texture": "#mute-swan-young", "uv": [ 20.0, 0.0, 23.375, 2.625 ] },
						"west": { "texture": "#mute-swan-young", "uv": [ 17.5, 0.0, 19.375, 2.625 ] },
						"up": { "texture": "#mute-swan-young", "uv": [ 17.5, 3.5, 20.5, 5.5 ], "rotation": 180, "windMode": [-1,-1,-1,-1] },
						"down": { "texture": "#mute-swan-young", "uv": [ 13.0, 3.5, 16.375, 5.375 ] }
					},
					"children": [
						{
							"name": "leg right",
							"from": [ 1.125, -3.0, 0.7875 ],
							"to": [ 1.95, 0.375, 1.5375 ],
							"autoUnwrap": false,
							"uv": [ 0.0, 2.0 ],
							"rotationOrigin": [ 1.6875, 1.5, 1.35 ],
							"faces": {
								"north": { "texture": "#mute-swan-young", "uv": [ 0.0, 3.5, 0.75, 6.875 ] },
								"east": { "texture": "#mute-swan-young", "uv": [ 1.5, 3.5, 2.25, 6.875 ] },
								"south": { "texture": "#mute-swan-young", "uv": [ 3.0, 3.5, 3.75, 6.875 ] },
								"west": { "texture": "#mute-swan-young", "uv": [ 4.5, 3.5, 5.25, 6.875 ] },
								"down": { "texture": "#mute-swan-young", "uv": [ 0.0, 3.0, 0.75, 3.75 ], "windMode": [-1,-1,-1,-1] }
							},
							"children": [
								{
									"name": "toes right",
									"from": [ -1.5, 0.0, -1.0875 ],
									"to": [ 1.125, 1.125, 1.1625 ],
									"uv": [ 7.0, 4.0 ],
									"rotationOrigin": [ 1.125, 0.0, -0.15 ],
									"rotationY": -11.0,
									"faces": {
										"down": { "texture": "#mute-swan-young", "uv": [ 7.0, 4.0, 9.5, 6.0 ] }
									}
								}
							]
						}
					]
				},
				{
					"name": "thighs left",
					"from": [ 1.875, -0.7875, 2.25 ],
					"to": [ 5.25, 1.8375, 4.35 ],
					"unwrapMode": 1,
					"autoUnwrap": false,
					"uv": [ 10.0, 0.0 ],
					"rotationOrigin": [ 3.5625, -0.225, 3.7875 ],
					"faces": {
						"north": { "texture": "#mute-swan-young", "uv": [ 13.0, 0.0, 16.375, 2.625 ] },
						"east": { "texture": "#mute-swan-young", "uv": [ 10.5, 0.0, 12.375, 2.625 ] },
						"south": { "texture": "#mute-swan-young", "uv": [ 20.0, 0.0, 23.375, 2.625 ] },
						"west": { "texture": "#mute-swan-young", "uv": [ 17.5, 0.0, 19.375, 2.625 ] },
						"up": { "texture": "#mute-swan-young", "uv": [ 17.5, 3.5, 20.5, 5.5 ], "rotation": 180, "windMode": [-1,-1,-1,-1] },
						"down": { "texture": "#mute-swan-young", "uv": [ 13.0, 3.5, 16.375, 5.375 ] }
					},
					"children": [
						{
							"name": "leg left",
							"from": [ 1.125, -3.0, 0.4125 ],
							"to": [ 1.95, 0.375, 1.1625 ],
							"autoUnwrap": false,
							"uv": [ 0.0, 3.5 ],
							"rotationOrigin": [ 1.6875, 1.5, 0.975 ],
							"faces": {
								"north": { "texture": "#mute-swan-young", "uv": [ 0.0, 3.5, 0.75, 6.875 ] },
								"east": { "texture": "#mute-swan-young", "uv": [ 1.5, 3.5, 2.25, 6.875 ] },
								"south": { "texture": "#mute-swan-young", "uv": [ 3.0, 3.5, 3.75, 6.875 ] },
								"west": { "texture": "#mute-swan-young", "uv": [ 4.5, 3.5, 5.25, 6.875 ] },
								"down": { "texture": "#mute-swan-young", "uv": [ 0.0, 3.0, 0.75, 3.75 ], "windMode": [-1,-1,-1,-1] }
							},
							"children": [
								{
									"name": "toes left",
									"from": [ -1.5, 0.0, -0.3375 ],
									"to": [ 1.125, 1.125, 1.9125 ],
									"uv": [ 7.0, 4.0 ],
									"rotationOrigin": [ 1.125, 0.0, 0.225 ],
									"rotationY": 11.0,
									"faces": {
										"down": { "texture": "#mute-swan-young", "uv": [ 7.0, 4.0, 9.5, 6.0 ] }
									}
								}
							]
						}
					]
				},
				{
					"name": "right wing",
					"from": [ 0.5625, -0.225, -0.5625 ],
					"to": [ 3.9375, 3.3375, 0.5625 ],
					"unwrapMode": 1,
					"uv": [ 5.0, 27.5 ],
					"rotationOrigin": [ 1.125, 3.2625, 0.0 ],
					"rotationZ": -6.0,
					"faces": {
						"north": { "texture": "#mute-swan-young", "uv": [ 5.0, 28.5, 8.0, 32.0 ] },
						"west": { "texture": "#mute-swan-young", "uv": [ 8.0, 28.5, 9.0, 32.0 ] },
						"up": { "texture": "#mute-swan-young", "uv": [ 5.0, 27.5, 8.0, 28.5 ], "rotation": 180 }
					},
					"children": [
						{
							"name": "right wing2",
							"from": [ 1.5, 0.0, 0.0 ],
							"to": [ 7.875, 3.5625, 1.125 ],
							"unwrapMode": 1,
							"uv": [ 1.0, 27.5 ],
							"rotationOrigin": [ 2.0625, 3.4875, 0.1875 ],
							"rotationY": 3.0,
							"rotationZ": 2.0,
							"faces": {
								"north": { "texture": "#mute-swan-young", "uv": [ 1.0, 28.5, 7.0, 32.0 ] },
								"up": { "texture": "#mute-swan-young", "uv": [ 1.0, 27.5, 7.0, 28.5 ], "rotation": 180 }
							}
						}
					]
				},
				{
					"name": "left wing",
					"from": [ 0.5625, -0.225, 3.5625 ],
					"to": [ 3.9375, 3.3375, 4.6875 ],
					"unwrapMode": 1,
					"uv": [ 9.0, 27.5 ],
					"rotationOrigin": [ 1.125, 3.2625, 4.0875 ],
					"rotationZ": -6.0,
					"faces": {
						"south": { "texture": "#mute-swan-young", "uv": [ 10.0, 28.5, 13.0, 32.0 ] },
						"west": { "texture": "#mute-swan-young", "uv": [ 9.0, 28.5, 10.0, 32.0 ] },
						"up": { "texture": "#mute-swan-young", "uv": [ 9.0, 27.5, 12.0, 28.5 ], "rotation": 180 }
					},
					"children": [
						{
							"name": "left wing2",
							"from": [ 1.35, 0.0, 0.0 ],
							"to": [ 7.725, 3.5625, 1.125 ],
							"unwrapMode": 1,
							"uv": [ 10.0, 27.5 ],
							"rotationOrigin": [ 1.9125, 3.4875, 1.125 ],
							"rotationY": -3.0,
							"rotationZ": 2.0,
							"faces": {
								"south": { "texture": "#mute-swan-young", "uv": [ 10.0, 28.5, 16.0, 32.0 ] },
								"up": { "texture": "#mute-swan-young", "uv": [ 10.0, 27.5, 16.0, 28.5 ], "rotation": 180 }
							}
						}
					]
				}
			],
			"attachmentpoints": [
				{
					"code": "Center",
					"posX": "3.0","posY": "2.0","posZ": "2.5",
					"rotationX": "0.0","rotationY": "0.0","rotationZ": "0.0"
				}
			]
		}
	],
	"animations": [
		{
			"name": "Eat",
			"code": "eat",
			"quantityframes": 40,
			"onActivityStopped": "EaseOut",
			"onAnimationEnd": "Repeat",
			"keyframes": [
				{
					"frame": 0,
					"elements": {
						"Body": { "offsetX": 0.0, "offsetY": -0.5625, "offsetZ": 0.0, "rotationX": 0.0, "rotationY": 0.0, "rotationZ": 0.0 },
						"Chest": { "offsetX": 0.5597, "offsetY": -0.2596, "offsetZ": 0.0, "rotationX": 0.0, "rotationY": 0.0, "rotationZ": 0.0 },
						"head": { "offsetX": 0.525, "offsetY": 0.0, "offsetZ": 0.0, "rotationX": 0.0, "rotationY": 0.0, "rotationZ": 0.0 },
						"leg left": { "rotationX": 0.0, "rotationY": 0.0, "rotationZ": 0.0 },
						"leg right": { "rotationX": 0.0, "rotationY": 0.0, "rotationZ": 0.0 },
						"UpperThroat": { "rotationX": 0.0, "rotationY": 0.0, "rotationZ": 0.0 }
					}
				},
				{
					"frame": 10,
					"elements": {
						"Body": { "offsetX": 0.0, "offsetY": -0.5625, "offsetZ": 0.0, "rotationX": 0.0, "rotationY": 0.0, "rotationZ": 17.0 },
						"Chest": { "offsetX": -0.075, "offsetY": -0.375, "offsetZ": 0.0 },
						"head": { "offsetX": 0.525, "offsetY": 0.0, "offsetZ": 0.0 },
						"leg left": { "offsetX": 0.0, "offsetY": 0.5625, "offsetZ": 0.0, "rotationX": 0.0, "rotationY": 0.0, "rotationZ": -17.0 },
						"leg right": { "offsetX": 0.0, "offsetY": 0.5625, "offsetZ": 0.0, "rotationX": 0.0, "rotationY": 0.0, "rotationZ": -17.0 }
					}
				},
				{
					"frame": 13,
					"elements": {
						"Body": { "offsetX": 0.0, "offsetY": -0.5625, "offsetZ": 0.0, "rotationX": 0.0, "rotationY": 0.0, "rotationZ": 17.0 },
						"Chest": { "offsetX": -0.075, "offsetY": -0.375, "offsetZ": 0.0 },
						"head": { "offsetX": 0.525, "offsetY": 0.0, "offsetZ": 0.0 },
						"leg right": { "offsetX": 0.0, "offsetY": 0.5625, "offsetZ": 0.0, "rotationX": 0.0, "rotationY": 0.0, "rotationZ": -17.0 },
						"leg left": { "offsetX": 0.0, "offsetY": 0.5625, "offsetZ": 0.0, "rotationX": 0.0, "rotationY": 0.0, "rotationZ": -17.0 },
						"UpperThroat": { "rotationX": 8.0, "rotationY": 0.0, "rotationZ": 89.0 }
					}
				},
				{
					"frame": 16,
					"elements": {
						"Body": { "offsetX": 0.0, "offsetY": -0.5625, "offsetZ": 0.0, "rotationX": 0.0, "rotationY": 0.0, "rotationZ": 22.0 },
						"Chest": { "offsetX": -0.075, "offsetY": -0.2625, "offsetZ": 0.0 },
						"head": { "offsetX": 0.525, "offsetY": 0.0, "offsetZ": 0.0 },
						"leg right": { "offsetX": 0.0, "offsetY": 0.5625, "offsetZ": 0.0, "rotationX": 0.0, "rotationY": 0.0, "rotationZ": -22.0 },
						"leg left": { "offsetX": 0.0, "offsetY": 0.5625, "offsetZ": 0.0, "rotationX": 0.0, "rotationY": 0.0, "rotationZ": -22.0 }
					}
				},
				{
					"frame": 19,
					"elements": {
						"Body": { "offsetX": 0.0, "offsetY": -0.5625, "offsetZ": 0.0, "rotationX": 0.0, "rotationY": 0.0, "rotationZ": 17.0 },
						"Chest": { "offsetX": -0.075, "offsetY": -0.375, "offsetZ": 0.0 },
						"leg right": { "offsetX": 0.0, "offsetY": 0.5625, "offsetZ": 0.0, "rotationX": 0.0, "rotationY": 0.0, "rotationZ": -17.0 },
						"leg left": { "offsetX": 0.0, "offsetY": 0.5625, "offsetZ": 0.0, "rotationX": 0.0, "rotationY": 0.0, "rotationZ": -17.0 },
						"head": { "offsetX": 0.525, "offsetY": 0.0, "offsetZ": 0.0, "rotationX": 0.0, "rotationY": 0.0, "rotationZ": -47.6 }
					}
				},
				{
					"frame": 21,
					"elements": {
						"Body": { "offsetX": 0.0, "offsetY": -0.5625, "offsetZ": 0.0, "rotationX": 0.0, "rotationY": 0.0, "rotationZ": 17.0 },
						"Chest": { "offsetX": -0.075, "offsetY": -0.375, "offsetZ": 0.0 },
						"head": { "offsetX": 0.525, "offsetY": -0.75, "offsetZ": 0.0, "rotationX": 0.0, "rotationY": 0.0, "rotationZ": -58.0 },
						"leg right": { "offsetX": 0.0, "offsetY": 0.5625, "offsetZ": 0.0, "rotationX": 0.0, "rotationY": 0.0, "rotationZ": -17.0 },
						"leg left": { "offsetX": 0.0, "offsetY": 0.5625, "offsetZ": 0.0, "rotationX": 0.0, "rotationY": 0.0, "rotationZ": -17.0 }
					}
				},
				{
					"frame": 24,
					"elements": {
						"Body": { "offsetX": 0.0, "offsetY": -0.5625, "offsetZ": 0.0, "rotationX": 0.0, "rotationY": 0.0, "rotationZ": 22.0 },
						"Chest": { "offsetX": -0.075, "offsetY": -0.15, "offsetZ": 0.0 },
						"head": { "offsetX": 0.1875, "offsetY": 0.0, "offsetZ": 0.0 },
						"leg right": { "offsetX": 0.0, "offsetY": 0.5625, "offsetZ": 0.0, "rotationX": 0.0, "rotationY": 0.0, "rotationZ": -22.0 },
						"leg left": { "offsetX": 0.0, "offsetY": 0.5625, "offsetZ": 0.0, "rotationX": 0.0, "rotationY": 0.0, "rotationZ": -22.0 }
					}
				},
				{
					"frame": 26,
					"elements": {
						"Body": { "offsetX": 0.0, "offsetY": -0.5625, "offsetZ": 0.0, "rotationX": 0.0, "rotationY": 0.0, "rotationZ": 17.0 },
						"Chest": { "offsetX": -0.075, "offsetY": -0.375, "offsetZ": 0.0 },
						"head": { "offsetX": 0.525, "offsetY": 0.0, "offsetZ": 0.0, "rotationX": 0.0, "rotationY": 0.0, "rotationZ": -33.0 },
						"leg right": { "offsetX": 0.0, "offsetY": 0.5625, "offsetZ": 0.0, "rotationX": 0.0, "rotationY": 0.0, "rotationZ": -17.0 },
						"leg left": { "offsetX": 0.0, "offsetY": 0.5625, "offsetZ": 0.0, "rotationX": 0.0, "rotationY": 0.0, "rotationZ": -17.0 }
					}
				},
				{
					"frame": 29,
					"elements": {
						"Body": { "offsetX": 0.0, "offsetY": -0.5625, "offsetZ": 0.0, "rotationX": 0.0, "rotationY": 0.0, "rotationZ": 22.0 },
						"Chest": { "offsetX": -0.3, "offsetY": -0.375, "offsetZ": 0.0 },
						"head": { "offsetX": 0.1875, "offsetY": 0.0, "offsetZ": 0.0, "rotationX": 0.0, "rotationY": 0.0, "rotationZ": -22.5 },
						"leg right": { "offsetX": 0.0, "offsetY": 0.5625, "offsetZ": 0.0, "rotationX": 0.0, "rotationY": 0.0, "rotationZ": -22.0 },
						"leg left": { "offsetX": 0.0, "offsetY": 0.5625, "offsetZ": 0.0, "rotationX": 0.0, "rotationY": 0.0, "rotationZ": -22.0 }
					}
				},
				{
					"frame": 37,
					"elements": {
						"Body": { "offsetX": 0.0, "offsetY": -0.5625, "offsetZ": 0.0, "rotationX": 0.0, "rotationY": 0.0, "rotationZ": 0.0 },
						"Chest": { "offsetX": -0.0157, "offsetY": -0.4957, "offsetZ": 0.0, "rotationX": 0.0, "rotationY": 0.0, "rotationZ": 0.0 },
						"head": { "offsetX": 0.525, "offsetY": 0.0, "offsetZ": 0.0, "rotationX": 0.0, "rotationY": 0.0, "rotationZ": 0.0 },
						"leg right": { "offsetX": 0.0, "offsetY": 0.5625, "offsetZ": 0.0, "rotationX": 0.0, "rotationY": 0.0, "rotationZ": 0.0 },
						"leg left": { "offsetX": 0.0, "offsetY": 0.5625, "offsetZ": 0.0, "rotationX": 0.0, "rotationY": 0.0, "rotationZ": 0.0 }
					}
				}
			]
		},

		{
			"name": "Walk",
			"code": "walk",
			"quantityframes": 24,
			"onActivityStopped": "EaseOut",
			"onAnimationEnd": "Repeat",
			"keyframes": [
				{
					"frame": 0,
					"elements": {
						"Body": { "offsetX": -0.5625, "offsetY": 0.0, "offsetZ": 0.0, "rotationX": -2.0, "rotationY": 8.0, "rotationZ": -4.0 },
						"head": { "offsetX": 0.0, "offsetY": 0.0, "offsetZ": 0.0, "rotationX": 0.0, "rotationY": 0.0, "rotationZ": 8.0 },
						"tail": { "offsetX": 0.3375, "offsetY": 0.3375, "offsetZ": 0.0 },
						"thighs right": { "offsetX": 1.6875, "offsetY": -0.5625, "offsetZ": 0.0 },
						"leg right": { "offsetX": 0.0, "offsetY": 0.0, "offsetZ": 0.0, "rotationX": 0.0, "rotationY": 0.0, "rotationZ": 8.0 },
						"toes right": { "offsetX": 0.0, "offsetY": 0.0, "offsetZ": 0.0, "rotationX": 0.0, "rotationY": 0.0, "rotationZ": -25.0 },
						"thighs left": { "offsetX": 0.0, "offsetY": 0.0, "offsetZ": 0.0, "rotationX": 3.0, "rotationY": 0.0, "rotationZ": -24.0 },
						"leg left": { "offsetX": -1.125, "offsetY": 1.125, "offsetZ": 0.0, "rotationX": 0.0, "rotationY": 0.0, "rotationZ": 28.0 },
						"toes left": { "offsetX": 0.0, "offsetY": 0.0, "offsetZ": 0.0, "rotationX": 0.0, "rotationY": 0.0, "rotationZ": 30.0 },
						"right wing": { "offsetX": 0.0, "offsetY": 0.0, "offsetZ": 0.0, "rotationX": 0.0, "rotationY": 0.0, "rotationZ": 0.0 },
						"left wing": { "offsetX": 0.0, "offsetY": 0.0, "offsetZ": 0.0, "rotationX": 0.0, "rotationY": 0.0, "rotationZ": 0.0 },
						"Chest": { "offsetX": 0.0, "offsetY": 0.0, "offsetZ": 0.0, "rotationX": 0.0, "rotationY": 0.0, "rotationZ": -6.0 }
					}
				},
				{
					"frame": 6,
					"elements": {
						"Body": { "offsetX": -1.125, "offsetY": 0.0, "offsetZ": 0.0, "rotationX": 0.0, "rotationY": 0.0, "rotationZ": -1.0 },
						"tail": { "offsetX": 0.0, "offsetY": 0.0, "offsetZ": 0.0, "rotationX": 0.0, "rotationY": 0.0, "rotationZ": 8.0 },
						"thighs right": { "offsetX": 0.5625, "offsetY": -1.125, "offsetZ": 0.0, "rotationX": 3.0, "rotationY": -8.0, "rotationZ": 35.0 },
						"leg right": { "offsetX": 0.0, "offsetY": 0.0, "offsetZ": 0.0, "rotationX": 0.0, "rotationY": 0.0, "rotationZ": 11.0 },
						"toes right": { "offsetX": 0.0, "offsetY": 0.0, "offsetZ": 0.0, "rotationX": 0.0, "rotationY": 0.0, "rotationZ": -8.0 },
						"thighs left": { "offsetX": -0.5625, "offsetY": -1.6875, "offsetZ": 0.0, "rotationX": 3.0, "rotationY": 0.0, "rotationZ": -51.0 },
						"leg left": { "offsetX": -0.5625, "offsetY": 0.0, "offsetZ": 0.0, "rotationX": 0.0, "rotationY": 0.0, "rotationZ": 17.0 },
						"toes left": { "offsetX": 0.0, "offsetY": 0.0, "offsetZ": 0.0, "rotationX": 0.0, "rotationY": 0.0, "rotationZ": -1.0 },
						"right wing": { "offsetX": 0.0, "offsetY": 0.0, "offsetZ": 0.0, "rotationX": 0.0, "rotationY": 0.0, "rotationZ": 0.0 },
						"left wing": { "offsetX": 0.0, "offsetY": 0.0, "offsetZ": 0.0, "rotationX": 0.0, "rotationY": 0.0, "rotationZ": 0.0 },
						"UpperThroat": { "rotationX": 0.0, "rotationY": -3.0, "rotationZ": 0.0 }
					}
				},
				{
					"frame": 12,
					"elements": {
						"Body": { "offsetX": -0.5625, "offsetY": 0.0, "offsetZ": 0.0, "rotationX": -2.0, "rotationY": -8.0, "rotationZ": -4.0 },
						"tail": { "offsetX": 0.3375, "offsetY": 0.3375, "offsetZ": 0.0 },
						"thighs right": { "offsetX": 0.0, "offsetY": 0.0, "offsetZ": 0.0, "rotationX": -3.0, "rotationY": 0.0, "rotationZ": -32.0 },
						"leg right": { "offsetX": -1.125, "offsetY": 1.125, "offsetZ": 0.0, "rotationX": 0.0, "rotationY": 0.0, "rotationZ": 28.0 },
						"toes right": { "offsetX": 0.0, "offsetY": 0.0, "offsetZ": 0.0, "rotationX": -5.0, "rotationY": 0.0, "rotationZ": 25.0 },
						"thighs left": { "offsetX": 1.6875, "offsetY": -0.5625, "offsetZ": 0.0 },
						"leg left": { "offsetX": 0.0, "offsetY": 0.0, "offsetZ": 0.0, "rotationX": 0.0, "rotationY": 0.0, "rotationZ": 8.0 },
						"toes left": { "offsetX": 0.0, "offsetY": 0.0, "offsetZ": 0.0, "rotationX": 0.0, "rotationY": 0.0, "rotationZ": -25.0 },
						"right wing": { "offsetX": 0.0, "offsetY": 0.0, "offsetZ": 0.0 },
						"left wing": { "offsetX": 0.0, "offsetY": 0.0, "offsetZ": 0.0 },
						"Chest": { "offsetX": 0.0, "offsetY": 0.0, "offsetZ": 0.0, "rotationX": 0.0, "rotationY": 0.0, "rotationZ": -6.0 }
					}
				},
				{
					"frame": 18,
					"elements": {
						"Body": { "offsetX": -1.125, "offsetY": 0.0, "offsetZ": 0.0, "rotationX": 0.0, "rotationY": 0.0, "rotationZ": -1.0 },
						"tail": { "offsetX": 0.0, "offsetY": 0.0, "offsetZ": 0.0, "rotationX": 0.0, "rotationY": 0.0, "rotationZ": 8.0 },
						"thighs right": { "offsetX": -0.5625, "offsetY": -1.6875, "offsetZ": 0.0, "rotationX": -3.0, "rotationY": 8.0, "rotationZ": -51.0 },
						"leg right": { "offsetX": 0.0, "offsetY": 0.0, "offsetZ": 0.0, "rotationX": 0.0, "rotationY": 0.0, "rotationZ": 17.0 },
						"toes right": { "offsetX": 0.0, "offsetY": 0.0, "offsetZ": 0.0, "rotationX": -5.0, "rotationY": 0.0, "rotationZ": 1.0 },
						"thighs left": { "offsetX": 0.5625, "offsetY": -1.125, "offsetZ": 0.0, "rotationX": -3.0, "rotationY": 0.0, "rotationZ": 35.0 },
						"leg left": { "offsetX": 0.0, "offsetY": 0.0, "offsetZ": 0.0, "rotationX": 0.0, "rotationY": 0.0, "rotationZ": 11.0 },
						"toes left": { "offsetX": 0.0, "offsetY": 0.0, "offsetZ": 0.0, "rotationX": 0.0, "rotationY": 0.0, "rotationZ": -8.0 },
						"right wing": { "offsetX": 0.0, "offsetY": 0.0, "offsetZ": 0.0, "rotationX": 0.0, "rotationY": 0.0, "rotationZ": 0.0 },
						"left wing": { "offsetX": 0.0, "offsetY": 0.0, "offsetZ": 0.0, "rotationX": 0.0, "rotationY": 0.0, "rotationZ": 0.0 },
						"UpperThroat": { "rotationX": 0.0, "rotationY": 3.0, "rotationZ": 0.0 }
					}
				}
			]
		},

		{
			"name": "Swim",
			"code": "swim",
			"quantityframes": 40,
			"onActivityStopped": "EaseOut",
			"onAnimationEnd": "Repeat",
			"keyframes": [
				{
					"frame": 0,
					"elements": {
						"Body": { "offsetX": 0.0, "offsetY": 1.8, "offsetZ": 0.0, "rotationX": 0.0, "rotationY": -3.0, "rotationZ": 0.0 },
						"head": { "offsetX": -0.6, "offsetY": 0.225, "offsetZ": 0.0, "rotationX": 0.0, "rotationY": 0.0, "rotationZ": -33.0 },
						"leg right": { "offsetX": 0.0, "offsetY": 0.0, "offsetZ": 0.0, "rotationX": 0.0, "rotationY": 0.0, "rotationZ": 25.0 },
						"toes right": { "offsetX": 0.0, "offsetY": 0.0, "offsetZ": 0.0 },
						"leg left": { "offsetX": -1.125, "offsetY": 1.125, "offsetZ": 0.0, "rotationX": 0.0, "rotationY": 0.0, "rotationZ": 28.0 },
						"toes left": { "offsetX": 0.0, "offsetY": 0.0, "offsetZ": 0.0, "rotationX": 0.0, "rotationY": 0.0, "rotationZ": 30.0 },
						"right wing": { "offsetX": 0.0, "offsetY": 0.0, "offsetZ": 0.0 },
						"left wing": { "offsetX": 0.0, "offsetY": 0.0, "offsetZ": 0.0 },
						"UpperThroat": { "offsetX": 0.0, "offsetY": 0.825, "offsetZ": 0.0, "rotationX": 0.0, "rotationY": 0.0, "rotationZ": -36.0 },
						"UpperThroat2": { "offsetX": 0.0, "offsetY": -0.375, "offsetZ": 0.0, "rotationX": 0.0, "rotationY": 0.0, "rotationZ": 33.0 },
						"Neck": { "offsetX": 0.0, "offsetY": -0.45, "offsetZ": 0.0, "rotationX": 0.0, "rotationY": 0.0, "rotationZ": 36.0 },
						"Chest": { "offsetX": 0.0, "offsetY": 0.0, "offsetZ": 0.0, "rotationX": 0.0, "rotationY": 0.0, "rotationZ": -6.0 }
					}
				},
				{
					"frame": 10,
					"elements": {
						"Body": { "rotationX": 0.0, "rotationY": 0.0, "rotationZ": 0.0 },
						"Chest": { "offsetX": 0.0, "offsetY": 0.0, "offsetZ": 0.0 },
						"tail": { "rotationX": 0.0, "rotationY": 11.0, "rotationZ": 8.0 },
						"leg right": { "offsetX": 0.0, "offsetY": 0.0, "offsetZ": 0.0, "rotationX": 0.0, "rotationY": 0.0, "rotationZ": 11.0 },
						"toes right": { "offsetX": 0.0, "offsetY": 0.0, "offsetZ": 0.0, "rotationX": 0.0, "rotationY": 0.0, "rotationZ": -33.0 },
						"thighs left": { "offsetX": 1.125, "offsetY": -0.9, "offsetZ": 0.0, "rotationX": -3.0, "rotationY": 0.0, "rotationZ": 35.0 },
						"leg left": { "offsetX": -0.5625, "offsetY": 0.0, "offsetZ": 0.0, "rotationX": 0.0, "rotationY": 0.0, "rotationZ": 17.0 },
						"toes left": { "offsetX": 0.0, "offsetY": 0.0, "offsetZ": 0.0, "rotationX": 0.0, "rotationY": 0.0, "rotationZ": 47.0 },
						"right wing": { "offsetX": 0.0, "offsetY": 0.0, "offsetZ": 0.0 },
						"left wing": { "offsetX": 0.0, "offsetY": 0.0, "offsetZ": 0.0 },
						"thighs right": { "offsetX": 0.375, "offsetY": -0.15, "offsetZ": 0.0, "rotationX": 0.0, "rotationY": 0.0, "rotationZ": 35.0 },
						"UpperThroat": { "offsetX": 0.0, "offsetY": 0.75, "offsetZ": 0.0 }
					}
				},
				{
					"frame": 20,
					"elements": {
						"Body": { "offsetX": 0.0, "offsetY": 1.9125, "offsetZ": 0.0, "rotationX": 0.0, "rotationY": 3.0, "rotationZ": 0.0 },
						"Chest": { "offsetX": -0.225, "offsetY": 0.0, "offsetZ": 0.0, "rotationX": 0.0, "rotationY": 0.0, "rotationZ": -6.0 },
						"leg right": { "offsetX": -1.125, "offsetY": 1.125, "offsetZ": 0.0, "rotationX": 0.0, "rotationY": 0.0, "rotationZ": 28.0 },
						"toes right": { "offsetX": 0.0, "offsetY": 0.0, "offsetZ": 0.0, "rotationX": -5.0, "rotationY": 0.0, "rotationZ": 25.0 },
						"leg left": { "offsetX": 0.0, "offsetY": 0.0, "offsetZ": 0.0, "rotationX": 0.0, "rotationY": 0.0, "rotationZ": 25.0 },
						"toes left": { "offsetX": 0.0, "offsetY": 0.0, "offsetZ": 0.0 },
						"right wing": { "offsetX": 0.0, "offsetY": 0.0, "offsetZ": 0.0 },
						"left wing": { "offsetX": 0.0, "offsetY": 0.0, "offsetZ": 0.0 }
					}
				},
				{
					"frame": 30,
					"elements": {
						"Body": { "rotationX": 0.0, "rotationY": 0.0, "rotationZ": 0.0 },
						"Chest": { "offsetX": 0.0, "offsetY": 0.0, "offsetZ": 0.0 },
						"tail": { "rotationX": 0.0, "rotationY": -11.0, "rotationZ": 8.0 },
						"leg right": { "offsetX": 0.0, "offsetY": 0.0, "offsetZ": 0.0, "rotationX": 0.0, "rotationY": 0.0, "rotationZ": 17.0 },
						"toes right": { "offsetX": 0.0, "offsetY": 0.0, "offsetZ": 0.0, "rotationX": -5.0, "rotationY": 0.0, "rotationZ": 42.0 },
						"thighs left": { "offsetX": -0.075, "offsetY": -0.375, "offsetZ": 0.0, "rotationX": -3.0, "rotationY": 0.0, "rotationZ": 35.0 },
						"leg left": { "offsetX": 0.0, "offsetY": 0.0, "offsetZ": 0.0, "rotationX": 0.0, "rotationY": 0.0, "rotationZ": 11.0 },
						"toes left": { "offsetX": 0.0, "offsetY": 0.0, "offsetZ": 0.0, "rotationX": 0.0, "rotationY": 0.0, "rotationZ": -33.0 },
						"right wing": { "offsetX": 0.0, "offsetY": 0.0, "offsetZ": 0.0, "rotationX": 0.0, "rotationY": 0.0, "rotationZ": 0.0 },
						"left wing": { "offsetX": 0.0, "offsetY": 0.0, "offsetZ": 0.0, "rotationX": 0.0, "rotationY": 0.0, "rotationZ": 0.0 },
						"thighs right": { "offsetX": 0.375, "offsetY": -0.375, "offsetZ": 0.0, "rotationX": 3.0, "rotationY": 0.0, "rotationZ": 35.0 }
					}
				}
			]
		},

		{
			"name": "Death",
			"code": "death",
			"quantityframes": 45,
			"onActivityStopped": "PlayTillEnd",
			"onAnimationEnd": "Hold",
			"keyframes": [
				{
					"frame": 0,
					"elements": {
						"Body": { "offsetX": 0.0, "offsetY": 0.0, "offsetZ": 0.0, "rotationX": 0.0, "rotationY": 0.0, "rotationZ": 0.0 },
						"Chest": { "offsetX": 0.0, "offsetY": 0.0, "offsetZ": 0.0, "rotationX": 0.0, "rotationY": 0.0, "rotationZ": 0.0 },
						"head": { "offsetX": 0.0, "offsetY": 0.0, "offsetZ": 0.0, "rotationX": 0.0, "rotationY": 0.0, "rotationZ": 0.0 },
						"tail": { "offsetX": 0.0, "offsetY": 0.0, "offsetZ": 0.0, "rotationX": 0.0, "rotationY": 0.0, "rotationZ": 0.0 },
						"thighs right": { "offsetX": 0.0, "offsetY": 0.0, "offsetZ": 0.0, "rotationX": 0.0, "rotationY": 0.0, "rotationZ": 0.0 },
						"leg right": { "offsetX": 0.0, "offsetY": 0.0, "offsetZ": 0.0, "rotationX": 0.0, "rotationY": 0.0, "rotationZ": 0.0 },
						"toes right": { "offsetX": 0.0, "offsetY": 0.0, "offsetZ": 0.0, "rotationX": 0.0, "rotationY": 0.0, "rotationZ": 0.0 },
						"thighs left": { "offsetX": 0.0, "offsetY": 0.0, "offsetZ": 0.0, "rotationX": 0.0, "rotationY": 0.0, "rotationZ": 0.0 },
						"leg left": { "offsetX": 0.0, "offsetY": 0.0, "offsetZ": 0.0, "rotationX": 0.0, "rotationY": 0.0, "rotationZ": 0.0 },
						"toes left": { "offsetX": 0.0, "offsetY": 0.0, "offsetZ": 0.0, "rotationX": 0.0, "rotationY": 0.0, "rotationZ": 0.0 },
						"right wing": { "offsetX": 0.0, "offsetY": 0.0, "offsetZ": 0.0, "rotationX": 0.0, "rotationY": 0.0, "rotationZ": 0.0 },
						"left wing": { "offsetX": 0.0, "offsetY": 0.0, "offsetZ": 0.0, "rotationX": 0.0, "rotationY": 0.0, "rotationZ": 0.0 }
					}
				},
				{
					"frame": 8,
					"elements": {
						"Body": { "offsetX": 1.125, "offsetY": 4.5, "offsetZ": 0.0, "rotationX": -25.0, "rotationY": 0.0, "rotationZ": -47.0 },
						"Chest": { "offsetX": 0.0, "offsetY": 0.0, "offsetZ": 0.0, "rotationX": 19.0, "rotationY": 17.0, "rotationZ": 28.0 },
						"head": { "offsetX": 0.0, "offsetY": 0.0, "offsetZ": 0.0 },
						"tail": { "offsetX": 0.0, "offsetY": 0.0, "offsetZ": 0.0, "rotationX": 0.0, "rotationY": 0.0, "rotationZ": 50.0 },
						"thighs right": { "offsetX": 0.0, "offsetY": 0.0, "offsetZ": 0.0, "rotationX": 22.0, "rotationY": 8.0, "rotationZ": -55.0 },
						"leg right": { "offsetX": 0.0, "offsetY": 0.0, "offsetZ": 0.0, "rotationX": 14.0, "rotationY": -6.0, "rotationZ": 55.0 },
						"toes right": { "offsetX": 0.0, "offsetY": 0.0, "offsetZ": 0.0, "rotationX": 0.0, "rotationY": 0.0, "rotationZ": 47.0 },
						"thighs left": { "offsetX": 0.0, "offsetY": 0.0, "offsetZ": 0.0, "rotationX": 0.0, "rotationY": 0.0, "rotationZ": -30.0 },
						"leg left": { "offsetX": 0.0, "offsetY": 0.0, "offsetZ": 0.0, "rotationX": -8.0, "rotationY": 0.0, "rotationZ": 53.0 },
						"toes left": { "offsetX": 0.0, "offsetY": 0.0, "offsetZ": 0.0, "rotationX": 0.0, "rotationY": 0.0, "rotationZ": 39.0 },
						"right wing": { "offsetX": 0.0, "offsetY": 0.0, "offsetZ": 0.0, "rotationX": 22.0, "rotationY": 155.0, "rotationZ": -25.0 },
						"left wing": { "offsetX": 0.0, "offsetY": 0.0, "offsetZ": 0.0, "rotationX": -6.0, "rotationY": -133.0, "rotationZ": -3.0 }
					}
				},
				{
					"frame": 18,
					"elements": {
						"Body": { "offsetX": -2.25, "offsetY": 5.625, "offsetZ": -4.5, "rotationX": -83.0, "rotationY": -25.0, "rotationZ": -89.0 },
						"Chest": { "offsetX": 0.0, "offsetY": -1.125, "offsetZ": 0.0, "rotationX": 28.0, "rotationY": -11.0, "rotationZ": 86.0 },
						"head": { "offsetX": 0.0, "offsetY": 0.0, "offsetZ": 0.0 },
						"tail": { "offsetX": 0.0, "offsetY": 0.0, "offsetZ": 0.0, "rotationX": -28.0, "rotationY": 42.0, "rotationZ": -3.0 },
						"thighs right": { "offsetX": 0.0, "offsetY": 0.0, "offsetZ": 0.0, "rotationX": -30.0, "rotationY": 3.0, "rotationZ": -66.0 },
						"leg right": { "offsetX": 0.0, "offsetY": 0.0, "offsetZ": 0.0, "rotationX": 39.0, "rotationY": -6.0, "rotationZ": 55.0 },
						"toes right": { "offsetX": 0.0, "offsetY": 0.0, "offsetZ": 0.0, "rotationX": 8.0, "rotationY": -44.0, "rotationZ": 55.0 },
						"thighs left": { "offsetX": 0.0, "offsetY": 0.0, "offsetZ": 0.0, "rotationX": 17.0, "rotationY": 25.0, "rotationZ": 3.0 },
						"leg left": { "offsetX": 0.0, "offsetY": 0.0, "offsetZ": 0.0, "rotationX": -14.0, "rotationY": 8.0, "rotationZ": 39.0 },
						"toes left": { "offsetX": 0.0, "offsetY": 0.0, "offsetZ": 0.0, "rotationX": 14.0, "rotationY": 33.0, "rotationZ": 64.0 },
						"right wing": { "offsetX": 0.0, "offsetY": 0.0, "offsetZ": 0.0, "rotationX": -14.0, "rotationY": 147.0, "rotationZ": -33.0 },
						"left wing": { "offsetX": 0.0, "offsetY": 0.0, "offsetZ": 0.0, "rotationX": -11.0, "rotationY": -11.0, "rotationZ": 22.0 }
					}
				},
				{
					"frame": 44,
					"elements": {
						"Body": { "offsetX": -2.25, "offsetY": 5.625, "offsetZ": -4.5, "rotationX": -83.0, "rotationY": -25.0, "rotationZ": -89.0 },
						"Chest": { "offsetX": 0.0, "offsetY": -1.125, "offsetZ": 0.0, "rotationX": 28.0, "rotationY": -11.0, "rotationZ": 86.0 },
						"head": { "offsetX": 0.0, "offsetY": 0.0, "offsetZ": 0.0 },
						"tail": { "offsetX": 0.0, "offsetY": 0.0, "offsetZ": 0.0, "rotationX": -28.0, "rotationY": 42.0, "rotationZ": -3.0 },
						"thighs right": { "offsetX": 0.0, "offsetY": 0.0, "offsetZ": 0.0, "rotationX": -30.0, "rotationY": 3.0, "rotationZ": -66.0 },
						"leg right": { "offsetX": 0.0, "offsetY": 0.0, "offsetZ": 0.0, "rotationX": 39.0, "rotationY": -6.0, "rotationZ": 55.0 },
						"toes right": { "offsetX": 0.0, "offsetY": 0.0, "offsetZ": 0.0, "rotationX": 8.0, "rotationY": -44.0, "rotationZ": 55.0 },
						"thighs left": { "offsetX": 0.0, "offsetY": 0.0, "offsetZ": 0.0, "rotationX": 17.0, "rotationY": 25.0, "rotationZ": 3.0 },
						"leg left": { "offsetX": 0.0, "offsetY": 0.0, "offsetZ": 0.0, "rotationX": -14.0, "rotationY": 8.0, "rotationZ": 39.0 },
						"toes left": { "offsetX": 0.0, "offsetY": 0.0, "offsetZ": 0.0, "rotationX": 14.0, "rotationY": 33.0, "rotationZ": 64.0 },
						"right wing": { "offsetX": 0.0, "offsetY": 0.0, "offsetZ": 0.0, "rotationX": -14.0, "rotationY": 147.0, "rotationZ": -33.0 },
						"left wing": { "offsetX": 0.0, "offsetY": 0.0, "offsetZ": 0.0, "rotationX": -11.0, "rotationY": -11.0, "rotationZ": 22.0 }
					}
				}
			]
		},

		{
			"name": "Run",
			"code": "run",
			"quantityframes": 25,
			"onActivityStopped": "EaseOut",
			"onAnimationEnd": "Repeat",
			"keyframes": [
				{
					"frame": 0,
					"elements": {
						"Body": { "offsetX": -1.125, "offsetY": 0.0, "offsetZ": 0.0, "rotationX": 0.0, "rotationY": 0.0, "rotationZ": -25.0 },
						"Chest": { "offsetX": 0.0, "offsetY": 0.0, "offsetZ": 0.0, "rotationX": 0.0, "rotationY": 0.0, "rotationZ": -14.0 },
						"tail": { "offsetX": 0.0, "offsetY": 0.0, "offsetZ": 0.0, "rotationX": 0.0, "rotationY": 0.0, "rotationZ": 17.0 },
						"thighs right": { "offsetX": 0.0, "offsetY": -1.8, "offsetZ": 0.0, "rotationX": 0.0, "rotationY": 0.0, "rotationZ": 66.0 },
						"leg right": { "offsetX": 0.0, "offsetY": 0.0, "offsetZ": 0.0, "rotationX": 0.0, "rotationY": 0.0, "rotationZ": 0.0 },
						"toes right": { "offsetX": 0.0, "offsetY": 0.0, "offsetZ": 0.0, "rotationX": 0.0, "rotationY": 0.0, "rotationZ": -28.0 },
						"thighs left": { "offsetX": 0.7875, "offsetY": 0.0, "offsetZ": 0.0, "rotationX": 0.0, "rotationY": 0.0, "rotationZ": -39.0 },
						"leg left": { "offsetX": -1.125, "offsetY": 0.0, "offsetZ": 0.0, "rotationX": 0.0, "rotationY": 0.0, "rotationZ": 39.0 },
						"toes left": { "offsetX": 0.0, "offsetY": 0.0, "offsetZ": 0.0, "rotationX": 0.0, "rotationY": 0.0, "rotationZ": 22.0 },
						"right wing": { "offsetX": 0.0, "offsetY": 0.0, "offsetZ": 0.0, "rotationX": 0.0, "rotationY": 62.0, "rotationZ": 42.0 },
						"left wing": { "offsetX": 0.0, "offsetY": 0.0, "offsetZ": 0.0, "rotationX": 0.0, "rotationY": -66.0, "rotationZ": 42.0 },
						"right wing2": { "rotationX": 0.0, "rotationY": 28.0, "rotationZ": 0.0 },
						"left wing2": { "rotationX": 0.0, "rotationY": -28.0, "rotationZ": 0.0 },
						"Neck": { "offsetX": -0.15, "offsetY": 0.0, "offsetZ": 0.0, "rotationX": 0.0, "rotationY": 0.0, "rotationZ": 28.0 }
					}
				},
				{
					"frame": 6,
					"elements": {
						"Body": { "offsetX": -0.75, "offsetY": 0.75, "offsetZ": 0.0, "rotationX": 0.0, "rotationY": 0.0, "rotationZ": -19.0 },
						"Chest": { "offsetX": 0.0, "offsetY": 0.0, "offsetZ": 0.0, "rotationX": 0.0, "rotationY": 0.0, "rotationZ": -14.0 },
						"tail": { "offsetX": 0.0, "offsetY": 0.0, "offsetZ": 0.0, "rotationX": 0.0, "rotationY": 0.0, "rotationZ": 0.0 },
						"thighs right": { "offsetX": 0.0, "offsetY": 0.0, "offsetZ": 0.0, "rotationX": 0.0, "rotationY": 0.0, "rotationZ": 47.0 },
						"leg right": { "offsetX": 0.0, "offsetY": 0.0, "offsetZ": 0.0, "rotationX": 0.0, "rotationY": 0.0, "rotationZ": 17.0 },
						"toes right": { "offsetX": 0.0, "offsetY": 0.0, "offsetZ": 0.0, "rotationX": 0.0, "rotationY": 0.0, "rotationZ": 19.0 },
						"thighs left": { "offsetX": 0.5625, "offsetY": 0.0, "offsetZ": 0.0, "rotationX": 0.0, "rotationY": 0.0, "rotationZ": 8.0 },
						"leg left": { "offsetX": -0.5625, "offsetY": -0.5625, "offsetZ": 0.0, "rotationX": 0.0, "rotationY": 0.0, "rotationZ": 17.0 },
						"toes left": { "offsetX": 0.0, "offsetY": 0.0, "offsetZ": 0.0, "rotationX": 0.0, "rotationY": 0.0, "rotationZ": 17.0 },
						"right wing": { "offsetX": 0.0, "offsetY": 0.0, "offsetZ": 0.0, "rotationX": 0.0, "rotationY": 11.0, "rotationZ": 42.0 },
						"left wing": { "offsetX": 0.0, "offsetY": 0.0, "offsetZ": 0.0, "rotationX": 0.0, "rotationY": -11.0, "rotationZ": 42.0 }
					}
				},
				{
					"frame": 12,
					"elements": {
						"Body": { "offsetX": -1.125, "offsetY": 0.3, "offsetZ": 0.0, "rotationX": 0.0, "rotationY": 0.0, "rotationZ": -17.0 },
						"Chest": { "offsetX": 0.0, "offsetY": 0.0, "offsetZ": 0.0, "rotationX": 0.0, "rotationY": 0.0, "rotationZ": -14.0 },
						"tail": { "offsetX": 0.0, "offsetY": 0.0, "offsetZ": 0.0, "rotationX": 0.0, "rotationY": 0.0, "rotationZ": 17.0 },
						"thighs right": { "offsetX": 0.7875, "offsetY": 0.0, "offsetZ": 0.0, "rotationX": 0.0, "rotationY": 0.0, "rotationZ": -39.0 },
						"leg right": { "offsetX": -1.125, "offsetY": 0.0, "offsetZ": 0.0, "rotationX": 0.0, "rotationY": 0.0, "rotationZ": 39.0 },
						"toes right": { "offsetX": 0.0, "offsetY": 0.0, "offsetZ": 0.0, "rotationX": 0.0, "rotationY": 0.0, "rotationZ": 22.0 },
						"thighs left": { "offsetX": 0.0, "offsetY": -1.8, "offsetZ": 0.0, "rotationX": 0.0, "rotationY": 0.0, "rotationZ": 66.0 },
						"leg left": { "offsetX": 0.0, "offsetY": 0.0, "offsetZ": 0.0, "rotationX": 0.0, "rotationY": 0.0, "rotationZ": 0.0 },
						"toes left": { "offsetX": 0.0, "offsetY": 0.0, "offsetZ": 0.0, "rotationX": 0.0, "rotationY": 0.0, "rotationZ": -28.0 },
						"right wing": { "offsetX": 0.0, "offsetY": 0.0, "offsetZ": 0.0, "rotationX": 0.0, "rotationY": 62.0, "rotationZ": 42.0 },
						"left wing": { "offsetX": 0.0, "offsetY": 0.0, "offsetZ": 0.0, "rotationX": 0.0, "rotationY": -66.0, "rotationZ": 42.0 },
						"Neck": { "offsetX": -0.3, "offsetY": 0.0, "offsetZ": 0.0, "rotationX": 0.0, "rotationY": 0.0, "rotationZ": 11.0 }
					}
				},
				{
					"frame": 18,
					"elements": {
						"Body": { "offsetX": -0.75, "offsetY": 0.75, "offsetZ": 0.0, "rotationX": 0.0, "rotationY": 0.0, "rotationZ": -19.0 },
						"Chest": { "offsetX": 0.0, "offsetY": 0.0, "offsetZ": 0.0, "rotationX": 0.0, "rotationY": 0.0, "rotationZ": -14.0 },
						"tail": { "offsetX": 0.0, "offsetY": 0.0, "offsetZ": 0.0, "rotationX": 0.0, "rotationY": 0.0, "rotationZ": 0.0 },
						"thighs right": { "offsetX": 0.5625, "offsetY": 0.0, "offsetZ": 0.0, "rotationX": 0.0, "rotationY": 0.0, "rotationZ": 8.0 },
						"leg right": { "offsetX": -0.5625, "offsetY": -0.5625, "offsetZ": 0.0, "rotationX": 0.0, "rotationY": 0.0, "rotationZ": 17.0 },
						"toes right": { "offsetX": 0.0, "offsetY": 0.0, "offsetZ": 0.0, "rotationX": 0.0, "rotationY": 0.0, "rotationZ": 17.0 },
						"thighs left": { "offsetX": 0.0, "offsetY": 0.0, "offsetZ": 0.0, "rotationX": 0.0, "rotationY": 0.0, "rotationZ": 47.0 },
						"leg left": { "offsetX": 0.0, "offsetY": 0.0, "offsetZ": 0.0, "rotationX": 0.0, "rotationY": 0.0, "rotationZ": 17.0 },
						"toes left": { "offsetX": 0.0, "offsetY": 0.0, "offsetZ": 0.0, "rotationX": 0.0, "rotationY": 0.0, "rotationZ": 19.0 },
						"right wing": { "offsetX": 0.0, "offsetY": 0.0, "offsetZ": 0.0, "rotationX": 0.0, "rotationY": 11.0, "rotationZ": 42.0 },
						"left wing": { "offsetX": 0.0, "offsetY": 0.0, "offsetZ": 0.0, "rotationX": 0.0, "rotationY": -11.0, "rotationZ": 42.0 }
					}
				},
				{
					"frame": 24,
					"elements": {
						"Body": { "offsetX": -1.125, "offsetY": 0.0, "offsetZ": 0.0, "rotationX": 0.0, "rotationY": 0.0, "rotationZ": -25.0 },
						"Chest": { "offsetX": 0.0, "offsetY": 0.0, "offsetZ": 0.0, "rotationX": 0.0, "rotationY": 0.0, "rotationZ": -14.0 },
						"tail": { "offsetX": 0.0, "offsetY": 0.0, "offsetZ": 0.0, "rotationX": 0.0, "rotationY": 0.0, "rotationZ": 17.0 },
						"thighs right": { "offsetX": 0.0, "offsetY": -1.8, "offsetZ": 0.0, "rotationX": 0.0, "rotationY": 0.0, "rotationZ": 66.0 },
						"leg right": { "offsetX": 0.0, "offsetY": 0.0, "offsetZ": 0.0, "rotationX": 0.0, "rotationY": 0.0, "rotationZ": 0.0 },
						"toes right": { "offsetX": 0.0, "offsetY": 0.0, "offsetZ": 0.0, "rotationX": 0.0, "rotationY": 0.0, "rotationZ": -28.0 },
						"thighs left": { "offsetX": 0.7875, "offsetY": 0.0, "offsetZ": 0.0, "rotationX": 0.0, "rotationY": 0.0, "rotationZ": -39.0 },
						"leg left": { "offsetX": -1.125, "offsetY": 0.0, "offsetZ": 0.0, "rotationX": 0.0, "rotationY": 0.0, "rotationZ": 39.0 },
						"toes left": { "offsetX": 0.0, "offsetY": 0.0, "offsetZ": 0.0, "rotationX": 0.0, "rotationY": 0.0, "rotationZ": 22.0 },
						"right wing": { "offsetX": 0.0, "offsetY": 0.0, "offsetZ": 0.0, "rotationX": 0.0, "rotationY": 62.0, "rotationZ": 42.0 },
						"left wing": { "offsetX": 0.0, "offsetY": 0.0, "offsetZ": 0.0, "rotationX": 0.0, "rotationY": -66.0, "rotationZ": 42.0 }
					}
				}
			]
		},

		{
			"name": "Hurt",
			"code": "hurt",
			"quantityframes": 30,
			"onActivityStopped": "PlayTillEnd",
			"onAnimationEnd": "Stop",
			"keyframes": [
				{
					"frame": 0,
					"elements": {
						"Body": { "offsetX": 0.0, "offsetY": 0.0, "offsetZ": 0.0, "rotationX": 0.0, "rotationY": 0.0, "rotationZ": 0.0 },
						"Chest": { "offsetX": 0.0, "offsetY": 0.0, "offsetZ": 0.0, "rotationX": 0.0, "rotationY": 0.0, "rotationZ": 0.0 },
						"head": { "offsetX": 0.0, "offsetY": 0.0, "offsetZ": 0.0, "rotationX": 0.0, "rotationY": 0.0, "rotationZ": 0.0 },
						"tail": { "rotationX": 0.0, "rotationY": 0.0, "rotationZ": 0.0 },
						"thighs right": { "offsetX": 0.0, "offsetY": 0.0, "offsetZ": 0.0, "rotationX": 0.0, "rotationY": 0.0, "rotationZ": 0.0 },
						"leg right": { "offsetX": 0.0, "offsetY": 0.0, "offsetZ": 0.0, "rotationX": 0.0, "rotationY": 0.0, "rotationZ": 0.0 },
						"toes right": { "offsetX": 0.0, "offsetY": 0.0, "offsetZ": 0.0, "rotationX": 0.0, "rotationY": 0.0, "rotationZ": 0.0 },
						"thighs left": { "offsetX": 0.0, "offsetY": 0.0, "offsetZ": 0.0, "rotationX": 0.0, "rotationY": 0.0, "rotationZ": 0.0 },
						"leg left": { "offsetX": 0.0, "offsetY": 0.0, "offsetZ": 0.0, "rotationX": 0.0, "rotationY": 0.0, "rotationZ": 0.0 },
						"toes left": { "offsetX": 0.0, "offsetY": 0.0, "offsetZ": 0.0, "rotationX": 0.0, "rotationY": 0.0, "rotationZ": 0.0 },
						"right wing": { "rotationX": 0.0, "rotationY": 0.0, "rotationZ": 0.0 },
						"left wing": { "rotationX": 0.0, "rotationY": 0.0, "rotationZ": 0.0 }
					}
				},
				{
					"frame": 6,
					"elements": {
						"Body": { "offsetX": 0.0, "offsetY": 0.0, "offsetZ": 0.0, "rotationX": 0.0, "rotationY": 0.0, "rotationZ": -10.0 },
						"Chest": { "offsetX": 0.0, "offsetY": 0.0, "offsetZ": 0.0, "rotationX": 0.0, "rotationY": 0.0, "rotationZ": -15.0 },
						"head": { "offsetX": 0.0, "offsetY": 0.0, "offsetZ": 0.0, "rotationX": 0.0, "rotationY": 0.0, "rotationZ": 5.0 },
						"tail": { "rotationX": 0.0, "rotationY": 0.0, "rotationZ": 15.0 },
						"thighs right": { "offsetX": 0.0, "offsetY": 0.0, "offsetZ": 0.0, "rotationX": 0.0, "rotationY": 0.0, "rotationZ": 2.0 },
						"leg right": { "offsetX": 0.0, "offsetY": 0.0, "offsetZ": 0.0, "rotationX": 0.0, "rotationY": 0.0, "rotationZ": 5.0 },
						"toes right": { "offsetX": 0.0, "offsetY": 0.0, "offsetZ": 0.0, "rotationX": 0.0, "rotationY": 0.0, "rotationZ": 0.0 },
						"thighs left": { "offsetX": 0.0, "offsetY": 0.0, "offsetZ": 0.0, "rotationX": 0.0, "rotationY": 0.0, "rotationZ": 0.0 },
						"leg left": { "offsetX": 0.0, "offsetY": 0.0, "offsetZ": 0.0, "rotationX": 0.0, "rotationY": 0.0, "rotationZ": 3.0 },
						"toes left": { "offsetX": 0.0, "offsetY": 0.0, "offsetZ": 0.0, "rotationX": 0.0, "rotationY": 0.0, "rotationZ": 0.0 },
						"right wing": { "rotationX": 30.0, "rotationY": 34.0, "rotationZ": 8.0 },
						"left wing": { "rotationX": -30.0, "rotationY": -34.0, "rotationZ": 8.0 }
					}
				}
			]
		},

		{
			"name": "Idle",
			"code": "idle",
			"quantityframes": 30,
			"onActivityStopped": "EaseOut",
			"onAnimationEnd": "Repeat",
			"keyframes": [
				{
					"frame": 0,
					"elements": {
						"Body": { "offsetX": 0.0, "offsetY": 0.0, "offsetZ": 0.0, "rotationX": 0.0, "rotationY": 0.0, "rotationZ": 0.0 },
						"Chest": { "offsetX": 0.0, "offsetY": -0.15, "offsetZ": 0.0, "rotationX": 0.0, "rotationY": 0.0, "rotationZ": 0.0 },
						"head": { "offsetX": 0.0, "offsetY": 0.0, "offsetZ": 0.0, "rotationX": 0.0, "rotationY": 0.0, "rotationZ": 0.0 },
						"tail": { "rotationX": 0.0, "rotationY": 0.0, "rotationZ": 0.0 },
						"thighs right": { "offsetX": 0.0, "offsetY": 0.0, "offsetZ": 0.0, "rotationX": 0.0, "rotationY": 0.0, "rotationZ": 0.0 },
						"leg right": { "offsetX": 0.0, "offsetY": 0.0, "offsetZ": 0.0, "rotationX": 0.0, "rotationY": 0.0, "rotationZ": 0.0 },
						"toes right": { "offsetX": 0.0, "offsetY": 0.0, "offsetZ": 0.0, "rotationX": 0.0, "rotationY": 0.0, "rotationZ": 0.0 },
						"thighs left": { "offsetX": 0.0, "offsetY": 0.0, "offsetZ": 0.0, "rotationX": 0.0, "rotationY": 0.0, "rotationZ": 0.0 },
						"leg left": { "offsetX": 0.0, "offsetY": 0.0, "offsetZ": 0.0, "rotationX": 0.0, "rotationY": 0.0, "rotationZ": 0.0 },
						"toes left": { "offsetX": 0.0, "offsetY": 0.0, "offsetZ": 0.0, "rotationX": 0.0, "rotationY": 0.0, "rotationZ": 0.0 },
						"left wing": { "rotationX": 0.0, "rotationY": 0.0, "rotationZ": 0.0 },
						"right wing": { "rotationX": 0.0, "rotationY": 0.0, "rotationZ": 0.0 },
						"UpperThroat": { "rotationX": 0.0, "rotationY": 0.0, "rotationZ": 0.0 }
					}
				},
				{
					"frame": 15,
					"elements": {
						"Body": { "offsetX": 0.0, "offsetY": 0.0, "offsetZ": 0.0, "rotationX": 0.0, "rotationY": 0.0, "rotationZ": -1.0 },
						"Chest": { "offsetX": 0.0, "offsetY": 0.0, "offsetZ": 0.0, "rotationX": 0.0, "rotationY": 0.0, "rotationZ": 1.0 },
						"head": { "offsetX": 0.0, "offsetY": 0.0, "offsetZ": 0.0, "rotationX": 0.0, "rotationY": 0.0, "rotationZ": 0.0 },
						"tail": { "rotationX": 0.0, "rotationY": 0.0, "rotationZ": 0.0 },
						"thighs right": { "offsetX": 0.0, "offsetY": 0.0, "offsetZ": 0.0, "rotationX": 0.0, "rotationY": 0.0, "rotationZ": 1.0 },
						"leg right": { "offsetX": 0.0, "offsetY": 0.0, "offsetZ": 0.0, "rotationX": 0.0, "rotationY": 0.0, "rotationZ": 0.0 },
						"toes right": { "offsetX": 0.0, "offsetY": 0.0, "offsetZ": 0.0, "rotationX": 0.0, "rotationY": 0.0, "rotationZ": 0.0 },
						"thighs left": { "offsetX": 0.0, "offsetY": 0.0, "offsetZ": 0.0, "rotationX": 0.0, "rotationY": 0.0, "rotationZ": 1.0 },
						"leg left": { "offsetX": 0.0, "offsetY": 0.0, "offsetZ": 0.0, "rotationX": 0.0, "rotationY": 0.0, "rotationZ": 0.0 },
						"toes left": { "offsetX": 0.0, "offsetY": 0.0, "offsetZ": 0.0, "rotationX": 0.0, "rotationY": 0.0, "rotationZ": 0.0 },
						"right wing": { "rotationX": 0.0, "rotationY": 0.0, "rotationZ": 0.0 },
						"left wing": { "rotationX": 0.0, "rotationY": 0.0, "rotationZ": 0.0 }
					}
				}
			]
		},

		{
			"name": "Sit",
			"code": "sit",
			"quantityframes": 30,
			"onActivityStopped": "EaseOut",
			"onAnimationEnd": "Repeat",
			"keyframes": [
				{
					"frame": 0,
					"elements": {
						"Body": { "offsetX": 0.0, "offsetY": -2.8125, "offsetZ": 0.0, "rotationX": 0.0, "rotationY": 0.0, "rotationZ": 3.0 },
						"Chest": { "offsetX": -0.75, "offsetY": 0.0, "offsetZ": 0.0, "rotationX": 0.0, "rotationY": 0.0, "rotationZ": -22.0 },
						"thighs right": { "offsetX": 1.125, "offsetY": -0.5625, "offsetZ": 0.0, "rotationX": 0.0, "rotationY": 0.0, "rotationZ": 3.0 },
						"leg right": { "offsetX": 1.125, "offsetY": 0.0, "offsetZ": 0.0, "rotationX": 0.0, "rotationY": 0.0, "rotationZ": -94.0 },
						"thighs left": { "offsetX": 1.125, "offsetY": -0.5625, "offsetZ": 0.0, "rotationX": 0.0, "rotationY": 0.0, "rotationZ": 7.0 },
						"leg left": { "offsetX": 0.5625, "offsetY": 0.0, "offsetZ": 0.0, "rotationX": 0.0, "rotationY": 0.0, "rotationZ": -89.0 },
						"toes left": { "offsetX": 0.75, "offsetY": 0.45, "offsetZ": 0.0, "rotationX": 0.0, "rotationY": 0.0, "rotationZ": 66.0 },
						"Neck": { "offsetX": 0.0, "offsetY": -0.45, "offsetZ": 0.0, "rotationX": 0.0, "rotationY": 0.0, "rotationZ": 19.0 },
						"head": { "offsetX": 0.0, "offsetY": 0.375, "offsetZ": 0.0 },
						"toes right": { "offsetX": 0.75, "offsetY": 0.45, "offsetZ": 0.0, "rotationX": 0.0, "rotationY": 0.0, "rotationZ": 69.0 }
					}
				},
				{
					"frame": 15,
					"elements": {
						"Body": { "offsetX": 0.0, "offsetY": -2.8125, "offsetZ": 0.0, "rotationX": 0.0, "rotationY": 0.0, "rotationZ": 2.0 },
						"thighs right": { "offsetX": 1.2375, "offsetY": -0.5625, "offsetZ": 0.0, "rotationX": 0.0, "rotationY": 0.0, "rotationZ": 4.0 },
						"leg right": { "offsetX": 1.125, "offsetY": 0.0, "offsetZ": 0.0, "rotationX": 0.0, "rotationY": 0.0, "rotationZ": -94.0 },
						"thighs left": { "offsetX": 1.2375, "offsetY": -0.5625, "offsetZ": 0.0, "rotationX": 0.0, "rotationY": 0.0, "rotationZ": 8.0 },
						"leg left": { "offsetX": 0.5625, "offsetY": 0.0, "offsetZ": 0.0, "rotationX": 0.0, "rotationY": 0.0, "rotationZ": -89.0 },
						"Neck": { "offsetX": 0.0, "offsetY": -0.525, "offsetZ": 0.0, "rotationX": 0.0, "rotationY": 0.0, "rotationZ": 19.0 }
					}
				}
			]
		},

		{
			"name": "Sleep",
			"code": "sleep",
			"quantityframes": 30,
			"onActivityStopped": "EaseOut",
			"onAnimationEnd": "Repeat",
			"keyframes": [
				{
					"frame": 0,
					"elements": {
						"Body": { "offsetX": 0.0, "offsetY": -4.5, "offsetZ": 0.0, "rotationX": 0.0, "rotationY": 0.0, "rotationZ": 3.0 },
						"thighs right": { "offsetX": 1.125, "offsetY": 0.5625, "offsetZ": 0.0, "rotationX": 0.0, "rotationY": 0.0, "rotationZ": 3.0 },
						"leg right": { "offsetX": 1.125, "offsetY": 0.0, "offsetZ": 0.0, "rotationX": 0.0, "rotationY": 0.0, "rotationZ": -94.0 },
						"toes right": { "rotationX": 0.0, "rotationY": 0.0, "rotationZ": -102.0 },
						"thighs left": { "offsetX": 1.125, "offsetY": 0.5625, "offsetZ": 0.0, "rotationX": 0.0, "rotationY": 0.0, "rotationZ": 6.0 },
						"leg left": { "offsetX": 0.5625, "offsetY": 0.0, "offsetZ": 0.0, "rotationX": 0.0, "rotationY": 0.0, "rotationZ": -89.0 },
						"Neck": { "offsetX": 0.0, "offsetY": -0.375, "offsetZ": 0.0, "rotationX": -3.0, "rotationY": -64.0, "rotationZ": 47.0 },
						"Chest": { "offsetX": 0.75, "offsetY": -0.375, "offsetZ": 0.0 },
						"UpperThroat": { "rotationX": 0.0, "rotationY": 0.0, "rotationZ": -64.0 },
						"UpperThroat2": { "rotationX": -22.0, "rotationY": -25.0, "rotationZ": -8.0 },
						"head": { "offsetX": 0.0, "offsetY": 0.75, "offsetZ": 0.0 }
					}
				},
				{
					"frame": 15,
					"elements": {
						"Body": { "offsetX": 0.0, "offsetY": -4.5, "offsetZ": 0.0, "rotationX": 0.0, "rotationY": 0.0, "rotationZ": 2.0 },
						"thighs right": { "offsetX": 1.2375, "offsetY": 0.5625, "offsetZ": 0.0, "rotationX": 0.0, "rotationY": 0.0, "rotationZ": 4.0 },
						"leg right": { "offsetX": 1.125, "offsetY": 0.0, "offsetZ": 0.0, "rotationX": 0.0, "rotationY": 0.0, "rotationZ": -94.0 },
						"toes right": { "offsetX": 0.75, "offsetY": 0.0, "offsetZ": 0.0, "rotationX": 0.0, "rotationY": 0.0, "rotationZ": -100.0 },
						"thighs left": { "offsetX": 1.2375, "offsetY": 0.5625, "offsetZ": 0.0, "rotationX": 0.0, "rotationY": 0.0, "rotationZ": 7.0 },
						"leg left": { "offsetX": 0.5625, "offsetY": 0.0, "offsetZ": 0.0, "rotationX": 0.0, "rotationY": 0.0, "rotationZ": -89.0 },
						"toes left": { "offsetX": 1.5, "offsetY": 0.0, "offsetZ": 0.0, "rotationX": 0.0, "rotationY": 0.0, "rotationZ": 78.0 },
						"head": { "offsetX": 0.0, "offsetY": 0.75, "offsetZ": 0.0 }
					}
				}
			]
		}
	]
}