{
    "code": "creature",
    "class": "ItemCreature",
    "maxstacksize": 64,
    "variantgroups": [
        {
            "code": "type",
            "states": [
                "hedgehog-male",
                "hedgehog-female",
                "hedgehog-baby",
                "pekin-duck-male-adult",
                "pekin-duck-female-adult",
                "pekin-duck-baby",
                "mallard-duck-male",
                "mallard-duck-female",
                "mallard-duck-baby",
                "call-duck-male-adult",
                "call-duck-female-adult",
                "call-duck-baby",
                "c_crow",
                "crow_flying",
                "yak-male",
                "yak-female",
                "yak-calf",
                "crab-both",
                "crab-baby",
                "isopod-woodlouse",
                "isopod-rubberducky",
                "robin_flying",
                "squirrel-male-brown",
                "squirrel-female-brown",
                "squirrel-baby-brown",
                "squirrel-male-darkbrown",
                "squirrel-female-darkbrown",
                "squirrel-baby-darkbrown",
                "squirrel-male-red",
                "squirrel-female-red",
                "squirrel-baby-red",
                "squirrel-male-black",
                "squirrel-female-black",
                "squirrel-baby-black",
                "waxwing_f",
                "waxwing_g",
                "snail-default",
                "fieldmus",
                "house-sparrow_f",
                "chipmunk-male",
                "chipmunk-female",
                "chipmunk-baby",
                "owl-brown-f",
                "mute-swan-male-adult",
                "mute-swan-female-adult",
                "mute-swan-baby-old",
                "mute-swan-baby-young"
            ]
        }
    ],
    "shapeByType": {
        "*-owl-brown-f": {
            "base": "entity/air/owl/owl_shape_newb"
        },
        "*-hedgehog-male": {
            "base": "entity/land/hedgehog/hedgehog-shape-gg1"
        },
        "*-hedgehog-female": {
            "base": "entity/land/hedgehog/hedgehog-shape-gg1"
        },
        "*-hedgehog-baby": {
            "base": "entity/land/hedgehog/hedgehog-shape-gg1"
        },
        "*call-duck-male-adult": {
            "base": "entity/land/duck/call-duck-shape"
        },
        "*call-duck-female-adult": {
            "base": "entity/land/duck/call-duck-shape"
        },
        "*pekin-duck-male-adult": {
            "base": "entity/land/duck/pekin-duck-shape"
        },
        "*pekin-duck-female-adult": {
            "base": "entity/land/duck/pekin-duck-shape"
        },
        "*mallard-duck-male": {
            "base": "entity/land/duck/newduck_4"
        },
        "*mallard-duck-female": {
            "base": "entity/land/duck/newduck_4"
        },
        "*-duck-baby": {
            "base": "entity/land/duck/duck-baby"
        },
        "*-yak-male": {
            "base": "entity/land/yak/yak-male-shape-a1"
        },
        "*-yak-female": {
            "base": "entity/land/yak/yak-female-shape-a1"
        },
        "*-yak-calf": {
            "base": "entity/land/yak/yak-calf-shape-a1"
        },
        "*-crab-both": {
            "base": "entity/land/crab/crab_base1"
        },
        "*-crab-baby": {
            "base": "entity/land/crab/crab_base1"
        },
        "*-c_crow": {
            "base": "entity/air/crow/crow2-0b"
        },
        "*-crow_flying": {
            "base": "entity/air/crow/crow2-0b"
        },
        "*-waxwing_f": {
            "base": "entity/air/waxwing/waxwing3"
        },
        "*-waxwing_g": {
            "base": "entity/air/waxwing/waxwing3"
        },
        "*-house-sparrow_f": {
            "base": "entity/air/sparrow/sparrow-house"
        },
        "*-isopod-woodlouse": {
            "base": "entity/land/woodlouse/woodlouse_idea1"
        },
        "*-isopod-rubberducky": {
            "base": "entity/land/isopod/isopod_model_2"
        },
        "*-squirrel-*": {
            "base": "entity/land/squirrel/squirrel-shape-2"
        },
        "*-robin_flying": {
            "base": "entity/air/robin/robin2"
        },
        "*-snail-default": {
            "base": "entity/land/snail/snail"
        },
        "*-fieldmus": {
            "base": "entity/land/mice/fieldmouse-shape"
        },
        "*-chipmunk-*": {
            "base": "entity/land/chipmunk/chipmunk-shape2"
        },
        "*-mute-swan-baby-old": {
            "base": "entity/land/swan/mute-swan-shape-adult"
        },
        "*-mute-swan-baby-young": {
            "base": "entity/land/swan/swan-baby-shape"
        },
        "*-mute-swan-male-*": {
            "base": "entity/land/swan/mute-swan-shape-adult"
        },
        "*-mute-swan-female-*": {
            "base": "entity/land/swan/mute-swan-shape-adult"
        },
        "*": {
            "base": "entity/land/{type}"
        }
    },
    "texturesByType": {
        "*-hedgehog-male": {
            "all": {
                "base": "entity/hedgehog/hedgehog_0"
            }
        },
        "*-hedgehog-female": {
            "all": {
                "base": "entity/hedgehog/hedgehog_0"
            }
        },
        "*-hedgehog-baby": {
            "all": {
                "base": "entity/hedgehog/hedgehog_0"
            }
        },
        "*-mute-swan-*-adult": {
            "all": {
                "base": "entity/swan/mute-swan-adult"
            }
        },
        "*-mute-swan-baby-old": {
            "all": {
                "base": "entity/swan/mute-swan-young"
            }
        },
        "*-mute-swan-baby-young": {
            "all": {
                "base": "entity/swan/mute-swan-baby"
            }
        },
        "*-mallard-duck-male": {
            "all": {
                "base": "entity/duck/mallard-duck-male"
            }
        },
        "*-mallard-duck-female": {
            "all": {
                "base": "entity/duck/mallard-duck-female"
            }
        },
        "*-mallard-duck-baby": {
            "all": {
                "base": "entity/duck/duckling-normal-1"
            }
        },
        "*-pekin-duck-male-adult": {
            "all": {
                "base": "entity/duck/pekin-duck-male"
            }
        },
        "*-pekin-duck-female-adult": {
            "all": {
                "base": "entity/duck/pekin-duck-female"
            }
        },
        "*-pekin-duck-baby": {
            "all": {
                "base": "entity/duck/pekin-duckling-1"
            }
        },
        "*-call-duck-male-adult": {
            "all": {
                "base": "entity/duck/call-duck-any"
            }
        },
        "*-call-duck-female-adult": {
            "all": {
                "base": "entity/duck/call-duck-any"
            }
        },
        "*-call-duck-baby": {
            "all": {
                "base": "entity/duck/pekin-duckling-1"
            }
        },
        "*-c_crow": {
            "all": {
                "base": "entity/c_crow/crow-redo"
            }
        },
        "*-crow_flying": {
            "all": {
                "base": "entity/c_crow/crow-redo"
            }
        },
        "*-waxwing_f": {
            "all": {
                "base": "entity/waxwing/waxwing_t"
            }
        },
        "*-waxwing_g": {
            "all": {
                "base": "entity/waxwing/waxwing_t"
            }
        },
        "*-isopod-woodlouse": {
            "all": {
                "base": "entity/woodlouse/woodlouse1"
            }
        },
        "*-isopod-rubberducky": {
            "all": {
                "base": "entity/isopod/isopod_ruberducky_v2"
            }
        },
        "*-yak-male": {
            "all": {
                "base": "entity/yak/yak01"
            }
        },
        "*-yak-female": {
            "all": {
                "base": "entity/yak/yak01"
            }
        },
        "*-yak-calf": {
            "all": {
                "base": "entity/yak/yak01"
            }
        },
        "*-crab-both": {
            "all": {
                "base": "entity/crab/crab_redx2"
            }
        },
        "*-crab-baby": {
            "all": {
                "base": "entity/crab/crab_redx3"
            }
        },
        "*-robin_flying": {
            "all": {
                "base": "entity/robin/robin-male"
            }
        },
        "*-snail-default": {
            "all": {
                "base": "entity/snail/snail1"
            }
        },
        "*-fieldmus": {
            "all": {
                "base": "entity/mice/fieldmice"
            }
        },
        "*-house-sparrow_f": {
            "all": {
                "base": "entity/sparrow/sparrow-house-f"
            }
        },
        "*-squirrel-male-brown": {
            "all": {
                "base": "entity/squirrel/oldbrown-normal"
            }
        },
        "*-squirrel-female-brown": {
            "all": {
                "base": "entity/squirrel/oldbrown-normal"
            }
        },
        "*-squirrel-baby-brown": {
            "all": {
                "base": "entity/squirrel/oldbrown-normal"
            }
        },
        "*-squirrel-male-darkbrown": {
            "all": {
                "base": "entity/squirrel/darkbrown-normal"
            }
        },
        "*-squirrel-female-darkbrown": {
            "all": {
                "base": "entity/squirrel/darkbrown-normal"
            }
        },
        "*-squirrel-baby-darkbrown": {
            "all": {
                "base": "entity/squirrel/darkbrown-normal"
            }
        },
        "*-squirrel-male-black": {
            "all": {
                "base": "entity/squirrel/grey-normal"
            }
        },
        "*-squirrel-female-black": {
            "all": {
                "base": "entity/squirrel/grey-normal"
            }
        },
        "*-squirrel-baby-black": {
            "all": {
                "base": "entity/squirrel/grey-normal"
            }
        },
        "*-squirrel-male-red": {
            "all": {
                "base": "entity/squirrel/redded-normal"
            }
        },
        "*-squirrel-female-red": {
            "all": {
                "base": "entity/squirrel/redded-normal"
            }
        },
        "*-squirrel-baby-red": {
            "all": {
                "base": "entity/squirrel/redded-normal"
            }
        },
        "*-chipmunk-male": {
            "all": {
                "base": "entity/chipmunk/both-darkbrown"
            }
        },
        "*-chipmunk-female": {
            "all": {
                "base": "entity/chipmunk/both-darkbrown"
            }
        },
        "*-chipmunk-baby": {
            "all": {
                "base": "entity/chipmunk/both-darkbrown"
            }
        },
        "*-owl-brown-f": {
            "all": {
                "base": "entity/owl/brown_owl"
            }
        }
    },
    "creativeinventory": {
        "general": [
            "*"
        ],
        "items": [
            "*"
        ],
        "creatures": [
            "*"
        ]
    },
    "materialDensity": 600,
    "guiTransformByType": {
        "*-hedgehog-*": {
            "rotate": true,
            "translation": {
                "x": 2,
                "y": 0,
                "z": 0
            },
            "rotation": {
                "x": 4,
                "y": -59,
                "z": -156
            },
            "origin": {
                "x": 0.5,
                "y": 0.15,
                "z": 0.5
            },
            "scale": 3.5
        },
        "*-duck-*": {
            "rotate": true,
            "translation": {
                "x": 2,
                "y": -0.5,
                "z": 0
            },
            "rotation": {
                "x": 4,
                "y": -59,
                "z": -156
            },
            "origin": {
                "x": 0.5,
                "y": 0.25,
                "z": 0.5
            },
            "scale": 3.5
        },
        "*-owl-brown-f": {
            "rotate": true,
            "translation": {
                "x": 2,
                "y": -0.5,
                "z": 0
            },
            "rotation": {
                "x": 4,
                "y": -59,
                "z": -156
            },
            "origin": {
                "x": 0.5,
                "y": 0.25,
                "z": 0.5
            },
            "scale": 2.5
        },
        "*-mute-swan-*": {
            "rotate": true,
            "translation": {
                "x": 2,
                "y": 0.5,
                "z": 0
            },
            "rotation": {
                "x": 4,
                "y": -59,
                "z": -156
            },
            "origin": {
                "x": 0.5,
                "y": 0.5,
                "z": 0.5
            },
            "scale": 1.9
        },
        "*-c_crow": {
            "rotate": true,
            "translation": {
                "x": 2,
                "y": -0.5,
                "z": 0
            },
            "rotation": {
                "x": 4,
                "y": -59,
                "z": -156
            },
            "origin": {
                "x": 0.5,
                "y": 0.25,
                "z": 0.5
            },
            "scale": 3.5
        },
        "*-crow_flying": {
            "rotate": true,
            "translation": {
                "x": 2,
                "y": -0.5,
                "z": 0
            },
            "rotation": {
                "x": 4,
                "y": -59,
                "z": -156
            },
            "origin": {
                "x": 0.5,
                "y": 0.25,
                "z": 0.5
            },
            "scale": 3.5
        },
        "*-waxwing_f": {
            "rotate": true,
            "translation": {
                "x": 2,
                "y": -0.5,
                "z": 0
            },
            "rotation": {
                "x": 4,
                "y": -59,
                "z": -156
            },
            "origin": {
                "x": 0.5,
                "y": 0.25,
                "z": 0.5
            },
            "scale": 3.5
        },
        "*-waxwing_g": {
            "rotate": true,
            "translation": {
                "x": 2,
                "y": -0.5,
                "z": 0
            },
            "rotation": {
                "x": 4,
                "y": -59,
                "z": -156
            },
            "origin": {
                "x": 0.5,
                "y": 0.25,
                "z": 0.5
            },
            "scale": 3.5
        },
        "*-robin_flying": {
            "rotate": true,
            "translation": {
                "x": 2,
                "y": -0.5,
                "z": 0
            },
            "rotation": {
                "x": 4,
                "y": -59,
                "z": -156
            },
            "origin": {
                "x": 0.5,
                "y": 0.25,
                "z": 0.5
            },
            "scale": 3.5
        },
        "creature-crab-*": {
            "rotate": true,
            "translation": {
                "x": 2,
                "y": -0.1,
                "z": 0
            },
            "rotation": {
                "x": 4,
                "y": -59,
                "z": -156
            },
            "origin": {
                "x": 0.5,
                "y": 0.25,
                "z": 0.5
            },
            "scale": 3.5
        },
        "*-snail-default": {
            "rotate": true,
            "translation": {
                "x": 2,
                "y": -0.1,
                "z": 0
            },
            "rotation": {
                "x": 4,
                "y": -59,
                "z": -156
            },
            "origin": {
                "x": 0.5,
                "y": 0.25,
                "z": 0.5
            },
            "scale": 3.5
        },
        "*-yak-*": {
            "translation": {
                "x": 0,
                "y": 0,
                "z": 0
            },
            "rotation": {
                "x": 180,
                "y": -115,
                "z": 6
            },
            "origin": {
                "x": 0.5,
                "y": 0.74,
                "z": 0.5
            },
            "scale": 1.5
        },
        "*-isopod-*": {
            "rotate": true,
            "translation": {
                "x": 2,
                "y": -0.5,
                "z": 0
            },
            "rotation": {
                "x": 4,
                "y": -59,
                "z": -156
            },
            "origin": {
                "x": 0.5,
                "y": 0.25,
                "z": 0.5
            },
            "scale": 3.5
        },
        "*-squirrel-*": {
            "rotate": true,
            "translation": {
                "x": 2,
                "y": -0.5,
                "z": 0
            },
            "rotation": {
                "x": 4,
                "y": -59,
                "z": -156
            },
            "origin": {
                "x": 0.5,
                "y": 0.25,
                "z": 0.5
            },
            "scale": 3.5
        },
        "*-fieldmus": {
            "rotate": true,
            "translation": {
                "x": 2,
                "y": -0.5,
                "z": 0
            },
            "rotation": {
                "x": 4,
                "y": -59,
                "z": -156
            },
            "origin": {
                "x": 0.5,
                "y": 0.25,
                "z": 0.5
            },
            "scale": 3.5
        },
        "*-house-sparrow_f": {
            "rotate": true,
            "translation": {
                "x": 2,
                "y": -0.5,
                "z": 0
            },
            "rotation": {
                "x": 4,
                "y": -59,
                "z": -156
            },
            "origin": {
                "x": 0.5,
                "y": 0.25,
                "z": 0.5
            },
            "scale": 3.5
        },
        "*-chipmunk-*": {
            "rotate": true,
            "translation": {
                "x": 2,
                "y": -0.5,
                "z": 0
            },
            "rotation": {
                "x": 4,
                "y": -59,
                "z": -156
            },
            "origin": {
                "x": 0.5,
                "y": 0.25,
                "z": 0.5
            },
            "scale": 3.5
        }
    },
    "tpHandTransformByType": {
        "*-hedgehog-*": {
            "translation": {
                "x": -0.8,
                "y": -0.4,
                "z": -0.5
            },
            "rotation": {
                "x": -180,
                "y": 0,
                "z": -156
            },
            "scale": 0.7
        },
        "*-owl-brown-f": {
            "translation": {
                "x": -0.8,
                "y": -0.4,
                "z": -0.5
            },
            "rotation": {
                "x": -180,
                "y": 0,
                "z": -156
            },
            "scale": 0.7
        },
        "*-duck-*": {
            "translation": {
                "x": -0.8,
                "y": -0.4,
                "z": -0.5
            },
            "rotation": {
                "x": -180,
                "y": 0,
                "z": -156
            },
            "scale": 0.7
        },
        "*-c_crow": {
            "translation": {
                "x": -0.8,
                "y": -0.4,
                "z": -0.5
            },
            "rotation": {
                "x": -180,
                "y": 0,
                "z": -156
            },
            "scale": 0.7
        },
        "*-crow_flying": {
            "translation": {
                "x": -0.8,
                "y": -0.4,
                "z": -0.5
            },
            "rotation": {
                "x": -180,
                "y": 0,
                "z": -156
            },
            "scale": 0.7
        },
        "*-robin_flying": {
            "translation": {
                "x": -0.8,
                "y": -0.4,
                "z": -0.5
            },
            "rotation": {
                "x": -180,
                "y": 0,
                "z": -156
            },
            "scale": 0.7
        },
        "creature-crab-*": {
            "translation": {
                "x": -1.38,
                "y": -1.26,
                "z": -1.39
            },
            "rotation": {
                "x": 0,
                "y": 17,
                "z": 82
            },
            "origin": {
                "x": 0.9,
                "y": 0.8,
                "z": 0.6
            },
            "scale": 0.66
        },
        "creature-yak-*": {
            "translation": {
                "x": -1.38,
                "y": -1.26,
                "z": -1.39
            },
            "rotation": {
                "x": 0,
                "y": 17,
                "z": 82
            },
            "origin": {
                "x": 0.9,
                "y": 0.8,
                "z": 0.6
            },
            "scale": 0.56
        },
        "creature-isopod-woodlouse": {
            "translation": {
                "x": -1.38,
                "y": -1.26,
                "z": -1.39
            },
            "rotation": {
                "x": 0,
                "y": 17,
                "z": 82
            },
            "origin": {
                "x": 0.9,
                "y": 0.8,
                "z": 0.6
            },
            "scale": 1.56
        },
        "creature-isopod-rubberducky": {
            "translation": {
                "x": -1.38,
                "y": -1.26,
                "z": -1.39
            },
            "rotation": {
                "x": 0,
                "y": 17,
                "z": 82
            },
            "origin": {
                "x": 0.9,
                "y": 0.8,
                "z": 0.6
            },
            "scale": 1.56
        },
        "*-squirrel-*": {
            "translation": {
                "x": -0.8,
                "y": -0.4,
                "z": -0.5
            },
            "rotation": {
                "x": -180,
                "y": 0,
                "z": -156
            },
            "scale": 0.7
        },
        "*-house-sparrow_f": {
            "translation": {
                "x": -0.8,
                "y": -0.4,
                "z": -0.5
            },
            "rotation": {
                "x": -180,
                "y": 0,
                "z": -156
            },
            "scale": 0.7
        },
        "*-fieldmus": {
            "translation": {
                "x": -0.8,
                "y": -0.4,
                "z": -0.5
            },
            "rotation": {
                "x": -180,
                "y": 0,
                "z": -156
            },
            "scale": 0.7
        }
    },
    "fpHandTransformByType": {
        "*-hedgehog-*": {
            "translation": {
                "x": 0.4,
                "y": 0,
                "z": 0
            },
            "rotation": {
                "x": -180,
                "y": -96,
                "z": -180
            },
            "scale": 1.16
        },
        "*-owl-brown-f": {
            "translation": {
                "x": 0.4,
                "y": 0,
                "z": 0
            },
            "rotation": {
                "x": -180,
                "y": -96,
                "z": -180
            },
            "scale": 1.16
        },
        "*-duck-*": {
            "translation": {
                "x": 0.4,
                "y": 0,
                "z": 0
            },
            "rotation": {
                "x": -180,
                "y": -96,
                "z": -180
            },
            "scale": 1.16
        },
        "*-c_crow": {
            "translation": {
                "x": 0.4,
                "y": 0,
                "z": 0
            },
            "rotation": {
                "x": -180,
                "y": -96,
                "z": -180
            },
            "scale": 1.16
        },
        "*-crow_flying": {
            "translation": {
                "x": 0.4,
                "y": 0,
                "z": 0
            },
            "rotation": {
                "x": -180,
                "y": -96,
                "z": -180
            },
            "scale": 1.16
        },
        "*-robin_flying": {
            "translation": {
                "x": 0.4,
                "y": 0,
                "z": 0
            },
            "rotation": {
                "x": -180,
                "y": -96,
                "z": -180
            },
            "scale": 1.16
        },
        "creature-crab-*": {
            "translation": {
                "x": 0.42,
                "y": 0.15,
                "z": 0
            },
            "rotation": {
                "x": 0,
                "y": -75,
                "z": -25
            },
            "origin": {
                "x": 0.5,
                "y": 1,
                "z": 0.5
            },
            "scale": 1.81
        },
        "creature-yak-*": {
            "translation": {
                "x": 0.42,
                "y": 0.15,
                "z": 0
            },
            "rotation": {
                "x": 0,
                "y": -75,
                "z": -25
            },
            "origin": {
                "x": 0.5,
                "y": 1,
                "z": 0.5
            },
            "scale": 1.01
        },
        "*-isopod-*": {
            "translation": {
                "x": 0.42,
                "y": 0.15,
                "z": 0
            },
            "rotation": {
                "x": 0,
                "y": -75,
                "z": -25
            },
            "origin": {
                "x": 0.5,
                "y": 1,
                "z": 0.5
            },
            "scale": 1.81
        },
        "*-squirrel-*": {
            "translation": {
                "x": 0.4,
                "y": 0,
                "z": 0
            },
            "rotation": {
                "x": -180,
                "y": -96,
                "z": -180
            },
            "scale": 1.16
        },
        "*-house-sparrow_f": {
            "translation": {
                "x": 0.4,
                "y": 0,
                "z": 0
            },
            "rotation": {
                "x": -180,
                "y": -96,
                "z": -180
            },
            "scale": 1.16
        }
    }
}