{
	"editor": {
		"backDropShape": "entity/humanoid/seraph-faceless",
		"allAngles": true
	},
	"textureWidth": 32,
	"textureHeight": 76,
	"textureSizes": {
		"playermodellib-iris":  [8, 8]
	},
	"textures": {
		"playermodellib-eyes": "seraph-for-eyes",
		"playermodellib-iris": "eyes/topaz"
	},
	"elements": [
		{
			"name": "eyesroot",
			"stepParentName": "Head",
			"from": [ 0.0, 0.0, 0.0 ],
			"to": [ 5.5, 5.0, 5.0 ],
			"unwrapMode": 4,
			"uv": [ 0.0, 0.0 ],
			"faces": {
			},
			"children": [
				{
					"name": "R eye",
					"from": [ -0.01, 1.75, 0.9 ],
					"to": [ 0.09, 2.55, 2.1 ],
					"rotationOrigin": [ 0.0, 1.75, 2.1 ],
					"rotationX": 3.0,
					"faces": {
						"north": { "texture": "#playermodellib-iris", "uv": [ 2, 0, 5, 3 ] },
						"south": { "texture": "#playermodellib-iris", "uv": [ 2, 0, 5, 3 ]  },
						"west": { "texture": "#playermodellib-iris", "uv": [ 2, 0, 5, 3 ]  },
						"up": { "texture": "#playermodellib-iris", "uv": [ 2, 0, 5, 3 ] , "rotation": 90 },
						"down": { "texture": "#playermodellib-iris", "uv": [ 2, 0, 5, 3 ] , "rotation": 90 }
					},
					"children": [
						{
							"name": "R iris",
							"from": [ -0.03, 0.17, 0.3 ],
							"to": [ 0.07, 0.77, 0.95 ],
							"unwrapMode": 4,
							"uv": [ 0.0, 0.0 ],
							"rotationOrigin": [ 0.0, 0.15, 1.05 ],
							"faces": {
								"north": { "texture": "#playermodellib-eyes", "uv": [ 0.0, 0.5, 0.5, 1.0 ] },
								"south": { "texture": "#playermodellib-eyes", "uv": [ 1.0, 0.5, 1.5, 1.0 ] },
								"west": { "texture": "#playermodellib-eyes", "uv": [ 0.5, 0.5, 1.0, 1.0 ] },
								"up": { "texture": "#playermodellib-eyes", "uv": [ 0.5, 0.0, 1.0, 0.5 ], "rotation": 90 },
								"down": { "texture": "#playermodellib-eyes", "uv": [ 0.5, 1.0, 1.0, 1.5 ], "rotation": 90 }
							},
							"children": [
								{
									"name": "shine large 1",
									"from": [ -0.01, 0.37, 0.1 ],
									"to": [ 0.09, 0.54, 0.27 ],
									"unwrapMode": 4,
									"uv": [ 28.0, 4.0 ],
									"rotationOrigin": [ 0.03, 0.5, 0.1 ],
									"faces": {
										"north": { "texture": "#playermodellib-eyes", "uv": [ 28.0, 4.5, 28.5, 5.0 ] },
										"south": { "texture": "#playermodellib-eyes", "uv": [ 29.0, 4.5, 29.5, 5.0 ] },
										"west": { "texture": "#playermodellib-eyes", "uv": [ 28.5, 4.5, 29.0, 5.0 ] },
										"up": { "texture": "#playermodellib-eyes", "uv": [ 28.5, 4.0, 29.0, 4.5 ], "rotation": 90 },
										"down": { "texture": "#playermodellib-eyes", "uv": [ 28.5, 5.0, 29.0, 5.5 ], "rotation": 90 }
									}
								},
								{
									"name": "shine small 1",
									"from": [ -0.01, 0.33, 0.05 ],
									"to": [ 0.09, 0.43, 0.15 ],
									"unwrapMode": 4,
									"uv": [ 28.5, 4.5 ],
									"rotationOrigin": [ 0.03, 0.4, 0.1 ],
									"faces": {
										"north": { "texture": "#playermodellib-eyes", "uv": [ 28.5, 5.0, 29.0, 5.5 ] },
										"south": { "texture": "#playermodellib-eyes", "uv": [ 29.5, 5.0, 30.0, 5.5 ] },
										"west": { "texture": "#playermodellib-eyes", "uv": [ 29.0, 5.0, 29.5, 5.5 ] },
										"up": { "texture": "#playermodellib-eyes", "uv": [ 29.0, 4.5, 29.5, 5.0 ], "rotation": 90 },
										"down": { "texture": "#playermodellib-eyes", "uv": [ 29.0, 5.5, 29.5, 6.0 ], "rotation": 90 }
									}
								}
							]
						},
						{
							"name": "R iris2",
							"from": [ -0.02, 0.22, 0.2 ],
							"to": [ 0.08, 0.82, 1.0 ],
							"unwrapMode": 4,
							"uv": [ 28.5, 14.5 ],
							"rotationOrigin": [ 0.0, 0.15, 0.95 ],
							"faces": {
								"north": { "texture": "#playermodellib-eyes", "uv": [ 28.5, 15.0, 29.0, 15.5 ] },
								"south": { "texture": "#playermodellib-eyes", "uv": [ 29.5, 15.0, 30.0, 15.5 ] },
								"west": { "texture": "#playermodellib-eyes", "uv": [ 29.0, 15.0, 29.5, 15.5 ] },
								"up": { "texture": "#playermodellib-eyes", "uv": [ 29.0, 14.5, 29.5, 15.0 ], "rotation": 90 },
								"down": { "texture": "#playermodellib-eyes", "uv": [ 29.0, 15.5, 29.5, 16.0 ], "rotation": 90 }
							}
						}
					]
				},
				{
					"name": "L eye2",
					"from": [ -0.01, 1.75, 2.85 ],
					"to": [ 0.09, 2.55, 4.05 ],
					"rotationOrigin": [ 0.0, 1.75, 2.9 ],
					"rotationX": -3.0,
					"faces": {
						"north": { "texture": "#playermodellib-iris", "uv": [ 2, 5, 5, 8 ] },
						"south": { "texture": "#playermodellib-iris", "uv": [ 2, 5, 5, 8 ] },
						"west": { "texture": "#playermodellib-iris", "uv": [ 2, 5, 5, 8 ] },
						"up": { "texture": "#playermodellib-iris", "uv": [ 2, 5, 5, 8 ], "rotation": 90 },
						"down": { "texture": "#playermodellib-iris", "uv": [ 2, 5, 5, 8 ], "rotation": 90 }
					},
					"children": [
						{
							"name": "L iris",
							"from": [ -0.03, 0.17, 0.25 ],
							"to": [ 0.07, 0.77, 0.9 ],
							"unwrapMode": 4,
							"uv": [ 2.0, 0.0 ],
							"rotationOrigin": [ 0.0, 0.15, 0.35 ],
							"faces": {
								"north": { "texture": "#playermodellib-eyes", "uv": [ 2.0, 0.5, 2.5, 1.0 ] },
								"south": { "texture": "#playermodellib-eyes", "uv": [ 3.0, 0.5, 3.5, 1.0 ] },
								"west": { "texture": "#playermodellib-eyes", "uv": [ 2.5, 0.5, 3.0, 1.0 ] },
								"up": { "texture": "#playermodellib-eyes", "uv": [ 2.5, 0.0, 3.0, 0.5 ], "rotation": 90 },
								"down": { "texture": "#playermodellib-eyes", "uv": [ 2.5, 1.0, 3.0, 1.5 ], "rotation": 90 }
							},
							"children": [
								{
									"name": "shine small 2",
									"from": [ -0.01, 0.33, 0.07 ],
									"to": [ 0.09, 0.43, 0.17 ],
									"unwrapMode": 4,
									"uv": [ 30.0, 4.5 ],
									"rotationOrigin": [ 0.03, 0.4, 0.3 ],
									"faces": {
										"north": { "texture": "#playermodellib-eyes", "uv": [ 30.0, 5.0, 30.5, 5.5 ] },
										"south": { "texture": "#playermodellib-eyes", "uv": [ 31.0, 5.0, 31.5, 5.5 ] },
										"west": { "texture": "#playermodellib-eyes", "uv": [ 30.5, 5.0, 31.0, 5.5 ] },
										"up": { "texture": "#playermodellib-eyes", "uv": [ 30.5, 4.5, 31.0, 5.0 ], "rotation": 90 },
										"down": { "texture": "#playermodellib-eyes", "uv": [ 30.5, 5.5, 31.0, 6.0 ], "rotation": 90 }
									}
								},
								{
									"name": "shine large 2",
									"from": [ -0.01, 0.37, 0.12 ],
									"to": [ 0.09, 0.54, 0.29 ],
									"unwrapMode": 4,
									"uv": [ 30.5, 4.0 ],
									"rotationOrigin": [ -0.07, 0.5, 0.1 ],
									"faces": {
										"north": { "texture": "#playermodellib-eyes", "uv": [ 30.5, 4.5, 31.0, 5.0 ] },
										"south": { "texture": "#playermodellib-eyes", "uv": [ 31.5, 4.5, 32.0, 5.0 ] },
										"west": { "texture": "#playermodellib-eyes", "uv": [ 31.0, 4.5, 31.5, 5.0 ] },
										"up": { "texture": "#playermodellib-eyes", "uv": [ 31.0, 4.0, 31.5, 4.5 ], "rotation": 90 },
										"down": { "texture": "#playermodellib-eyes", "uv": [ 31.0, 5.0, 31.5, 5.5 ], "rotation": 90 }
									}
								}
							]
						},
						{
							"name": "L iris2",
							"from": [ -0.02, 0.22, 0.2 ],
							"to": [ 0.08, 0.82, 1.0 ],
							"unwrapMode": 4,
							"uv": [ 30.5, 14.5 ],
							"rotationOrigin": [ 0.0, 0.15, 0.15 ],
							"faces": {
								"north": { "texture": "#playermodellib-eyes", "uv": [ 30.5, 15.0, 31.0, 15.5 ] },
								"south": { "texture": "#playermodellib-eyes", "uv": [ 31.5, 15.0, 32.0, 15.5 ] },
								"west": { "texture": "#playermodellib-eyes", "uv": [ 31.0, 15.0, 31.5, 15.5 ] },
								"up": { "texture": "#playermodellib-eyes", "uv": [ 31.0, 14.5, 31.5, 15.0 ], "rotation": 90 },
								"down": { "texture": "#playermodellib-eyes", "uv": [ 31.0, 15.5, 31.5, 16.0 ], "rotation": 90 }
							}
						}
					]
				},
				{
					"name": "R eyebrow 1",
					"from": [ -0.1, 2.6, 1.5 ],
					"to": [ 0.0, 2.9, 2.2 ],
					"unwrapMode": 4,
					"uv": [ 28.0, 11.0 ],
					"rotationOrigin": [ -0.1, 2.6, 2.2 ],
					"rotationX": 16.0,
					"faces": {
						"north": { "texture": "#playermodellib-eyes", "uv": [ 28.0, 11.5, 28.5, 12.0 ] },
						"south": { "texture": "#playermodellib-eyes", "uv": [ 29.0, 11.5, 29.5, 12.0 ] },
						"west": { "texture": "#playermodellib-eyes", "uv": [ 28.5, 11.5, 29.0, 12.0 ] },
						"up": { "texture": "#playermodellib-eyes", "uv": [ 28.5, 11.0, 29.0, 11.5 ], "rotation": 90 },
						"down": { "texture": "#playermodellib-eyes", "uv": [ 28.5, 12.0, 29.0, 12.5 ], "rotation": 90 }
					},
					"children": [
						{
							"name": "R eyebrow 2",
							"from": [ 0.0, 0.05, -0.6 ],
							"to": [ 0.1, 0.27, 0.1 ],
							"unwrapMode": 4,
							"uv": [ 28.0, 12.5 ],
							"rotationOrigin": [ 0.0, 0.05, 0.1 ],
							"rotationX": -11.0,
							"rotationZ": -1.0,
							"faces": {
								"north": { "texture": "#playermodellib-eyes", "uv": [ 28.0, 13.0, 28.5, 13.5 ] },
								"south": { "texture": "#playermodellib-eyes", "uv": [ 29.0, 13.0, 29.5, 13.5 ] },
								"west": { "texture": "#playermodellib-eyes", "uv": [ 28.5, 13.0, 29.0, 13.5 ] },
								"up": { "texture": "#playermodellib-eyes", "uv": [ 28.5, 12.5, 29.0, 13.0 ], "rotation": 90 },
								"down": { "texture": "#playermodellib-eyes", "uv": [ 28.5, 13.5, 29.0, 14.0 ], "rotation": 90 }
							},
							"children": [
								{
									"name": "Cube2",
									"from": [ 0.03, 0.02, -0.4 ],
									"to": [ 0.13, 0.22, 0.1 ],
									"unwrapMode": 4,
									"uv": [ 28.0, 12.0 ],
									"rotationOrigin": [ 0.1, 0.1, 0.1 ],
									"faces": {
										"north": { "texture": "#playermodellib-eyes", "uv": [ 28.0, 12.5, 28.5, 13.0 ] },
										"south": { "texture": "#playermodellib-eyes", "uv": [ 29.0, 12.5, 29.5, 13.0 ] },
										"west": { "texture": "#playermodellib-eyes", "uv": [ 28.5, 12.5, 29.0, 13.0 ] },
										"up": { "texture": "#playermodellib-eyes", "uv": [ 28.5, 12.0, 29.0, 12.5 ], "rotation": 90 },
										"down": { "texture": "#playermodellib-eyes", "uv": [ 28.5, 13.0, 29.0, 13.5 ], "rotation": 90 }
									}
								}
							]
						}
					]
				},
				{
					"name": "L eyebrow 1",
					"from": [ -0.1, 2.6, 2.75 ],
					"to": [ 0.0, 2.9, 3.45 ],
					"unwrapMode": 4,
					"uv": [ 30.0, 11.0 ],
					"rotationOrigin": [ -0.1, 2.6, 2.7 ],
					"rotationX": -11.0,
					"faces": {
						"north": { "texture": "#playermodellib-eyes", "uv": [ 30.0, 11.5, 30.5, 12.0 ] },
						"south": { "texture": "#playermodellib-eyes", "uv": [ 31.0, 11.5, 31.5, 12.0 ] },
						"west": { "texture": "#playermodellib-eyes", "uv": [ 30.5, 11.5, 31.0, 12.0 ] },
						"up": { "texture": "#playermodellib-eyes", "uv": [ 30.5, 11.0, 31.0, 11.5 ], "rotation": 90 },
						"down": { "texture": "#playermodellib-eyes", "uv": [ 30.5, 12.0, 31.0, 12.5 ], "rotation": 90 }
					},
					"children": [
						{
							"name": "L eyebrow 2",
							"from": [ 0.0, 0.05, 0.6 ],
							"to": [ 0.1, 0.27, 1.3 ],
							"unwrapMode": 4,
							"uv": [ 30.5, 12.5 ],
							"rotationOrigin": [ 0.0, 0.05, 0.6 ],
							"rotationX": 4.0,
							"rotationZ": -1.0,
							"faces": {
								"north": { "texture": "#playermodellib-eyes", "uv": [ 30.5, 13.0, 31.0, 13.5 ] },
								"south": { "texture": "#playermodellib-eyes", "uv": [ 31.5, 13.0, 32.0, 13.5 ] },
								"west": { "texture": "#playermodellib-eyes", "uv": [ 31.0, 13.0, 31.5, 13.5 ] },
								"up": { "texture": "#playermodellib-eyes", "uv": [ 31.0, 12.5, 31.5, 13.0 ], "rotation": 90 },
								"down": { "texture": "#playermodellib-eyes", "uv": [ 31.0, 13.5, 31.5, 14.0 ], "rotation": 90 }
							},
							"children": [
								{
									"name": "Cube3",
									"from": [ 0.03, 0.02, 0.6 ],
									"to": [ 0.13, 0.22, 1.1 ],
									"unwrapMode": 4,
									"uv": [ 30.5, 12.0 ],
									"rotationOrigin": [ 0.0, 0.0, 0.6 ],
									"faces": {
										"north": { "texture": "#playermodellib-eyes", "uv": [ 30.5, 12.5, 31.0, 13.0 ] },
										"south": { "texture": "#playermodellib-eyes", "uv": [ 31.5, 12.5, 32.0, 13.0 ] },
										"west": { "texture": "#playermodellib-eyes", "uv": [ 31.0, 12.5, 31.5, 13.0 ] },
										"up": { "texture": "#playermodellib-eyes", "uv": [ 31.0, 12.0, 31.5, 12.5 ], "rotation": 90 },
										"down": { "texture": "#playermodellib-eyes", "uv": [ 31.0, 13.0, 31.5, 13.5 ], "rotation": 90 }
									}
								}
							]
						}
					]
				},
				{
					"name": "mouth",
					"from": [ -0.1, 0.6, 2.0 ],
					"to": [ 0.0, 0.9, 3.0 ],
					"unwrapMode": 4,
					"uv": [ 29.0, 8.5 ],
					"rotationOrigin": [ -0.1, 0.6, 2.5 ],
					"faces": {
						"north": { "texture": "#playermodellib-eyes", "uv": [ 29.0, 9.0, 29.5, 9.5 ] },
						"south": { "texture": "#playermodellib-eyes", "uv": [ 30.5, 9.0, 31.0, 9.5 ] },
						"west": { "texture": "#playermodellib-eyes", "uv": [ 29.5, 9.0, 30.5, 9.5 ] },
						"up": { "texture": "#playermodellib-eyes", "uv": [ 29.5, 8.5, 30.5, 9.0 ], "rotation": 90 },
						"down": { "texture": "#playermodellib-eyes", "uv": [ 29.5, 9.5, 30.5, 10.0 ], "rotation": 90 }
					},
					"children": [
						{
							"name": "mouth L",
							"from": [ 0.05, -0.02, -0.5 ],
							"to": [ 0.15, 0.28, 0.3 ],
							"unwrapMode": 4,
							"uv": [ 30.0, 7.5 ],
							"rotationOrigin": [ 0.05, -0.1, 0.3 ],
							"rotationX": -1.0,
							"faces": {
								"north": { "texture": "#playermodellib-eyes", "uv": [ 30.0, 8.0, 30.5, 8.5 ] },
								"south": { "texture": "#playermodellib-eyes", "uv": [ 31.0, 8.0, 31.5, 8.5 ] },
								"west": { "texture": "#playermodellib-eyes", "uv": [ 30.5, 8.0, 31.0, 8.5 ] },
								"up": { "texture": "#playermodellib-eyes", "uv": [ 30.5, 7.5, 31.0, 8.0 ], "rotation": 90 },
								"down": { "texture": "#playermodellib-eyes", "uv": [ 30.5, 8.5, 31.0, 9.0 ], "rotation": 90 }
							}
						},
						{
							"name": "mouth R",
							"from": [ 0.05, -0.02, 0.7 ],
							"to": [ 0.15, 0.28, 1.5 ],
							"unwrapMode": 4,
							"uv": [ 28.0, 7.5 ],
							"rotationOrigin": [ 0.05, 0.0, 0.7 ],
							"rotationX": 1.0,
							"faces": {
								"north": { "texture": "#playermodellib-eyes", "uv": [ 28.0, 8.0, 28.5, 8.5 ] },
								"south": { "texture": "#playermodellib-eyes", "uv": [ 29.0, 8.0, 29.5, 8.5 ] },
								"west": { "texture": "#playermodellib-eyes", "uv": [ 28.5, 8.0, 29.0, 8.5 ] },
								"up": { "texture": "#playermodellib-eyes", "uv": [ 28.5, 7.5, 29.0, 8.0 ], "rotation": 90 },
								"down": { "texture": "#playermodellib-eyes", "uv": [ 28.5, 8.5, 29.0, 9.0 ], "rotation": 90 }
							}
						}
					]
				},
				{
					"name": "eyelid r",
					"from": [ -0.1, 2.4, 0.8 ],
					"to": [ 0.0, 2.57, 2.2 ],
					"unwrapMode": 4,
					"uv": [ 28.0, 6.0 ],
					"rotationOrigin": [ -0.1, 2.5, 2.15 ],
					"rotationX": 6.0,
					"faces": {
						"north": { "texture": "#playermodellib-eyes", "uv": [ 28.0, 6.5, 28.5, 7.0 ] },
						"south": { "texture": "#playermodellib-eyes", "uv": [ 29.5, 6.5, 30.0, 7.0 ] },
						"west": { "texture": "#playermodellib-eyes", "uv": [ 28.5, 6.5, 29.5, 7.0 ] },
						"up": { "texture": "#playermodellib-eyes", "uv": [ 28.5, 6.0, 29.5, 6.5 ], "rotation": 90 },
						"down": { "texture": "#playermodellib-eyes", "uv": [ 28.5, 7.0, 29.5, 7.5 ], "rotation": 90 }
					}
				},
				{
					"name": "eyelid l",
					"from": [ -0.1, 2.4, 2.75 ],
					"to": [ 0.0, 2.57, 4.15 ],
					"unwrapMode": 4,
					"uv": [ 30.0, 6.0 ],
					"rotationOrigin": [ -0.1, 2.4, 2.9 ],
					"rotationX": -6.0,
					"faces": {
						"north": { "texture": "#playermodellib-eyes", "uv": [ 30.0, 6.5, 30.5, 7.0 ] },
						"south": { "texture": "#playermodellib-eyes", "uv": [ 31.5, 6.5, 32.0, 7.0 ] },
						"west": { "texture": "#playermodellib-eyes", "uv": [ 30.5, 6.5, 31.5, 7.0 ] },
						"up": { "texture": "#playermodellib-eyes", "uv": [ 30.5, 6.0, 31.5, 6.5 ], "rotation": 90 },
						"down": { "texture": "#playermodellib-eyes", "uv": [ 30.5, 7.0, 31.5, 7.5 ], "rotation": 90 }
					}
				},
				{
					"name": "eyelid r2",
					"from": [ -0.1, 1.78, 0.8 ],
					"to": [ 0.0, 1.85, 2.15 ],
					"unwrapMode": 4,
					"uv": [ 28.0, 6.0 ],
					"rotationOrigin": [ -0.1, 1.8, 2.15 ],
					"rotationX": -2.0,
					"faces": {
						"north": { "texture": "#playermodellib-eyes", "uv": [ 28.0, 6.5, 28.5, 7.0 ] },
						"south": { "texture": "#playermodellib-eyes", "uv": [ 29.5, 6.5, 30.0, 7.0 ] },
						"west": { "texture": "#playermodellib-eyes", "uv": [ 28.5, 6.5, 29.5, 7.0 ] },
						"up": { "texture": "#playermodellib-eyes", "uv": [ 28.5, 6.0, 29.5, 6.5 ], "rotation": 90 },
						"down": { "texture": "#playermodellib-eyes", "uv": [ 28.5, 7.0, 29.5, 7.5 ], "rotation": 90 }
					}
				},
				{
					"name": "eyelid l2",
					"from": [ -0.1, 1.78, 2.8 ],
					"to": [ 0.0, 1.85, 4.15 ],
					"unwrapMode": 4,
					"uv": [ 30.0, 6.0 ],
					"rotationOrigin": [ -0.1, 1.8, 2.8 ],
					"rotationX": 2.0,
					"faces": {
						"north": { "texture": "#playermodellib-eyes", "uv": [ 30.0, 6.5, 30.5, 7.0 ] },
						"south": { "texture": "#playermodellib-eyes", "uv": [ 31.5, 6.5, 32.0, 7.0 ] },
						"west": { "texture": "#playermodellib-eyes", "uv": [ 30.5, 6.5, 31.5, 7.0 ] },
						"up": { "texture": "#playermodellib-eyes", "uv": [ 30.5, 6.0, 31.5, 6.5 ], "rotation": 90 },
						"down": { "texture": "#playermodellib-eyes", "uv": [ 30.5, 7.0, 31.5, 7.5 ], "rotation": 90 }
					}
				}
			],
			"attachmentpoints": [
				{
					"code": "Eyes",
					"posX": "1.3","posY": "3.5","posZ": "2.5",
					"rotationX": "0.0","rotationY": "-90.0","rotationZ": "0.0"
				}
			]
		}
	]}