{
    "textures": {
    },
    "elements": [
        {
            "name": "Cube",
            "from": [ 0.0, 0.0, 0.0 ], 
            "to": [ 16.0, 4.0, 16.0 ], 
            "faces": {
                "north": { "texture": "#north", "uv": [ 0.0, 12.0, 16.0, 16.0 ] },
                "east": { "texture": "#east", "uv": [ 0.0, 12.0, 16.0, 16.0 ] },
                "south": { "texture": "#south", "uv": [ 0.0, 12.0, 16.0, 16.0 ] },
                "west": { "texture": "#west", "uv": [ 0.0, 12.0, 16.0, 16.0 ] },
                "up": { "texture": "#up" },
                "down": { "texture": "#down" }
            }
        }
    ]
}