[
    {
        "op": "addmerge",
        "path": "/classexpmult",
        "value": { "wanderer": 0.1 },
        "file": "xskills:skills/combat",
        "dependsOn": [ { "modid": "xskills" } ]
    },
    {
        "op": "addmerge",
        "path": "/classexpmult",
        "value": { "hedgeknight": 0.25 },
        "file": "xskills:skills/combat",
        "dependsOn": [ { "modid": "xskills" } ]
    },
    {
        "op": "addmerge",
        "path": "/classexpmult",
        "value": { "serf": -0.1 },
        "file": "xskills:skills/combat",
        "dependsOn": [ { "modid": "xskills" } ]
    },
    {
        "op": "addmerge",
        "path": "/classexpmult",
        "value": { "ironmonger": 0.0 },
        "file": "xskills:skills/combat",
        "dependsOn": [ { "modid": "xskills" } ]
    },
    {
        "op": "addmerge",
        "path": "/classexpmult",
        "value": { "yeoman": 0.25 },
        "file": "xskills:skills/combat",
        "dependsOn": [ { "modid": "xskills" } ]
    },
    {
        "op": "addmerge",
        "path": "/classexpmult",
        "value": { "woodsman": 0.0 },
        "file": "xskills:skills/combat",
        "dependsOn": [ { "modid": "xskills" } ]
    },
    {
        "op": "addmerge",
        "path": "/classexpmult",
        "value": { "guildsman": -0.2 },
        "file": "xskills:skills/combat",
        "dependsOn": [ { "modid": "xskills" } ]
    },
    {
        "op": "addmerge",
        "path": "/classexpmult",
        "value": { "gearsmith": -0.1 },
        "file": "xskills:skills/combat",
        "dependsOn": [ { "modid": "xskills" } ]
    },
    {
        "op": "replace",
        "path": "/classexpmult/blackguard",
        "value": 0.25,
        "file": "xskills:skills/combat",
        "dependsOn": [ { "modid": "xskills" } ]
    },
    {
        "op": "replace",
        "path": "/classexpmult/malefactor",
        "value": 0.0,
        "file": "xskills:skills/combat",
        "dependsOn": [ { "modid": "xskills" } ]
    }
]