﻿{
  "code": "firearm",
  "class": "Firearms:Muzzleloader",
  "variantgroups": [{"code": "type", "states": ["carbine"]}, {"code": "material", "states": ["steel"]}],
  "creativeinventory": {"general": ["*"], "maltiezfirearms": ["*"]},
  "maxstacksize": 1,
  "durability": 1250,
  "rackable": true,
  "tool": "bow",
  "behaviors": [
    {
      "name": "GroundStorable",
      "properties": {
        "layout": "WallHalves",
        "wallOffY": 2,
        "sprintKey": true,
        "selectionBox": {"x1": 0, "y1": 0, "z1": 0, "x2": 1, "y2": 0.1, "z2": 1},
        "collisionBox": {"x1": 0, "y1": 0, "z1": 0, "x2": 0, "y2": 0, "z2": 0}
      }
    },
    {"name": "CombatOverhaul:AnimatableAttachable", "properties": {"animated-shape": "maltiezfirearms:firearms/carbine"}}
  ],
  "attributes": {
    "toolrackTransform": {"translation": {"x": 1.4, "y": 0.55, "z": 0.5}, "rotation": {"x": 1, "y": 95, "z": -90}, "origin": {"x": 0, "y": 0, "z": 0}, "scale": 1.34},
    "groundStorageTransform": {"translation": {"x": 0.55, "y": 0.44, "z": 0.75}, "rotation": {"x": 100, "y": 4, "z": -101}, "origin": {"x": 0, "y": 0, "z": 0}, "scale": 0.81},
    "inWallmountTransform": {"translation": {"x": -0.38, "y": -0.03, "z": -0.04}, "rotation": {"x": 90, "y": -84, "z": 90}, "origin": {"x": 0, "y": 0, "z": 0}, "scale": 0.81},
    "inWeaponrackTransform": {"translation": {"x": 0, "y": 0.02, "z": 0.08}, "rotation": {"x": 82, "y": 0, "z": 0}, "origin": {"x": 0, "y": 0, "z": 0}, "scale": 0.81},
    "BulletDamageMultiplier": 1,
    "BulletDamageStrength": 8,
    "BulletTransform": {"translation": {"x": -2.2, "y": 0.2, "z": -2.2}, "rotation": {"x": 0, "y": 0, "z": 0}, "scale": 0.3},
    "FlaskTransform": {"Translation": {"X": 0, "Y": 0, "Z": 0}, "Rotation": {"X": 0, "Y": 0, "Z": 0}, "Origin": {"X": 0, "Y": 0, "Z": 0}, "Scale": 1},
    "WaddingTransform": {"Translation": {"x": 0, "y": 0, "z": 0}, "Rotation": {"x": 0, "y": 0, "z": 0}, "Origin": {"X": 0, "Y": 0, "Z": 0}, "scale": 1},
    "PrimingEquipmentTransform": {"Translation": {"X": 0, "Y": 0, "Z": 0}, "Rotation": {"X": 0, "Y": 0, "Z": 0}, "Origin": {"X": 0, "Y": 0, "Z": 0}, "Scale": 1},
    "ProficiencyStat": "firearmsProficiency",
    "IdleAnimation": "maltiezfirearms:firearms-shoulder",
    "ReadyAnimation": "maltiezfirearms:firearms-ready",
    "LoadAnimation": ["maltiezfirearms:firearms-carbine-load"],
    "PrimeAnimation": "maltiezfirearms:firearms-carbine-prime",
    "AimAnimation": "maltiezfirearms:firearms-carbine-aim",
    "ShootAnimation": ["maltiezfirearms:firearms-carbine-shoot"],
    "LoadedAnimation": ["maltiezfirearms:firearms-carbine-loaded"],
    "PrimedAnimation": "maltiezfirearms:firearms-carbine-primed",
    "MagazineSize": 1,
    "BulletLoadedPerReload": 1,
    "WaddingUsedPerReload": 1,
    "LoadPowderConsumption": 11,
    "PrimePowderConsumption": 1,
    "LoadingRequirementWildcard": "",
    "PrimingRequirementWildcard": "",
    "AimingRequirementWildcard": "",
    "BulletWildcard": "*slug-*",
    "Aiming": {
      "AimDifficulty": 1,
      "CursorType": "None",
      "AccuracyOvertimeSec": 0,
      "ZeroingAngle": 0,
      "AllowSprint": false,
      "MoveSpeedPenalty": 0.1,
      "AimDrift": 20,
      "AimTwitch": 10,
      "AnimationFollowX": 5.5,
      "AnimationFollowY": 5.5,
      "VerticalLimit": 0.25,
      "VerticalOffset": -0.05
    },
    "BulletVelocity": 6,
    "DispersionMOA": [60, 60],
    "Zeroing": -1.125,
    "CancelReloadOnInAir": true,
    "LoadSpeedPenalty": -2
  },
  "shape": {"base": "maltiezfirearms:firearms/carbine", "alternates": []},
  "heldTpHitAnimation": "firearmsempty",
  "heldLeftTpIdleAnimation": "firearmsempty",
  "heldLeftReadyAnimation": "firearmsempty",
  "heldRightReadyAnimation": "firearmsempty",
  "heldOldTpIdleAnimation": "firearmsempty",
  "heldTpUseAnimation": "firearmsempty",
  "guiTransform": {
    "translation": {"x": 0, "y": 0, "z": 0},
    "rotation": {"x": -14, "y": 20, "z": -180},
    "origin": {"x": -0.93, "y": -0.7, "z": -3},
    "scaleXyz": {"x": -1.89, "y": 1.89, "z": 1.89}
  },
  "fpHandTransform": {"translation": {"x": 0.2, "y": 0.6, "z": 1}, "rotation": {"x": 0, "y": 0, "z": 0}, "origin": {"x": 0, "y": 0, "z": 0}, "scale": 4},
  "tpHandTransform": {"translation": {"x": 0, "y": 0, "z": 0}, "rotation": {"x": 0, "y": -90, "z": 0}, "origin": {"x": 0, "y": 0, "z": 0}, "scale": 0.8},
  "groundTransform": {"translation": {"x": 0, "y": 0.05, "z": 0}, "rotation": {"x": 0, "y": 0, "z": 90}, "origin": {"x": 0, "y": 0, "z": 0}, "scale": 4.8}
}