{
	"editor": {
		"allAngles": true,
		"entityTextureMode": false
	},
	"textureWidth": 16,
	"textureHeight": 16,
	"textureSizes": {
	},
	"textures": {
		"material": "game:block/metal/ingot/copper",
		"handle": "game:item/tool/material/handle",
		"string": "game:item/tool/material/string"
	},
	"elements": [
		{
			"name": "origin",
			"from": [ 9.0, -0.5, 0.7 ],
			"to": [ 9.0, -0.5, 0.7 ],
			"rotationOrigin": [ 3.0, 0.0, 1.0 ],
			"rotationX": 44.0,
			"rotationY": 17.0,
			"rotationZ": 91.0,
			"faces": {
				"north": { "texture": "#string", "uv": [ 0.0, 0.0, 0.5, 0.5 ] },
				"east": { "texture": "#string", "uv": [ 0.0, 0.0, 0.5, 0.5 ] },
				"south": { "texture": "#string", "uv": [ 0.0, 0.0, 0.5, 0.5 ] },
				"west": { "texture": "#string", "uv": [ 0.0, 0.0, 0.5, 0.5 ] },
				"up": { "texture": "#string", "uv": [ 0.0, 0.0, 0.5, 0.5 ] },
				"down": { "texture": "#string", "uv": [ 0.0, 0.0, 0.5, 0.5 ] }
			},
			"children": [
				{
					"name": "handle",
					"from": [ -8.0, -0.5, -0.5 ],
					"to": [ 8.0, 1.0, 1.0 ],
					"rotationOrigin": [ -9.5, -8.0, 0.0 ],
					"faces": {
						"north": { "texture": "#handle", "uv": [ 0.0, 5.5, 16.0, 7.0 ] },
						"east": { "texture": "#handle", "uv": [ 7.0, 0.5, 8.5, 2.0 ] },
						"south": { "texture": "#handle", "uv": [ 0.0, 10.5, 16.0, 12.0 ] },
						"west": { "texture": "#handle", "uv": [ 14.0, 10.0, 15.5, 11.5 ] },
						"up": { "texture": "#handle", "uv": [ 0.0, 4.5, 16.0, 6.0 ] },
						"down": { "texture": "#handle", "uv": [ 0.0, 5.0, 16.0, 6.5 ] }
					},
					"children": [
						{
							"name": "Cube24",
							"from": [ 16.0, 0.0, 0.0 ],
							"to": [ 18.0, 1.0, 1.5 ],
							"rotationOrigin": [ 16.0, 0.0, 0.0 ],
							"faces": {
								"north": { "texture": "#handle", "uv": [ 11.0, 8.0, 13.0, 9.0 ] },
								"east": { "texture": "#handle", "uv": [ 3.0, 4.0, 4.5, 5.0 ] },
								"south": { "texture": "#handle", "uv": [ 1.0, 8.0, 3.0, 9.0 ] },
								"west": { "texture": "#handle", "uv": [ 0.0, 0.0, 1.5, 1.0 ] },
								"up": { "texture": "#handle", "uv": [ 0.0, 7.5, 2.0, 9.0 ] },
								"down": { "texture": "#handle", "uv": [ 0.0, 0.0, 2.0, 1.5 ] }
							}
						}
					]
				},
				{
					"name": "string 1",
					"from": [ 5.2, -0.9, -1.0 ],
					"to": [ 5.7, 1.3, 2.0 ],
					"rotationOrigin": [ 5.2, -0.9, 0.5 ],
					"rotationY": 52.0,
					"rotationZ": -1.0,
					"faces": {
						"north": { "texture": "#string", "uv": [ 9.5, 0.0, 11.5, 0.5 ], "rotation": 90 },
						"east": { "texture": "#string", "uv": [ 2.0, 2.0, 5.0, 4.0 ] },
						"south": { "texture": "#string", "uv": [ 5.5, 2.0, 7.5, 2.5 ], "rotation": 90 },
						"west": { "texture": "#string", "uv": [ 1.0, 1.5, 4.0, 3.5 ] },
						"up": { "texture": "#string", "uv": [ 1.0, 0.0, 4.0, 0.5 ], "rotation": 90 },
						"down": { "texture": "#string", "uv": [ 7.5, 1.0, 10.5, 1.5 ], "rotation": 90 }
					}
				},
				{
					"name": "string 3",
					"from": [ 6.2, -0.6, -0.7 ],
					"to": [ 6.7, 1.1, 1.3 ],
					"rotationOrigin": [ 6.2, -0.6, 0.8 ],
					"rotationY": 12.0,
					"faces": {
						"north": { "texture": "#string", "uv": [ 8.5, 0.5, 10.0, 1.0 ], "rotation": 90 },
						"east": { "texture": "#string", "uv": [ 0.0, 0.0, 2.0, 1.5 ] },
						"south": { "texture": "#string", "uv": [ 1.0, 0.5, 2.5, 1.0 ], "rotation": 90 },
						"west": { "texture": "#string", "uv": [ 2.0, 2.5, 4.0, 4.0 ] },
						"up": { "texture": "#string", "uv": [ 0.0, 0.0, 0.5, 2.0 ] },
						"down": { "texture": "#string", "uv": [ 0.0, 0.0, 0.5, 2.0 ] }
					}
				},
				{
					"name": "string 4",
					"from": [ 4.8, -0.7, -0.9 ],
					"to": [ 5.3, 1.5, 1.1 ],
					"rotationOrigin": [ 4.8, -0.7, 0.6 ],
					"rotationX": 2.0,
					"rotationY": -26.0,
					"faces": {
						"north": { "texture": "#string", "uv": [ 0.0, 0.5, 2.0, 1.0 ], "rotation": 90 },
						"east": { "texture": "#string", "uv": [ 0.0, 0.0, 2.0, 2.0 ] },
						"south": { "texture": "#string", "uv": [ 2.0, 0.5, 4.0, 1.0 ], "rotation": 90 },
						"west": { "texture": "#string", "uv": [ 0.0, 4.0, 2.0, 6.0 ] },
						"up": { "texture": "#string", "uv": [ 3.0, 0.5, 5.0, 1.0 ], "rotation": 90 },
						"down": { "texture": "#string", "uv": [ 6.5, 0.5, 8.5, 1.0 ], "rotation": 90 }
					}
				},
				{
					"name": "string 5",
					"from": [ 3.8, -0.6, -0.8 ],
					"to": [ 4.3, 1.1, 1.2 ],
					"rotationOrigin": [ 3.8, -0.6, 0.7 ],
					"rotationX": 1.0,
					"faces": {
						"north": { "texture": "#string", "uv": [ 1.0, 0.5, 2.5, 1.0 ], "rotation": 90 },
						"east": { "texture": "#string", "uv": [ 0.0, 2.0, 2.0, 3.5 ] },
						"south": { "texture": "#string", "uv": [ 0.0, 2.5, 1.5, 3.0 ], "rotation": 90 },
						"west": { "texture": "#string", "uv": [ 2.0, 2.5, 4.0, 4.0 ] },
						"up": { "texture": "#string", "uv": [ 4.5, 0.0, 6.5, 0.5 ], "rotation": 90 },
						"down": { "texture": "#string", "uv": [ 2.5, 2.0, 4.5, 2.5 ], "rotation": 90 }
					}
				},
				{
					"name": "string 6",
					"from": [ 7.3, -1.0, -0.7 ],
					"to": [ 7.8, 1.5, 1.3 ],
					"rotationOrigin": [ 7.3, -1.0, 0.8 ],
					"rotationY": 6.0,
					"rotationZ": 2.0,
					"faces": {
						"north": { "texture": "#string", "uv": [ 7.5, 1.0, 10.0, 1.5 ], "rotation": 90 },
						"east": { "texture": "#string", "uv": [ 0.0, 2.0, 2.0, 4.5 ] },
						"south": { "texture": "#string", "uv": [ 6.0, 3.5, 8.5, 4.0 ], "rotation": 90 },
						"west": { "texture": "#string", "uv": [ 3.0, 2.5, 5.0, 5.0 ] },
						"up": { "texture": "#string", "uv": [ 6.5, 1.0, 8.5, 1.5 ], "rotation": 90 },
						"down": { "texture": "#string", "uv": [ 7.0, 2.0, 9.0, 2.5 ], "rotation": 90 }
					}
				},
				{
					"name": "segment main11",
					"from": [ 10.0, 0.0, 0.01 ],
					"to": [ 14.0, 0.5, 0.51 ],
					"rotationOrigin": [ 10.0, 0.0, 0.0 ],
					"faces": {
						"north": { "texture": "#material", "uv": [ 1.0, 3.5, 5.0, 4.0 ] },
						"east": { "texture": "#material", "uv": [ 1.0, 2.0, 1.5, 2.5 ] },
						"south": { "texture": "#material", "uv": [ 2.5, 4.5, 6.5, 5.0 ] },
						"west": { "texture": "#material", "uv": [ 6.0, 2.0, 6.5, 2.5 ] },
						"up": { "texture": "#material", "uv": [ 9.0, 2.5, 9.5, 6.5 ], "rotation": 90 },
						"down": { "texture": "#material", "uv": [ 4.0, 3.0, 8.0, 3.5 ] }
					}
				},
				{
					"name": "segment main12",
					"from": [ 8.0, -0.5, 0.0 ],
					"to": [ 11.0, 1.0, 0.5 ],
					"rotationOrigin": [ 8.0, -0.5, 0.0 ],
					"faces": {
						"north": { "texture": "#material", "uv": [ 1.0, 3.5, 4.0, 5.0 ] },
						"east": { "texture": "#material", "uv": [ 1.0, 2.0, 1.5, 3.5 ] },
						"south": { "texture": "#material", "uv": [ 2.5, 4.5, 5.5, 6.0 ] },
						"west": { "texture": "#material", "uv": [ 6.0, 2.0, 6.5, 3.5 ] },
						"up": { "texture": "#material", "uv": [ 9.0, 2.5, 9.5, 5.5 ], "rotation": 90 },
						"down": { "texture": "#material", "uv": [ 4.0, 3.0, 7.0, 3.5 ] }
					}
				},
				{
					"name": "segment main13",
					"from": [ 10.0, -0.5, 0.01 ],
					"to": [ 12.5, 0.0, 0.51 ],
					"rotationOrigin": [ 10.0, -0.5, 0.0 ],
					"faces": {
						"north": { "texture": "#material", "uv": [ 1.0, 3.5, 3.5, 4.0 ] },
						"east": { "texture": "#material", "uv": [ 1.0, 2.0, 1.5, 2.5 ] },
						"south": { "texture": "#material", "uv": [ 2.5, 4.5, 5.0, 5.0 ] },
						"west": { "texture": "#material", "uv": [ 6.0, 2.0, 6.5, 2.5 ] },
						"up": { "texture": "#material", "uv": [ 9.0, 2.5, 9.5, 5.0 ], "rotation": 90 },
						"down": { "texture": "#material", "uv": [ 4.0, 3.0, 6.5, 3.5 ] }
					}
				},
				{
					"name": "segment main18",
					"from": [ 2.5, 0.7, 0.2 ],
					"to": [ 9.0, 1.2, 0.4 ],
					"rotationOrigin": [ 9.0, 0.7, 0.2 ],
					"rotationZ": -4.0,
					"faces": {
						"north": { "texture": "#material", "uv": [ 1.0, 3.5, 7.5, 4.0 ] },
						"east": { "texture": "#material", "uv": [ 1.0, 2.0, 1.5, 2.5 ] },
						"south": { "texture": "#material", "uv": [ 2.5, 4.5, 9.0, 5.0 ] },
						"west": { "texture": "#material", "uv": [ 6.0, 2.0, 6.5, 2.5 ] },
						"up": { "texture": "#material", "uv": [ 9.0, 2.5, 9.5, 9.0 ], "rotation": 90 },
						"down": { "texture": "#material", "uv": [ 4.0, 3.0, 10.5, 3.5 ] }
					},
					"children": [
						{
							"name": "Cube23",
							"from": [ 5.0, 0.0, 0.0 ],
							"to": [ 5.5, 2.0, 0.2 ],
							"rotationOrigin": [ 5.0, 0.0, 0.0 ],
							"rotationX": 1.0,
							"rotationZ": 60.0,
							"faces": {
								"north": { "texture": "#material", "uv": [ 0.0, 0.0, 0.5, 2.0 ] },
								"east": { "texture": "#material", "uv": [ 0.0, 0.0, 0.5, 2.0 ] },
								"south": { "texture": "#material", "uv": [ 0.0, 0.0, 0.5, 2.0 ] },
								"west": { "texture": "#material", "uv": [ 0.0, 0.0, 0.5, 2.0 ] },
								"up": { "texture": "#material", "uv": [ 0.0, 0.0, 0.5, 0.5 ] },
								"down": { "texture": "#material", "uv": [ 0.0, 0.0, 0.5, 0.5 ] }
							}
						},
						{
							"name": "Cube27",
							"from": [ 4.3, 0.0, 0.0 ],
							"to": [ 4.8, 1.0, 0.2 ],
							"rotationOrigin": [ 4.3, 0.0, 0.0 ],
							"rotationX": 1.0,
							"rotationZ": 60.0,
							"faces": {
								"north": { "texture": "#material", "uv": [ 0.0, 0.0, 0.5, 1.0 ] },
								"east": { "texture": "#material", "uv": [ 0.0, 0.0, 0.5, 1.0 ] },
								"south": { "texture": "#material", "uv": [ 0.0, 0.0, 0.5, 1.0 ] },
								"west": { "texture": "#material", "uv": [ 0.0, 0.0, 0.5, 1.0 ] },
								"up": { "texture": "#material", "uv": [ 0.0, 0.0, 0.5, 0.5 ] },
								"down": { "texture": "#material", "uv": [ 0.0, 0.0, 0.5, 0.5 ] }
							}
						}
					]
				},
				{
					"name": "segment main19",
					"from": [ 3.0, -0.7, 0.2 ],
					"to": [ 9.5, -0.2, 0.4 ],
					"rotationOrigin": [ 9.5, -0.2, 0.2 ],
					"rotationZ": 4.0,
					"faces": {
						"north": { "texture": "#material", "uv": [ 1.0, 3.5, 7.5, 4.0 ] },
						"east": { "texture": "#material", "uv": [ 1.0, 2.0, 1.5, 2.5 ] },
						"south": { "texture": "#material", "uv": [ 2.5, 4.5, 9.0, 5.0 ] },
						"west": { "texture": "#material", "uv": [ 6.0, 2.0, 6.5, 2.5 ] },
						"up": { "texture": "#material", "uv": [ 9.0, 2.5, 9.5, 9.0 ], "rotation": 90 },
						"down": { "texture": "#material", "uv": [ 4.0, 3.0, 10.5, 3.5 ] }
					}
				}
			]
		},
		{
			"name": "origin2",
			"from": [ 14.0, -0.5, 0.7 ],
			"to": [ 14.0, -0.5, 0.7 ],
			"rotationOrigin": [ 8.0, 0.0, 1.0 ],
			"rotationX": 42.0,
			"rotationY": -61.0,
			"rotationZ": 86.0,
			"faces": {
				"north": { "texture": "#string", "uv": [ 0.0, 0.0, 0.5, 0.5 ] },
				"east": { "texture": "#string", "uv": [ 0.0, 0.0, 0.5, 0.5 ] },
				"south": { "texture": "#string", "uv": [ 0.0, 0.0, 0.5, 0.5 ] },
				"west": { "texture": "#string", "uv": [ 0.0, 0.0, 0.5, 0.5 ] },
				"up": { "texture": "#string", "uv": [ 0.0, 0.0, 0.5, 0.5 ] },
				"down": { "texture": "#string", "uv": [ 0.0, 0.0, 0.5, 0.5 ] }
			},
			"children": [
				{
					"name": "handle2",
					"from": [ -8.0, -0.5, -0.5 ],
					"to": [ 8.0, 1.0, 1.0 ],
					"rotationOrigin": [ -9.5, -8.0, 0.0 ],
					"faces": {
						"north": { "texture": "#handle", "uv": [ 0.0, 5.5, 16.0, 7.0 ] },
						"east": { "texture": "#handle", "uv": [ 7.0, 0.5, 8.5, 2.0 ] },
						"south": { "texture": "#handle", "uv": [ 0.0, 10.5, 16.0, 12.0 ] },
						"west": { "texture": "#handle", "uv": [ 14.0, 10.0, 15.5, 11.5 ] },
						"up": { "texture": "#handle", "uv": [ 0.0, 4.5, 16.0, 6.0 ] },
						"down": { "texture": "#handle", "uv": [ 0.0, 5.0, 16.0, 6.5 ] }
					},
					"children": [
						{
							"name": "Cube25",
							"from": [ 16.0, 0.0, 0.0 ],
							"to": [ 18.0, 1.0, 1.5 ],
							"rotationOrigin": [ 16.0, 0.0, 0.0 ],
							"faces": {
								"north": { "texture": "#handle", "uv": [ 11.0, 8.0, 13.0, 9.0 ] },
								"east": { "texture": "#handle", "uv": [ 3.0, 4.0, 4.5, 5.0 ] },
								"south": { "texture": "#handle", "uv": [ 1.0, 8.0, 3.0, 9.0 ] },
								"west": { "texture": "#handle", "uv": [ 0.0, 0.0, 1.5, 1.0 ] },
								"up": { "texture": "#handle", "uv": [ 0.0, 7.5, 2.0, 9.0 ] },
								"down": { "texture": "#handle", "uv": [ 0.0, 0.0, 2.0, 1.5 ] }
							}
						}
					]
				},
				{
					"name": "string 2",
					"from": [ 5.2, -0.9, -1.0 ],
					"to": [ 5.7, 1.3, 2.0 ],
					"rotationOrigin": [ 5.2, -0.9, 0.5 ],
					"rotationY": 52.0,
					"rotationZ": -1.0,
					"faces": {
						"north": { "texture": "#string", "uv": [ 9.5, 0.0, 11.5, 0.5 ], "rotation": 90 },
						"east": { "texture": "#string", "uv": [ 2.0, 2.0, 5.0, 4.0 ] },
						"south": { "texture": "#string", "uv": [ 5.5, 2.0, 7.5, 2.5 ], "rotation": 90 },
						"west": { "texture": "#string", "uv": [ 1.0, 1.5, 4.0, 3.5 ] },
						"up": { "texture": "#string", "uv": [ 1.0, 0.0, 4.0, 0.5 ], "rotation": 90 },
						"down": { "texture": "#string", "uv": [ 7.5, 1.0, 10.5, 1.5 ], "rotation": 90 }
					}
				},
				{
					"name": "string 7",
					"from": [ 6.2, -0.6, -0.7 ],
					"to": [ 6.7, 1.1, 1.3 ],
					"rotationOrigin": [ 6.2, -0.6, 0.8 ],
					"rotationY": 12.0,
					"faces": {
						"north": { "texture": "#string", "uv": [ 8.5, 0.5, 10.0, 1.0 ], "rotation": 90 },
						"east": { "texture": "#string", "uv": [ 0.0, 0.0, 2.0, 1.5 ] },
						"south": { "texture": "#string", "uv": [ 1.0, 0.5, 2.5, 1.0 ], "rotation": 90 },
						"west": { "texture": "#string", "uv": [ 2.0, 2.5, 4.0, 4.0 ] },
						"up": { "texture": "#string", "uv": [ 0.0, 0.0, 0.5, 2.0 ] },
						"down": { "texture": "#string", "uv": [ 0.0, 0.0, 0.5, 2.0 ] }
					}
				},
				{
					"name": "string 8",
					"from": [ 4.8, -0.7, -0.9 ],
					"to": [ 5.3, 1.5, 1.1 ],
					"rotationOrigin": [ 4.8, -0.7, 0.6 ],
					"rotationX": 2.0,
					"rotationY": -26.0,
					"faces": {
						"north": { "texture": "#string", "uv": [ 0.0, 0.5, 2.0, 1.0 ], "rotation": 90 },
						"east": { "texture": "#string", "uv": [ 0.0, 0.0, 2.0, 2.0 ] },
						"south": { "texture": "#string", "uv": [ 2.0, 0.5, 4.0, 1.0 ], "rotation": 90 },
						"west": { "texture": "#string", "uv": [ 0.0, 4.0, 2.0, 6.0 ] },
						"up": { "texture": "#string", "uv": [ 3.0, 0.5, 5.0, 1.0 ], "rotation": 90 },
						"down": { "texture": "#string", "uv": [ 6.5, 0.5, 8.5, 1.0 ], "rotation": 90 }
					}
				},
				{
					"name": "string 9",
					"from": [ 3.8, -0.6, -0.8 ],
					"to": [ 4.3, 1.1, 1.2 ],
					"rotationOrigin": [ 3.8, -0.6, 0.7 ],
					"rotationX": 1.0,
					"faces": {
						"north": { "texture": "#string", "uv": [ 1.0, 0.5, 2.5, 1.0 ], "rotation": 90 },
						"east": { "texture": "#string", "uv": [ 0.0, 2.0, 2.0, 3.5 ] },
						"south": { "texture": "#string", "uv": [ 0.0, 2.5, 1.5, 3.0 ], "rotation": 90 },
						"west": { "texture": "#string", "uv": [ 2.0, 2.5, 4.0, 4.0 ] },
						"up": { "texture": "#string", "uv": [ 4.5, 0.0, 6.5, 0.5 ], "rotation": 90 },
						"down": { "texture": "#string", "uv": [ 2.5, 2.0, 4.5, 2.5 ], "rotation": 90 }
					}
				},
				{
					"name": "string 10",
					"from": [ 7.3, -1.0, -0.7 ],
					"to": [ 7.8, 1.5, 1.3 ],
					"rotationOrigin": [ 7.3, -1.0, 0.8 ],
					"rotationY": 6.0,
					"rotationZ": 2.0,
					"faces": {
						"north": { "texture": "#string", "uv": [ 7.5, 1.0, 10.0, 1.5 ], "rotation": 90 },
						"east": { "texture": "#string", "uv": [ 0.0, 2.0, 2.0, 4.5 ] },
						"south": { "texture": "#string", "uv": [ 6.0, 3.5, 8.5, 4.0 ], "rotation": 90 },
						"west": { "texture": "#string", "uv": [ 3.0, 2.5, 5.0, 5.0 ] },
						"up": { "texture": "#string", "uv": [ 6.5, 1.0, 8.5, 1.5 ], "rotation": 90 },
						"down": { "texture": "#string", "uv": [ 7.0, 2.0, 9.0, 2.5 ], "rotation": 90 }
					}
				},
				{
					"name": "segment main14",
					"from": [ 10.0, 0.0, 0.01 ],
					"to": [ 14.0, 0.5, 0.51 ],
					"rotationOrigin": [ 10.0, 0.0, 0.0 ],
					"faces": {
						"north": { "texture": "#material", "uv": [ 1.0, 3.5, 5.0, 4.0 ] },
						"east": { "texture": "#material", "uv": [ 1.0, 2.0, 1.5, 2.5 ] },
						"south": { "texture": "#material", "uv": [ 2.5, 4.5, 6.5, 5.0 ] },
						"west": { "texture": "#material", "uv": [ 6.0, 2.0, 6.5, 2.5 ] },
						"up": { "texture": "#material", "uv": [ 9.0, 2.5, 9.5, 6.5 ], "rotation": 90 },
						"down": { "texture": "#material", "uv": [ 4.0, 3.0, 8.0, 3.5 ] }
					}
				},
				{
					"name": "segment main15",
					"from": [ 8.0, -0.5, 0.0 ],
					"to": [ 11.0, 1.0, 0.5 ],
					"rotationOrigin": [ 8.0, -0.5, 0.0 ],
					"faces": {
						"north": { "texture": "#material", "uv": [ 1.0, 3.5, 4.0, 5.0 ] },
						"east": { "texture": "#material", "uv": [ 1.0, 2.0, 1.5, 3.5 ] },
						"south": { "texture": "#material", "uv": [ 2.5, 4.5, 5.5, 6.0 ] },
						"west": { "texture": "#material", "uv": [ 6.0, 2.0, 6.5, 3.5 ] },
						"up": { "texture": "#material", "uv": [ 9.0, 2.5, 9.5, 5.5 ], "rotation": 90 },
						"down": { "texture": "#material", "uv": [ 4.0, 3.0, 7.0, 3.5 ] }
					}
				},
				{
					"name": "segment main16",
					"from": [ 10.0, -0.5, 0.01 ],
					"to": [ 12.5, 0.0, 0.51 ],
					"rotationOrigin": [ 10.0, -0.5, 0.0 ],
					"faces": {
						"north": { "texture": "#material", "uv": [ 1.0, 3.5, 3.5, 4.0 ] },
						"east": { "texture": "#material", "uv": [ 1.0, 2.0, 1.5, 2.5 ] },
						"south": { "texture": "#material", "uv": [ 2.5, 4.5, 5.0, 5.0 ] },
						"west": { "texture": "#material", "uv": [ 6.0, 2.0, 6.5, 2.5 ] },
						"up": { "texture": "#material", "uv": [ 9.0, 2.5, 9.5, 5.0 ], "rotation": 90 },
						"down": { "texture": "#material", "uv": [ 4.0, 3.0, 6.5, 3.5 ] }
					}
				},
				{
					"name": "segment main20",
					"from": [ 2.5, 0.7, 0.2 ],
					"to": [ 9.0, 1.2, 0.4 ],
					"rotationOrigin": [ 9.0, 0.7, 0.2 ],
					"rotationZ": -4.0,
					"faces": {
						"north": { "texture": "#material", "uv": [ 1.0, 3.5, 7.5, 4.0 ] },
						"east": { "texture": "#material", "uv": [ 1.0, 2.0, 1.5, 2.5 ] },
						"south": { "texture": "#material", "uv": [ 2.5, 4.5, 9.0, 5.0 ] },
						"west": { "texture": "#material", "uv": [ 6.0, 2.0, 6.5, 2.5 ] },
						"up": { "texture": "#material", "uv": [ 9.0, 2.5, 9.5, 9.0 ], "rotation": 90 },
						"down": { "texture": "#material", "uv": [ 4.0, 3.0, 10.5, 3.5 ] }
					},
					"children": [
						{
							"name": "Cube26",
							"from": [ 5.0, 0.0, 0.0 ],
							"to": [ 5.5, 2.0, 0.2 ],
							"rotationOrigin": [ 5.0, 0.0, 0.0 ],
							"rotationX": 1.0,
							"rotationZ": 60.0,
							"faces": {
								"north": { "texture": "#material", "uv": [ 0.0, 0.0, 0.5, 2.0 ] },
								"east": { "texture": "#material", "uv": [ 0.0, 0.0, 0.5, 2.0 ] },
								"south": { "texture": "#material", "uv": [ 0.0, 0.0, 0.5, 2.0 ] },
								"west": { "texture": "#material", "uv": [ 0.0, 0.0, 0.5, 2.0 ] },
								"up": { "texture": "#material", "uv": [ 0.0, 0.0, 0.5, 0.5 ] },
								"down": { "texture": "#material", "uv": [ 0.0, 0.0, 0.5, 0.5 ] }
							}
						},
						{
							"name": "Cube28",
							"from": [ 4.3, 0.0, 0.0 ],
							"to": [ 4.8, 1.0, 0.2 ],
							"rotationOrigin": [ 4.3, 0.0, 0.0 ],
							"rotationX": 1.0,
							"rotationZ": 60.0,
							"faces": {
								"north": { "texture": "#material", "uv": [ 0.0, 0.0, 0.5, 1.0 ] },
								"east": { "texture": "#material", "uv": [ 0.0, 0.0, 0.5, 1.0 ] },
								"south": { "texture": "#material", "uv": [ 0.0, 0.0, 0.5, 1.0 ] },
								"west": { "texture": "#material", "uv": [ 0.0, 0.0, 0.5, 1.0 ] },
								"up": { "texture": "#material", "uv": [ 0.0, 0.0, 0.5, 0.5 ] },
								"down": { "texture": "#material", "uv": [ 0.0, 0.0, 0.5, 0.5 ] }
							}
						}
					]
				},
				{
					"name": "segment main21",
					"from": [ 3.0, -0.7, 0.2 ],
					"to": [ 9.5, -0.2, 0.4 ],
					"rotationOrigin": [ 9.5, -0.2, 0.2 ],
					"rotationZ": 4.0,
					"faces": {
						"north": { "texture": "#material", "uv": [ 1.0, 3.5, 7.5, 4.0 ] },
						"east": { "texture": "#material", "uv": [ 1.0, 2.0, 1.5, 2.5 ] },
						"south": { "texture": "#material", "uv": [ 2.5, 4.5, 9.0, 5.0 ] },
						"west": { "texture": "#material", "uv": [ 6.0, 2.0, 6.5, 2.5 ] },
						"up": { "texture": "#material", "uv": [ 9.0, 2.5, 9.5, 9.0 ], "rotation": 90 },
						"down": { "texture": "#material", "uv": [ 4.0, 3.0, 10.5, 3.5 ] }
					}
				}
			]
		},
		{
			"name": "origin3",
			"from": [ 19.0, -0.5, 0.7 ],
			"to": [ 19.0, -0.5, 0.7 ],
			"rotationOrigin": [ 13.0, 0.0, 1.0 ],
			"rotationX": 58.0,
			"rotationY": 72.0,
			"rotationZ": 80.0,
			"faces": {
				"north": { "texture": "#string", "uv": [ 0.0, 0.0, 0.5, 0.5 ] },
				"east": { "texture": "#string", "uv": [ 0.0, 0.0, 0.5, 0.5 ] },
				"south": { "texture": "#string", "uv": [ 0.0, 0.0, 0.5, 0.5 ] },
				"west": { "texture": "#string", "uv": [ 0.0, 0.0, 0.5, 0.5 ] },
				"up": { "texture": "#string", "uv": [ 0.0, 0.0, 0.5, 0.5 ] },
				"down": { "texture": "#string", "uv": [ 0.0, 0.0, 0.5, 0.5 ] }
			},
			"children": [
				{
					"name": "handle3",
					"from": [ -8.0, -0.5, -0.5 ],
					"to": [ 8.0, 1.0, 1.0 ],
					"rotationOrigin": [ -9.5, -8.0, 0.0 ],
					"faces": {
						"north": { "texture": "#handle", "uv": [ 0.0, 5.5, 16.0, 7.0 ] },
						"east": { "texture": "#handle", "uv": [ 7.0, 0.5, 8.5, 2.0 ] },
						"south": { "texture": "#handle", "uv": [ 0.0, 10.5, 16.0, 12.0 ] },
						"west": { "texture": "#handle", "uv": [ 14.0, 10.0, 15.5, 11.5 ] },
						"up": { "texture": "#handle", "uv": [ 0.0, 4.5, 16.0, 6.0 ] },
						"down": { "texture": "#handle", "uv": [ 0.0, 5.0, 16.0, 6.5 ] }
					},
					"children": [
						{
							"name": "Cube29",
							"from": [ 16.0, 0.0, 0.0 ],
							"to": [ 18.0, 1.0, 1.5 ],
							"rotationOrigin": [ 16.0, 0.0, 0.0 ],
							"faces": {
								"north": { "texture": "#handle", "uv": [ 11.0, 8.0, 13.0, 9.0 ] },
								"east": { "texture": "#handle", "uv": [ 3.0, 4.0, 4.5, 5.0 ] },
								"south": { "texture": "#handle", "uv": [ 1.0, 8.0, 3.0, 9.0 ] },
								"west": { "texture": "#handle", "uv": [ 0.0, 0.0, 1.5, 1.0 ] },
								"up": { "texture": "#handle", "uv": [ 0.0, 7.5, 2.0, 9.0 ] },
								"down": { "texture": "#handle", "uv": [ 0.0, 0.0, 2.0, 1.5 ] }
							}
						}
					]
				},
				{
					"name": "string 11",
					"from": [ 5.2, -0.9, -1.0 ],
					"to": [ 5.7, 1.3, 2.0 ],
					"rotationOrigin": [ 5.2, -0.9, 0.5 ],
					"rotationY": 52.0,
					"rotationZ": -1.0,
					"faces": {
						"north": { "texture": "#string", "uv": [ 9.5, 0.0, 11.5, 0.5 ], "rotation": 90 },
						"east": { "texture": "#string", "uv": [ 2.0, 2.0, 5.0, 4.0 ] },
						"south": { "texture": "#string", "uv": [ 5.5, 2.0, 7.5, 2.5 ], "rotation": 90 },
						"west": { "texture": "#string", "uv": [ 1.0, 1.5, 4.0, 3.5 ] },
						"up": { "texture": "#string", "uv": [ 1.0, 0.0, 4.0, 0.5 ], "rotation": 90 },
						"down": { "texture": "#string", "uv": [ 7.5, 1.0, 10.5, 1.5 ], "rotation": 90 }
					}
				},
				{
					"name": "string 12",
					"from": [ 6.2, -0.6, -0.7 ],
					"to": [ 6.7, 1.1, 1.3 ],
					"rotationOrigin": [ 6.2, -0.6, 0.8 ],
					"rotationY": 12.0,
					"faces": {
						"north": { "texture": "#string", "uv": [ 8.5, 0.5, 10.0, 1.0 ], "rotation": 90 },
						"east": { "texture": "#string", "uv": [ 0.0, 0.0, 2.0, 1.5 ] },
						"south": { "texture": "#string", "uv": [ 1.0, 0.5, 2.5, 1.0 ], "rotation": 90 },
						"west": { "texture": "#string", "uv": [ 2.0, 2.5, 4.0, 4.0 ] },
						"up": { "texture": "#string", "uv": [ 0.0, 0.0, 0.5, 2.0 ] },
						"down": { "texture": "#string", "uv": [ 0.0, 0.0, 0.5, 2.0 ] }
					}
				},
				{
					"name": "string 13",
					"from": [ 4.8, -0.7, -0.9 ],
					"to": [ 5.3, 1.5, 1.1 ],
					"rotationOrigin": [ 4.8, -0.7, 0.6 ],
					"rotationX": 2.0,
					"rotationY": -26.0,
					"faces": {
						"north": { "texture": "#string", "uv": [ 0.0, 0.5, 2.0, 1.0 ], "rotation": 90 },
						"east": { "texture": "#string", "uv": [ 0.0, 0.0, 2.0, 2.0 ] },
						"south": { "texture": "#string", "uv": [ 2.0, 0.5, 4.0, 1.0 ], "rotation": 90 },
						"west": { "texture": "#string", "uv": [ 0.0, 4.0, 2.0, 6.0 ] },
						"up": { "texture": "#string", "uv": [ 3.0, 0.5, 5.0, 1.0 ], "rotation": 90 },
						"down": { "texture": "#string", "uv": [ 6.5, 0.5, 8.5, 1.0 ], "rotation": 90 }
					}
				},
				{
					"name": "string 14",
					"from": [ 3.8, -0.6, -0.8 ],
					"to": [ 4.3, 1.1, 1.2 ],
					"rotationOrigin": [ 3.8, -0.6, 0.7 ],
					"rotationX": 1.0,
					"faces": {
						"north": { "texture": "#string", "uv": [ 1.0, 0.5, 2.5, 1.0 ], "rotation": 90 },
						"east": { "texture": "#string", "uv": [ 0.0, 2.0, 2.0, 3.5 ] },
						"south": { "texture": "#string", "uv": [ 0.0, 2.5, 1.5, 3.0 ], "rotation": 90 },
						"west": { "texture": "#string", "uv": [ 2.0, 2.5, 4.0, 4.0 ] },
						"up": { "texture": "#string", "uv": [ 4.5, 0.0, 6.5, 0.5 ], "rotation": 90 },
						"down": { "texture": "#string", "uv": [ 2.5, 2.0, 4.5, 2.5 ], "rotation": 90 }
					}
				},
				{
					"name": "string 15",
					"from": [ 7.3, -1.0, -0.7 ],
					"to": [ 7.8, 1.5, 1.3 ],
					"rotationOrigin": [ 7.3, -1.0, 0.8 ],
					"rotationY": 6.0,
					"rotationZ": 2.0,
					"faces": {
						"north": { "texture": "#string", "uv": [ 7.5, 1.0, 10.0, 1.5 ], "rotation": 90 },
						"east": { "texture": "#string", "uv": [ 0.0, 2.0, 2.0, 4.5 ] },
						"south": { "texture": "#string", "uv": [ 6.0, 3.5, 8.5, 4.0 ], "rotation": 90 },
						"west": { "texture": "#string", "uv": [ 3.0, 2.5, 5.0, 5.0 ] },
						"up": { "texture": "#string", "uv": [ 6.5, 1.0, 8.5, 1.5 ], "rotation": 90 },
						"down": { "texture": "#string", "uv": [ 7.0, 2.0, 9.0, 2.5 ], "rotation": 90 }
					}
				},
				{
					"name": "segment main17",
					"from": [ 10.0, 0.0, 0.01 ],
					"to": [ 14.0, 0.5, 0.51 ],
					"rotationOrigin": [ 10.0, 0.0, 0.0 ],
					"faces": {
						"north": { "texture": "#material", "uv": [ 1.0, 3.5, 5.0, 4.0 ] },
						"east": { "texture": "#material", "uv": [ 1.0, 2.0, 1.5, 2.5 ] },
						"south": { "texture": "#material", "uv": [ 2.5, 4.5, 6.5, 5.0 ] },
						"west": { "texture": "#material", "uv": [ 6.0, 2.0, 6.5, 2.5 ] },
						"up": { "texture": "#material", "uv": [ 9.0, 2.5, 9.5, 6.5 ], "rotation": 90 },
						"down": { "texture": "#material", "uv": [ 4.0, 3.0, 8.0, 3.5 ] }
					}
				},
				{
					"name": "segment main22",
					"from": [ 8.0, -0.5, 0.0 ],
					"to": [ 11.0, 1.0, 0.5 ],
					"rotationOrigin": [ 8.0, -0.5, 0.0 ],
					"faces": {
						"north": { "texture": "#material", "uv": [ 1.0, 3.5, 4.0, 5.0 ] },
						"east": { "texture": "#material", "uv": [ 1.0, 2.0, 1.5, 3.5 ] },
						"south": { "texture": "#material", "uv": [ 2.5, 4.5, 5.5, 6.0 ] },
						"west": { "texture": "#material", "uv": [ 6.0, 2.0, 6.5, 3.5 ] },
						"up": { "texture": "#material", "uv": [ 9.0, 2.5, 9.5, 5.5 ], "rotation": 90 },
						"down": { "texture": "#material", "uv": [ 4.0, 3.0, 7.0, 3.5 ] }
					}
				},
				{
					"name": "segment main23",
					"from": [ 10.0, -0.5, 0.01 ],
					"to": [ 12.5, 0.0, 0.51 ],
					"rotationOrigin": [ 10.0, -0.5, 0.0 ],
					"faces": {
						"north": { "texture": "#material", "uv": [ 1.0, 3.5, 3.5, 4.0 ] },
						"east": { "texture": "#material", "uv": [ 1.0, 2.0, 1.5, 2.5 ] },
						"south": { "texture": "#material", "uv": [ 2.5, 4.5, 5.0, 5.0 ] },
						"west": { "texture": "#material", "uv": [ 6.0, 2.0, 6.5, 2.5 ] },
						"up": { "texture": "#material", "uv": [ 9.0, 2.5, 9.5, 5.0 ], "rotation": 90 },
						"down": { "texture": "#material", "uv": [ 4.0, 3.0, 6.5, 3.5 ] }
					}
				},
				{
					"name": "segment main24",
					"from": [ 2.5, 0.7, 0.2 ],
					"to": [ 9.0, 1.2, 0.4 ],
					"rotationOrigin": [ 9.0, 0.7, 0.2 ],
					"rotationZ": -4.0,
					"faces": {
						"north": { "texture": "#material", "uv": [ 1.0, 3.5, 7.5, 4.0 ] },
						"east": { "texture": "#material", "uv": [ 1.0, 2.0, 1.5, 2.5 ] },
						"south": { "texture": "#material", "uv": [ 2.5, 4.5, 9.0, 5.0 ] },
						"west": { "texture": "#material", "uv": [ 6.0, 2.0, 6.5, 2.5 ] },
						"up": { "texture": "#material", "uv": [ 9.0, 2.5, 9.5, 9.0 ], "rotation": 90 },
						"down": { "texture": "#material", "uv": [ 4.0, 3.0, 10.5, 3.5 ] }
					},
					"children": [
						{
							"name": "Cube30",
							"from": [ 5.0, 0.0, 0.0 ],
							"to": [ 5.5, 2.0, 0.2 ],
							"rotationOrigin": [ 5.0, 0.0, 0.0 ],
							"rotationX": 1.0,
							"rotationZ": 60.0,
							"faces": {
								"north": { "texture": "#material", "uv": [ 0.0, 0.0, 0.5, 2.0 ] },
								"east": { "texture": "#material", "uv": [ 0.0, 0.0, 0.5, 2.0 ] },
								"south": { "texture": "#material", "uv": [ 0.0, 0.0, 0.5, 2.0 ] },
								"west": { "texture": "#material", "uv": [ 0.0, 0.0, 0.5, 2.0 ] },
								"up": { "texture": "#material", "uv": [ 0.0, 0.0, 0.5, 0.5 ] },
								"down": { "texture": "#material", "uv": [ 0.0, 0.0, 0.5, 0.5 ] }
							}
						},
						{
							"name": "Cube31",
							"from": [ 4.3, 0.0, 0.0 ],
							"to": [ 4.8, 1.0, 0.2 ],
							"rotationOrigin": [ 4.3, 0.0, 0.0 ],
							"rotationX": 1.0,
							"rotationZ": 60.0,
							"faces": {
								"north": { "texture": "#material", "uv": [ 0.0, 0.0, 0.5, 1.0 ] },
								"east": { "texture": "#material", "uv": [ 0.0, 0.0, 0.5, 1.0 ] },
								"south": { "texture": "#material", "uv": [ 0.0, 0.0, 0.5, 1.0 ] },
								"west": { "texture": "#material", "uv": [ 0.0, 0.0, 0.5, 1.0 ] },
								"up": { "texture": "#material", "uv": [ 0.0, 0.0, 0.5, 0.5 ] },
								"down": { "texture": "#material", "uv": [ 0.0, 0.0, 0.5, 0.5 ] }
							}
						}
					]
				},
				{
					"name": "segment main25",
					"from": [ 3.0, -0.7, 0.2 ],
					"to": [ 9.5, -0.2, 0.4 ],
					"rotationOrigin": [ 9.5, -0.2, 0.2 ],
					"rotationZ": 4.0,
					"faces": {
						"north": { "texture": "#material", "uv": [ 1.0, 3.5, 7.5, 4.0 ] },
						"east": { "texture": "#material", "uv": [ 1.0, 2.0, 1.5, 2.5 ] },
						"south": { "texture": "#material", "uv": [ 2.5, 4.5, 9.0, 5.0 ] },
						"west": { "texture": "#material", "uv": [ 6.0, 2.0, 6.5, 2.5 ] },
						"up": { "texture": "#material", "uv": [ 9.0, 2.5, 9.5, 9.0 ], "rotation": 90 },
						"down": { "texture": "#material", "uv": [ 4.0, 3.0, 10.5, 3.5 ] }
					}
				}
			]
		},
		{
			"name": "Lean",
			"from": [ 0.0, -1.0, 4.0 ],
			"to": [ 16.0, 2.0, 7.0 ],
			"rotationOrigin": [ 0.0, 0.5, 5.5 ],
			"rotationX": 19.0,
			"faces": {
				"north": { "texture": "#handle", "uv": [ 0.0, 0.0, 16.0, 3.0 ] },
				"east": { "texture": "#handle", "uv": [ 0.0, 0.0, 3.0, 3.0 ] },
				"south": { "texture": "#handle", "uv": [ 0.0, 9.5, 16.0, 12.5 ] },
				"west": { "texture": "#handle", "uv": [ 5.0, 0.0, 8.0, 3.0 ] },
				"up": { "texture": "#handle", "uv": [ 0.0, 3.5, 16.0, 6.5 ] },
				"down": { "texture": "#handle", "uv": [ 0.0, 12.0, 16.0, 15.0 ] }
			}
		}
	]}