{
	"editor": {
		"allAngles": true,
		"entityTextureMode": false
	},
	"textureWidth": 16,
	"textureHeight": 16,
	"textureSizes": {
	},
	"textures": {
		"oak": "game:block/wood/bark/aged",
		"oak2": "game:block/wood/debarked/oak"
	},
	"elements": [
		{
			"name": "Cube2",
			"from": [ 7.0, 7.0, -3.0 ],
			"to": [ 9.0, 9.0, 19.0 ],
			"rotationOrigin": [ 7.0, 7.0, -3.0 ],
			"faces": {
				"north": {
					"texture": "#oak2",
					"uv": [ 0.0, 0.0, 2.0, 2.0 ]
				},
				"east": {
					"texture": "#oak2",
					"uv": [ 0.0, 0.0, 22.0, 2.0 ]
				},
				"south": {
					"texture": "#oak2",
					"uv": [ 0.0, 0.0, 2.0, 2.0 ]
				},
				"west": {
					"texture": "#oak2",
					"uv": [ 0.0, 0.0, 22.0, 2.0 ]
				},
				"up": {
					"texture": "#oak2",
					"uv": [ 0.0, 0.0, 2.0, 22.0 ]
				},
				"down": {
					"texture": "#oak2",
					"uv": [ 0.0, 0.0, 2.0, 22.0 ]
				}
			}
		},
		{
			"name": "Stake8",
			"from": [ 7.48, -0.2, 13.36 ],
			"to": [ 13.68, 12.8, 19.56 ],
			"rotationOrigin": [ 9.43, -0.2, 15.31 ],
			"rotationY": -17.0,
			"faces": {
				"north": {
					"texture": "#oak",
					"uv": [ 5.5, 0.5, 9.5, 15.0 ],
					"autoUv": false
				},
				"east": {
					"texture": "#oak",
					"uv": [ 3.5, 0.5, 7.5, 15.0 ],
					"autoUv": false
				},
				"south": {
					"texture": "#oak",
					"uv": [ 9.5, 0.0, 13.5, 14.5 ],
					"autoUv": false
				},
				"west": {
					"texture": "#oak",
					"uv": [ 6.5, 0.5, 10.5, 15.0 ],
					"autoUv": false
				},
				"up": {
					"texture": "#oak2",
					"uv": [ 4.5, 11.5, 8.5, 15.5 ],
					"autoUv": false
				}
			},
			"children": [
				{
					"name": "Cube49",
					"from": [ 1.33, 12.75, 2.26 ],
					"to": [ 4.1185, 22.045, 4.119 ],
					"rotationOrigin": [ 1.3295, 12.7455, 2.259 ],
					"faces": {
						"north": {
							"texture": "#oak2",
							"uv": [ 10.0, 6.0, 15.0, 7.5 ],
							"rotation": 90,
							"autoUv": false
						},
						"east": {
							"texture": "#oak2",
							"uv": [ 9.5, 10.0, 14.5, 11.0 ],
							"rotation": 90,
							"autoUv": false
						},
						"south": {
							"texture": "#oak2",
							"uv": [ 10.5, 7.0, 15.5, 8.5 ],
							"rotation": 90,
							"autoUv": false
						},
						"west": {
							"texture": "#oak2",
							"uv": [ 10.0, 4.5, 15.0, 5.5 ],
							"rotation": 90,
							"autoUv": false
						},
						"up": {
							"texture": "#oak2",
							"uv": [ 13.0, 7.0, 14.0, 8.5 ],
							"rotation": 90,
							"autoUv": false
						}
					},
					"children": [
						{
							"name": "Cube50",
							"from": [ 1.859, 0.0, 0.9295 ],
							"to": [ 3.718, 6.5065, 2.7885 ],
							"rotationOrigin": [ 1.859, 0.0, 0.9295 ],
							"faces": {
								"north": {
									"texture": "#oak2",
									"uv": [ 1.0, 2.0, 4.5, 3.0 ],
									"rotation": 90,
									"autoUv": false
								},
								"east": {
									"texture": "#oak2",
									"uv": [ 1.0, 11.5, 4.5, 12.5 ],
									"rotation": 90,
									"autoUv": false
								},
								"south": {
									"texture": "#oak2",
									"uv": [ 11.5, 6.0, 15.0, 7.0 ],
									"rotation": 90,
									"autoUv": false
								},
								"west": {
									"texture": "#oak2",
									"uv": [ 4.5, 7.5, 8.0, 8.5 ],
									"rotation": 90,
									"autoUv": false
								},
								"up": {
									"texture": "#oak2",
									"uv": [ 8.5, 12.5, 9.5, 13.5 ],
									"rotation": 90,
									"autoUv": false
								}
							}
						},
						{
							"name": "Cube51",
							"from": [ -0.9295, 0.0, -0.9295 ],
							"to": [ 1.859, 5.577, 0.9295 ],
							"rotationOrigin": [ -0.9295, 0.0, -0.9295 ],
							"faces": {
								"north": {
									"texture": "#oak2",
									"uv": [ 7.5, 7.0, 10.5, 8.5 ],
									"rotation": 90,
									"autoUv": false
								},
								"east": {
									"texture": "#oak2",
									"uv": [ 11.0, 1.5, 14.0, 2.5 ],
									"rotation": 90,
									"autoUv": false
								},
								"south": {
									"texture": "#oak2",
									"uv": [ 10.0, 0.5, 13.0, 2.0 ],
									"rotation": 90,
									"autoUv": false
								},
								"west": {
									"texture": "#oak",
									"uv": [ 8.5, 4.0, 9.5, 7.0 ],
									"autoUv": false
								},
								"up": {
									"texture": "#oak2",
									"uv": [ 3.0, 8.0, 4.0, 9.5 ],
									"rotation": 90,
									"autoUv": false
								}
							}
						},
						{
							"name": "Cube52",
							"from": [ 2.7885, 0.0, -1.859 ],
							"to": [ 4.6475, 4.6475, 0.0 ],
							"rotationOrigin": [ 2.7885, 0.0, -1.859 ],
							"faces": {
								"north": {
									"texture": "#oak",
									"uv": [ 3.0, 0.0, 4.0, 2.5 ],
									"autoUv": false
								},
								"east": {
									"texture": "#oak",
									"uv": [ 9.5, 7.5, 10.5, 10.0 ],
									"autoUv": false
								},
								"south": {
									"texture": "#oak2",
									"uv": [ 4.5, 6.5, 7.0, 7.5 ],
									"rotation": 90,
									"autoUv": false
								},
								"west": {
									"texture": "#oak2",
									"uv": [ 11.5, 9.5, 14.0, 10.5 ],
									"rotation": 90,
									"autoUv": false
								},
								"up": {
									"texture": "#oak2",
									"uv": [ 0.0, 9.5, 1.0, 10.5 ],
									"rotation": 90,
									"autoUv": false
								}
							}
						},
						{
							"name": "Cube53",
							"from": [ 0.0, 0.0, 1.859 ],
							"to": [ 1.859, 2.7885, 3.718 ],
							"rotationOrigin": [ 0.0, 0.0, 1.859 ],
							"faces": {
								"east": {
									"texture": "#oak2",
									"uv": [ 9.5, 4.0, 11.0, 5.0 ],
									"rotation": 90,
									"autoUv": false
								},
								"south": {
									"texture": "#oak",
									"uv": [ 7.5, 8.5, 8.5, 10.0 ],
									"autoUv": false
								},
								"west": {
									"texture": "#oak2",
									"uv": [ 3.5, 3.0, 5.0, 4.0 ],
									"rotation": 90,
									"autoUv": false
								},
								"up": {
									"texture": "#oak2",
									"uv": [ 3.5, 13.5, 4.5, 14.5 ],
									"rotation": 90,
									"autoUv": false
								}
							}
						},
						{
							"name": "Cube54",
							"from": [ 0.9295, 0.0, -1.859 ],
							"to": [ 2.7885, 2.7885, 0.0 ],
							"rotationOrigin": [ 0.9295, 0.0, -1.859 ],
							"faces": {
								"north": {
									"texture": "#oak",
									"uv": [ 9.5, 5.0, 10.5, 6.5 ],
									"autoUv": false
								},
								"west": {
									"texture": "#oak2",
									"uv": [ 2.5, 5.5, 4.0, 6.5 ],
									"rotation": 90,
									"autoUv": false
								},
								"up": {
									"texture": "#oak2",
									"uv": [ 5.5, 4.5, 6.5, 5.5 ],
									"rotation": 90,
									"autoUv": false
								}
							}
						},
						{
							"name": "Cube55",
							"from": [ 1.859, 0.0, 2.7885 ],
							"to": [ 3.718, 0.9295, 3.718 ],
							"rotationOrigin": [ 1.859, 0.0, 2.7885 ],
							"faces": {
								"east": {
									"texture": "#oak2",
									"uv": [ 4.5, 8.0, 5.0, 8.5 ],
									"rotation": 90,
									"autoUv": false
								},
								"south": {
									"texture": "#oak",
									"uv": [ 8.0, 15.0, 9.0, 15.5 ],
									"autoUv": false
								},
								"up": {
									"texture": "#oak2",
									"uv": [ 0.5, 4.5, 1.0, 5.5 ],
									"rotation": 90,
									"autoUv": false
								}
							}
						},
						{
							"name": "Cube56",
							"from": [ 0.9295, 9.295, 0.0 ],
							"to": [ 1.859, 13.013, 0.9295 ],
							"rotationOrigin": [ 0.9295, 9.295, 0.0 ],
							"faces": {
								"north": {
									"texture": "#oak2",
									"uv": [ 7.5, 12.0, 9.5, 12.5 ],
									"rotation": 90,
									"autoUv": false
								},
								"east": {
									"texture": "#oak2",
									"uv": [ 13.5, 11.5, 15.5, 12.0 ],
									"rotation": 90,
									"autoUv": false
								},
								"south": {
									"texture": "#oak2",
									"uv": [ 6.0, 9.0, 8.0, 9.5 ],
									"rotation": 90,
									"autoUv": false
								},
								"west": {
									"texture": "#oak2",
									"uv": [ 1.5, 10.0, 3.5, 10.5 ],
									"rotation": 90,
									"autoUv": false
								},
								"up": {
									"texture": "#oak2",
									"uv": [ 3.0, 7.5, 3.5, 8.0 ],
									"rotation": 90,
									"autoUv": false
								}
							}
						},
						{
							"name": "Cube57",
							"from": [ 3.718, 0.0, 0.0 ],
							"to": [ 4.6475, 1.859, 2.7885 ],
							"rotationOrigin": [ 3.718, 0.0, 0.0 ],
							"faces": {
								"east": {
									"texture": "#oak",
									"uv": [ 5.5, 8.5, 7.0, 9.5 ],
									"autoUv": false
								},
								"south": {
									"texture": "#oak2",
									"uv": [ 8.0, 4.0, 9.0, 4.5 ],
									"rotation": 90,
									"autoUv": false
								},
								"up": {
									"texture": "#oak2",
									"uv": [ 1.0, 9.0, 2.5, 9.5 ],
									"rotation": 90,
									"autoUv": false
								}
							}
						},
						{
							"name": "Cube58",
							"from": [ 2.7885, 0.0, 0.0 ],
							"to": [ 3.718, 5.577, 0.9295 ],
							"rotationOrigin": [ 2.7885, 0.0, 0.0 ],
							"faces": {
								"north": {
									"texture": "#oak2",
									"uv": [ 11.0, 6.5, 14.0, 7.0 ],
									"rotation": 90,
									"autoUv": false
								},
								"east": {
									"texture": "#oak2",
									"uv": [ 11.5, 15.0, 14.5, 15.5 ],
									"rotation": 90,
									"autoUv": false
								},
								"up": {
									"texture": "#oak2",
									"uv": [ 13.0, 9.0, 13.5, 9.5 ],
									"rotation": 90,
									"autoUv": false
								}
							}
						},
						{
							"name": "Cube59",
							"from": [ -0.9295, 0.0, 0.9295 ],
							"to": [ 0.0, 1.859, 1.859 ],
							"rotationOrigin": [ -0.9295, 0.0, 0.9295 ],
							"faces": {
								"south": {
									"texture": "#oak2",
									"uv": [ 14.0, 8.0, 15.0, 8.5 ],
									"rotation": 90,
									"autoUv": false
								},
								"west": {
									"texture": "#oak",
									"uv": [ 4.0, 12.5, 4.5, 13.5 ],
									"autoUv": false
								},
								"up": {
									"texture": "#oak2",
									"uv": [ 4.5, 9.5, 5.0, 10.0 ],
									"rotation": 90,
									"autoUv": false
								}
							}
						}
					]
				}
			]
		},
		{
			"name": "Stake16",
			"from": [ 1.84, -0.2, 7.39 ],
			"to": [ 8.04, 13.8, 13.59 ],
			"rotationOrigin": [ 3.79, -0.2, 9.34 ],
			"rotationY": 14.0,
			"faces": {
				"north": {
					"texture": "#oak",
					"uv": [ 6.0, 2.5, 10.0, 15.5 ],
					"autoUv": false
				},
				"east": {
					"texture": "#oak",
					"uv": [ 7.0, 2.5, 11.0, 15.5 ],
					"autoUv": false
				},
				"south": {
					"texture": "#oak",
					"uv": [ 6.5, 3.0, 10.5, 16.0 ],
					"autoUv": false
				},
				"west": {
					"texture": "#oak",
					"uv": [ 8.5, 0.5, 12.5, 13.5 ],
					"autoUv": false
				},
				"up": {
					"texture": "#oak2",
					"uv": [ 9.5, 8.5, 13.5, 12.5 ],
					"autoUv": false
				}
			},
			"children": [
				{
					"name": "Cube31",
					"from": [ 0.9295, 11.39, 2.002 ],
					"to": [ 3.718, 20.685, 3.861 ],
					"rotationOrigin": [ 0.9295, 11.388, 2.002 ],
					"faces": {
						"north": {
							"texture": "#oak2",
							"uv": [ 8.0, 12.0, 13.0, 13.5 ],
							"rotation": 90,
							"autoUv": false
						},
						"east": {
							"texture": "#oak2",
							"uv": [ 5.5, 12.5, 10.5, 13.5 ],
							"rotation": 90,
							"autoUv": false
						},
						"south": {
							"texture": "#oak2",
							"uv": [ 9.0, 0.0, 14.0, 1.5 ],
							"rotation": 90,
							"autoUv": false
						},
						"west": {
							"texture": "#oak2",
							"uv": [ 8.5, 1.0, 13.5, 2.0 ],
							"rotation": 90,
							"autoUv": false
						},
						"up": {
							"texture": "#oak2",
							"uv": [ 11.0, 1.0, 12.0, 2.5 ],
							"rotation": 90,
							"autoUv": false
						}
					},
					"children": [
						{
							"name": "Cube32",
							"from": [ 1.859, 1.859, 0.9295 ],
							"to": [ 3.718, 6.5065, 2.7885 ],
							"rotationOrigin": [ 1.859, 1.859, 0.9295 ],
							"faces": {
								"east": {
									"texture": "#oak2",
									"uv": [ 11.5, 7.5, 14.0, 8.5 ],
									"rotation": 90,
									"autoUv": false
								},
								"south": {
									"texture": "#oak2",
									"uv": [ 6.5, 11.0, 9.0, 12.0 ],
									"rotation": 90,
									"autoUv": false
								},
								"west": {
									"texture": "#oak2",
									"uv": [ 1.5, 8.5, 4.0, 9.5 ],
									"rotation": 90,
									"autoUv": false
								},
								"up": {
									"texture": "#oak2",
									"uv": [ 14.0, 13.5, 15.0, 14.5 ],
									"rotation": 90,
									"autoUv": false
								}
							}
						},
						{
							"name": "Cube33",
							"from": [ -0.9295, 1.859, -0.9295 ],
							"to": [ 1.859, 6.5065, 0.9295 ],
							"rotationOrigin": [ -0.9295, 1.859, -0.9295 ],
							"faces": {
								"north": {
									"texture": "#oak2",
									"uv": [ 1.5, 7.5, 4.0, 9.0 ],
									"rotation": 90,
									"autoUv": false
								},
								"east": {
									"texture": "#oak2",
									"uv": [ 1.0, 7.0, 3.5, 8.0 ],
									"rotation": 90,
									"autoUv": false
								},
								"south": {
									"texture": "#oak2",
									"uv": [ 6.5, 12.0, 9.0, 13.5 ],
									"rotation": 90,
									"autoUv": false
								},
								"west": {
									"texture": "#oak",
									"uv": [ 8.0, 11.0, 9.0, 13.5 ],
									"autoUv": false
								},
								"up": {
									"texture": "#oak2",
									"uv": [ 2.0, 6.0, 3.0, 7.5 ],
									"rotation": 90,
									"autoUv": false
								}
							}
						},
						{
							"name": "Cube34",
							"from": [ 2.7885, 1.859, -1.859 ],
							"to": [ 4.6475, 4.6475, 0.0 ],
							"rotationOrigin": [ 2.7885, 1.859, -1.859 ],
							"faces": {
								"north": {
									"texture": "#oak",
									"uv": [ 3.0, 10.0, 4.0, 11.5 ],
									"autoUv": false
								},
								"east": {
									"texture": "#oak",
									"uv": [ 5.0, 4.0, 6.0, 5.5 ],
									"autoUv": false
								},
								"south": {
									"texture": "#oak2",
									"uv": [ 9.5, 1.0, 11.0, 2.0 ],
									"rotation": 90,
									"autoUv": false
								},
								"up": {
									"texture": "#oak2",
									"uv": [ 2.0, 1.0, 3.0, 2.0 ],
									"rotation": 90,
									"autoUv": false
								}
							}
						},
						{
							"name": "Cube35",
							"from": [ -0.9295, 1.859, 0.9295 ],
							"to": [ 0.9295, 3.718, 2.7885 ],
							"rotationOrigin": [ -0.9295, 1.859, 0.9295 ],
							"faces": {
								"east": {
									"texture": "#oak2",
									"uv": [ 14.0, 2.5, 15.0, 3.5 ],
									"rotation": 90,
									"autoUv": false
								},
								"south": {
									"texture": "#oak2",
									"uv": [ 3.0, 2.5, 4.0, 3.5 ],
									"rotation": 90,
									"autoUv": false
								},
								"west": {
									"texture": "#oak",
									"uv": [ 4.0, 2.0, 5.0, 3.0 ],
									"autoUv": false
								},
								"up": {
									"texture": "#oak2",
									"uv": [ 2.5, 4.5, 3.5, 5.5 ],
									"rotation": 90,
									"autoUv": false
								}
							}
						},
						{
							"name": "Cube36",
							"from": [ 0.9295, 1.859, -1.859 ],
							"to": [ 2.7885, 5.577, 0.0 ],
							"rotationOrigin": [ 0.9295, 1.859, -1.859 ],
							"faces": {
								"north": {
									"texture": "#oak",
									"uv": [ 3.5, 5.5, 4.5, 7.5 ],
									"autoUv": false
								},
								"east": {
									"texture": "#oak2",
									"uv": [ 13.5, 13.0, 15.5, 14.0 ],
									"rotation": 90,
									"autoUv": false
								},
								"west": {
									"texture": "#oak2",
									"uv": [ 12.5, 12.0, 14.5, 13.0 ],
									"rotation": 90,
									"autoUv": false
								},
								"up": {
									"texture": "#oak2",
									"uv": [ 7.5, 2.0, 8.5, 3.0 ],
									"rotation": 90,
									"autoUv": false
								}
							}
						},
						{
							"name": "Cube37",
							"from": [ 1.859, 1.859, 2.7885 ],
							"to": [ 3.718, 2.7885, 3.718 ],
							"rotationOrigin": [ 1.859, 1.859, 2.7885 ],
							"faces": {
								"east": {
									"texture": "#oak2",
									"uv": [ 11.5, 14.5, 12.0, 15.0 ],
									"rotation": 90,
									"autoUv": false
								},
								"south": {
									"texture": "#oak",
									"uv": [ 6.0, 4.0, 7.0, 4.5 ],
									"autoUv": false
								},
								"west": {
									"texture": "#oak2",
									"uv": [ 10.0, 1.5, 10.5, 2.0 ],
									"rotation": 90,
									"autoUv": false
								},
								"up": {
									"texture": "#oak2",
									"uv": [ 10.0, 14.0, 10.5, 15.0 ],
									"rotation": 90,
									"autoUv": false
								}
							}
						},
						{
							"name": "Cube38",
							"from": [ 0.9295, 9.295, 0.9295 ],
							"to": [ 1.859, 12.0835, 1.859 ],
							"rotationOrigin": [ 0.9295, 9.295, 0.9295 ],
							"faces": {
								"north": {
									"texture": "#oak2",
									"uv": [ 10.0, 14.0, 11.5, 14.5 ],
									"rotation": 90,
									"autoUv": false
								},
								"east": {
									"texture": "#oak2",
									"uv": [ 0.0, 10.0, 1.5, 10.5 ],
									"rotation": 90,
									"autoUv": false
								},
								"south": {
									"texture": "#oak2",
									"uv": [ 1.5, 9.5, 3.0, 10.0 ],
									"rotation": 90,
									"autoUv": false
								},
								"west": {
									"texture": "#oak2",
									"uv": [ 4.0, 5.0, 5.5, 5.5 ],
									"rotation": 90,
									"autoUv": false
								},
								"up": {
									"texture": "#oak2",
									"uv": [ 3.5, 14.0, 4.0, 14.5 ],
									"rotation": 90,
									"autoUv": false
								}
							}
						},
						{
							"name": "Cube39",
							"from": [ 3.718, 1.859, 0.0 ],
							"to": [ 4.6475, 3.718, 2.7885 ],
							"rotationOrigin": [ 3.718, 1.859, 0.0 ],
							"faces": {
								"east": {
									"texture": "#oak",
									"uv": [ 12.0, 1.5, 13.5, 2.5 ],
									"autoUv": false
								},
								"south": {
									"texture": "#oak2",
									"uv": [ 13.5, 1.0, 14.5, 1.5 ],
									"rotation": 90,
									"autoUv": false
								},
								"up": {
									"texture": "#oak2",
									"uv": [ 0.0, 6.5, 1.5, 7.0 ],
									"rotation": 90,
									"autoUv": false
								}
							}
						},
						{
							"name": "Cube40",
							"from": [ 2.7885, 1.859, 0.0 ],
							"to": [ 3.718, 7.436, 0.9295 ],
							"rotationOrigin": [ 2.7885, 1.859, 0.0 ],
							"faces": {
								"north": {
									"texture": "#oak2",
									"uv": [ 4.5, 1.0, 7.5, 1.5 ],
									"rotation": 90,
									"autoUv": false
								},
								"east": {
									"texture": "#oak2",
									"uv": [ 8.5, 10.0, 11.5, 10.5 ],
									"rotation": 90,
									"autoUv": false
								},
								"south": {
									"texture": "#oak2",
									"uv": [ 12.0, 0.0, 15.0, 0.5 ],
									"rotation": 90,
									"autoUv": false
								},
								"up": {
									"texture": "#oak2",
									"uv": [ 14.0, 12.5, 14.5, 13.0 ],
									"rotation": 90,
									"autoUv": false
								}
							}
						}
					]
				}
			]
		},
		{
			"name": "Stake26",
			"from": [ 7.92, -0.2, 5.52 ],
			"to": [ 14.12, 12.3, 11.72 ],
			"rotationOrigin": [ 9.87, -0.2, 7.47 ],
			"rotationY": 14.0,
			"faces": {
				"north": {
					"texture": "#oak",
					"uv": [ 2.5, 0.0, 6.5, 15.0 ],
					"autoUv": false
				},
				"east": {
					"texture": "#oak",
					"uv": [ 9.0, 0.0, 13.0, 15.0 ],
					"autoUv": false
				},
				"south": {
					"texture": "#oak",
					"uv": [ 9.0, 0.0, 13.0, 15.0 ],
					"autoUv": false
				},
				"west": {
					"texture": "#oak",
					"uv": [ 4.5, 0.0, 8.5, 15.0 ],
					"autoUv": false
				},
				"up": {
					"texture": "#oak2",
					"uv": [ 10.0, 13.0, 14.0, 17.0 ],
					"autoUv": false
				}
			},
			"children": [
				{
					"name": "Cube47",
					"from": [ 0.9295, 10.21, 1.23 ],
					"to": [ 3.718, 17.646, 4.0185 ],
					"rotationOrigin": [ 0.9295, 10.205, 1.2295 ],
					"faces": {
						"north": {
							"texture": "#oak2",
							"uv": [ 1.5, 3.5, 5.5, 5.0 ],
							"rotation": 90,
							"autoUv": false
						},
						"east": {
							"texture": "#oak2",
							"uv": [ 0.0, 0.0, 4.0, 1.5 ],
							"rotation": 90,
							"autoUv": false
						},
						"south": {
							"texture": "#oak2",
							"uv": [ 11.0, 9.5, 15.0, 11.0 ],
							"rotation": 90,
							"autoUv": false
						},
						"west": {
							"texture": "#oak2",
							"uv": [ 4.5, 5.5, 8.5, 7.0 ],
							"rotation": 90,
							"autoUv": false
						},
						"up": {
							"texture": "#oak2",
							"uv": [ 0.0, 0.0, 1.5, 1.5 ],
							"rotation": 90,
							"autoUv": false
						}
					},
					"children": [
						{
							"name": "Cube60",
							"from": [ 1.859, 0.0, 1.859 ],
							"to": [ 3.718, 6.5065, 3.718 ],
							"rotationOrigin": [ 1.859, 0.0, 1.859 ],
							"faces": {
								"north": {
									"texture": "#oak2",
									"uv": [ 0.0, 0.0, 3.5, 1.0 ],
									"rotation": 90,
									"autoUv": false
								},
								"east": {
									"texture": "#oak2",
									"uv": [ 0.5, 2.0, 4.0, 3.0 ],
									"rotation": 90,
									"autoUv": false
								},
								"south": {
									"texture": "#oak2",
									"uv": [ 0.0, 2.0, 3.5, 3.0 ],
									"rotation": 90,
									"autoUv": false
								},
								"west": {
									"texture": "#oak2",
									"uv": [ 0.0, 0.0, 3.5, 1.0 ],
									"rotation": 90,
									"autoUv": false
								},
								"up": {
									"texture": "#oak2",
									"uv": [ 0.0, 0.0, 1.0, 1.0 ],
									"rotation": 90,
									"autoUv": false
								}
							}
						},
						{
							"name": "Cube61",
							"from": [ -0.9295, 0.0, 0.9295 ],
							"to": [ 1.859, 5.577, 3.718 ],
							"rotationOrigin": [ -0.9295, 0.0, 0.9295 ],
							"faces": {
								"north": {
									"texture": "#oak2",
									"uv": [ 0.0, 0.0, 3.0, 1.5 ],
									"rotation": 90,
									"autoUv": false
								},
								"south": {
									"texture": "#oak2",
									"uv": [ 6.5, 8.0, 9.5, 9.5 ],
									"rotation": 90,
									"autoUv": false
								},
								"west": {
									"texture": "#oak",
									"uv": [ 5.5, 7.0, 7.0, 10.0 ],
									"autoUv": false
								},
								"up": {
									"texture": "#oak2",
									"uv": [ 0.0, 0.0, 1.5, 1.5 ],
									"rotation": 90,
									"autoUv": false
								}
							}
						},
						{
							"name": "Cube62",
							"from": [ 2.7885, 0.0, -0.9295 ],
							"to": [ 4.6475, 4.6475, 0.9295 ],
							"rotationOrigin": [ 2.7885, 0.0, -0.9295 ],
							"faces": {
								"north": {
									"texture": "#oak",
									"uv": [ 4.5, 8.0, 5.5, 10.5 ],
									"autoUv": false
								},
								"east": {
									"texture": "#oak",
									"uv": [ 7.0, 7.5, 8.0, 10.0 ],
									"autoUv": false
								},
								"south": {
									"texture": "#oak2",
									"uv": [ 0.0, 0.0, 2.5, 1.0 ],
									"rotation": 90,
									"autoUv": false
								},
								"west": {
									"texture": "#oak2",
									"uv": [ 0.0, 0.0, 2.5, 1.0 ],
									"rotation": 90,
									"autoUv": false
								},
								"up": {
									"texture": "#oak2",
									"uv": [ 0.0, 0.0, 1.0, 1.0 ],
									"rotation": 90,
									"autoUv": false
								}
							}
						},
						{
							"name": "Cube63",
							"from": [ 0.0, 0.0, 3.718 ],
							"to": [ 1.859, 4.6475, 4.6475 ],
							"rotationOrigin": [ 0.0, 0.0, 3.718 ],
							"faces": {
								"east": {
									"texture": "#oak2",
									"uv": [ 0.0, 0.0, 2.5, 0.5 ],
									"rotation": 90,
									"autoUv": false
								},
								"south": {
									"texture": "#oak",
									"uv": [ 3.5, 10.5, 4.5, 13.0 ],
									"autoUv": false
								},
								"west": {
									"texture": "#oak2",
									"uv": [ 0.0, 0.0, 2.5, 0.5 ],
									"rotation": 90,
									"autoUv": false
								},
								"up": {
									"texture": "#oak2",
									"uv": [ 0.0, 0.0, 0.5, 1.0 ],
									"rotation": 90,
									"autoUv": false
								}
							}
						},
						{
							"name": "Cube64",
							"from": [ 0.9295, 0.0, -0.9295 ],
							"to": [ 2.7885, 2.7885, 0.9295 ],
							"rotationOrigin": [ 0.9295, 0.0, -0.9295 ],
							"faces": {
								"north": {
									"texture": "#oak",
									"uv": [ 9.5, 1.5, 10.5, 3.0 ],
									"autoUv": false
								},
								"west": {
									"texture": "#oak2",
									"uv": [ 0.0, 0.0, 1.5, 1.0 ],
									"rotation": 90,
									"autoUv": false
								},
								"up": {
									"texture": "#oak2",
									"uv": [ 0.0, 0.0, 1.0, 1.0 ],
									"rotation": 90,
									"autoUv": false
								}
							}
						},
						{
							"name": "Cube65",
							"from": [ 1.859, 0.0, 3.718 ],
							"to": [ 3.718, 2.7885, 4.6475 ],
							"rotationOrigin": [ 1.859, 0.0, 3.718 ],
							"faces": {
								"east": {
									"texture": "#oak2",
									"uv": [ 0.0, 0.0, 1.5, 0.5 ],
									"rotation": 90,
									"autoUv": false
								},
								"south": {
									"texture": "#oak",
									"uv": [ 7.5, 12.5, 8.5, 14.0 ],
									"autoUv": false
								},
								"up": {
									"texture": "#oak2",
									"uv": [ 0.0, 0.0, 0.5, 1.0 ],
									"rotation": 90,
									"autoUv": false
								}
							}
						},
						{
							"name": "Cube66",
							"from": [ 0.9295, 7.436, 0.9295 ],
							"to": [ 2.7885, 10.2245, 1.859 ],
							"rotationOrigin": [ 0.9295, 7.436, 0.9295 ],
							"faces": {
								"north": {
									"texture": "#oak2",
									"uv": [ 0.0, 0.0, 1.5, 1.0 ],
									"rotation": 90,
									"autoUv": false
								},
								"east": {
									"texture": "#oak2",
									"uv": [ 5.0, 4.0, 6.5, 4.5 ],
									"rotation": 90,
									"autoUv": false
								},
								"south": {
									"texture": "#oak2",
									"uv": [ 0.5, 2.5, 2.0, 3.5 ],
									"rotation": 90,
									"autoUv": false
								},
								"west": {
									"texture": "#oak2",
									"uv": [ 0.0, 0.0, 1.5, 0.5 ],
									"rotation": 90,
									"autoUv": false
								},
								"up": {
									"texture": "#oak2",
									"uv": [ 0.0, 0.0, 0.5, 1.0 ],
									"rotation": 90,
									"autoUv": false
								}
							}
						},
						{
							"name": "Cube67",
							"from": [ 3.718, 0.0, 0.9295 ],
							"to": [ 4.6475, 3.718, 3.718 ],
							"rotationOrigin": [ 3.718, 0.0, 0.9295 ],
							"faces": {
								"east": {
									"texture": "#oak",
									"uv": [ 5.0, 13.0, 6.5, 15.0 ],
									"autoUv": false
								},
								"south": {
									"texture": "#oak2",
									"uv": [ 0.0, 0.0, 2.0, 0.5 ],
									"rotation": 90,
									"autoUv": false
								},
								"up": {
									"texture": "#oak2",
									"uv": [ 0.0, 0.0, 1.5, 0.5 ],
									"rotation": 90,
									"autoUv": false
								}
							}
						},
						{
							"name": "Cube68",
							"from": [ 2.7885, 0.0, 0.9295 ],
							"to": [ 3.718, 5.577, 1.859 ],
							"rotationOrigin": [ 2.7885, 0.0, 0.9295 ],
							"faces": {
								"north": {
									"texture": "#oak2",
									"uv": [ 0.0, 0.0, 3.0, 0.5 ],
									"rotation": 90,
									"autoUv": false
								},
								"east": {
									"texture": "#oak2",
									"uv": [ 0.0, 0.0, 3.0, 0.5 ],
									"rotation": 90,
									"autoUv": false
								},
								"up": {
									"texture": "#oak2",
									"uv": [ 0.0, 0.0, 0.5, 0.5 ],
									"rotation": 90,
									"autoUv": false
								}
							}
						},
						{
							"name": "Cube69",
							"from": [ 0.9295, 7.436, 1.859 ],
							"to": [ 1.859, 12.0835, 2.7885 ],
							"rotationOrigin": [ 0.9295, 7.436, 1.859 ],
							"faces": {
								"north": {
									"texture": "#oak2",
									"uv": [ 0.0, 0.0, 2.5, 0.5 ],
									"rotation": 90,
									"autoUv": false
								},
								"east": {
									"texture": "#oak2",
									"uv": [ 4.0, 5.5, 6.5, 6.0 ],
									"rotation": 90,
									"autoUv": false
								},
								"south": {
									"texture": "#oak2",
									"uv": [ 12.5, 11.5, 15.0, 12.0 ],
									"rotation": 90,
									"autoUv": false
								},
								"west": {
									"texture": "#oak2",
									"uv": [ 4.5, 2.0, 7.0, 2.5 ],
									"rotation": 90,
									"autoUv": false
								},
								"up": {
									"texture": "#oak2",
									"uv": [ 0.0, 0.0, 0.5, 0.5 ],
									"rotation": 90,
									"autoUv": false
								}
							}
						}
					]
				}
			]
		},
		{
			"name": "Stake37",
			"from": [ 2.14, -0.2, -1.21 ],
			"to": [ 8.34, 12.0, 4.99 ],
			"rotationOrigin": [ 4.09, -0.2, 0.74 ],
			"rotationY": -17.0,
			"faces": {
				"north": {
					"texture": "#oak",
					"uv": [ 2.5, 0.0, 6.5, 15.0 ],
					"autoUv": false
				},
				"east": {
					"texture": "#oak",
					"uv": [ 5.5, 1.0, 9.5, 16.0 ],
					"autoUv": false
				},
				"south": {
					"texture": "#oak",
					"uv": [ 4.0, 0.0, 8.0, 15.0 ],
					"autoUv": false
				},
				"west": {
					"texture": "#oak",
					"uv": [ 7.5, 1.0, 11.5, 16.0 ],
					"autoUv": false
				},
				"up": {
					"texture": "#oak2",
					"uv": [ 6.0, 10.0, 10.0, 14.0 ],
					"autoUv": false
				}
			},
			"children": [
				{
					"name": "Cube48",
					"from": [ 1.23, 9.99, 2.26 ],
					"to": [ 4.0185, 19.285, 4.119 ],
					"rotationOrigin": [ 1.2295, 9.989, 2.259 ],
					"faces": {
						"north": {
							"texture": "#oak2",
							"uv": [ 8.5, 9.5, 13.5, 11.0 ],
							"rotation": 90,
							"autoUv": false
						},
						"east": {
							"texture": "#oak2",
							"uv": [ 7.0, 14.0, 12.0, 15.0 ],
							"rotation": 90,
							"autoUv": false
						},
						"south": {
							"texture": "#oak2",
							"uv": [ 2.5, 3.5, 7.5, 5.0 ],
							"rotation": 90,
							"autoUv": false
						},
						"west": {
							"texture": "#oak2",
							"uv": [ 10.0, 11.5, 15.0, 12.5 ],
							"rotation": 90,
							"autoUv": false
						},
						"up": {
							"texture": "#oak2",
							"uv": [ 1.5, 7.5, 2.5, 9.0 ],
							"rotation": 90,
							"autoUv": false
						}
					},
					"children": [
						{
							"name": "Cube70",
							"from": [ 1.859, 0.0, 0.9295 ],
							"to": [ 3.718, 6.5065, 2.7885 ],
							"rotationOrigin": [ 1.859, 0.0, 0.9295 ],
							"faces": {
								"north": {
									"texture": "#oak2",
									"uv": [ 0.5, 12.5, 4.0, 13.5 ],
									"rotation": 90,
									"autoUv": false
								},
								"east": {
									"texture": "#oak2",
									"uv": [ 9.5, 5.5, 13.0, 6.5 ],
									"rotation": 90,
									"autoUv": false
								},
								"south": {
									"texture": "#oak2",
									"uv": [ 3.5, 5.5, 7.0, 6.5 ],
									"rotation": 90,
									"autoUv": false
								},
								"west": {
									"texture": "#oak2",
									"uv": [ 6.0, 14.0, 9.5, 15.0 ],
									"rotation": 90,
									"autoUv": false
								},
								"up": {
									"texture": "#oak2",
									"uv": [ 1.5, 1.5, 2.5, 2.5 ],
									"rotation": 90,
									"autoUv": false
								}
							}
						},
						{
							"name": "Cube71",
							"from": [ -0.9295, 1.859, -0.9295 ],
							"to": [ 1.859, 7.436, 0.9295 ],
							"rotationOrigin": [ -0.9295, 1.859, -0.9295 ],
							"faces": {
								"north": {
									"texture": "#oak2",
									"uv": [ 7.0, 0.0, 10.0, 1.5 ],
									"rotation": 90,
									"autoUv": false
								},
								"east": {
									"texture": "#oak2",
									"uv": [ 6.0, 14.5, 9.0, 15.5 ],
									"rotation": 90,
									"autoUv": false
								},
								"south": {
									"texture": "#oak2",
									"uv": [ 5.5, 2.5, 8.5, 4.0 ],
									"rotation": 90,
									"autoUv": false
								},
								"west": {
									"texture": "#oak",
									"uv": [ 3.5, 1.5, 4.5, 4.5 ],
									"autoUv": false
								},
								"up": {
									"texture": "#oak2",
									"uv": [ 1.5, 4.0, 2.5, 5.5 ],
									"rotation": 90,
									"autoUv": false
								}
							}
						},
						{
							"name": "Cube72",
							"from": [ 2.7885, 1.859, -1.859 ],
							"to": [ 4.6475, 5.577, 0.0 ],
							"rotationOrigin": [ 2.7885, 1.859, -1.859 ],
							"faces": {
								"north": {
									"texture": "#oak",
									"uv": [ 11.0, 4.5, 12.0, 6.5 ],
									"autoUv": false
								},
								"east": {
									"texture": "#oak",
									"uv": [ 2.0, 4.5, 3.0, 6.5 ],
									"autoUv": false
								},
								"south": {
									"texture": "#oak2",
									"uv": [ 1.0, 8.5, 3.0, 9.5 ],
									"rotation": 90,
									"autoUv": false
								},
								"west": {
									"texture": "#oak2",
									"uv": [ 9.0, 2.5, 11.0, 3.5 ],
									"rotation": 90,
									"autoUv": false
								},
								"up": {
									"texture": "#oak2",
									"uv": [ 11.0, 2.0, 12.0, 3.0 ],
									"rotation": 90,
									"autoUv": false
								}
							}
						},
						{
							"name": "Cube73",
							"from": [ -0.9295, 1.859, 0.9295 ],
							"to": [ 0.9295, 4.6475, 2.7885 ],
							"rotationOrigin": [ -0.9295, 1.859, 0.9295 ],
							"faces": {
								"east": {
									"texture": "#oak2",
									"uv": [ 4.5, 5.0, 6.0, 6.0 ],
									"rotation": 90,
									"autoUv": false
								},
								"south": {
									"texture": "#oak2",
									"uv": [ 9.0, 11.0, 10.5, 12.0 ],
									"rotation": 90,
									"autoUv": false
								},
								"west": {
									"texture": "#oak",
									"uv": [ 13.0, 11.5, 14.0, 13.0 ],
									"autoUv": false
								},
								"up": {
									"texture": "#oak2",
									"uv": [ 11.5, 14.0, 12.5, 15.0 ],
									"rotation": 90,
									"autoUv": false
								}
							}
						},
						{
							"name": "Cube74",
							"from": [ 0.9295, 1.859, -1.859 ],
							"to": [ 2.7885, 4.6475, 0.0 ],
							"rotationOrigin": [ 0.9295, 1.859, -1.859 ],
							"faces": {
								"north": {
									"texture": "#oak",
									"uv": [ 5.0, 7.0, 6.0, 8.5 ],
									"autoUv": false
								},
								"west": {
									"texture": "#oak2",
									"uv": [ 6.5, 12.5, 8.0, 13.5 ],
									"rotation": 90,
									"autoUv": false
								},
								"up": {
									"texture": "#oak2",
									"uv": [ 2.0, 4.0, 3.0, 5.0 ],
									"rotation": 90,
									"autoUv": false
								}
							}
						},
						{
							"name": "Cube75",
							"from": [ 1.859, 1.859, 2.7885 ],
							"to": [ 3.718, 2.7885, 3.718 ],
							"rotationOrigin": [ 1.859, 1.859, 2.7885 ],
							"faces": {
								"east": {
									"texture": "#oak2",
									"uv": [ 10.0, 2.0, 10.5, 2.5 ],
									"rotation": 90,
									"autoUv": false
								},
								"south": {
									"texture": "#oak",
									"uv": [ 10.5, 10.0, 11.5, 10.5 ],
									"autoUv": false
								},
								"west": {
									"texture": "#oak2",
									"uv": [ 5.0, 5.0, 5.5, 5.5 ],
									"rotation": 90,
									"autoUv": false
								},
								"up": {
									"texture": "#oak2",
									"uv": [ 4.5, 10.0, 5.0, 11.0 ],
									"rotation": 90,
									"autoUv": false
								}
							}
						},
						{
							"name": "Cube76",
							"from": [ 0.9295, 9.295, 0.0 ],
							"to": [ 1.859, 11.154, 0.9295 ],
							"rotationOrigin": [ 0.9295, 9.295, 0.0 ],
							"faces": {
								"north": {
									"texture": "#oak2",
									"uv": [ 8.0, 12.5, 9.0, 13.0 ],
									"rotation": 90,
									"autoUv": false
								},
								"east": {
									"texture": "#oak2",
									"uv": [ 14.5, 1.5, 15.5, 2.0 ],
									"rotation": 90,
									"autoUv": false
								},
								"south": {
									"texture": "#oak2",
									"uv": [ 5.5, 2.0, 6.5, 2.5 ],
									"rotation": 90,
									"autoUv": false
								},
								"west": {
									"texture": "#oak2",
									"uv": [ 12.0, 1.5, 13.0, 2.0 ],
									"rotation": 90,
									"autoUv": false
								},
								"up": {
									"texture": "#oak2",
									"uv": [ 3.0, 15.0, 3.5, 15.5 ],
									"rotation": 90,
									"autoUv": false
								}
							}
						},
						{
							"name": "Cube77",
							"from": [ 3.718, 1.859, 0.0 ],
							"to": [ 4.6475, 3.718, 2.7885 ],
							"rotationOrigin": [ 3.718, 1.859, 0.0 ],
							"faces": {
								"east": {
									"texture": "#oak",
									"uv": [ 8.0, 13.5, 9.5, 14.5 ],
									"autoUv": false
								},
								"south": {
									"texture": "#oak2",
									"uv": [ 0.0, 6.5, 1.0, 7.0 ],
									"rotation": 90,
									"autoUv": false
								},
								"up": {
									"texture": "#oak2",
									"uv": [ 2.5, 12.5, 4.0, 13.0 ],
									"rotation": 90,
									"autoUv": false
								}
							}
						},
						{
							"name": "Cube78",
							"from": [ 2.7885, 1.859, 0.0 ],
							"to": [ 3.718, 7.436, 0.9295 ],
							"rotationOrigin": [ 2.7885, 1.859, 0.0 ],
							"faces": {
								"north": {
									"texture": "#oak2",
									"uv": [ 2.5, 6.0, 5.5, 6.5 ],
									"rotation": 90,
									"autoUv": false
								},
								"east": {
									"texture": "#oak2",
									"uv": [ 7.0, 6.0, 10.0, 6.5 ],
									"rotation": 90,
									"autoUv": false
								},
								"south": {
									"texture": "#oak2",
									"uv": [ 1.5, 0.5, 4.5, 1.0 ],
									"rotation": 90,
									"autoUv": false
								},
								"up": {
									"texture": "#oak2",
									"uv": [ 6.0, 9.0, 6.5, 9.5 ],
									"rotation": 90,
									"autoUv": false
								}
							}
						}
					]
				}
			]
		}
	]
}