{
	"editor": {
		"allAngles": true,
		"entityTextureMode": false
	},
	"textureWidth": 16,
	"textureHeight": 16,
	"textureSizes": {
	},
	"textures": {
		"oak": "game:block/wood/bark/aged",
		"oak2": "game:block/wood/debarked/oak"
	},
	"elements": [
		{
			"name": "Stake15",
			"from": [ 0.5, 0.0, 11.5 ],
			"to": [ 3.5, 16.0, 14.5 ],
			"rotationOrigin": [ 2.0, 0.0, 13.0 ],
			"rotationY": 20.0,
			"faces": {
				"north": { "texture": "#oak", "uv": [ 9.5, 0.0, 12.5, 16.0 ] },
				"east": { "texture": "#oak", "uv": [ 4.0, 0.0, 7.0, 16.0 ] },
				"south": { "texture": "#oak", "uv": [ 3.0, 0.0, 6.0, 16.0 ] },
				"west": { "texture": "#oak", "uv": [ 8.5, 0.0, 11.5, 16.0 ] },
				"up": { "texture": "#oak2", "uv": [ 11.5, 7.5, 14.5, 10.5 ] }
			}
		},
		{
			"name": "Stake25",
			"from": [ 0.5, 0.0, 7.0 ],
			"to": [ 3.5, 16.0, 10.0 ],
			"rotationOrigin": [ 2.0, 0.0, 8.5 ],
			"rotationY": -23.0,
			"faces": {
				"north": { "texture": "#oak", "uv": [ 3.5, 0.0, 6.5, 16.0 ] },
				"east": { "texture": "#oak", "uv": [ 9.0, 0.0, 12.0, 16.0 ] },
				"south": { "texture": "#oak", "uv": [ 5.0, 0.0, 8.0, 16.0 ], "autoUv": false },
				"west": { "texture": "#oak", "uv": [ 7.0, 0.0, 10.0, 16.0 ] },
				"up": { "texture": "#oak2", "uv": [ 6.5, 7.5, 9.5, 10.5 ] }
			}
		},
		{
			"name": "Stake36",
			"from": [ 0.5, 0.0, 1.0 ],
			"to": [ 3.5, 16.0, 4.0 ],
			"rotationOrigin": [ 2.0, 0.0, 2.5 ],
			"rotationY": 17.0,
			"faces": {
				"north": { "texture": "#oak", "uv": [ 2.5, 0.0, 5.5, 16.0 ] },
				"east": { "texture": "#oak", "uv": [ 4.0, 0.0, 7.0, 16.0 ] },
				"south": { "texture": "#oak", "uv": [ 9.0, 0.0, 12.0, 16.0 ] },
				"west": { "texture": "#oak", "uv": [ 4.5, 0.0, 7.5, 16.0 ] },
				"up": { "texture": "#oak2", "uv": [ 10.0, 13.0, 13.0, 16.0 ] }
			}
		},
		{
			"name": "Stake15",
			"from": [ 0.5, 16.0, 11.5 ],
			"to": [ 3.5, 29.0, 14.5 ],
			"rotationOrigin": [ 2.0, 16.0, 13.0 ],
			"rotationY": 20.0,
			"faces": {
				"north": { "texture": "#oak", "uv": [ 10.5, 0.5, 13.5, 13.5 ] },
				"east": { "texture": "#oak", "uv": [ 8.0, 0.5, 11.0, 13.5 ] },
				"south": { "texture": "#oak", "uv": [ 4.5, 0.0, 7.5, 13.0 ] },
				"west": { "texture": "#oak", "uv": [ 7.0, 1.0, 10.0, 14.0 ] },
				"up": { "texture": "#oak2", "uv": [ 8.0, 0.5, 11.0, 3.5 ] }
			},
			"children": [
				{
					"name": "Cube16",
					"from": [ 0.5, 12.0, 1.0 ],
					"to": [ 2.0, 17.0, 2.0 ],
					"rotationOrigin": [ 0.5, 12.0, 1.0 ],
					"faces": {
						"north": { "texture": "#oak2", "uv": [ 10.0, 3.5, 15.0, 5.0 ], "rotation": 90 },
						"east": { "texture": "#oak2", "uv": [ 10.5, 0.5, 15.5, 1.5 ], "rotation": 90 },
						"south": { "texture": "#oak2", "uv": [ 1.0, 13.0, 6.0, 14.5 ], "rotation": 90 },
						"west": { "texture": "#oak2", "uv": [ 0.5, 7.5, 5.5, 8.5 ], "rotation": 90 },
						"up": { "texture": "#oak2", "uv": [ 1.5, 7.5, 2.5, 9.0 ], "rotation": 90 }
					}
				},
				{
					"name": "Cube17",
					"from": [ 1.5, 13.0, 1.5 ],
					"to": [ 2.5, 15.5, 2.5 ],
					"rotationOrigin": [ 1.5, 13.0, 1.5 ],
					"faces": {
						"east": { "texture": "#oak2", "uv": [ 1.0, 2.0, 3.5, 3.0 ], "rotation": 90 },
						"south": { "texture": "#oak2", "uv": [ 8.5, 0.5, 11.0, 1.5 ], "rotation": 90 },
						"west": { "texture": "#oak2", "uv": [ 9.5, 7.5, 12.0, 8.5 ], "rotation": 90 },
						"up": { "texture": "#oak2", "uv": [ 1.5, 7.5, 2.5, 8.5 ], "rotation": 90 }
					}
				},
				{
					"name": "Cube18",
					"from": [ 0.0, 13.0, 0.5 ],
					"to": [ 1.5, 15.5, 1.5 ],
					"rotationOrigin": [ 0.0, 13.0, 0.5 ],
					"faces": {
						"north": { "texture": "#oak2", "uv": [ 13.0, 10.0, 15.5, 11.5 ], "rotation": 90 },
						"east": { "texture": "#oak2", "uv": [ 12.5, 1.5, 15.0, 2.5 ], "rotation": 90 },
						"south": { "texture": "#oak2", "uv": [ 2.0, 13.5, 4.5, 15.0 ], "rotation": 90 },
						"west": { "texture": "#oak", "uv": [ 8.0, 11.5, 9.0, 14.0 ] },
						"up": { "texture": "#oak2", "uv": [ 4.0, 1.0, 5.0, 2.5 ], "rotation": 90 }
					}
				},
				{
					"name": "Cube19",
					"from": [ 2.0, 13.0, 0.0 ],
					"to": [ 3.0, 14.5, 1.0 ],
					"rotationOrigin": [ 2.0, 13.0, 0.0 ],
					"faces": {
						"north": { "texture": "#oak", "uv": [ 5.0, 11.0, 6.0, 12.5 ] },
						"east": { "texture": "#oak", "uv": [ 13.0, 3.5, 14.0, 5.0 ] },
						"south": { "texture": "#oak2", "uv": [ 13.0, 0.5, 14.5, 1.5 ], "rotation": 90 },
						"up": { "texture": "#oak2", "uv": [ 2.0, 8.5, 3.0, 9.5 ], "rotation": 90 }
					}
				},
				{
					"name": "Cube20",
					"from": [ 0.0, 13.0, 1.5 ],
					"to": [ 1.0, 14.0, 2.5 ],
					"rotationOrigin": [ 0.0, 13.0, 1.5 ],
					"faces": {
						"east": { "texture": "#oak2", "uv": [ 13.0, 4.5, 14.0, 5.5 ], "rotation": 90 },
						"south": { "texture": "#oak2", "uv": [ 5.5, 12.5, 6.5, 13.5 ], "rotation": 90 },
						"west": { "texture": "#oak", "uv": [ 12.0, 14.0, 13.0, 15.0 ] },
						"up": { "texture": "#oak2", "uv": [ 14.0, 9.0, 15.0, 10.0 ], "rotation": 90 }
					}
				},
				{
					"name": "Cube21",
					"from": [ 1.0, 13.0, 0.0 ],
					"to": [ 2.0, 15.0, 1.0 ],
					"rotationOrigin": [ 1.0, 13.0, 0.0 ],
					"faces": {
						"north": { "texture": "#oak", "uv": [ 14.5, 1.0, 15.5, 3.0 ] },
						"east": { "texture": "#oak2", "uv": [ 6.0, 1.0, 8.0, 2.0 ], "rotation": 90 },
						"west": { "texture": "#oak2", "uv": [ 2.0, 9.0, 4.0, 10.0 ], "rotation": 90 },
						"up": { "texture": "#oak2", "uv": [ 1.5, 7.5, 2.5, 8.5 ], "rotation": 90 }
					}
				},
				{
					"name": "Cube22",
					"from": [ 1.5, 13.0, 2.5 ],
					"to": [ 2.5, 13.5, 3.0 ],
					"rotationOrigin": [ 1.5, 13.0, 2.5 ],
					"faces": {
						"east": { "texture": "#oak2", "uv": [ 13.0, 1.0, 13.5, 1.5 ], "rotation": 90 },
						"south": { "texture": "#oak", "uv": [ 4.0, 4.5, 5.0, 5.0 ] },
						"west": { "texture": "#oak2", "uv": [ 6.5, 2.5, 7.0, 3.0 ], "rotation": 90 },
						"up": { "texture": "#oak2", "uv": [ 1.5, 8.0, 2.0, 9.0 ], "rotation": 90 }
					}
				},
				{
					"name": "Cube23",
					"from": [ 1.0, 17.0, 1.5 ],
					"to": [ 1.5, 18.5, 2.0 ],
					"rotationOrigin": [ 1.0, 17.0, 1.5 ],
					"faces": {
						"north": { "texture": "#oak2", "uv": [ 12.0, 0.5, 13.5, 1.0 ], "rotation": 90 },
						"east": { "texture": "#oak2", "uv": [ 6.0, 8.5, 7.5, 9.0 ], "rotation": 90 },
						"south": { "texture": "#oak2", "uv": [ 9.5, 4.0, 11.0, 4.5 ], "rotation": 90 },
						"west": { "texture": "#oak2", "uv": [ 11.5, 11.0, 13.0, 11.5 ], "rotation": 90 },
						"up": { "texture": "#oak2", "uv": [ 4.0, 4.0, 4.5, 4.5 ], "rotation": 90 }
					}
				},
				{
					"name": "Cube24",
					"from": [ 2.5, 13.0, 1.0 ],
					"to": [ 3.0, 14.0, 2.5 ],
					"rotationOrigin": [ 2.5, 13.0, 1.0 ],
					"faces": {
						"east": { "texture": "#oak", "uv": [ 3.0, 6.0, 4.5, 7.0 ] },
						"south": { "texture": "#oak2", "uv": [ 11.5, 3.0, 12.5, 3.5 ], "rotation": 90 },
						"up": { "texture": "#oak2", "uv": [ 3.0, 13.0, 4.5, 13.5 ], "rotation": 90 }
					}
				},
				{
					"name": "Cube25",
					"from": [ 2.0, 13.0, 1.0 ],
					"to": [ 2.5, 16.0, 1.5 ],
					"rotationOrigin": [ 2.0, 13.0, 1.0 ],
					"faces": {
						"north": { "texture": "#oak2", "uv": [ 5.5, 0.0, 8.5, 0.5 ], "rotation": 90 },
						"east": { "texture": "#oak2", "uv": [ 4.5, 2.5, 7.5, 3.0 ], "rotation": 90 },
						"south": { "texture": "#oak2", "uv": [ 10.0, 2.0, 13.0, 2.5 ], "rotation": 90 },
						"up": { "texture": "#oak2", "uv": [ 12.5, 9.0, 13.0, 9.5 ], "rotation": 90 }
					}
				}
			]
		},
		{
			"name": "Stake25",
			"from": [ 0.5, 16.0, 7.0 ],
			"to": [ 3.5, 31.0, 10.0 ],
			"rotationOrigin": [ 2.0, 0.0, 8.5 ],
			"rotationY": -23.0,
			"faces": {
				"north": { "texture": "#oak", "uv": [ 2.5, 0.0, 5.5, 15.0 ] },
				"east": { "texture": "#oak", "uv": [ 4.0, 0.0, 7.0, 15.0 ] },
				"south": { "texture": "#oak", "uv": [ 9.0, 0.0, 12.0, 15.0 ] },
				"west": { "texture": "#oak", "uv": [ 4.5, 0.0, 7.5, 15.0 ] },
				"up": { "texture": "#oak2", "uv": [ 10.0, 13.0, 13.0, 16.0 ] }
			},
			"children": [
				{
					"name": "Cube26",
					"from": [ 0.5, 15.0, 0.5 ],
					"to": [ 2.0, 19.0, 2.0 ],
					"rotationOrigin": [ 0.5, 15.0, 0.5 ],
					"faces": {
						"north": { "texture": "#oak2", "uv": [ 1.5, 3.5, 5.5, 5.0 ], "rotation": 90 },
						"east": { "texture": "#oak2", "uv": [ 0.0, 0.0, 4.0, 1.5 ], "rotation": 90 },
						"south": { "texture": "#oak2", "uv": [ 11.0, 9.5, 15.0, 11.0 ], "rotation": 90 },
						"west": { "texture": "#oak2", "uv": [ 4.5, 5.5, 8.5, 7.0 ], "rotation": 90 },
						"up": { "texture": "#oak2", "uv": [ 0.0, 0.0, 1.5, 1.5 ], "rotation": 90 }
					}
				},
				{
					"name": "Cube27",
					"from": [ 1.5, 15.0, 1.5 ],
					"to": [ 2.5, 18.5, 2.5 ],
					"rotationOrigin": [ 1.5, 15.0, 1.5 ],
					"faces": {
						"north": { "texture": "#oak2", "uv": [ 0.0, 0.0, 3.5, 1.0 ], "rotation": 90 },
						"east": { "texture": "#oak2", "uv": [ 0.5, 2.0, 4.0, 3.0 ], "rotation": 90 },
						"south": { "texture": "#oak2", "uv": [ 0.0, 2.0, 3.5, 3.0 ], "rotation": 90 },
						"west": { "texture": "#oak2", "uv": [ 0.0, 0.0, 3.5, 1.0 ], "rotation": 90 },
						"up": { "texture": "#oak2", "uv": [ 0.0, 0.0, 1.0, 1.0 ], "rotation": 90 }
					}
				},
				{
					"name": "Cube28",
					"from": [ 0.0, 15.0, 1.0 ],
					"to": [ 1.5, 18.0, 2.5 ],
					"rotationOrigin": [ 0.0, 15.0, 1.0 ],
					"faces": {
						"north": { "texture": "#oak2", "uv": [ 0.0, 0.0, 3.0, 1.5 ], "rotation": 90 },
						"south": { "texture": "#oak2", "uv": [ 6.5, 8.0, 9.5, 9.5 ], "rotation": 90 },
						"west": { "texture": "#oak", "uv": [ 5.5, 7.0, 7.0, 10.0 ] },
						"up": { "texture": "#oak2", "uv": [ 0.0, 0.0, 1.5, 1.5 ], "rotation": 90 }
					}
				},
				{
					"name": "Cube29",
					"from": [ 2.0, 15.0, 0.0 ],
					"to": [ 3.0, 17.5, 1.0 ],
					"rotationOrigin": [ 2.0, 15.0, 0.0 ],
					"faces": {
						"north": { "texture": "#oak", "uv": [ 4.5, 8.0, 5.5, 10.5 ] },
						"east": { "texture": "#oak", "uv": [ 7.0, 7.5, 8.0, 10.0 ] },
						"south": { "texture": "#oak2", "uv": [ 0.0, 0.0, 2.5, 1.0 ], "rotation": 90 },
						"west": { "texture": "#oak2", "uv": [ 0.0, 0.0, 2.5, 1.0 ], "rotation": 90 },
						"up": { "texture": "#oak2", "uv": [ 0.0, 0.0, 1.0, 1.0 ], "rotation": 90 }
					}
				},
				{
					"name": "Cube30",
					"from": [ 0.5, 15.0, 2.5 ],
					"to": [ 1.5, 17.5, 3.0 ],
					"rotationOrigin": [ 0.5, 15.0, 2.5 ],
					"faces": {
						"east": { "texture": "#oak2", "uv": [ 0.0, 0.0, 2.5, 0.5 ], "rotation": 90 },
						"south": { "texture": "#oak", "uv": [ 3.5, 10.5, 4.5, 13.0 ] },
						"west": { "texture": "#oak2", "uv": [ 0.0, 0.0, 2.5, 0.5 ], "rotation": 90 },
						"up": { "texture": "#oak2", "uv": [ 0.0, 0.0, 0.5, 1.0 ], "rotation": 90 }
					}
				},
				{
					"name": "Cube41",
					"from": [ 1.0, 15.0, 0.0 ],
					"to": [ 2.0, 16.5, 1.0 ],
					"rotationOrigin": [ 1.0, 15.0, 0.0 ],
					"faces": {
						"north": { "texture": "#oak", "uv": [ 9.5, 1.5, 10.5, 3.0 ] },
						"west": { "texture": "#oak2", "uv": [ 0.0, 0.0, 1.5, 1.0 ], "rotation": 90 },
						"up": { "texture": "#oak2", "uv": [ 0.0, 0.0, 1.0, 1.0 ], "rotation": 90 }
					}
				},
				{
					"name": "Cube41",
					"from": [ 1.5, 15.0, 2.5 ],
					"to": [ 2.5, 16.5, 3.0 ],
					"rotationOrigin": [ 1.5, 15.0, 2.5 ],
					"faces": {
						"east": { "texture": "#oak2", "uv": [ 0.0, 0.0, 1.5, 0.5 ], "rotation": 90 },
						"south": { "texture": "#oak", "uv": [ 7.5, 12.5, 8.5, 14.0 ] },
						"up": { "texture": "#oak2", "uv": [ 0.0, 0.0, 0.5, 1.0 ], "rotation": 90 }
					}
				},
				{
					"name": "Cube41",
					"from": [ 1.0, 19.0, 1.0 ],
					"to": [ 2.0, 20.5, 1.5 ],
					"rotationOrigin": [ 1.0, 19.0, 1.0 ],
					"faces": {
						"north": { "texture": "#oak2", "uv": [ 0.0, 0.0, 1.5, 1.0 ], "rotation": 90 },
						"east": { "texture": "#oak2", "uv": [ 5.0, 4.0, 6.5, 4.5 ], "rotation": 90 },
						"south": { "texture": "#oak2", "uv": [ 0.5, 2.5, 2.0, 3.5 ], "rotation": 90 },
						"west": { "texture": "#oak2", "uv": [ 0.0, 0.0, 1.5, 0.5 ], "rotation": 90 },
						"up": { "texture": "#oak2", "uv": [ 0.0, 0.0, 0.5, 1.0 ], "rotation": 90 }
					}
				},
				{
					"name": "Cube41",
					"from": [ 2.5, 15.0, 1.0 ],
					"to": [ 3.0, 17.0, 2.5 ],
					"rotationOrigin": [ 2.5, 15.0, 1.0 ],
					"faces": {
						"east": { "texture": "#oak", "uv": [ 5.0, 13.0, 6.5, 15.0 ] },
						"south": { "texture": "#oak2", "uv": [ 0.0, 0.0, 2.0, 0.5 ], "rotation": 90 },
						"up": { "texture": "#oak2", "uv": [ 0.0, 0.0, 1.5, 0.5 ], "rotation": 90 }
					}
				},
				{
					"name": "Cube41",
					"from": [ 2.0, 15.0, 1.0 ],
					"to": [ 2.5, 18.0, 1.5 ],
					"rotationOrigin": [ 2.0, 15.0, 1.0 ],
					"faces": {
						"north": { "texture": "#oak2", "uv": [ 0.0, 0.0, 3.0, 0.5 ], "rotation": 90 },
						"east": { "texture": "#oak2", "uv": [ 0.0, 0.0, 3.0, 0.5 ], "rotation": 90 },
						"up": { "texture": "#oak2", "uv": [ 0.0, 0.0, 0.5, 0.5 ], "rotation": 90 }
					}
				},
				{
					"name": "Cube48",
					"from": [ 1.0, 19.0, 1.5 ],
					"to": [ 1.5, 21.5, 2.0 ],
					"rotationOrigin": [ 1.0, 19.0, 1.5 ],
					"faces": {
						"north": { "texture": "#oak2", "uv": [ 0.0, 0.0, 2.5, 0.5 ], "rotation": 90 },
						"east": { "texture": "#oak2", "uv": [ 4.0, 5.5, 6.5, 6.0 ], "rotation": 90 },
						"south": { "texture": "#oak2", "uv": [ 12.5, 11.5, 15.0, 12.0 ], "rotation": 90 },
						"west": { "texture": "#oak2", "uv": [ 4.5, 2.0, 7.0, 2.5 ], "rotation": 90 },
						"up": { "texture": "#oak2", "uv": [ 0.0, 0.0, 0.5, 0.5 ], "rotation": 90 }
					}
				}
			]
		},
		{
			"name": "Stake36",
			"from": [ 0.5, 16.0, 1.0 ],
			"to": [ 3.5, 28.0, 4.0 ],
			"rotationOrigin": [ 2.0, 0.0, 2.5 ],
			"rotationY": 17.0,
			"faces": {
				"north": { "texture": "#oak", "uv": [ 7.5, 2.5, 10.5, 14.5 ] },
				"east": { "texture": "#oak", "uv": [ 3.5, 3.5, 6.5, 15.5 ] },
				"south": { "texture": "#oak", "uv": [ 5.5, 0.0, 8.5, 12.0 ] },
				"west": { "texture": "#oak", "uv": [ 3.5, 3.5, 6.5, 15.5 ], "windMode": [-1,-1,-1,-1] },
				"up": { "texture": "#oak2", "uv": [ 7.5, 1.0, 10.5, 4.0 ] }
			},
			"children": [
				{
					"name": "Cube42",
					"from": [ 0.5, 11.0, 1.0 ],
					"to": [ 2.0, 16.0, 2.0 ],
					"rotationOrigin": [ 0.5, 11.0, 1.0 ],
					"faces": {
						"north": { "texture": "#oak2", "uv": [ 8.0, 6.5, 13.0, 8.0 ], "rotation": 90 },
						"east": { "texture": "#oak2", "uv": [ 6.0, 4.5, 11.0, 5.5 ], "rotation": 90 },
						"south": { "texture": "#oak2", "uv": [ 9.5, 8.5, 14.5, 10.0 ], "rotation": 90 },
						"west": { "texture": "#oak2", "uv": [ 3.0, 14.0, 8.0, 15.0 ], "rotation": 90 },
						"up": { "texture": "#oak2", "uv": [ 11.0, 0.5, 12.0, 2.0 ], "rotation": 90 }
					}
				},
				{
					"name": "Cube42",
					"from": [ 1.5, 11.0, 1.5 ],
					"to": [ 2.5, 14.5, 2.5 ],
					"rotationOrigin": [ 1.5, 11.0, 1.5 ],
					"faces": {
						"north": { "texture": "#oak2", "uv": [ 5.5, 14.0, 9.0, 15.0 ], "rotation": 90 },
						"east": { "texture": "#oak2", "uv": [ 3.5, 13.5, 7.0, 14.5 ], "rotation": 90 },
						"south": { "texture": "#oak2", "uv": [ 2.5, 4.5, 6.0, 5.5 ], "rotation": 90 },
						"west": { "texture": "#oak2", "uv": [ 9.5, 0.0, 13.0, 1.0 ], "rotation": 90 },
						"up": { "texture": "#oak2", "uv": [ 8.0, 6.5, 9.0, 7.5 ], "rotation": 90 }
					}
				},
				{
					"name": "Cube42",
					"from": [ 0.0, 12.0, 0.5 ],
					"to": [ 1.5, 15.0, 1.5 ],
					"rotationOrigin": [ 0.0, 12.0, 0.5 ],
					"faces": {
						"north": { "texture": "#oak2", "uv": [ 2.5, 11.5, 5.5, 13.0 ], "rotation": 90 },
						"east": { "texture": "#oak2", "uv": [ 2.5, 0.0, 5.5, 1.0 ], "rotation": 90 },
						"south": { "texture": "#oak2", "uv": [ 9.0, 7.5, 12.0, 9.0 ], "rotation": 90 },
						"west": { "texture": "#oak", "uv": [ 6.5, 5.0, 7.5, 8.0 ] },
						"up": { "texture": "#oak2", "uv": [ 11.0, 6.5, 12.0, 8.0 ], "rotation": 90 }
					}
				},
				{
					"name": "Cube42",
					"from": [ 2.0, 12.0, 0.0 ],
					"to": [ 3.0, 14.0, 1.0 ],
					"rotationOrigin": [ 2.0, 12.0, 0.0 ],
					"faces": {
						"north": { "texture": "#oak", "uv": [ 5.5, 10.5, 6.5, 12.5 ] },
						"east": { "texture": "#oak", "uv": [ 1.0, 0.5, 2.0, 2.5 ] },
						"south": { "texture": "#oak2", "uv": [ 12.0, 9.5, 14.0, 10.5 ], "rotation": 90 },
						"west": { "texture": "#oak2", "uv": [ 11.5, 4.5, 13.5, 5.5 ], "rotation": 90 },
						"up": { "texture": "#oak2", "uv": [ 0.0, 3.0, 1.0, 4.0 ], "rotation": 90 }
					}
				},
				{
					"name": "Cube42",
					"from": [ 0.0, 12.0, 1.5 ],
					"to": [ 1.0, 13.5, 2.5 ],
					"rotationOrigin": [ 0.0, 12.0, 1.5 ],
					"faces": {
						"east": { "texture": "#oak2", "uv": [ 1.0, 0.0, 2.5, 1.0 ], "rotation": 90 },
						"south": { "texture": "#oak2", "uv": [ 14.0, 7.0, 15.5, 8.0 ], "rotation": 90 },
						"west": { "texture": "#oak", "uv": [ 4.0, 4.0, 5.0, 5.5 ] },
						"up": { "texture": "#oak2", "uv": [ 7.5, 12.0, 8.5, 13.0 ], "rotation": 90 }
					}
				},
				{
					"name": "Cube42",
					"from": [ 1.0, 12.0, 0.0 ],
					"to": [ 2.0, 13.5, 1.0 ],
					"rotationOrigin": [ 1.0, 12.0, 0.0 ],
					"faces": {
						"north": { "texture": "#oak", "uv": [ 8.5, 6.0, 9.5, 7.5 ] },
						"west": { "texture": "#oak2", "uv": [ 11.0, 2.0, 12.5, 3.0 ], "rotation": 90 },
						"up": { "texture": "#oak2", "uv": [ 10.0, 8.5, 11.0, 9.5 ], "rotation": 90 }
					}
				},
				{
					"name": "Cube43",
					"from": [ 1.5, 12.0, 2.5 ],
					"to": [ 2.5, 12.5, 3.0 ],
					"rotationOrigin": [ 1.5, 12.0, 2.5 ],
					"faces": {
						"east": { "texture": "#oak2", "uv": [ 11.5, 7.0, 12.0, 7.5 ], "rotation": 90 },
						"south": { "texture": "#oak", "uv": [ 7.5, 7.0, 8.5, 7.5 ] },
						"west": { "texture": "#oak2", "uv": [ 6.0, 14.0, 6.5, 14.5 ], "rotation": 90 },
						"up": { "texture": "#oak2", "uv": [ 5.0, 4.5, 5.5, 5.5 ], "rotation": 90 }
					}
				},
				{
					"name": "Cube44",
					"from": [ 1.0, 16.0, 1.0 ],
					"to": [ 1.5, 17.0, 1.5 ],
					"rotationOrigin": [ 1.0, 16.0, 1.0 ],
					"faces": {
						"north": { "texture": "#oak2", "uv": [ 6.0, 15.0, 7.0, 15.5 ], "rotation": 90 },
						"east": { "texture": "#oak2", "uv": [ 9.0, 1.0, 10.0, 1.5 ], "rotation": 90 },
						"south": { "texture": "#oak2", "uv": [ 12.0, 8.5, 13.0, 9.0 ], "rotation": 90 },
						"west": { "texture": "#oak2", "uv": [ 10.5, 0.5, 11.5, 1.0 ], "rotation": 90 },
						"up": { "texture": "#oak2", "uv": [ 15.0, 15.0, 15.5, 15.5 ], "rotation": 90 }
					}
				},
				{
					"name": "Cube45",
					"from": [ 2.5, 12.0, 1.0 ],
					"to": [ 3.0, 13.0, 2.5 ],
					"rotationOrigin": [ 2.5, 12.0, 1.0 ],
					"faces": {
						"east": { "texture": "#oak", "uv": [ 5.5, 4.5, 7.0, 5.5 ] },
						"south": { "texture": "#oak2", "uv": [ 0.0, 12.0, 1.0, 12.5 ], "rotation": 90 },
						"up": { "texture": "#oak2", "uv": [ 13.0, 8.0, 14.5, 8.5 ], "rotation": 90 }
					}
				},
				{
					"name": "Cube46",
					"from": [ 2.0, 12.0, 1.0 ],
					"to": [ 2.5, 15.0, 1.5 ],
					"rotationOrigin": [ 2.0, 12.0, 1.0 ],
					"faces": {
						"north": { "texture": "#oak2", "uv": [ 10.0, 13.0, 13.0, 13.5 ], "rotation": 90 },
						"east": { "texture": "#oak2", "uv": [ 4.0, 13.0, 7.0, 13.5 ], "rotation": 90 },
						"south": { "texture": "#oak2", "uv": [ 9.5, 15.0, 12.5, 15.5 ], "rotation": 90 },
						"up": { "texture": "#oak2", "uv": [ 4.0, 15.0, 4.5, 15.5 ], "rotation": 90 }
					}
				}
			]
		}
	]}