{
	"editor": {
		"collapsedPaths": "Root/Cube49,Root/Bracing2,Root/TopBracing/InerStake,Root/Bracing/OuterStake2/Rope16,Root/Bracing,Root/Bracing/OuterStake2/Rope18,Root/Bracing/OuterStake3,Root/Cube60,Root/Bracing/OuterStake4,Root/OuterStake1,Root/OuterStake2,Root/Bracing3",
		"allAngles": true,
		"entityTextureMode": false
	},
	"textureWidth": 16,
	"textureHeight": 16,
	"textureSizes": {
	},
	"textures": {
		"aged3": "game:block/wood/bark/quad/ends/placed/aged",
		"aged2": "game:block/wood/bark/quad/placed/aged"
	},
	"elements": [
		{
			"name": "SupportBeam1",
			"from": [ 15.3, 21.17, 12.57 ],
			"to": [ 18.5, 38.67, 15.77 ],
			"rotationOrigin": [ 1.6208, 24.7537, 12.5665 ],
			"rotationX": -116.0,
			"rotationY": 89.9802,
			"rotationZ": 26.565,
			"faces": {
				"north": { "texture": "#aged2", "uv": [ 2.0, 0.5, 6.0, 15.5 ], "autoUv": false, "windMode": [-1,-1,-1,-1] },
				"east": { "texture": "#aged2", "uv": [ 2.0, 15.0, 6.5, 0.5 ], "autoUv": false, "windMode": [-1,-1,-1,-1] },
				"south": { "texture": "#aged2", "uv": [ 2.5, 0.5, 6.5, 15.0 ], "autoUv": false, "windMode": [-1,-1,-1,-1] },
				"west": { "texture": "#aged2", "uv": [ 2.5, 0.5, 6.0, 15.0 ], "autoUv": false, "windMode": [-1,-1,-1,-1] },
				"up": { "texture": "#aged3", "uv": [ 1.5, 1.5, 5.5, 6.0 ], "autoUv": false, "windMode": [-1,-1,-1,-1] },
				"down": { "texture": "#aged3", "uv": [ 1.0, 1.5, 5.0, 7.5 ], "autoUv": false, "windMode": [-1,-1,-1,-1] }
			},
			"children": [
				{
					"name": "SupportBeam2",
					"from": [ 0.0, 0.1, 9.5 ],
					"to": [ 3.2, 17.6, 12.7 ],
					"rotationOrigin": [ -0.0024, 0.0995, 9.5 ],
					"faces": {
						"north": { "texture": "#aged2", "uv": [ 2.0, 1.0, 6.0, 15.5 ], "autoUv": false, "windMode": [-1,-1,-1,-1] },
						"east": { "texture": "#aged2", "uv": [ 2.5, 15.0, 6.5, 0.0 ], "autoUv": false, "windMode": [-1,-1,-1,-1] },
						"south": { "texture": "#aged2", "uv": [ 2.0, 0.5, 6.5, 15.5 ], "autoUv": false, "windMode": [-1,-1,-1,-1] },
						"west": { "texture": "#aged2", "uv": [ 2.0, 0.5, 6.5, 15.0 ], "autoUv": false, "windMode": [-1,-1,-1,-1] },
						"up": { "texture": "#aged3", "uv": [ 1.5, 1.0, 6.0, 6.0 ], "autoUv": false, "windMode": [-1,-1,-1,-1] },
						"down": { "texture": "#aged3", "uv": [ 1.0, 0.5, 6.0, 6.5 ], "autoUv": false, "windMode": [-1,-1,-1,-1] }
					}
				},
				{
					"name": "Floorbeam1",
					"from": [ 0.08, 0.63, -2.1 ],
					"to": [ 5.08, 16.63, 2.9 ],
					"rotationOrigin": [ 0.0844, 0.5526, -1.6 ],
					"rotationX": -90.0,
					"rotationY": 4.0,
					"rotationZ": -180.0,
					"faces": {
						"north": { "texture": "#aged2", "uv": [ 0.5, 1.5, 7.5, 14.5 ], "autoUv": false, "windMode": [-1,-1,-1,-1] },
						"east": { "texture": "#aged2", "uv": [ 1.0, 1.0, 7.5, 15.0 ], "autoUv": false },
						"south": { "texture": "#aged2", "uv": [ 1.0, 1.0, 7.0, 15.0 ], "autoUv": false },
						"west": { "texture": "#aged2", "uv": [ 0.5, 0.5, 7.0, 16.0 ], "autoUv": false },
						"up": { "texture": "#aged3", "uv": [ 0.5, 1.0, 5.5, 5.5 ], "autoUv": false },
						"down": { "texture": "#aged3", "uv": [ 15.0, 1.5, 9.5, 6.0 ], "autoUv": false }
					}
				},
				{
					"name": "Floorbeam2",
					"from": [ -4.82, 5.75, -1.6 ],
					"to": [ 0.18, 21.75, 3.4 ],
					"rotationOrigin": [ -4.8156, 5.6526, -1.6 ],
					"rotationX": -90.0,
					"rotationY": 88.0,
					"rotationZ": -180.0,
					"faces": {
						"north": { "texture": "#aged2", "uv": [ 0.5, 1.5, 7.0, 16.0 ], "autoUv": false, "windMode": [-1,-1,-1,-1] },
						"east": { "texture": "#aged2", "uv": [ 1.0, 1.0, 7.5, 14.5 ], "autoUv": false },
						"south": { "texture": "#aged2", "uv": [ 1.0, 1.0, 7.5, 15.0 ], "autoUv": false },
						"west": { "texture": "#aged2", "uv": [ 0.5, 0.5, 7.5, 16.0 ], "autoUv": false },
						"up": { "texture": "#aged3", "uv": [ 1.0, 1.0, 6.0, 5.5 ], "autoUv": false },
						"down": { "texture": "#aged3", "uv": [ 15.0, 1.5, 9.0, 6.5 ], "autoUv": false }
					}
				},
				{
					"name": "Floorbeam3",
					"from": [ 0.0837, 10.95, -1.6 ],
					"to": [ 5.0837, 26.95, 3.4 ],
					"rotationOrigin": [ 0.0844, 10.8526, -1.6 ],
					"rotationX": -90.0,
					"rotationY": 3.0,
					"rotationZ": -180.0,
					"faces": {
						"north": { "texture": "#aged2", "uv": [ 0.5, 0.5, 7.5, 15.0 ], "autoUv": false, "windMode": [-1,-1,-1,-1] },
						"east": { "texture": "#aged2", "uv": [ 1.0, 1.0, 7.0, 15.0 ], "autoUv": false },
						"south": { "texture": "#aged2", "uv": [ 1.0, 1.0, 7.0, 15.0 ], "autoUv": false },
						"west": { "texture": "#aged2", "uv": [ 0.5, 0.5, 7.5, 16.0 ], "autoUv": false },
						"up": { "texture": "#aged3", "uv": [ 1.0, 1.5, 6.0, 5.0 ], "autoUv": false },
						"down": { "texture": "#aged3", "uv": [ 15.0, 1.5, 9.5, 6.0 ], "autoUv": false }
					}
				},
				{
					"name": "SupportBeam3",
					"from": [ 0.0, 2.1, 9.4 ],
					"to": [ 3.2, 22.6, 12.6 ],
					"rotationOrigin": [ -0.0024, 2.0995, 9.4 ],
					"rotationZ": -35.0,
					"faces": {
						"north": { "texture": "#aged2", "uv": [ 2.0, 1.0, 5.5, 15.0 ], "autoUv": false, "windMode": [-1,-1,-1,-1] },
						"east": { "texture": "#aged2", "uv": [ 2.0, 15.0, 6.0, 0.5 ], "autoUv": false, "windMode": [-1,-1,-1,-1] },
						"south": { "texture": "#aged2", "uv": [ 2.0, 0.5, 6.0, 15.5 ], "autoUv": false, "windMode": [-1,-1,-1,-1] },
						"west": { "texture": "#aged2", "uv": [ 2.0, 0.5, 6.5, 15.5 ], "autoUv": false, "windMode": [-1,-1,-1,-1] },
						"up": { "texture": "#aged3", "uv": [ 1.5, 1.5, 5.5, 6.0 ], "autoUv": false, "windMode": [-1,-1,-1,-1] },
						"down": { "texture": "#aged3", "uv": [ 1.5, 1.5, 6.0, 6.5 ], "autoUv": false, "windMode": [-1,-1,-1,-1] }
					},
					"children": [
						{
							"name": "SupportBeam4",
							"from": [ 0.0, 0.0, -9.3 ],
							"to": [ 3.2, 20.5, -6.1 ],
							"rotationOrigin": [ -0.0024, -5.0E-4, -9.3 ],
							"faces": {
								"north": { "texture": "#aged2", "uv": [ 2.0, 1.0, 6.0, 15.5 ], "autoUv": false, "windMode": [-1,-1,-1,-1] },
								"east": { "texture": "#aged2", "uv": [ 2.0, 15.0, 6.0, 0.0 ], "autoUv": false, "windMode": [-1,-1,-1,-1] },
								"south": { "texture": "#aged2", "uv": [ 2.0, 0.5, 6.0, 15.5 ], "autoUv": false, "windMode": [-1,-1,-1,-1] },
								"west": { "texture": "#aged2", "uv": [ 2.0, 0.5, 6.0, 15.5 ], "autoUv": false, "windMode": [-1,-1,-1,-1] },
								"up": { "texture": "#aged3", "uv": [ 2.0, 1.0, 5.5, 5.5 ], "autoUv": false, "windMode": [-1,-1,-1,-1] },
								"down": { "texture": "#aged3", "uv": [ 1.5, 1.5, 5.5, 6.5 ], "autoUv": false, "windMode": [-1,-1,-1,-1] }
							}
						},
						{
							"name": "SupportBeam5",
							"from": [ 0.01, 0.3532, 0.1 ],
							"to": [ 2.81, 17.3532, 3.3 ],
							"rotationOrigin": [ 0.0098, 0.3527, 0.1 ],
							"rotationX": -31.86,
							"rotationY": 4.3946,
							"rotationZ": -0.1164,
							"faces": {
								"north": { "texture": "#aged2", "uv": [ 2.0, 1.0, 5.5, 15.5 ], "autoUv": false, "windMode": [-1,-1,-1,-1] },
								"east": { "texture": "#aged2", "uv": [ 2.0, 15.0, 6.5, 0.0 ], "autoUv": false, "windMode": [-1,-1,-1,-1] },
								"south": { "texture": "#aged2", "uv": [ 2.0, 0.5, 6.5, 15.0 ], "autoUv": false, "windMode": [-1,-1,-1,-1] },
								"west": { "texture": "#aged2", "uv": [ 2.0, 0.5, 6.0, 16.0 ], "autoUv": false, "windMode": [-1,-1,-1,-1] },
								"up": { "texture": "#aged3", "uv": [ 1.0, 1.0, 5.5, 5.5 ], "autoUv": false, "windMode": [-1,-1,-1,-1] },
								"down": { "texture": "#aged3", "uv": [ 1.5, 1.0, 6.0, 6.5 ], "autoUv": false, "windMode": [-1,-1,-1,-1] }
							}
						},
						{
							"name": "SupportBeam6",
							"from": [ 0.11, 1.35, -9.4 ],
							"to": [ 2.91, 18.35, -6.2 ],
							"rotationOrigin": [ 0.1098, 1.3527, -9.4 ],
							"rotationX": 34.94,
							"rotationY": -4.351,
							"rotationZ": -0.534,
							"faces": {
								"north": { "texture": "#aged2", "uv": [ 2.0, 1.0, 5.5, 15.0 ], "autoUv": false, "windMode": [-1,-1,-1,-1] },
								"east": { "texture": "#aged2", "uv": [ 2.0, 15.0, 6.0, 0.0 ], "autoUv": false, "windMode": [-1,-1,-1,-1] },
								"south": { "texture": "#aged2", "uv": [ 1.5, 0.5, 6.0, 15.0 ], "autoUv": false, "windMode": [-1,-1,-1,-1] },
								"west": { "texture": "#aged2", "uv": [ 1.5, 0.5, 6.5, 15.5 ], "autoUv": false, "windMode": [-1,-1,-1,-1] },
								"up": { "texture": "#aged3", "uv": [ 0.5, 1.0, 6.5, 6.5 ], "autoUv": false, "windMode": [-1,-1,-1,-1] },
								"down": { "texture": "#aged3", "uv": [ 1.0, 2.0, 6.0, 6.5 ], "autoUv": false, "windMode": [-1,-1,-1,-1] }
							}
						}
					]
				}
			]
		}
	]}