{
  "textureWidth":16,
  "textureHeight":16,
  "textures":{
    "material":"game:block/metal/ingot/copper"
  },
  "textureSizes":{
    "material":[
      32,
      32
    ]
  },
  "elements":[
    {
      "name":"origin",
      "from":[
        10.79720687866211,
        0.5,
        8.21067351102829
      ],
      "to":[
        10.79720687866211,
        0.5,
        8.21067351102829
      ],
      "rotationOrigin":[
        8.0,
        0.0,
        8.0
      ],
      "group":"unv_metal_metalhead",
      "faces":{
        "north":{
          "texture":"#0",
          "uv":[
            0,
            0,
            4,
            4
          ],
          "autoUv":false
        },
        "east":{
          "texture":"#0",
          "uv":[
            0,
            0,
            4,
            4
          ],
          "autoUv":false
        },
        "south":{
          "texture":"#0",
          "uv":[
            0,
            0,
            4,
            4
          ],
          "autoUv":false
        },
        "west":{
          "texture":"#0",
          "uv":[
            0,
            0,
            4,
            4
          ],
          "autoUv":false
        },
        "up":{
          "texture":"#material",
          "uv":[
            0.0,
            0.0,
            1.0,
            1.0
          ],
          "autoUv":false,
          "rotation":180
        },
        "down":{
          "texture":"#0",
          "uv":[
            0,
            0,
            4,
            4
          ],
          "autoUv":false
        }
      },
      "children":[
        {
          "name":"unv_metal_metalhead1",
          "from":[
            4.902610957622528,
            0.03140254318714142,
            -1.121392548084259
          ],
          "to":[
            6.4510427713394165,
            0.3715706318616867,
            0.570565402507782
          ],
          "rotationOrigin":[
            5.84882926940918,
            0.20148658752441406,
            -0.24186724424362183
          ],
          "rotationY":-5.19390593687536,
          "group":"unv_metal_metalhead",
          "faces":{
            "north":{
              "texture":"#material",
              "uv":[
                16.0,
                7.912317276000977,
                17.0,
                11.0625
              ],
              "autoUv":false,
              "rotation":90
            },
            "east":{
              "texture":"#material",
              "uv":[
                15.0,
                7.912317276000977,
                16.0,
                12.0
              ],
              "autoUv":false,
              "rotation":90
            },
            "south":{
              "texture":"#material",
              "uv":[
                17.0,
                7.912317276000977,
                18.0,
                11.0625
              ],
              "autoUv":false,
              "rotation":90
            },
            "west":{
              "texture":"#material",
              "uv":[
                15.313899993896484,
                7.912317276000977,
                16.0,
                11.0625
              ],
              "autoUv":false,
              "rotation":90
            },
            "up":{
              "texture":"#material",
              "uv":[
                18.0,
                11.0,
                21.0,
                14.0
              ],
              "autoUv":false
            },
            "down":{
              "texture":"#material",
              "uv":[
                18.0,
                14.0,
                15.0,
                11.0
              ],
              "autoUv":false
            }
          },
          "children":[]
        },
        {
          "name":"unv_metal_metalhead2",
          "from":[
            4.97541931271553,
            -0.8535951375961304,
            -0.4633922129869461
          ],
          "to":[
            5.379379957914352,
            1.3543616831302643,
            -0.05943147838115692
          ],
          "rotationOrigin":[
            5.177399635314941,
            1.0068963766098022,
            -0.2654239535331726
          ],
          "rotationY":45.00000125223908,
          "group":"unv_metal_metalhead",
          "faces":{
            "north":{
              "texture":"#material",
              "uv":[
                15.0,
                11.965364456176758,
                16.0,
                17.34528923034668
              ],
              "autoUv":false,
              "rotation":180
            },
            "east":{
              "texture":"#material",
              "uv":[
                15.009923934936523,
                12.966279983520508,
                16.00993537902832,
                18.346187591552734
              ],
              "autoUv":false,
              "rotation":180
            },
            "south":{
              "texture":"#material",
              "uv":[
                16.0,
                11.965364456176758,
                17.0,
                17.34528923034668
              ],
              "autoUv":false,
              "rotation":180
            },
            "west":{
              "texture":"#material",
              "uv":[
                15.990059852600098,
                12.966279983520508,
                16.990068435668945,
                18.346187591552734
              ],
              "autoUv":false,
              "rotation":180
            },
            "up":{
              "texture":"#material",
              "uv":[
                17.0,
                16.013510704040527,
                18.0,
                17.011713981628418
              ],
              "autoUv":false
            },
            "down":{
              "texture":"#material",
              "uv":[
                18.0,
                17.990087509155273,
                17.0,
                16.991887092590332
              ],
              "autoUv":false
            }
          },
          "children":[]
        }
      ]
    }
  ],
  "groups":[]
}