{
  "textureWidth":16,
  "textureHeight":16,
  "textures":{
    "material":"game:item/tool/material/string"
  },
  "textureSizes":{
    "material":[
      32,
      32
    ]
  },
  "elements":[
    {
      "name":"origin",
      "from":[
        10.79720687866211,
        0.5,
        8.21067351102829
      ],
      "to":[
        10.79720687866211,
        0.5,
        8.21067351102829
      ],
      "rotationOrigin":[
        8.0,
        0.0,
        8.0
      ],
      "group":"unv_string_stonehead",
      "faces":{
        "north":{
          "texture":"#0",
          "uv":[
            0,
            0,
            4,
            4
          ],
          "autoUv":false
        },
        "east":{
          "texture":"#0",
          "uv":[
            0,
            0,
            4,
            4
          ],
          "autoUv":false
        },
        "south":{
          "texture":"#0",
          "uv":[
            0,
            0,
            4,
            4
          ],
          "autoUv":false
        },
        "west":{
          "texture":"#0",
          "uv":[
            0,
            0,
            4,
            4
          ],
          "autoUv":false
        },
        "up":{
          "texture":"#material",
          "uv":[
            0.0,
            0.0,
            1.0,
            1.0
          ],
          "autoUv":false,
          "rotation":180
        },
        "down":{
          "texture":"#0",
          "uv":[
            0,
            0,
            4,
            4
          ],
          "autoUv":false
        }
      },
      "children":[
        {
          "name":"unv_string_stonehead 01",
          "from":[
            -1.759479433298111,
            -0.4833424687385559,
            -1.1915532946586609
          ],
          "to":[
            -1.2223454415798187,
            1.097874939441681,
            0.6899173855781555
          ],
          "rotationOrigin":[
            -1.4909124374389648,
            0.3072662353515625,
            -0.2508179545402527
          ],
          "rotationY":15.123406567789525,
          "group":"unv_string_stonehead",
          "faces":{
            "north":{
              "texture":"#material",
              "uv":[
                19.0,
                2.0,
                22.0,
                3.0
              ],
              "autoUv":false,
              "rotation":90
            },
            "east":{
              "texture":"#material",
              "uv":[
                0.9999998807907104,
                1.0,
                5.001025676727295,
                4.0
              ],
              "autoUv":false
            },
            "south":{
              "texture":"#material",
              "uv":[
                4.0,
                2.0,
                7.0,
                3.0
              ],
              "autoUv":false,
              "rotation":90
            },
            "west":{
              "texture":"#material",
              "uv":[
                6.0,
                6.0,
                10.0,
                9.0
              ],
              "autoUv":false
            },
            "up":{
              "texture":"#material",
              "uv":[
                0.9999998807907104,
                1.0,
                2.0,
                5.0
              ],
              "autoUv":false
            },
            "down":{
              "texture":"#material",
              "uv":[
                2.0,
                5.0,
                0.9999998807907104,
                1.0
              ],
              "autoUv":false,
              "rotation":180
            }
          },
          "children":[]
        },
        {
          "name":"unv_string_stonehead 02",
          "from":[
            -1.193757876753807,
            -0.5176493525505066,
            -1.1082438826560974
          ],
          "to":[
            -0.6937619596719742,
            1.1321818232536316,
            0.5938201546669006
          ],
          "rotationOrigin":[
            -0.9437599182128906,
            0.3072662353515625,
            -0.2572118639945984
          ],
          "rotationY":-0.4300000020051476,
          "group":"unv_string_stonehead",
          "faces":{
            "north":{
              "texture":"#material",
              "uv":[
                4.0,
                2.0,
                1.0,
                3.0
              ],
              "autoUv":false,
              "rotation":90
            },
            "east":{
              "texture":"#material",
              "uv":[
                22.0,
                1.0,
                18.001026153564453,
                4.0
              ],
              "autoUv":false
            },
            "south":{
              "texture":"#material",
              "uv":[
                19.0,
                2.0,
                16.0,
                3.0
              ],
              "autoUv":false,
              "rotation":90
            },
            "west":{
              "texture":"#material",
              "uv":[
                17.0,
                6.0,
                13.0,
                9.0
              ],
              "autoUv":false
            },
            "up":{
              "texture":"#material",
              "uv":[
                22.0,
                1.0,
                21.0,
                5.0
              ],
              "autoUv":false
            },
            "down":{
              "texture":"#material",
              "uv":[
                21.0,
                5.0,
                22.0,
                1.0
              ],
              "autoUv":false,
              "rotation":180
            }
          },
          "children":[]
        },
        {
          "name":"unv_string_stonehead 03",
          "from":[
            1.9169331192970276,
            0.06189990043640137,
            -0.5891563892364502
          ],
          "to":[
            3.7196340560913086,
            0.5806857049465179,
            1.068869411945343
          ],
          "rotationOrigin":[
            2.285952568054199,
            0.32129281759262085,
            0.2398565411567688
          ],
          "rotationX":90.95782725254574,
          "rotationY":0.2248830179273178,
          "rotationZ":-83.58997925144791,
          "group":"unv_string_stonehead",
          "faces":{
            "north":{
              "texture":"#material",
              "uv":[
                3.5872297286987305,
                1.0,
                0.06389570236206055,
                1.9999961853027344
              ],
              "autoUv":false
            },
            "east":{
              "texture":"#material",
              "uv":[
                10.590726852416992,
                2.000001907348633,
                7.590726852416992,
                3.0
              ],
              "autoUv":false,
              "rotation":180
            },
            "south":{
              "texture":"#material",
              "uv":[
                7.59121561050415,
                5.0,
                3.8224430084228516,
                5.999996185302734
              ],
              "autoUv":false,
              "rotation":180
            },
            "west":{
              "texture":"#material",
              "uv":[
                11.590726852416992,
                5.999998092651367,
                8.590726852416992,
                6.999998092651367
              ],
              "autoUv":false
            },
            "up":{
              "texture":"#material",
              "uv":[
                10.362905502319336,
                5.000001907348633,
                6.590726852416992,
                8.000001907348633
              ],
              "autoUv":false
            },
            "down":{
              "texture":"#material",
              "uv":[
                3.818545341491699,
                9.0,
                7.590726852416992,
                5.999994277954102
              ],
              "autoUv":false,
              "rotation":180
            }
          },
          "children":[]
        },
        {
          "name":"unv_string_stonehead 04",
          "from":[
            1.943694606423378,
            -0.4888569265604019,
            -0.0014165639877319336
          ],
          "to":[
            2.2668346017599106,
            -0.1896662563085556,
            0.934901237487793
          ],
          "rotationOrigin":[
            2.105264663696289,
            -0.33926157653331757,
            0.4667423367500305
          ],
          "rotationX":59.326510866543,
          "rotationY":-0.10947645314182627,
          "rotationZ":-68.46356910797088,
          "group":"unv_string_stonehead",
          "faces":{
            "north":{
              "texture":"#material",
              "uv":[
                12.0,
                2.0,
                13.0,
                3.0
              ],
              "autoUv":false
            },
            "east":{
              "texture":"#material",
              "uv":[
                1.999999761581421,
                2.0,
                4.0,
                3.0
              ],
              "autoUv":false,
              "rotation":180
            },
            "south":{
              "texture":"#material",
              "uv":[
                18.0,
                2.0,
                18.999998092651367,
                3.000001907348633
              ],
              "autoUv":false,
              "rotation":180
            },
            "west":{
              "texture":"#material",
              "uv":[
                6.0,
                2.0,
                7.999999523162842,
                3.0
              ],
              "autoUv":false
            },
            "up":{
              "texture":"#material",
              "uv":[
                0.9999998807907104,
                0.9999980926513672,
                2.000000238418579,
                3.0
              ],
              "autoUv":false
            },
            "down":{
              "texture":"#material",
              "uv":[
                6.999999523162842,
                11.000001907348633,
                6.000000476837158,
                8.999998092651367
              ],
              "autoUv":false,
              "rotation":180
            }
          },
          "children":[]
        },
        {
          "name":"unv_string_stonehead 05",
          "from":[
            1.4382905662059784,
            0.05221375823020935,
            -0.5509434342384338
          ],
          "to":[
            3.240963935852051,
            0.5709996223449707,
            1.0225368738174438
          ],
          "rotationOrigin":[
            1.8073043823242188,
            0.3116067051887512,
            0.2357967495918274
          ],
          "rotationX":90.98370683931091,
          "rotationY":0.01625555173735949,
          "rotationZ":-95.8552026610391,
          "group":"unv_string_stonehead",
          "faces":{
            "north":{
              "texture":"#material",
              "uv":[
                10.003497123718262,
                1.0,
                13.770783424377441,
                1.9999961853027344
              ],
              "autoUv":false
            },
            "east":{
              "texture":"#material",
              "uv":[
                2.999999761581421,
                2.000001907348633,
                6.0,
                3.0
              ],
              "autoUv":false,
              "rotation":180
            },
            "south":{
              "texture":"#material",
              "uv":[
                5.999511241912842,
                5.0,
                9.76828384399414,
                5.999996185302734
              ],
              "autoUv":false,
              "rotation":180
            },
            "west":{
              "texture":"#material",
              "uv":[
                2.0,
                5.999998092651367,
                5.000000476837158,
                6.999998092651367
              ],
              "autoUv":false
            },
            "up":{
              "texture":"#material",
              "uv":[
                3.227821111679077,
                5.000001907348633,
                7.0,
                8.000001907348633
              ],
              "autoUv":false
            },
            "down":{
              "texture":"#material",
              "uv":[
                9.772181510925293,
                9.0,
                6.0,
                5.999994277954102
              ],
              "autoUv":false,
              "rotation":180
            }
          },
          "children":[]
        }
      ]
    }
  ],
  "groups":[]
}