{
	"code": "poultice",
	"class": "ItemPoultice",
	"attributesByType": {
		"*-grass-flower": { 
		"health": 1,
		"onDisplayTransform": {
			"translation": { "x": 0.04, "y": -0.3, "z": 0.15 },
			"origin": { "x": 0.5, "y": 0.5, "z": 0.5 },
			"scale": 0.4
		}
	 }
	},
	"maxstacksize": 16,
	"variantgroups": [
		{ "code": "material", "states": ["grass" ] },
		{ "code": "agent", "states": ["flower" ] }
	],
	"shape": { "base": "item/medicine/poultice-{material}" },
    "creativeInventory": {
        "general": [
            "*"
        ],
        "allclasses": [
            "*"
        ]
    },
	"materialDensity": 600,
	"guiTransform": {
		"translation": { "x": 3, "y": 0, "z": 0 },
		"rotation": { "x": 120, "y": 41, "z": 7 },
		"origin": { "x": 0.5, "y": 0.11, "z": 0.5 },
		"scale": 2.15
	},
	"fpHandTransform": {
		"translation": { "x": 0, "y": 0, "z": 0 },
		"rotation": { "x": 40, "y": 91, "z": 15 },
		"origin": { "x": 0.8, "y": 0.4, "z": 0 },
		"scale": 1.47
	},
	"groundTransform": {
		"translation": { "x": 0, "y": 0, "z": 0 },
		"rotation": { "x": 180, "y": 33, "z": -180 },
		"origin": { "x": 0.5, "y": 0, "z": 0.5 },
		"scale": 2.5
	},
	"tpHandTransform": {
		"translation": { "x": 0, "y": 0, "z": 0 },
		"rotation": { "x": 5, "y": 41, "z": -31 },
		"origin": { "x": 0.16, "y": 0.05, "z": 0.08 },
		"scale": 0.44
	}
}
