[
  {
    "dependsOn": [
      {
        "modId": "wolftaming"
      }
    ],
    "file": "wolftaming:entities/land/dog-adult.json",
    "op": "replace",
    "path": "/server/behaviors/8/drops/0/quantity/avg",
    "value": 3.5
  },
  {
    "dependsOn": [
      {
        "modId": "wolftaming"
      }
    ],
    "file": "wolftaming:entities/land/dog-adult.json",
    "op": "replace",
    "path": "/server/behaviors/8/drops/0/quantity/var",
    "value": 0.5
  },
  {
    "dependsOn": [
      {
        "modId": "wolftaming"
      }
    ],
    "file": "wolftaming:entities/land/dog-adult.json",
    "op": "replace",
    "path": "/server/behaviors/8/drops/1/quantity/avg",
    "value": 0.75
  },
  {
    "dependsOn": [
      {
        "modId": "wolftaming"
      }
    ],
    "file": "wolftaming:entities/land/dog-adult.json",
    "op": "replace",
    "path": "/server/behaviors/8/drops/2/quantity/avg",
    "value": 0.625
  },
  {
    "dependsOn": [
      {
        "modId": "wolftaming"
      }
    ],
    "file": "wolftaming:entities/land/dog-adult.json",
    "op": "replace",
    "path": "/server/behaviors/8/drops/3/quantity/avg",
    "value": 2
  },
  {
    "dependsOn": [
      {
        "modId": "wolftaming"
      }
    ],
    "file": "wolftaming:entities/land/dog-adult.json",
    "op": "replace",
    "path": "/server/behaviors/8/drops/3/quantity/var",
    "value": 0.25
  },
  {
    "dependsOn": [
      {
        "modId": "wolftaming"
      }
    ],
    "file": "wolftaming:entities/land/dog-adult.json",
    "op": "replace",
    "path": "/server/behaviors/10/multiplyCooldownDaysMax",
    "value": 6
  },
  {
    "dependsOn": [
      {
        "modId": "wolftaming"
      }
    ],
    "file": "wolftaming:entities/land/dog-adult.json",
    "op": "replace",
    "path": "/server/behaviors/10/multiplyCooldownDaysMin",
    "value": 2
  },
  {
    "dependsOn": [
      {
        "modId": "wolftaming"
      }
    ],
    "file": "wolftaming:entities/land/dog-adult.json",
    "op": "replace",
    "path": "/server/behaviors/10/pregnancyDays",
    "value": 10
  },
  {
    "dependsOn": [
      {
        "modId": "wolftaming"
      }
    ],
    "file": "wolftaming:entities/land/dog-pup.json",
    "op": "replace",
    "path": "/server/behaviors/12/hoursToGrow",
    "value": 168
  }
]
