{
  "beastsofmen:hoppers": {
    "armory:armor/brigandine/torso": "bomarmory:femarmor/brigandine/torso",
    "armory:armor/chain/torso": "bomarmory:femarmor/chain/torso",
    "armory:armor/plate/torso": "bomarmory:femarmor/plate/torso",
    "armory:armor/scale/torso": "bomarmory:femarmor/scale/torso"
  },
  "beastsofmen:windstriders": {
    "armory:armor/brigandine/torso": "bomarmory:femarmor/brigandine/torso",
    "armory:armor/chain/torso": "bomarmory:femarmor/chain/torso",
    "armory:armor/plate/torso": "bomarmory:femarmor/plate/torso",
    "armory:armor/scale/torso": "bomarmory:femarmor/scale/torso"
  },
    "beastsofmen:alphas": {
    "armory:armor/brigandine/torso": "bomarmory:femarmor/brigandine/torso",
    "armory:armor/chain/torso": "bomarmory:femarmor/chain/torso",
    "armory:armor/plate/torso": "bomarmory:femarmor/plate/torso",
    "armory:armor/scale/torso": "bomarmory:femarmor/scale/torso"
  },
    "beastsofmen:purrlianfemale": {
    "armory:armor/brigandine/torso": "bomarmory:femarmor/brigandine/torso",
    "armory:armor/chain/torso": "bomarmory:femarmor/chain/torso",
    "armory:armor/plate/torso": "bomarmory:femarmor/plate/torso",
    "armory:armor/scale/torso": "bomarmory:femarmor/scale/torso"
  },
    "beastsofmen:longshankboy": {
    "armory:armor/brigandine/arms": "bomarmory:smallarmor/brigandine/arms",
    "armory:armor/brigandine/feet": "bomarmory:smallarmor/brigandine/feet",
    "armory:armor/brigandine/hands": "bomarmory:smallarmor/brigandine/hands",
    "armory:armor/brigandine/legs": "bomarmory:smallarmor/brigandine/legs",
    "armory:armor/brigandine/torso": "bomarmory:smallarmor/brigandine/torso",
    "armory:armor/chain/arms": "bomarmory:smallarmor/chain/arms",
    "armory:armor/chain/hands": "bomarmory:smallarmor/chain/hands",
    "armory:armor/chain/headneck": "bomarmory:smallarmor/chain/headneck",
    "armory:armor/chain/headneckface": "bomarmory:smallarmor/chain/headneckface",
    "armory:armor/chain/torso": "bomarmory:smallarmor/chain/torso",
    "armory:armor/jerkin/head": "bomarmory:smallarmor/jerkin/head",
    "armory:armor/plate/light-helmet/head-bronze": "bomarmory:smallarmor/plate/light-helmet/head-bronze",
    "armory:armor/plate/light-helmet/head-copper": "bomarmory:smallarmor/plate/light-helmet/head-copper",
    "armory:armor/plate/light-helmet/head-iron": "bomarmory:smallarmor/plate/light-helmet/head-iron",
    "armory:armor/plate/light-helmet/head-meteoriciron": "bomarmory:smallarmor/plate/light-helmet/head-meteoriciron",
    "armory:armor/plate/light-helmet/head-steel": "bomarmory:smallarmor/plate/light-helmet/head-steel",
    "armory:armor/plate/open-helmet/head-bronze": "bomarmory:smallarmor/plate/open-helmet/head-bronze",
    "armory:armor/plate/open-helmet/head-copper": "bomarmory:smallarmor/plate/open-helmet/head-copper",
    "armory:armor/plate/open-helmet/head-iron": "bomarmory:smallarmor/plate/open-helmet/head-iron",
    "armory:armor/plate/open-helmet/head-meteoriciron": "bomarmory:smallarmor//plate/open-helmet/head-meteoriciron",
    "armory:armor/plate/open-helmet/head-steel": "bomarmory:smallarmor/plate/open-helmet/head-steel",
    "armory:armor/plate/open-helmet/head-gold": "bomarmory:smallarmor/plate/open-helmet/head-gold",
    "armory:armor/plate/open-helmet/head-silver": "bomarmory:smallarmor/plate/open-helmet/head-silver",
    "armory:armor/plate/riveted-helmet/head-bronze": "bomarmory:smallarmor/plate/riveted-helmet/head-bronze",
    "armory:armor/plate/riveted-helmet/head-copper": "bomarmory:smallarmor/plate/riveted-helmet/head-copper",
    "armory:armor/plate/riveted-helmet/head-iron": "bomarmory:smallarmor/plate/riveted-helmet/head-iron",
    "armory:armor/plate/riveted-helmet/head-meteoriciron": "bomarmory:smallarmor/plate/riveted-helmet/head-meteoriciron",
    "armory:armor/plate/riveted-helmet/head-steel": "bomarmory:smallarmor/plate/riveted-helmet/head-steel",
    "armory:armor/plate/riveted-helmet/head-gold": "bomarmory:smallarmor/plate/riveted-helmet/head-gold",
    "armory:armor/plate/riveted-helmet/head-silver": "bomarmory:smallarmor/riveted-helmet/head-silver",
    "armory:armor/plate/arms": "bomarmory:smallarmor/plate/arms",
    "armory:armor/plate/feet": "bomarmory:smallarmor/plate/feet",
    "armory:armor/plate/hands": "bomarmory:smallarmor/plate/hands",
    "armory:armor/plate/legs": "bomarmory:smallarmor/plate/legs",
    "armory:armor/plate/torso": "bomarmory:smallarmor/plate/torso",
    "armory:armor/scale/torso": "bomarmory:smallarmor/scale/torso",
    "armory:armor/scale/armshands": "bomarmory:smallarmor/scale/armshands",
    "armory:quiver-waist-plain": "bomarmory:smallarmor/quiver-waist-plain"
  },
    "beastsofmen:longshankfemale": {
    "armory:armor/brigandine/arms": "bomarmory:smallarmor/brigandine/arms",
    "armory:armor/brigandine/feet": "bomarmory:smallarmor/brigandine/feet",
    "armory:armor/brigandine/hands": "bomarmory:smallarmor/brigandine/hands",
    "armory:armor/brigandine/legs": "bomarmory:smallarmor/brigandine/legs",
    "armory:armor/brigandine/torso": "bomarmory:smallarmor/femarmor/brigandine/torso",
    "armory:armor/chain/arms": "bomarmory:smallarmor/chain/arms",
    "armory:armor/chain/hands": "bomarmory:smallarmor/chain/hands",
    "armory:armor/chain/headneck": "bomarmory:smallarmor/chain/headneck",
    "armory:armor/chain/headneckface": "bomarmory:smallarmor/chain/headneckface",
    "armory:armor/chain/torso": "bomarmory:smallarmor/femarmor/chain/torso",
    "armory:armor/jerkin/head": "bomarmory:smallarmor/jerkin/head",
    "armory:armor/plate/light-helmet/head-bronze": "bomarmory:smallarmor/plate/light-helmet/head-bronze",
    "armory:armor/plate/light-helmet/head-copper": "bomarmory:smallarmor/plate/light-helmet/head-copper",
    "armory:armor/plate/light-helmet/head-iron": "bomarmory:smallarmor/plate/light-helmet/head-iron",
    "armory:armor/plate/light-helmet/head-meteoriciron": "bomarmory:smallarmor/plate/light-helmet/head-meteoriciron",
    "armory:armor/plate/light-helmet/head-steel": "bomarmory:smallarmor/plate/light-helmet/head-steel",
    "armory:armor/plate/open-helmet/head-bronze": "bomarmory:smallarmor/plate/open-helmet/head-bronze",
    "armory:armor/plate/open-helmet/head-copper": "bomarmory:smallarmor/plate/open-helmet/head-copper",
    "armory:armor/plate/open-helmet/head-iron": "bomarmory:smallarmor/plate/open-helmet/head-iron",
    "armory:armor/plate/open-helmet/head-meteoriciron": "bomarmory:smallarmor//plate/open-helmet/head-meteoriciron",
    "armory:armor/plate/open-helmet/head-steel": "bomarmory:smallarmor/plate/open-helmet/head-steel",
    "armory:armor/plate/open-helmet/head-gold": "bomarmory:smallarmor/plate/open-helmet/head-gold",
    "armory:armor/plate/open-helmet/head-silver": "bomarmory:smallarmor/plate/open-helmet/head-silver",
    "armory:armor/plate/riveted-helmet/head-bronze": "bomarmory:smallarmor/plate/riveted-helmet/head-bronze",
    "armory:armor/plate/riveted-helmet/head-copper": "bomarmory:smallarmor/plate/riveted-helmet/head-copper",
    "armory:armor/plate/riveted-helmet/head-iron": "bomarmory:smallarmor/plate/riveted-helmet/head-iron",
    "armory:armor/plate/riveted-helmet/head-meteoriciron": "bomarmory:smallarmor/plate/riveted-helmet/head-meteoriciron",
    "armory:armor/plate/riveted-helmet/head-steel": "bomarmory:smallarmor/plate/riveted-helmet/head-steel",
    "armory:armor/plate/riveted-helmet/head-gold": "bomarmory:smallarmor/plate/riveted-helmet/head-gold",
    "armory:armor/plate/riveted-helmet/head-silver": "bomarmory:smallarmor/riveted-helmet/head-silver",
    "armory:armor/plate/arms": "bomarmory:smallarmor/plate/arms",
    "armory:armor/plate/feet": "bomarmory:smallarmor/plate/feet",
    "armory:armor/plate/hands": "bomarmory:smallarmor/plate/hands",
    "armory:armor/plate/legs": "bomarmory:smallarmor/plate/legs",
    "armory:armor/plate/torso": "bomarmory:smallarmor/femarmor/plate/torso",
    "armory:armor/scale/torso": "bomarmory:smallarmor/femarmor/scale/torso",
    "armory:armor/scale/armshands": "bomarmory:smallarmor/scale/armshands",
    "armory:quiver-waist-plain": "bomarmory:smallarmor/quiver-waist-plain"
  }
}