{
  "version": 2,
  "patches": {
    "string": {
      "game:itemtypes/combatoverhaul/spear.json": {
        "attributes/ThrowAttack/Aiming/CursorType": "spears_aiming_cursor_type",
        "behaviors/1/properties/stats/HitSound": "(arrow_ping_sound_on_hit) ? value : empty_string"
      },
      "game:itemtypes/combatoverhaul/arrow.json": {
        "behaviors/0/properties/stats/HitSound": "(arrow_ping_sound_on_hit) ? value : empty_string"
      },
      "combatoverhaul:config/settings.json": {
        "BowsAimingCursorType": "bows_aiming_cursor_type"
      }
    },
    "boolean": {
      "game:itemtypes/combatoverhaul/spear.json": {
        "attributes/RenderingOffset": "not(weapon_rendering_offset)"
      },
      "game:itemtypes/combatoverhaul/club.json": {
        "attributes/RenderingOffset": "not(weapon_rendering_offset)"
      },
      "game:itemtypes/combatoverhaul/sword.json": {
        "attributes/RenderingOffset": "not(weapon_rendering_offset)"
      },
      "combatoverhaul:config/settings.json": {
        "PrintProjectilesHits": "print_range_hits",
        "PrintMeleeHits": "print_melee_hits",
        "PrintPlayerBeingHit": "print_player_hits",
        "DirectionsControllerInvert": "directions_invert",
        "DoVanillaActionsWhileBlocking": "vanilla_actions_while_blocking",
        "DisableAllAnimations": "disable_all_animations",
        "DisableThirdPersonAnimations": "disable_third_person_animations"
      },
      "combatoverhaul:patches/traits-and-classes.json": {
        "0/enabled": "modify_vanilla_classes",
        "1/enabled": "modify_vanilla_classes",
        "2/enabled": "modify_vanilla_classes",
        "3/enabled": "modify_vanilla_classes",
        "4/enabled": "modify_vanilla_classes",
        "5/enabled": "modify_vanilla_classes",
        "6/enabled": "modify_vanilla_classes",
        "7/enabled": "modify_vanilla_classes",
        "8/enabled": "modify_vanilla_classes"
      },
      "combatoverhaul:patches/entities/player.json": {
        "2/value/secondChanceAvailable": "second_chance_available"
      }
    },
    "number": {
      "combatoverhaul:entities/spear.json": {
        "client/behaviors/0/airDragFactor": "value / spears_thrown_distance",
        "client/behaviors/0/gravityFactor": "value / spears_thrown_distance",
        "server/behaviors/0/airDragFactor": "value / spears_thrown_distance",
        "server/behaviors/0/gravityFactor": "value / spears_thrown_distance"
      },
      "game:itemtypes/combatoverhaul/bow.json": {
        "attributes/AimingByType/@@*/AimDifficulty": "bow_aiming_difficulty",
        "attributes/ArrowDamageMultiplierByType/@@*": "value * bows_damage_multiplier",
        "attributes/ScreenShakeStrengthByType/@@*": "value * bow_screenshake"
      },
      "game:itemtypes/combatoverhaul/spear.json": {
        "attributes/ThrowAttack/Aiming/AimDifficulty": "spears_aiming_difficulty",
        "behaviors/1/properties/stats/DamageStatsByType/@@*/Damage": "value * spears_range_damage_multiplier",
        "attributes/OneHandedStance/Attack/DamageTypes/0/DamageByType/@@*/Damage": "value * melee_weapons_damage_multiplier",
        "attributes/TwoHandedStance/Attack/DamageTypes/0/DamageByType/@@*/Damage": "value * melee_weapons_damage_multiplier"
      },
      "game:itemtypes/combatoverhaul/scrap/spear.json": {
        "attributes/ThrowAttack/Aiming/AimDifficulty": "spears_aiming_difficulty",
        "behaviors/1/properties/stats/DamageStats/Damage": "value * spears_range_damage_multiplier",
        "attributes/OneHandedStance/Attack/DamageTypes/0/Damage/Damage": "value * melee_weapons_damage_multiplier",
        "attributes/TwoHandedStance/Attack/DamageTypes/0/Damage/Damage": "value * melee_weapons_damage_multiplier"
      },
      "game:itemtypes/combatoverhaul/club.json": {
        "attributes/OneHandedStance/Attack/DamageTypesByType/@@*/0/Damage/Damage": "value * melee_weapons_damage_multiplier",
        "attributes/TwoHandedStance/Attack/DamageTypesByType/@@*/0/Damage/Damage": "value * melee_weapons_damage_multiplier"
      },
      "game:itemtypes/combatoverhaul/sword.json": {
        "attributes/OneHandedStanceByType/@@*/Attack/DamageTypes/0/DamageByType/@@*/Damage": "value * melee_weapons_damage_multiplier"
      },
      "game:itemtypes/combatoverhaul/scrap/mace.json": {
        "attributes/OneHandedStance/Attack/DamageTypesByType/@@*/0/Damage/Damage": "value * melee_weapons_damage_multiplier"
      },
      "combatoverhaul:config/settings.json": {
        "DirectionsCursorAlpha": "directions_cursor_transparency",
        "DirectionsCursorScale": "directions_cursor_scale",
        "BowsAimingHorizontalLimit": "value * bow_aiming_horisontal_limit",
        "BowsAimingVerticalLimit": "value * bow_aiming_vertical_limit",
        "DirectionsControllerSensitivity": "directions_sensitivity",
        "AlternativeDirectionControls": "directions_movement_controls"
      },
      "combatoverhaul:patches/entities/player.json": {
        "2/value/secondChanceCooldownSec": "second_chance_cooldown",
        "2/value/damageModel/Zones/0/DamageMultiplier": "player_model_torso_damage",
        "2/value/damageModel/Zones/1/DamageMultiplier": "player_model_head_damage",
        "2/value/damageModel/Zones/2/DamageMultiplier": "player_model_neck_damage",
        "2/value/damageModel/Zones/3/DamageMultiplier": "player_model_face_damage",
        "2/value/damageModel/Zones/4/DamageMultiplier": "player_model_arms_damage",
        "2/value/damageModel/Zones/5/DamageMultiplier": "player_model_arms_damage",
        "2/value/damageModel/Zones/6/DamageMultiplier": "player_model_arms_damage",
        "2/value/damageModel/Zones/7/DamageMultiplier": "player_model_arms_damage",
        "2/value/damageModel/Zones/8/DamageMultiplier": "player_model_legs_damage",
        "2/value/damageModel/Zones/9/DamageMultiplier": "player_model_legs_damage",
        "2/value/damageModel/Zones/10/DamageMultiplier": "player_model_legs_damage",
        "2/value/damageModel/Zones/11/DamageMultiplier": "player_model_legs_damage"
      }
    }
  },
  "constants": {
    "empty_string": "",
    "vanilla_axe": "ItemAxe",
    "vanilla_item": "Item"
  },
  "settings": [
    {
      "code": "disable_all_animations",
      "type": "boolean",
      "clientSide": true,
      "default": false
    },
    {
      "code": "disable_third_person_animations",
      "type": "boolean",
      "clientSide": true,
      "default": false
    },
    {
      "code": "directions_cursor_transparency",
      "type": "float",
      "ingui": "combatoverhaul:setting-directions_cursor_transparency",
      "clientSide": true,
      "default": 1.0,
      "range": {
        "min": 0.0,
        "max": 1.0
      }
    },
    {
      "code": "directions_cursor_scale",
      "type": "float",
      "ingui": "combatoverhaul:setting-directions_cursor_scale",
      "clientSide": true,
      "default": 1.0,
      "range": {
        "min": 0.1,
        "max": 3.0
      }
    },
    {
      "code": "directions_sensitivity",
      "type": "float",
      "ingui": "combatoverhaul:setting-directions_sensitivity",
      "clientSide": true,
      "logarithmic": true,
      "default": 1.0,
      "range": {
        "min": 0.01,
        "max": 100.0
      }
    },
    {
      "code": "directions_invert",
      "type": "boolean",
      "ingui": "combatoverhaul:setting-directions_invert",
      "clientSide": true,
      "default": false
    },
    {
      "code": "directions_movement_controls",
      "type": "boolean",
      "ingui": "combatoverhaul:setting-directions_movement_controls",
      "clientSide": true,
      "default": false
    },
    {
      "code": "vanilla_actions_while_blocking",
      "type": "boolean",
      "ingui": "combatoverhaul:setting-vanilla_actions_while_blocking",
      "clientSide": true,
      "default": true
    },
    {
      "code": "bow_screenshake",
      "type": "float",
      "ingui": "combatoverhaul:setting-bow_screenshake",
      "default": 1.0,
      "range": {
        "min": 0.0,
        "max": 2.0
      }
    },
    {
      "code": "bow_aiming_difficulty",
      "type": "float",
      "ingui": "combatoverhaul:setting-bow_aiming_difficulty",
      "default": 1.0,
      "range": {
        "min": 0.0,
        "max": 2.0
      }
    },
    {
      "code": "bows_aiming_cursor_type",
      "type": "string",
      "ingui": "combatoverhaul:setting-bows_aiming_cursor_type",
      "clientSide": true,
      "default": "Moving",
      "values": [
        "None",
        "Vanilla",
        "Fixed",
        "Moving"
      ]
    },
    {
      "code": "bow_aiming_vertical_limit",
      "type": "float",
      "ingui": "combatoverhaul:setting-bow_aiming_vertical_limit",
      "clientSide": true,
      "default": 1.0,
      "range": {
        "min": 0.0,
        "max": 2.0
      }
    },
    {
      "code": "bow_aiming_horisontal_limit",
      "type": "float",
      "ingui": "combatoverhaul:setting-bow_aiming_horisontal_limit",
      "clientSide": true,
      "default": 1.0,
      "range": {
        "min": 0.0,
        "max": 2.0
      }
    },
    {
      "code": "spears_aiming_cursor_type",
      "type": "Fixed",
      "ingui": "combatoverhaul:setting-spears_aiming_cursor_type",
      "default": "Fixed",
      "values": [
        "None",
        "Vanilla",
        "Fixed",
        "Moving"
      ]
    },
    {
      "code": "spears_aiming_difficulty",
      "type": "float",
      "ingui": "combatoverhaul:setting-spears_aiming_difficulty",
      "default": 1.0,
      "range": {
        "min": 0.0,
        "max": 2.0
      }
    },
    {
      "code": "spears_thrown_distance",
      "type": "float",
      "ingui": "combatoverhaul:setting-spears_thrown_distance",
      "default": 1.0,
      "range": {
        "min": 0.5,
        "max": 5.0
      }
    },
    {
      "code": "melee_weapons_damage_multiplier",
      "type": "float",
      "ingui": "combatoverhaul:setting-melee_weapons_damage_multiplier",
      "default": 1.0,
      "logarithmic": true,
      "range": {
        "min": 0.2,
        "max": 5.0
      }
    },
    {
      "code": "bows_damage_multiplier",
      "type": "float",
      "ingui": "combatoverhaul:setting-bows_damage_multiplier",
      "default": 1.0,
      "logarithmic": true,
      "range": {
        "min": 0.2,
        "max": 5.0
      }
    },
    {
      "code": "spears_range_damage_multiplier",
      "type": "float",
      "ingui": "combatoverhaul:setting-spears_range_damage_multiplier",
      "default": 1.0,
      "logarithmic": true,
      "range": {
        "min": 0.2,
        "max": 5.0
      }
    },
    {
      "code": "modify_vanilla_classes",
      "type": "boolean",
      "ingui": "combatoverhaul:setting-modify_vanilla_classes",
      "comment": "combatoverhaul:setting-modify_vanilla_classes-comment",
      "default": true
    },
    {
      "code": "weapon_rendering_offset",
      "type": "boolean",
      "ingui": "combatoverhaul:setting-weapon_rendering_offset",
      "default": true
    },
    {
      "code": "arrow_ping_sound_on_hit",
      "type": "boolean",
      "ingui": "combatoverhaul:setting-arrow_ping_sound_on_hit",
      "default": true
    },
    {
      "code": "print_range_hits",
      "type": "boolean",
      "ingui": "combatoverhaul:setting-print_range_hits",
      "comment": "Can causes lags in some cases",
      "default": false
    },
    {
      "code": "print_melee_hits",
      "type": "boolean",
      "ingui": "combatoverhaul:setting-print_melee_hits",
      "comment": "Can causes lags in some cases",
      "default": false
    },
    {
      "code": "print_player_hits",
      "type": "boolean",
      "ingui": "combatoverhaul:setting-print_player_hits",
      "comment": "Can causes lags in some cases",
      "default": true
    },
    {
      "code": "second_chance_available",
      "type": "boolean",
      "ingui": "combatoverhaul:setting-second_chance_available",
      "default": true
    },
    {
      "code": "second_chance_cooldown",
      "type": "float",
      "ingui": "combatoverhaul:setting-second_chance_cooldown",
      "default": 300.0
    },
    {
      "code": "player_model_torso_damage",
      "type": "float",
      "ingui": "combatoverhaul:setting-player_model_torso_damage",
      "default": 1.0,
      "range": {
        "min": 0.0,
        "max": 5.0
      }
    },
    {
      "code": "player_model_head_damage",
      "type": "float",
      "ingui": "combatoverhaul:setting-player_model_head_damage",
      "default": 2.0,
      "range": {
        "min": 0.0,
        "max": 5.0
      }
    },
    {
      "code": "player_model_neck_damage",
      "type": "float",
      "ingui": "combatoverhaul:setting-player_model_neck_damage",
      "default": 2.0,
      "range": {
        "min": 0.0,
        "max": 5.0
      }
    },
    {
      "code": "player_model_face_damage",
      "type": "float",
      "ingui": "combatoverhaul:setting-player_model_face_damage",
      "default": 1.5,
      "range": {
        "min": 0.0,
        "max": 5.0
      }
    },
    {
      "code": "player_model_arms_damage",
      "type": "float",
      "ingui": "combatoverhaul:setting-player_model_arms_damage",
      "default": 0.5,
      "range": {
        "min": 0.0,
        "max": 5.0
      }
    },
    {
      "code": "player_model_legs_damage",
      "type": "float",
      "ingui": "combatoverhaul:setting-player_model_legs_damage",
      "default": 0.5,
      "range": {
        "min": 0.0,
        "max": 5.0
      }
    }
  ]
}