{
  "code": "dwarvenshield",
  "class": "CombatOverhaul:MeleeWeapon",
  "storageFlags": 257,
  "tool": "shield",
  "variantgroups": [
    {"code": "material", "states": ["copper", "tinbronze", "bismuthbronze", "blackbronze", "iron", "meteoriciron", "steel"]}
  ],
  "behaviorsByType": {
    "*": [
      {
        "name": "GroundStorable",
        "properties": {
          "layout": "WallHalves",
          "wallOffY": 2,
          "sprintKey": true,
          "selectionBox": {"x1": 0, "y1": 0, "z1": 0, "x2": 1, "y2": 0.1, "z2": 1},
          "collisionBox": {"x1": 0, "y1": 0, "z1": 0, "x2": 0, "y2": 0, "z2": 0}
        }
      }
    ]
  },
  "attributes": {
    "handbook": {"groupBy": ["dwarvenshield-{material}"]},
    "groundStorageTransform": {"translation": {"x": 0.2, "y": 0.85, "z": 1.02}, "rotation": {"x": 116, "y": -7, "z": -21}, "origin": {"x": 0, "y": 0, "z": 0}, "scale": 0.8},
    "toolrackTransform": {"rotation": {"x": 0, "y": 90, "z": 180}, "origin": {"x": 0.5, "y": 0.25, "z": 0.5}},
    "OffHandStanceByType": {
      "*": {
        "CanAttack": false,
        "CanParry": false,
        "CanBlock": true,
        "CanSprint": true,
        "SpeedPenalty": -0.05,
        "BlockSpeedPenalty": -0.4,
        "Block": {
          "Zones": ["Head", "Face", "Neck", "Torso", "LeftArm", "RightArm", "LeftHand", "RightHand", "LeftLeg", "RightLeg", "LeftFoot", "RightFoot"],
          "Directions": [60, 60, 60, 60],
          "Sound": "game:sounds/held/shieldblock-metal-heavy",
        "BlockTierByType": 
        { 
          "*-copper" : {"BluntAttack": 3, "SlashingAttack": 3, "PiercingAttack": 3},
          "*-*bronze" : {"BluntAttack": 5, "SlashingAttack": 5, "PiercingAttack": 5},
          "*-*iron" : {"BluntAttack": 7, "SlashingAttack": 7, "PiercingAttack": 7},
          "*-steel" : {"BluntAttack": 9, "SlashingAttack": 9, "PiercingAttack": 9}
        }
        },
        "BlockCooldownMs": 300,
        "BlockAnimation": "combatoverhaul:shield-heavy-block-kite",
        "ReadyAnimation": "combatoverhaul:shield-heavy-ready",
        "IdleAnimation": "combatoverhaul:shield-heavy-ready",
        "BlockTpAnimation": "block"
      }
    }
  },
  "shape": {"base": "igniscustomstuff:dwarven-shield"},
  "textures": {
    "iron": {"base": "igniscustomstuff:tools/{material}"}
  },
  "durabilitybytype": {"*-crude": 500, "*-copper": 1000, "*-tinbronze": 1500, "*-bismuthbronze": 1500, "*-blackbronze": 1500, "*-*iron": 2000, "*-steel": 2500},
  "creativeinventory": {"general": ["*"], "ignis-stuff": ["*"]},
  "groundTransform": {"translation": {"x": 0, "y": 0, "z": 0}, "rotation": {"x": 0, "y": 0, "z": 0}, "origin": {"x": 0, "y": 0, "z": 0}, "scale": 4},
  "guiTransformByType": {
    "*": {"translation": {"x": 10, "y": 10, "z": 0}, "rotation": {"x": 108, "y": 137, "z": 33}, "origin": {"x": 0.35, "y": -0.1, "z": 0.7}, "scale": 1.1}
  },
  "tpHandTransformByType": {
    "*": {"translation": {"x": -0.5, "y": 0.6, "z": -0.12}, "rotation": {"x": 0, "y": -90, "z": -100}, "origin": {"x": 0, "y": 0, "z": 0}, "scale": 0.7}
  },
  "tpOffHandTransformByType": {
    "*": {"translation": {"x": -0.52, "y": -0.39, "z": -0.06}, "rotation": {"x": 0, "y": -90, "z": 102}, "origin": {"x": 0, "y": 0, "z": 0}, "scale": 0.7}
  }
}