﻿{
  "code": "dwarvenwarhammer",
  "class": "CombatOverhaul:MeleeWeapon",
  "behaviors": [
    {
      "name": "GroundStorable",
      "properties": {
        "layout": "WallHalves",
        "wallOffY": 2,
        "sprintKey": true,
        "selectionBox": {"x1": 0, "y1": 0, "z1": 0, "x2": 1, "y2": 0.1, "z2": 1},
        "collisionBox": {"x1": 0, "y1": 0, "z1": 0, "x2": 0, "y2": 0, "z2": 0}
      }
    },
    {
      "name": "CombatOverhaul:TexturesFromAttributes",
      "properties": {
        "Textures": [
          {
            "Code": "oak",
            "Attribute": "handleTexture",
            "Default": "game:block/wood/bark/quad/debarked/oak",
            "HandbookValues": [
              "game:block/wood/bark/quad/debarked/aged",
              "game:block/wood/bark/quad/debarked/birch",
              "game:block/wood/bark/quad/debarked/oak",
              "game:block/wood/bark/quad/debarked/maple",
              "game:block/wood/bark/quad/debarked/pine",
              "game:block/wood/bark/quad/debarked/acacia",
              "game:block/wood/bark/quad/debarked/kapok",
              "game:block/wood/bark/quad/debarked/baldcypress",
              "game:block/wood/bark/quad/debarked/larch",
              "game:block/wood/bark/quad/debarked/redwood",
              "game:block/wood/bark/quad/debarked/ebony",
              "game:block/wood/bark/quad/debarked/walnut",
              "game:block/wood/bark/quad/debarked/purpleheart"
            ]
          }
        ]
      }
    }
  ],
  "variantgroups": [
    {"code": "material", "states": ["copper", "tinbronze", "bismuthbronze", "blackbronze", "iron", "meteoriciron", "steel"]}
  ],
  "textures": {
    "iron": {"base": "igniscustomstuff:tools/{material}"}
  },
  "shape": {"base": "igniscustomstuff:dwarven-warhammer"},
  "tool": "sword",
  "attributes": {
    		"toolrackTransform": {
			"translation": { "x": 0.23, "y": 0.53, "z": 0.93 },
			"rotation": { "x": 180, "y": 0, "z": 0 },
			"origin": { "x": 0, "y": 0, "z": 0 },
			"scale": 0.78
		},
    	"groundStorageTransform": {
			"translation": { "x": 0.44, "y": 0.52, "z": 0.36 },
			"rotation": { "x": 0, "y": 0, "z": -90 },
			"origin": { "x": 0, "y": 0, "z": 0 },
			"scale": 0.6
		},
    "handbook": {"groupBy": ["dwarvenwarhammer-{material}"]},
    "ProficiencyStat": "macesProficiency",
    "RenderingOffset": false,
    "OneHandedStance": {
      "CanAttack": false,
      "CanParry": false,
      "CanBlock": false,
      "CanSprint": true,
      "ReadyAnimation": "armory:long-axe-idle-1h",
      "IdleAnimation": "armory:long-axe-idle-1h"
    },
        "TwoHandedStance": {
      "CanAttack": true,
      "CanParry": false,
      "CanBlock": true,
      "CanSprint": true,
      "CanThrow": false,
      "SpeedPenalty": 0,
      "DirectionalAttacks": {
        "Top": {
          "StopOnTerrainHit": true,
          "StopOnEntityHit": false,
          "CollideWithTerrain": true,
          "HitOnlyOneEntity": false,
          "MaxReach": 15,
          "DamageTypes": [
            {
              "DamageByType": {
                "*-copper": {"DamageType": "BluntAttack", "Tier": 2, "Damage": 4},
                "*-*bronze": {"DamageType": "BluntAttack", "Tier": 3, "Damage": 5},
                "*-iron": {"DamageType": "BluntAttack", "Strength": 4, "Damage": 6.5},
                "*-meteoriciron": {"DamageType": "BluntAttack", "Strength": 5, "Damage": 6.5},
                "*-steel": {"DamageType": "BluntAttack", "Strength": 6, "Damage": 7}
              },
              "Knockback": 0.5,
              "DurabilityDamage": 1,
              "Collider": [-0.3, 0.1, 0.0, 1.2, 0.1, 0.0]
              
              
            }
          ]
        },
        "Left": {
          "StopOnTerrainHit": true,
          "StopOnEntityHit": false,
          "CollideWithTerrain": true,
          "HitOnlyOneEntity": false,
          "MaxReach": 15,
          "DamageTypes": [
            {
              "DamageByType": {
                "*-copper": {"DamageType": "BluntAttack", "Tier": 2, "Damage": 4},
                "*-*bronze": {"DamageType": "BluntAttack", "Tier": 3, "Damage": 5},
                "*-iron": {"DamageType": "BluntAttack", "Strength": 4, "Damage": 6.5},
                "*-meteoriciron": {"DamageType": "BluntAttack", "Strength": 5, "Damage": 6.5},
                "*-steel": {"DamageType": "BluntAttack", "Strength": 6, "Damage": 7}
              },
              "Knockback": 0.5,
              "DurabilityDamage": 1,
              "Collider": [-0.3, 0.1, 0.0, 1.2, 0.1, 0.0]
            }
          ]
        },
        "Right": {
          "StopOnTerrainHit": true,
          "StopOnEntityHit": false,
          "CollideWithTerrain": true,
          "HitOnlyOneEntity": false,
          "MaxReach": 15,
          "DamageTypes": [
            {
              "DamageByType": {
                "*-copper": {"DamageType": "BluntAttack", "Tier": 2, "Damage": 4},
                "*-*bronze": {"DamageType": "BluntAttack", "Tier": 3, "Damage": 5},
                "*-iron": {"DamageType": "BluntAttack", "Strength": 4, "Damage": 6.5},
                "*-meteoriciron": {"DamageType": "BluntAttack", "Strength": 5, "Damage": 6.5},
                "*-steel": {"DamageType": "BluntAttack", "Strength": 6, "Damage": 7}
              },
              "Knockback": 0.5,
              "DurabilityDamage": 1,
              "Collider": [-0.3, 0.1, 0.0, 1.2, 0.1, 0.0]
            }
          ]
        },
        "Bottom": {
          "StopOnTerrainHit": true,
          "StopOnEntityHit": false,
          "CollideWithTerrain": true,
          "HitOnlyOneEntity": true,
          "MaxReach": 15,
          "DamageTypes": [
            {
              "DamageByType": {
                "*-copper": {"DamageType": "BluntAttack", "Tier": 1, "Damage": 1},
                "*-*bronze": {"DamageType": "BluntAttack", "Tier": 2, "Damage": 1},
                "*-iron": {"DamageType": "BluntAttack", "Strength": 3, "Damage": 2.5},
                "*-meteoriciron": {"DamageType": "BluntAttack", "Strength": 4, "Damage": 2.5},
                "*-steel": {"DamageType": "BluntAttack", "Strength": 5, "Damage": 3}
              },
              "Knockback": 3.5,
              "DurabilityDamage": 1,
              "Collider": [1, 0.125, 0.0, 1, 0.125, 1]
            }
          ]
        }
      },
      "HandleAttack": {
        "StopOnTerrainHit": true,
        "StopOnEntityHit": false,
        "CollideWithTerrain": true,
        "MaxReach": 9,
        "DamageTypes": [{"Damage": {"DamageType": "BluntAttack", "Strength": 0, "Damage": 0}, "Knockback": 2, "DurabilityDamage": 0, "Collider": [-2.5, 0.125, 0.3, 0.3, 0.125, 0.3]}]
      },
      "HandleHitSound": "game:sounds/thud",
      "AttackDirectionsType": "Square",
      "AttackAnimation": {
        "Top": ["armory:halberd-slash-2h-top"],
        "Left": ["armory:halberd-slash-2h-left"],
        "Right": ["armory:halberd-slash-2h-right"],
        "Bottom": ["armory:halberd-thrust-2h-bottom"]
      },
      "TpAttackAnimation": {"Top": "combatoverhaul-falx-slash", "Left": "combatoverhaul-falx-slash", "Right": "combatoverhaul-falx-slash", "Bottom": "combatoverhaul-spear-hit"},
      "ReadyAnimation": "armory:halberd-ready-2h",
      "IdleAnimation": "armory:halberd-idle-1h",
      "BlockSpeedPenalty": -0.10,
      "BlockCooldownMs": 750,
      "BlockAnimation": "armory:poleaxe-parry-2h",
      "AttackTpAnimation": "spearhit",
            "Parry": {
        "Zones": ["Head", "Face", "Neck", "Torso", "LeftArm", "RightArm", "LeftHand", "RightHand", "LeftLeg", "RightLeg", "LeftFoot", "RightFoot"],
        "Directions": [90, 90, 90, 90],
        "Sound": "game:sounds/held/shieldblock-metal-heavy",
        "BlockTierByType": 
        { 
          "*-copper" : {"BluntAttack": 2, "SlashingAttack": 2, "PiercingAttack": 2},
          "*-*bronze" : {"BluntAttack": 3, "SlashingAttack": 3, "PiercingAttack": 3},
          "*-*iron" : {"BluntAttack": 5, "SlashingAttack": 5, "PiercingAttack": 5},
          "*-steel" : {"BluntAttack": 7, "SlashingAttack": 7, "PiercingAttack": 7}
        },
        "CanBlockProjectiles": false
      },
      "Block": { 
        "Zones": ["Head", "Face", "Neck", "Torso", "LeftLeg", "RightLeg", "LeftFoot", "RightFoot"],
        "Directions": [60, 60, 60, 60],
        "Sound": "game:sounds/held/shieldblock-metal-light",
        "BlockTierByType": 
        { 
          "*-copper" : {"BluntAttack": 3, "SlashingAttack": 3, "PiercingAttack": 3},
          "*-*bronze" : {"BluntAttack": 5, "SlashingAttack": 5, "PiercingAttack": 5},
          "*-*iron" : {"BluntAttack": 7, "SlashingAttack": 7, "PiercingAttack": 7},
          "*-steel" : {"BluntAttack": 9, "SlashingAttack": 9, "PiercingAttack": 9}
        },
        "CanBlockProjectiles": false
      }
    }
  },
  "durabilitybytype": {"*-copper": 250, "*-tinbronze": 450, "*-bismuthbronze": 530, "*-blackbronze": 600, "*-iron": 850, "*-meteoriciron": 1100, "*-steel": 2125, "*": 150},
  "creativeinventory": {"general": ["*"], "ignis-stuff": ["*"]},

  	"guiTransform": {
		"translation": { "x": 6, "y": 25, "z": 0 },
		"rotation": { "x": 23, "y": -34, "z": -47 },
		"origin": { "x": 0, "y": 0, "z": 0 },
		"scaleXyz": { "x": -1.51, "y": 1.51, "z": 1.51 }
	},
  "groundTransform": {"translation": {"x": 0, "y": 0, "z": 0}, "rotation": {"x": 0, "y": 0, "z": 0}, "origin": {"x": 0, "y": 0, "z": 0}, "scale": 3},
	"tpHandTransform": {
		"translation": { "x": -2.5, "y": -0.5, "z": -0.125 },
		"rotation": { "x": 90, "y": 0, "z": 0 },
		"origin": { "x": 0, "y": 0, "z": 0 },
		"scale": 0.5
	}
}







