﻿{
  "code": "dwarvenshorthammer",
  "class": "CombatOverhaul:MeleeWeapon",
  "behaviors": [
    {
      "name": "GroundStorable",
      "properties": {
        "layout": "WallHalves",
        "wallOffY": 2,
        "sprintKey": true,
        "selectionBox": {"x1": 0, "y1": 0, "z1": 0, "x2": 1, "y2": 0.1, "z2": 1},
        "collisionBox": {"x1": 0, "y1": 0, "z1": 0, "x2": 0, "y2": 0, "z2": 0}
      }
    },
    {
      "name": "CombatOverhaul:TexturesFromAttributes",
      "properties": {
        "Textures": [
          {
            "Code": "oak",
            "Attribute": "handleTexture",
            "Default": "game:block/wood/bark/quad/debarked/oak",
            "HandbookValues": [
              "game:block/wood/bark/quad/debarked/aged",
              "game:block/wood/bark/quad/debarked/birch",
              "game:block/wood/bark/quad/debarked/oak",
              "game:block/wood/bark/quad/debarked/maple",
              "game:block/wood/bark/quad/debarked/pine",
              "game:block/wood/bark/quad/debarked/acacia",
              "game:block/wood/bark/quad/debarked/kapok",
              "game:block/wood/bark/quad/debarked/baldcypress",
              "game:block/wood/bark/quad/debarked/larch",
              "game:block/wood/bark/quad/debarked/redwood",
              "game:block/wood/bark/quad/debarked/ebony",
              "game:block/wood/bark/quad/debarked/walnut",
              "game:block/wood/bark/quad/debarked/purpleheart"
            ]
          }
        ],
        "CreativeTabs": ["general", "armory-colors"]
      }
    }
  ],
  "variantgroups": [
    {"code": "material", "states": ["copper", "tinbronze", "bismuthbronze", "blackbronze", "iron", "meteoriciron", "steel"]}
  ],
  "textures": {
    "iron": {"base": "igniscustomstuff:tools/{material}"}
  },
  "shape": {"base": "igniscustomstuff:dwarven-shorthammer"},
  "tool": "mace",

  "attributes": {
    		"toolrackTransform": {
			"translation": { "x": -0.7, "y": 0.53, "z": 0.92 },
			"rotation": { "x": 179, "y": 0, "z": -2 },
			"origin": { "x": 0, "y": 0, "z": 0 }
		},
		"groundStorageTransform": {
			"translation": { "x": 0.5, "y": 1.4,"z": 0.63 },
			"rotation": { "x": 30, "y": 0, "z": -90 },
			"origin": { "x": 0, "y": 0, "z": 0 },
			"scale": 0.67
		},
    "handbook": {"groupBy": ["dwarvenshorthammer-{material}"]},
    "ProficiencyStat": "macesProficiency",
    "RenderingOffset": false,
    "OneHandedStance": {
      "CanAttack": true,
      "CanParry": true,
      "CanBlock": false,
      "CanSprint": true,
      "Attack": {
        "StopOnTerrainHit": true,
        "StopOnEntityHit": true,
        "CollideWithTerrain": true,
        "HitOnlyOneEntity": false,
        "MaxReach": 9,
        "DamageTypesByType": {
          "*-copper": [{"Damage": {"DamageType": "BluntAttack", "Strength": 2, "Damage": 3.5}, "Knockback": 0, "DurabilityDamage": 1, "Collider": [1.25, 0, 0, 2.25, 0, 0]}],
          "*-*bronze": [{"Damage": {"DamageType": "BluntAttack", "Strength": 3, "Damage": 4}, "Knockback": 0, "DurabilityDamage": 1, "Collider": [1.25, 0, 0, 2.25, 0, 0]}],
          "*-iron": [{"Damage": {"DamageType": "BluntAttack", "Strength": 4, "Damage": 4.5}, "Knockback": 0, "DurabilityDamage": 1, "Collider": [1.25, 0, 0, 2.25, 0, 0]}],
          "*-meteoriciron": [{"Damage": {"DamageType": "BluntAttack", "Strength": 5, "Damage": 4.5}, "Knockback": 0, "DurabilityDamage": 1, "Collider": [1.25, 0, 0, 2.25, 0, 0]}],
          "*-steel": [{"Damage": {"DamageType": "BluntAttack", "Strength": 6, "Damage": 5}, "Knockback": 0, "DurabilityDamage": 1, "Collider": [1.25, 0, 0, 2.25, 0, 0]}]
        }
      },
      "AttackHitSound": "game:sounds/thud",
      "AttackAnimation": {"Main": ["combatoverhaul:sword-falx-slash-1", "combatoverhaul:sword-falx-slash-2"]},
      "TpAttackAnimation": {"Main": "combatoverhaul-falx-slash"},
      "ReadyAnimation": "combatoverhaul:sword-falx-ready",
      "IdleAnimation": "combatoverhaul:sword-falx-idle",
      "BlockCooldownMs": 300,
      "BlockAnimation": "armory:sword-short-parry",
      "Parry": {
        "Zones": ["Head", "Face", "Neck", "Torso", "LeftArm", "RightArm", "LeftHand", "RightHand"],
        "Directions": [90, 90, 90, 90],
        "Sound": "game:sounds/held/shieldblock-metal-heavy",
        "BlockTier": {"BluntAttack": 9, "SlashingAttack": 9, "PiercingAttack": 9},
        "CanBlockProjectiles": false
      }
    }
  },
  "durabilitybytype": {"*-copper": 250, "*-tinbronze": 450, "*-bismuthbronze": 530, "*-blackbronze": 600, "*-iron": 850, "*-meteoriciron": 1100, "*-steel": 2125, "*": 150},
  "creativeinventory": {"general": ["*"], "ignis-stuff": ["*"]},

  	"guiTransform": {
		"translation": { "x": 20, "y": 76, "z": 0 },
		"rotation": { "x": 33, "y": -53, "z": -47 },
		"origin": { "x": 0, "y": 0, "z": 0 },
		"scaleXyz": { "x": -1.74, "y": 1.74, "z": 1.74 }
	},
  "groundTransform": {"translation": {"x": 0, "y": 0, "z": 0}, "rotation": {"x": 0, "y": 0, "z": 0}, "origin": {"x": 0, "y": 0, "z": 0}, "scale": 3},
	"tpHandTransform": {
		"translation": { "x": 0.7, "y": -0.55, "z": -0.06 },
		"rotation": { "x": 90, "y": -3, "z": 0 },
		"origin": { "x": 0, "y": 0, "z": 0 },
		"scale": 0.6
	}
}
