{
  "code": "elvenglaive",
  "class": "CombatOverhaul:MeleeWeapon",
  "behaviors": [
    {
      "name": "GroundStorable",
      "properties": {
        "layout": "WallHalves",
        "wallOffY": 3,
        "sprintKey": true,
        "selectionBox": {"x1": 0, "y1": 0, "z1": 0, "x2": 1, "y2": 0.1, "z2": 1},
        "collisionBox": {"x1": 0, "y1": 0, "z1": 0, "x2": 0, "y2": 0, "z2": 0}
      }
    },
        {
      "name": "CombatOverhaul:TexturesFromAttributes",
      "properties": {
        "Textures": [
          {
            "Code": "wood",
            "Attribute": "handleTexture",
            "Default": "game:block/wood/bark/quad/debarked/oak",
            "HandbookValues": [
              "game:block/wood/bark/quad/debarked/aged",
              "game:block/wood/bark/quad/debarked/birch",
              "game:block/wood/bark/quad/debarked/oak",
              "game:block/wood/bark/quad/debarked/maple",
              "game:block/wood/bark/quad/debarked/pine",
              "game:block/wood/bark/quad/debarked/acacia",
              "game:block/wood/bark/quad/debarked/kapok",
              "game:block/wood/bark/quad/debarked/baldcypress",
              "game:block/wood/bark/quad/debarked/larch",
              "game:block/wood/bark/quad/debarked/redwood",
              "game:block/wood/bark/quad/debarked/ebony",
              "game:block/wood/bark/quad/debarked/walnut",
              "game:block/wood/bark/quad/debarked/purpleheart"
            ]
          }
        ]
      }
    }
  ],
  "variantgroups": [
    {"code": "material", "states": ["copper", "tinbronze", "bismuthbronze", "blackbronze", "iron", "meteoriciron", "steel"]}
  ],
  "tool": "spear",
  "textures": {
    "iron": {"base": "igniscustomstuff:tools/{material}"}
  },
  "shape": {"base": "igniscustomstuff:elven-glaive"},
  "attributes": {
    "handbook": {"groupBy": ["elvenglaive-{material}"]},
    "groundStorageTransform": {"translation": {"x": 0.5, "y": 2, "z": 0.41}, "rotation": {"x": 12, "y": 0, "z": 90}, "origin": {"x": 0, "y": 0, "z": 0}, "scale": 0.8},
    "toolrackTransform": {"translation": {"x": 1.6, "y": 1.2, "z": 0.5}, "rotation": {"x": 90, "y": -2, "z": 0}, "origin": {"x": 0, "y": 0, "z": 0}, "scale": 1.3},
    "ProficiencyStat": "spearsProficiency",
    "RenderingOffset": false,
    "OneHandedStance": {
      "CanAttack": true,
      "CanParry": false,
      "CanBlock": false,
      "CanSprint": true,
      "CanThrow": true,
      "SpeedPenalty": 0,
      "AttackCooldownMs": 550,
      "GripLengthFactor": 2,
      "GripMinLength": 12,
      "GripMaxLength": 0,
      "Attack": {
        "StopOnTerrainHit": false,
        "StopOnEntityHit": false,
        "CollideWithTerrain": true,
        "HitOnlyOneEntity": true,
        "MaxReach": 9,
        "DamageTypes": [
          {
            "DamageByType": {
              "*-flint": {"DamageType": "PiercingAttack", "Tier": 1, "Damage": 3},
              "*-obsidian": {"DamageType": "PiercingAttack", "Tier": 2, "Damage": 3},
              "*-copper": {"DamageType": "PiercingAttack", "Tier": 2, "Damage": 3.5},
              "*-*bronze": {"DamageType": "PiercingAttack", "Tier": 3, "Damage": 4},
              "*-iron": {"DamageType": "PiercingAttack", "Tier": 4, "Damage": 4.5},
              "*-ornategold": {"DamageType": "PiercingAttack", "Tier": 4, "Damage": 4.5},
              "*-ornatesilver": {"DamageType": "PiercingAttack", "Tier": 4, "Damage": 4.5},
              "*-meteoriciron": {"DamageType": "PiercingAttack", "Tier": 5, "Damage": 4.5},
              "*-steel": {"DamageType": "PiercingAttack", "Tier": 6, "Damage": 5},
              "*": {"DamageType": "PiercingAttack", "Tier": 1, "Damage": 2.5}
            },
            "Knockback": 0.8,
            "DurabilityDamage": 1,
            "Collider": [0.5, 0, 0.5, 2.3, 0, 0.5]
          }
        ]
      },
      "HandleAttack": {
        "StopOnTerrainHit": true,
        "StopOnEntityHit": false,
        "CollideWithTerrain": true,
        "MaxReach": 9,
        "DamageTypes": [{"Damage": {"DamageType": "BluntAttack", "Tier": 0, "Damage": 1}, "Knockback": 1, "DurabilityDamage": 1, "Collider": [0, 0, 0.5, -2.5, 0, 0.5]}]
      },
      "AttackHitSound": "game:sounds/thud",
      "HandleHitSound": "game:sounds/thud",
      "AttackAnimation": {"Main": ["combatoverhaul:spear-thrust-1h"]},
      "TpAttackAnimation": {"Main": "combatoverhaul-spear-hit"},
      "ReadyAnimation": "combatoverhaul:spear-ready-1h",
      "IdleAnimation": "combatoverhaul:spear-idle-1h"
    },
    "TwoHandedStance": {
      "CanAttack": true,
      "CanParry": false,
      "CanBlock": false,
      "CanSprint": true,
      "CanThrow": true,
      "SpeedPenalty": 0,
      "AttackCooldownMs": 500,
      "BlockCooldownMs": 750,
      "GripLengthFactor": 4,
      "GripMinLength": 0,
      "GripMaxLength": 10,
      "Attack": {
        "StopOnTerrainHit": false,
        "StopOnEntityHit": false,
        "CollideWithTerrain": true,
        "HitOnlyOneEntity": true,
        "MaxReach": 15,
        "DamageTypes": [
          {
            "DamageByType": {
              "*-flint": {"DamageType": "PiercingAttack", "Tier": 1, "Damage": 4},
              "*-obsidian": {"DamageType": "PiercingAttack", "Tier": 2, "Damage": 4},
              "*-copper": {"DamageType": "PiercingAttack", "Tier": 2, "Damage": 4.5},
              "*-*bronze": {"DamageType": "PiercingAttack", "Tier": 3, "Damage": 5},
              "*-iron": {"DamageType": "PiercingAttack", "Tier": 4, "Damage": 5.5},
              "*-ornategold": {"DamageType": "PiercingAttack", "Tier": 4, "Damage": 5.5},
              "*-ornatesilver": {"DamageType": "PiercingAttack", "Tier": 4, "Damage": 5.5},
              "*-meteoriciron": {"DamageType": "PiercingAttack", "Tier": 5, "Damage": 5.5},
              "*-steel": {"DamageType": "PiercingAttack", "Tier": 6, "Damage": 6},
              "*": {"DamageType": "PiercingAttack", "Tier": 1, "Damage": 3.5}
            },
            "Knockback": 1,
            "DurabilityDamage": 1,
            "Collider": [0, 0, 0.5, 1.2, 0, 0.5]
          }
        ]
      },
      "HandleAttack": {
        "StopOnTerrainHit": true,
        "StopOnEntityHit": false,
        "CollideWithTerrain": true,
        "MaxReach": 9,
        "DamageTypes": [{"Damage": {"DamageType": "BluntAttack", "Tier": 0, "Damage": 0}, "Knockback": 0, "DurabilityDamage": 0, "Collider": [0, 0, 0.5, -2.5, 0, 0.5]}]
      },
      "AttackHitSound": "game:sounds/thud",
      "HandleHitSound": "game:sounds/thud",
      "AttackDirectionsType": "TopBottom",
      "AttackAnimation": {"Top": ["combatoverhaul:spear-thrust-2h-top"], "Bottom": ["combatoverhaul:spear-thrust-2h-bottom"]},
      "TpAttackAnimation": {"Top": "combatoverhaul-spear-hit", "Bottom": "combatoverhaul-spear-hit"},
      "ReadyAnimation": "combatoverhaul:spear-ready-2h",
      "IdleAnimation": "combatoverhaul:spear-idle-2h"
    }
  },
  "durabilitybytype": {"*-copper": 250, "*-tinbronze": 450, "*-bismuthbronze": 530, "*-blackbronze": 600, "*-iron": 850, "*-meteoriciron": 1100, "*-steel": 2125, "*": 150},
  "creativeinventory": {"general": ["*"], "ignis-stuff": ["*"]},
  "guiTransform": {"translation": {"x": 10, "y": 10, "z": 0}, "rotation": {"x": 39, "y": 0, "z": -130}, "origin": {"x": 1, "y": 0.1, "z": 0.3}, "scale": 2},
  "groundTransform": {"translation": {"x": 0, "y": 0, "z": 0}, "rotation": {"x": 0, "y": 0, "z": 0}, "origin": {"x": 0, "y": 0, "z": 0}, "scale": 4},
  "tpHandTransform": {"translation": {"x": -2.5, "y": 0.05, "z": 0.5}, "rotation": {"x": 0, "y": 0, "z": 0}, "origin": {"x": 0, "y": 0, "z": 0}, "scale": 0.6},
  "heldTpIdleAnimation": "combatoverhaul-spear-idle",
  "heldRightReadyAnimation": "combatoverhaul-spear-idle"
}