{
  "code": "executionersword",
  "class": "CombatOverhaul:MeleeWeapon",
  "behaviors": [
    {
      "name": "GroundStorable",
      "properties": {
        "layout": "WallHalves",
        "wallOffY": 2,
        "sprintKey": true,
        "selectionBox": {"x1": 0, "y1": 0, "z1": 0, "x2": 1, "y2": 0.1, "z2": 1},
        "collisionBox": {"x1": 0, "y1": 0, "z1": 0, "x2": 0, "y2": 0, "z2": 0}
      }
    },
    {
      "name": "CombatOverhaul:TexturesFromAttributes",
      "properties": {
        "Textures": [
          {
            "Code": "oak",
            "Attribute": "handleTexture",
            "Default": "game:block/leather/plain",
            "HandbookValues": [
              "game:block/leather/plain",
              "game:block/leather/black",
              "game:block/leather/blue",
              "game:block/leather/chromium",
              "game:block/leather/gray",
              "game:block/leather/green",
              "game:block/leather/orange",
              "game:block/leather/pink",
              "game:block/leather/purple",
              "game:block/leather/red",
              "game:block/leather/white",
              "game:block/leather/yellow"
            ]
          }
        ]
      }
    }
  ],
  "variantgroups": [
    {"code": "material", "states": ["copper", "tinbronze", "bismuthbronze", "blackbronze", "iron", "meteoriciron", "steel"]}
  ],
  "damagedby": ["attacking"],
  "tool": "sword",
  "textures": {
    "iron": {"base": "igniscustomstuff:tools/{material}"}
  },
  
  "shape": {"base": "igniscustomstuff:executioner-sword"},

  "attributes": {
    		"toolrackTransform": {
			"translation": { "x": 1.29, "y": 0.78, "z": 0.5 },
			"rotation": { "x": -90, "y": 180, "z": 0 },
			"origin": { "x": 0, "y": 0, "z": 0 },
			"scale": 0.7
		},
		"groundStorageTransform": {
			"translation": { "x": 0.5, "y": 0.26, "z": 0.4 },
			"rotation": { "x": 13, "y": 0, "z": 90 },
			"origin": { "x": 0, "y": 0, "z": 0 },
			"scale": 0.45
		},
    "handbook": {"groupBy": ["executionersword-{material}"]},
    "ProficiencyStat": "twoHandedSwordsProficiency",
    "RenderingOffset": false,
    "OneHandedStance": {
      "CanAttack": false,
      "CanParry": false,
      "CanBlock": false,
      "CanSprint": true,
      "SpeedPenalty": 0,
      "ReadyAnimation": "armory:sword-great-ready-1h",
      "IdleAnimation": "armory:sword-great-idle-1h"
    },
    "TwoHandedStance": {
      "CanAttack": true,
      "CanParry": true,
      "CanBlock": true,
      "CanSprint": true,
      "Attack": {
        "StopOnTerrainHit": true,
        "StopOnEntityHit": true,
        "CollideWithTerrain": true,
        "MaxReach": 12,
        "DamageTypesByType": {
                      "*-copper": [{"Damage": {"DamageType": "SlashingAttack", "Strength": 2, "Damage": 5}, "Knockback": 0, "DurabilityDamage": 1, "Collider": [0.6, -0.2, 0.5, 3.6, -0.2, 0.5]}],
          "*-*bronze": [{"Damage": {"DamageType": "SlashingAttack", "Strength": 3, "Damage": 6}, "Knockback": 0, "DurabilityDamage": 1, "Collider": [0.6, -0.2, 0.5, 3.6, -0.2, 0.5]}],
          "*-iron": [{"Damage": {"DamageType": "SlashingAttack", "Strength": 4, "Damage": 6.5}, "Knockback": 1, "DurabilityDamage": 1, "Collider": [0.6, -0.2, 0.5, 3.6, -0.2, 0.5]}],
          "*-meteoriciron": [
            {"Damage": {"DamageType": "SlashingAttack", "Strength": 5, "Damage": 6.5}, "Knockback": 1, "DurabilityDamage": 1, "Collider": [0.6, -0.2, 0.5, 3.6, -0.2, 0.5]}
          ],
          "*-steel": [{"Damage": {"DamageType": "SlashingAttack", "Strength": 6, "Damage": 7}, "Knockback": 1, "DurabilityDamage": 1, "Collider": [0.6, -0.2, 0.5, 3.6, -0.2, 0.5]}]
        }
      },
      "AttackHitSound": "game:sounds/thud",
      "AttackDirectionsType": "Triangle",
      "AttackAnimationByType": {
        "*": {
          "Top": ["armory:sword-great-slash-2h-top"],
          "BottomLeft": ["armory:sword-great-slash-2h-left"],
          "BottomRight": ["armory:sword-great-slash-2h-right"]
        }
      },
      "TpAttackAnimation": {"Top": "combatoverhaul-falx-slash", "Left": "combatoverhaul-falx-slash", "Right": "combatoverhaul-falx-slash", "Bottom": "combatoverhaul-falx-slash"},
      "SpeedPenalty": 0,
      "Parry": {
        "Zones": ["Head", "Face", "Neck", "Torso", "LeftArm", "RightArm", "LeftHand", "RightHand", "LeftLeg", "RightLeg", "LeftFoot", "RightFoot"],
        "Directions": [90, 90, 90, 90],
        "Sound": "game:sounds/held/shieldblock-metal-heavy",
        "BlockTierByType": 
        { 
          "*-copper" : {"BluntAttack": 2, "SlashingAttack": 2, "PiercingAttack": 2},
          "*-*bronze" : {"BluntAttack": 3, "SlashingAttack": 3, "PiercingAttack": 3},
          "*-*iron" : {"BluntAttack": 5, "SlashingAttack": 5, "PiercingAttack": 5},
          "*-steel" : {"BluntAttack": 7, "SlashingAttack": 7, "PiercingAttack": 7}
        },
        "CanBlockProjectiles": false
      },
      "BlockSpeedPenalty": -0.10,
      "Block": { 
        "Zones": ["Head", "Face", "Neck", "Torso", "LeftLeg", "RightLeg", "LeftFoot", "RightFoot"],
        "Directions": [60, 60, 60, 60],
        "Sound": "game:sounds/held/shieldblock-metal-light",
        "BlockTierByType": 
        { 
          "*-copper" : {"BluntAttack": 3, "SlashingAttack": 3, "PiercingAttack": 3},
          "*-*bronze" : {"BluntAttack": 5, "SlashingAttack": 5, "PiercingAttack": 5},
          "*-*iron" : {"BluntAttack": 7, "SlashingAttack": 7, "PiercingAttack": 7},
          "*-steel" : {"BluntAttack": 9, "SlashingAttack": 9, "PiercingAttack": 9}
        },
        "CanBlockProjectiles": false
      },
      "BlockCooldownMs": 700,
      "BlockAnimation": "armory:sword-great-parry-2h",
      "ReadyAnimation": "armory:sword-great-ready-2h",
      "IdleAnimation": "armory:halberd-idle-1h"
    }
  },
  "durabilitybytype": {"*-copper": 250, "*-tinbronze": 450, "*-bismuthbronze": 530, "*-blackbronze": 600, "*-iron": 850, "*-meteoriciron": 1100, "*-steel": 2125, "*": 150},
  "creativeinventory": {"general": ["*"], "ignis-stuff": ["*"]},
  "guiTransform": {
    "translation": {"x": 6, "y": -4, "z": 0},
    "rotation": {"x": -28, "y": -27, "z": -52},
    "origin": {"x": 0.8, "y": -0.25, "z": 0},
    "scaleXyz": {"x": -1.31, "y": 1.31, "z": 1.31}
  },
  "groundTransform": {"translation": {"x": 0, "y": 0, "z": 0}, "rotation": {"x": 0, "y": 0, "z": 0}, "origin": {"x": 0, "y": 0, "z": 0}, "scale": 4},
  "tpHandTransform": {"translation": {"x": 0.25, "y": 0.0, "z": 0.5}, "rotation": {"x": 0, "y": 0, "z": 0}, "origin": {"x": 0, "y": 0, "z": 0}, "scale": 0.45}
}




