{
	"code": "metalpan",
	"class": "BlockPan",
	"behaviors": [
		{
			"name": "SneakPlacing"
		},
		{
			"name": "UnstableFalling",
			"properties": {
				"attachmentArea": {
					"x1": 5,
					"y1": 0,
					"z1": 5,
					"x2": 10,
					"y2": 0,
					"z2": 10
				}
			}
		},
		{
			"name": "RightClickPickup"
		}
	],
	"maxStackSize": 1,
	"attributes": {
		"onDisplayTransform": {
			"translation": { "x": 0.075, "y": 1.03, "z": 0 },
			"scale": 3
		},
		"panningDrops": {
			"@(bonysoil|bonysoil-.*)": [
				{
					"type": "item",
					"code": "game:bone",
					"chance": {
						"avg": 0.2,
						"var": 0
					}
				},
				{
					"type": "item",
					"code": "game:flaxfibers",
					"chance": {
						"avg": 0.2,
						"var": 0
					}
				},
				{
					"type": "item",
					"code": "game:gear-rusty",
					"chance": {
						"avg": 0.035,
						"var": 0
					},
					"dropModbyStat": "rustyGearDropRate"
				},
				{
					"type": "block",
					"code": "game:bonyremains-ribcage",
					"chance": {
						"avg": 0.015,
						"var": 0
					}
				},
				{
					"type": "item",
					"code": "game:candle",
					"chance": {
						"avg": 0.025,
						"var": 0
					}
				},
				{
					"type": "item",
					"code": "game:gem-emerald-rough",
					"attributes": {
						"potential": "low"
					},
					"chance": {
						"avg": 0.008,
						"var": 0
					}
				},
				{
					"type": "item",
					"code": "game:gem-olivine_peridot-rough",
					"attributes": {
						"potential": "low"
					},
					"chance": {
						"avg": 0.008,
						"var": 0
					}
				},
				{
					"type": "item",
					"code": "game:gem-diamond-rough",
					"attributes": {
						"potential": "low"
					},
					"chance": {
						"avg": 0.008,
						"var": 0
					}
				},
				{
					"type": "item",
					"code": "game:chutesection-copper",
					"chance": {
						"avg": 0.0035,
						"var": 0
					}
				},
				{
					"type": "block",
					"code": "game:metal-scraps",
					"chance": {
						"avg": 0.006,
						"var": 0
					}
				},
				{
					"type": "block",
					"code": "game:metal-parts",
					"chance": {
						"avg": 0.005,
						"var": 0
					}
				},
				{
					"type": "block",
					"code": "game:torchholder-aged-empty-north",
					"chance": {
						"avg": 0.004,
						"var": 0
					}
				},
				{
					"type": "item",
					"code": "game:nugget-nativegold",
					"chance": {
						"avg": 0.08,
						"var": 0
					}
				},
				{
					"type": "item",
					"code": "game:nugget-nativesilver",
					"chance": {
						"avg": 0.10,
						"var": 0
					}
				},
				{
					"type": "item",
					"code": "game:spearhead-copper",
					"chance": {
						"avg": 0.005,
						"var": 0
					}
				},
				{
					"type": "item",
					"code": "game:arrowhead-tinbronze",
					"chance": {
						"avg": 0.03,
						"var": 0
					}
				},
				{
					"type": "item",
					"code": "game:spearhead-tinbronze",
					"chance": {
						"avg": 0.004,
						"var": 0
					}
				},
				{
					"type": "item",
					"code": "game:arrowhead-copper",
					"chance": {
						"avg": 0.085,
						"var": 0
					}
				},
				{
					"type": "item",
					"code": "game:lore-book-aged-brickred",
					"attributes": {
						"category": "tobias"
					},
					"chance": {
						"avg": 0.003,
						"var": 0
					}
				},
				{
					"type": "item",
					"code": "game:lore-book-aged-cherryred",
					"attributes": {
						"category": "research"
					},
					"chance": {
						"avg": 0.003,
						"var": 0
					}
				},
				{
					"type": "item",
					"code": "game:lore-book-aged-darkbeige",
					"attributes": {
						"category": "diaries"
					},
					"chance": {
						"avg": 0.003,
						"var": 0
					}
				},
				{
					"type": "item",
					"code": "game:lore-book-aged-darkgray",
					"attributes": {
						"category": "jonas"
					},
					"chance": {
						"avg": 0.003,
						"var": 0
					}
				},
				{
					"type": "item",
					"code": "game:gear-temporal",
					"chance": {
						"avg": 0.002,
						"var": 0
					}
				},
				{
					"type": "item",
					"code": "game:metallamellae-copper",
					"chance": {
						"avg": 0.0012,
						"var": 0
					}
				},
				{
					"type": "item",
					"code": "game:metallamellae-tinbronze",
					"chance": {
						"avg": 0.0006,
						"var": 0
					}
				},
				{
					"type": "item",
					"code": "game:metalchain-copper",
					"chance": {
						"avg": 0.001,
						"var": 0
					}
				},
				{
					"type": "item",
					"code": "game:metalchain-tinbronze",
					"chance": {
						"avg": 0.0006,
						"var": 0
					}
				},
				{
					"type": "item",
					"code": "game:metalplate-copper",
					"chance": {
						"avg": 0.0008,
						"var": 0
					}
				},
				{
					"type": "item",
					"code": "game:metalplate-tinbronze",
					"chance": {
						"avg": 0.0005,
						"var": 0
					}
				},
				{
					"type": "item",
					"code": "game:tuningcylinder-1",
					"chance": {
						"avg": 0.0004,
						"var": 0
					}
				},
				{
					"type": "item",
					"code": "game:tuningcylinder-2",
					"chance": {
						"avg": 0.0004,
						"var": 0
					}
				},
				{
					"type": "item",
					"code": "game:tuningcylinder-3",
					"chance": {
						"avg": 0.0004,
						"var": 0
					}
				},
				{
					"type": "item",
					"code": "game:tuningcylinder-4",
					"chance": {
						"avg": 0.0004,
						"var": 0
					}
				},
				{
					"type": "item",
					"code": "game:tuningcylinder-5",
					"chance": {
						"avg": 0.0004,
						"var": 0
					}
				},
				{
					"type": "item",
					"code": "game:tuningcylinder-6",
					"chance": {
						"avg": 0.0004,
						"var": 0
					}
				},
				{
					"type": "item",
					"code": "game:tuningcylinder-7",
					"chance": {
						"avg": 0.0004,
						"var": 0
					}
				},
				{
					"type": "item",
					"code": "game:tuningcylinder-8",
					"chance": {
						"avg": 0.0004,
						"var": 0
					}
				},
				{
					"type": "item",
					"code": "game:tuningcylinder-9",
					"chance": {
						"avg": 0.0004,
						"var": 0
					}
				},
				{
					"type": "block",
					"code": "resonator-north",
					"chance": {
						"avg": 0.00005,
						"var": 0
					}
				},
				{
					"type": "item",
					"code": "game:clothes-neck-golden-necklace",
					"chance": {
						"avg": 0.0002,
						"var": 0
					}
				},
				{
					"type": "item",
					"code": "game:clothes-neck-bronze-gem-necklace",
					"chance": {
						"avg": 0.0002,
						"var": 0
					}
				},
				{
					"type": "item",
					"code": "game:clothes-arm-bronze-armlet",
					"chance": {
						"avg": 0.0008,
						"var": 0
					}
				},
				{
					"type": "item",
					"code": "game:clothes-arm-silver-chain",
					"chance": {
						"avg": 0.0002,
						"var": 0
					}
				},
				{
					"type": "item",
					"code": "game:clothes-head-silver-diadem",
					"chance": {
						"avg": 0.0002,
						"var": 0
					}
				},
				{
					"type": "item",
					"code": "game:clothes-head-gold-coronet",
					"chance": {
						"avg": 0.0002,
						"var": 0
					}
				}
			],
			"@(sand|gravel)-.*": [
				{
					"type": "item",
					"code": "game:stone-{rocktype}",
					"chance": {
						"avg": 0.3,
						"var": 0
					}
				},
				{
					"type": "item",
					"code": "game:nugget-hematite",
					"chance": {
						"avg": 0.04,
						"var": 0
					}
				},
				{
					"type": "item",
					"code": "game:nugget-chromite",
					"chance": {
						"avg": 0.02,
						"var": 0
					}
				},
				{
					"type": "item",
					"code": "game:clay-red",
					"chance": {
						"avg": 0.1,
						"var": 0
					}
				},
				{
					"type": "item",
					"code": "game:flint",
					"chance": {
						"avg": 0.05,
						"var": 0
					}
				},
				{
					"type": "item",
					"code": "game:stone-halite",
					"chance": {
						"avg": 0.05,
						"var": 0
					}
				},
				{
					"type": "item",
					"code": "game:stone-chalk",
					"chance": {
						"avg": 0.1,
						"var": 0
					}
				},
				{
					"type": "item",
					"code": "game:nugget-nativecopper",
					"chance": {
						"avg": 0.15,
						"var": 0
					}
				},
				{
					"type": "item",
					"code": "game:nugget-sphalerite",
					"chance": {
						"avg": 0.035,
						"var": 0
					}
				},
				{
					"type": "item",
					"code": "game:nugget-bismuthinite",
					"chance": {
						"avg": 0.05,
						"var": 0
					}
				},
				{
					"type": "item",
					"code": "game:nugget-galena",
					"chance": {
						"avg": 0.08,
						"var": 0
					}
				},
				{
					"type": "item",
					"code": "game:nugget-nativegold",
					"chance": {
						"avg": 0.025,
						"var": 0
					}
				},
				{
					"type": "item",
					"code": "game:nugget-nativesilver",
					"chance": {
						"avg": 0.025,
						"var": 0
					}
				},
				{
					"type": "item",
					"code": "game:nugget-cassiterite",
					"chance": {
						"avg": 0.035,
						"var": 0
					}
				},
				{
					"type": "item",
					"code": "game:crystalizedore-rich-nativecopper-andesite",
					"chance": {
						"avg": 0.0038,
						"var": 0
					}
				},
				{
					"type": "item",
					"code": "game:crystalizedore-rich-galena-claystone",
					"chance": {
						"avg": 0.0043,
						"var": 0
					}
				},
				{
					"type": "item",
					"code": "game:ore-quartz",
					"chance": {
						"avg": 0.025,
						"var": 0
					}
				},
				{
					"type": "item",
					"code": "game:clearquartz",
					"chance": {
						"avg": 0.01,
						"var": 0
					}
				},
				{
					"type": "item",
					"code": "game:ore-lignite",
					"chance": {
						"avg": 0.02,
						"var": 0
					}
				},
				{
					"type": "item",
					"code": "game:ore-lapislazuli",
					"chance": {
						"avg": 0.005,
						"var": 0
					}
				},
				{
					"type": "item",
					"code": "game:ore-borax",
					"chance": {
						"avg": 0.005,
						"var": 0
					}
				},
				{
					"type": "item",
					"code": "game:ore-alum",
					"chance": {
						"avg": 0.004,
						"var": 0
					}
				},
				{
					"type": "item",
					"code": "game:ore-sylvite",
					"chance": {
						"avg": 0.005,
						"var": 0
					}
				},
				{
					"type": "item",
					"code": "game:gear-rusty",
					"chance": {
						"avg": 0.0075,
						"var": 0
					},
					"dropModbyStat": "rustyGearDropRate"
				},
				{
					"type": "block",
					"code": "game:metal-parts",
					"chance": {
						"avg": 0.002,
						"var": 0
					}
				},
				{
					"type": "block",
					"code": "game:metal-scraps",
					"chance": {
						"avg": 0.002,
						"var": 0
					}
				},
				{
					"type": "block",
					"code": "game:bonyremains-ribcage",
					"chance": {
						"avg": 0.0005,
						"var": 0
					}
				},
				{
					"type": "item",
					"code": "game:gear-temporal",
					"chance": {
						"avg": 0.0008,
						"var": 0
					}
				}
			],
			"@(muddygravel|muddygravel-.*)":
			[
				{
					"type": "block",
					"code": "game:sapling-greenbamboo-free",
					"chance": { "avg": 0.004 }
				  },
				  {
					"type": "block",
					"code": "game:sapling-brownbamboo-free",
					"chance": { "avg": 0.005 }
				  },
				  {
					"type": "item",
					"code": "wildfarmingrevival:wildseeds-smallberrybush-cranberry-empty",
					"chance": { "avg": 0.008 }
				  },
				  {
					"type": "item",
					"code": "wildfarmingrevival:wildseeds-smallberrybush-blueberry-empty",
					"chance": { "avg": 0.008 }
				  },
				  {
					"type": "item",
					"code": "wildfarmingrevival:wildseeds-bigberrybush-redcurrant-empty",
					"chance": { "avg": 0.008 }
				  },
				  {
					"type": "item",
					"code": "wildfarmingrevival:wildseeds-bigberrybush-blackcurrant-empty",
					"chance": { "avg": 0.008 }
				  },
				  {
					"type": "item",
					"code": "wildfarmingrevival:wildseeds-bigberrybush-whitecurrant-empty",
					"chance": { "avg": 0.005 }
				  },
				{
				  "type": "block",
				  "code": "game:seashell-scallop-latte",
				  "chance": { "avg": 0.00005 }
				},
				{
				  "type": "block",
				  "code": "game:seashell-sundial-latte",
				  "chance": { "avg": 0.00005 }
				},
				{
				  "type": "block",
				  "code": "game:seashell-turritella-latte",
				  "chance": { "avg": 0.00005 }
				},
				{
				  "type": "block",
				  "code": "game:seashell-clam-latte",
				  "chance": { "avg": 0.00005 }
				},
				{
				  "type": "block",
				  "code": "game:seashell-conch-latte",
				  "chance": { "avg": 0.00005 }
				},
				{
				  "type": "block",
				  "code": "game:seashell-seastar-latte",
				  "chance": { "avg": 0.00005 }
				},
				{
				  "type": "block",
				  "code": "game:seashell-volute-latte",
				  "chance": { "avg": 0.00005 }
				},
				{
				  "type": "block",
				  "code": "game:seashell-scallop-plain",
				  "chance": { "avg": 0.00005 }
				},
				{
				  "type": "block",
				  "code": "game:seashell-sundial-plain",
				  "chance": { "avg": 0.00005 }
				},
				{
				  "type": "block",
				  "code": "game:seashell-turritella-plain",
				  "chance": { "avg": 0.00005 }
				},
				{
				  "type": "block",
				  "code": "game:seashell-clam-plain",
				  "chance": { "avg": 0.00005 }
				},
				{
				  "type": "block",
				  "code": "game:seashell-conch-plain",
				  "chance": { "avg": 0.00005 }
				},
				{
				  "type": "block",
				  "code": "game:seashell-seastar-plain",
				  "chance": { "avg": 0.00005 }
				},
				{
				  "type": "block",
				  "code": "game:seashell-volute-plain",
				  "chance": { "avg": 0.00005 }
				},
				{
				  "type": "block",
				  "code": "game:seashell-scallop-seafoam",
				  "chance": { "avg": 0.00005 }
				},
				{
				  "type": "block",
				  "code": "game:seashell-sundial-seafoam",
				  "chance": { "avg": 0.00005 }
				},
				{
				  "type": "block",
				  "code": "game:seashell-turritella-seafoam",
				  "chance": { "avg": 0.00005 }
				},
				{
				  "type": "block",
				  "code": "game:seashell-clam-seafoam",
				  "chance": { "avg": 0.00005 }
				},
				{
				  "type": "block",
				  "code": "game:seashell-conch-seafoam",
				  "chance": { "avg": 0.00005 }
				},
				{
				  "type": "block",
				  "code": "game:seashell-seastar-seafoam",
				  "chance": { "avg": 0.00005 }
				},
				{
				  "type": "block",
				  "code": "game:seashell-volute-seafoam",
				  "chance": { "avg": 0.00005 }
				},
				{
				  "type": "block",
				  "code": "game:seashell-scallop-darkpurple",
				  "chance": { "avg": 0.00005 }
				},
				{
				  "type": "block",
				  "code": "game:seashell-sundial-darkpurple",
				  "chance": { "avg": 0.00005 }
				},
				{
				  "type": "block",
				  "code": "game:seashell-turritella-darkpurple",
				  "chance": { "avg": 0.00005 }
				},
				{
				  "type": "block",
				  "code": "game:seashell-clam-darkpurple",
				  "chance": { "avg": 0.00005 }
				},
				{
				  "type": "block",
				  "code": "game:seashell-conch-darkpurple",
				  "chance": { "avg": 0.00005 }
				},
				{
				  "type": "block",
				  "code": "game:seashell-seastar-darkpurple",
				  "chance": { "avg": 0.00005 }
				},
				{
				  "type": "block",
				  "code": "game:seashell-volute-darkpurple",
				  "chance": { "avg": 0.00005 }
				},
				{
				  "type": "block",
				  "code": "game:seashell-scallop-cinnamon",
				  "chance": { "avg": 0.00005 }
				},
				{
				  "type": "block",
				  "code": "game:seashell-sundial-cinnamon",
				  "chance": { "avg": 0.00005 }
				},
				{
				  "type": "block",
				  "code": "game:seashell-turritella-cinnamon",
				  "chance": { "avg": 0.00005 }
				},
				{
				  "type": "block",
				  "code": "game:seashell-clam-cinnamon",
				  "chance": { "avg": 0.00005 }
				},
				{
				  "type": "block",
				  "code": "game:seashell-conch-cinnamon",
				  "chance": { "avg": 0.00005 }
				},
				{
				  "type": "block",
				  "code": "game:seashell-seastar-cinnamon",
				  "chance": { "avg": 0.00005 }
				},
				{
				  "type": "block",
				  "code": "game:seashell-volute-cinnamon",
				  "chance": { "avg": 0.00005 }
				},
				{
				  "type": "block",
				  "code": "game:seashell-scallop-turquoise",
				  "chance": { "avg": 0.00005 }
				},
				{
				  "type": "block",
				  "code": "game:seashell-sundial-turquoise",
				  "chance": { "avg": 0.00005 }
				},
				{
				  "type": "block",
				  "code": "game:seashell-turritella-turquoise",
				  "chance": { "avg": 0.00005 }
				},
				{
				  "type": "block",
				  "code": "game:seashell-clam-turquoise",
				  "chance": { "avg": 0.00005 }
				},
				{
				  "type": "block",
				  "code": "game:seashell-conch-turquoise",
				  "chance": { "avg": 0.00005 }
				},
				{
				  "type": "block",
				  "code": "game:seashell-seastar-turquoise",
				  "chance": { "avg": 0.00005 }
				},
				{
				  "type": "block",
				  "code": "game:seashell-volute-turquoise",
				  "chance": { "avg": 0.00005 }
				},
		  
				{
				  "type": "item",
				  "code": "wildfarmingrevival:wildseeds-flower-catmint-free",
				  "chance": { "avg": 0.0005 }
				},
				{
				  "type": "item",
				  "code": "wildfarmingrevival:wildseeds-flower-forgetmenot-free",
				  "chance": { "avg": 0.0005 }
				},
				{
				  "type": "item",
				  "code": "wildfarmingrevival:wildseeds-flower-edelweiss-free",
				  "chance": { "avg": 0.0005 }
				},
				{
				  "type": "item",
				  "code": "wildfarmingrevival:wildseeds-flower-horsetail-free",
				  "chance": { "avg": 0.0005 }
				},
				{
				  "type": "item",
				  "code": "wildfarmingrevival:wildseeds-flower-heather-free",
				  "chance": { "avg": 0.0005 }
				},
				{
				  "type": "item",
				  "code": "wildfarmingrevival:wildseeds-flower-wilddaisy-free",
				  "chance": { "avg": 0.0005 }
				},
				{
				  "type": "item",
				  "code": "wildfarmingrevival:wildseeds-flower-orangemallow-free",
				  "chance": { "avg": 0.0005 }
				},
				{
				  "type": "item",
				  "code": "wildfarmingrevival:wildseeds-flower-westerngorse-free",
				  "chance": { "avg": 0.0005 }
				},
				{
				  "type": "item",
				  "code": "wildfarmingrevival:wildseeds-flower-cowparsley-free",
				  "chance": { "avg": 0.0005 }
				},
				{
				  "type": "item",
				  "code": "wildfarmingrevival:wildseeds-flower-lilyofthevalley-free",
				  "chance": { "avg": 0.0005 }
				},
		  
				{
				  "type": "item",
				  "code": "wildfarmingrevival:wildseeds-flower-lupine-blue-free",
				  "chance": { "avg": 0.0005 }
				},
				{
				  "type": "item",
				  "code": "wildfarmingrevival:wildseeds-flower-lupine-orange-free",
				  "chance": { "avg": 0.0005 }
				},
				{
				  "type": "item",
				  "code": "wildfarmingrevival:wildseeds-flower-lupine-purple-free",
				  "chance": { "avg": 0.0005 }
				},
				{
				  "type": "item",
				  "code": "wildfarmingrevival:wildseeds-flower-lupine-red-free",
				  "chance": { "avg": 0.0005 }
				},
				{
				  "type": "item",
				  "code": "wildfarmingrevival:wildseeds-flower-lupine-white-free",
				  "chance": { "avg": 0.0005 }
				},
		  
				{
				  "type": "item",
				  "code": "wildfarmingrevival:wildseeds-flower-croton-small-crimson-green",
				  "chance": { "avg": 0.0005 }
				},
				{
				  "type": "item",
				  "code": "wildfarmingrevival:wildseeds-flower-croton-small-crimson-brown-green",
				  "chance": { "avg": 0.0005 }
				},
				{
				  "type": "item",
				  "code": "wildfarmingrevival:wildseeds-flower-croton-small-crimson-orange",
				  "chance": { "avg": 0.0005 }
				},
				{
				  "type": "item",
				  "code": "wildfarmingrevival:wildseeds-flower-croton-small-darkgreen-gold",
				  "chance": { "avg": 0.0005 }
				},
				{
				  "type": "item",
				  "code": "wildfarmingrevival:wildseeds-flower-croton-small-darkgreen-gold-crimson",
				  "chance": { "avg": 0.0005 }
				},
				{
				  "type": "item",
				  "code": "wildfarmingrevival:wildseeds-flower-croton-small-green-orange",
				  "chance": { "avg": 0.0005 }
				},
				{
				  "type": "item",
				  "code": "wildfarmingrevival:wildseeds-flower-croton-small-lemongreen",
				  "chance": { "avg": 0.0005 }
				},
				{
				  "type": "item",
				  "code": "wildfarmingrevival:wildseeds-flower-croton-small-lemongreen-crimson",
				  "chance": { "avg": 0.0005 }
				},
		  
				{
				  "type": "item",
				  "code": "wildfarmingrevival:wildseeds-flower-croton-medium-crimson-green",
				  "chance": { "avg": 0.0005 }
				},
				{
				  "type": "item",
				  "code": "wildfarmingrevival:wildseeds-flower-croton-medium-crimson-brown-green",
				  "chance": { "avg": 0.0005 }
				},
				{
				  "type": "item",
				  "code": "wildfarmingrevival:wildseeds-flower-croton-medium-crimson-orange",
				  "chance": { "avg": 0.0005 }
				},
				{
				  "type": "item",
				  "code": "wildfarmingrevival:wildseeds-flower-croton-medium-darkgreen-gold",
				  "chance": { "avg": 0.0005 }
				},
				{
				  "type": "item",
				  "code": "wildfarmingrevival:wildseeds-flower-croton-medium-darkgreen-gold-crimson",
				  "chance": { "avg": 0.0005 }
				},
				{
				  "type": "item",
				  "code": "wildfarmingrevival:wildseeds-flower-croton-medium-green-orange",
				  "chance": { "avg": 0.0005 }
				},
				{
				  "type": "item",
				  "code": "wildfarmingrevival:wildseeds-flower-croton-medium-lemongreen",
				  "chance": { "avg": 0.0005 }
				},
				{
				  "type": "item",
				  "code": "wildfarmingrevival:wildseeds-flower-croton-medium-lemongreen-crimson",
				  "chance": { "avg": 0.0005 }
				},
		  
				{
				  "type": "item",
				  "code": "wildfarmingrevival:wildseeds-flower-rafflesia-brown",
				  "chance": { "avg": 0.0005 }
				},
				{
				  "type": "item",
				  "code": "wildfarmingrevival:wildseeds-flower-rafflesia-red",
				  "chance": { "avg": 0.0005 }
				},
		  
				{
				  "type": "item",
				  "code": "game:treeseed-acacia",
				  "chance": { "avg": 0.0016 }
				},
				{
				  "type": "item",
				  "code": "game:treeseed-birch",
				  "chance": { "avg": 0.003 }
				},
				{
				  "type": "item",
				  "code": "game:treeseed-kapok",
				  "chance": { "avg": 0.0024 }
				},
				{
				  "type": "item",
				  "code": "game:treeseed-maple",
				  "chance": { "avg": 0.003 }
				},
				{
				  "type": "item",
				  "code": "game:treeseed-oak",
				  "chance": { "avg": 0.003 }
				},
				{
				  "type": "item",
				  "code": "game:treeseed-pine",
				  "chance": { "avg": 0.003 }
				},
				{
				  "type": "item",
				  "code": "game:treeseed-darkpine",
				  "chance": { "avg": 0.003 }
				},
				{
				  "type": "item",
				  "code": "game:treeseed-larch",
				  "chance": { "avg": 0.003 }
				},
				{
				  "type": "item",
				  "code": "game:treeseed-crimsonkingmaple",
				  "chance": { "avg": 0.0008 }
				},
				{
				  "type": "item",
				  "code": "game:treeseed-redwood",
				  "chance": { "avg": 0.001 }
				},
				{
				  "type": "item",
				  "code": "game:treeseed-greenspirecypress",
				  "chance": { "avg": 0.002 }
				},
				{
				  "type": "item",
				  "code": "game:treeseed-baldcypress",
				  "chance": { "avg": 0.0024 }
				},
				{
				  "type": "item",
				  "code": "game:treeseed-ebony",
				  "chance": { "avg": 0.0014 }
				},
				{
				  "type": "item",
				  "code": "game:treeseed-walnut",
				  "chance": { "avg": 0.0024 }
				},
				{
				  "type": "item",
				  "code": "game:treeseed-purpleheart",
				  "chance": { "avg": 0.0014 }
				},
				{
				  "type": "item",
				  "code": "game:seeds-carrot",
				  "chance": { "avg": 0.0024 }
				},
				{
				  "type": "item",
				  "code": "game:seeds-flax",
				  "chance": { "avg": 0.0024 }
				},
				{
				  "type": "item",
				  "code": "game:seeds-onion",
				  "chance": { "avg": 0.0024 }
				},
				{
				  "type": "item",
				  "code": "game:seeds-spelt",
				  "chance": { "avg": 0.0024 }
				},
				{
				  "type": "item",
				  "code": "game:seeds-turnip",
				  "chance": { "avg": 0.0024 }
				},
				{
				  "type": "item",
				  "code": "game:seeds-parsnip",
				  "chance": { "avg": 0.0024 }
				},
				{
				  "type": "item",
				  "code": "game:seeds-rice",
				  "chance": { "avg": 0.0024 }
				},
				{
				  "type": "item",
				  "code": "game:seeds-rye",
				  "chance": { "avg": 0.0024 }
				},
				{
				  "type": "item",
				  "code": "game:seeds-soybean",
				  "chance": { "avg": 0.0024 }
				},
				{
				  "type": "item",
				  "code": "game:seeds-pumpkin",
				  "chance": { "avg": 0.0008 }
				},
				{
				  "type": "item",
				  "code": "game:seeds-cabbage",
				  "chance": { "avg": 0.0008 }
				},
				{
				  "type": "item",
				  "code": "game:seeds-sunflower",
				  "chance": { "avg": 0.0016 }
				},
				{
				  "type": "item",
				  "code": "game:seeds-cassava",
				  "chance": { "avg": 0.0016 }
				},
				{
				  "type": "item",
				  "code": "game:seeds-amaranth",
				  "chance": { "avg": 0.0020 }
				},
				{
				  "type": "item",
				  "code": "game:seeds-peanut",
				  "chance": { "avg": 0.0016 }
				},
				{
				  "type": "item",
				  "code": "game:seeds-pineapple",
				  "chance": { "avg": 0.0016 }
				}
			  ]
		}
	},
	"variantgroups": [
		{
			"code": "type",
			"states": [
				"copper"
			]
		}
	],
	"shape": {
		"base": "game:block/wood/pan/empty"
	},
	"textures": {
		"wood-generic": {
			"base": "game:block/metal/anvil/copper"
		}
	},
	"doNotRenderAtLod2": true,
	"blockmaterial": "Metal",
	"durability": 1000,
	"randomizeRotations": true,
	"sideopaque": {
		"all": false
	},
	"sidesolid": {
		"all": false
	},
	"emitSideAO": {
		"all": false
	},
	"lightAbsorption": 0,
    "creativeInventory": {
        "general": [
            "*"
        ],
        "allclasses": [
            "*"
        ]
    },
	"heldTpIdleAnimation": "holdbothhandslarge",
	"heldTpUseAnimation": "panning",
	"fpHandTransform": {
		"translation": {
			"x": 0.3,
			"y": 0,
			"z": 0
		},
		"rotation": {
			"x": 15,
			"y": 15,
			"z": 0
		},
		"scale": 2
	},
	"guiTransform": {
		"rotate": true,
		"translation": {
			"x": 0,
			"y": 0,
			"z": 0
		},
		"rotation": {
			"x": -25,
			"y": 22,
			"z": 0
		},
		"origin": {
			"x": 0.53,
			"y": 0.21,
			"z": 0.5
		},
		"scale": 1.76
	},
	"groundTransform": {
		"translation": {
			"x": 0,
			"y": 0,
			"z": 0
		},
		"rotation": {
			"x": 0,
			"y": 18,
			"z": 0
		},
		"origin": {
			"x": 0.5,
			"y": 0,
			"z": 0.5
		},
		"scale": 4
	},
	"tpHandTransform": {
		"translation": {
			"x": -0.58,
			"y": 0,
			"z": -0.34
		},
		"rotation": {
			"x": 0,
			"y": 18,
			"z": -74
		},
		"origin": {
			"x": 0.5,
			"y": 0,
			"z": 0.5
		},
		"scale": 0.8
	},
	"collisionSelectionBox": {
		"x1": 0.125,
		"y1": 0,
		"z1": 0.125,
		"x2": 0.875,
		"y2": 0.1875,
		"z2": 0.875
	},
	"resistance": 1,
	"sounds": {
		"place": "game:block/chandelier-hit",
		"hit": "game:block/chandelier-hit",
		"break": "game:block/chandelier-break"
	}
}