{
	"editor": {
		"allAngles": false,
		"entityTextureMode": false
	},
	"textureWidth": 16,
	"textureHeight": 16,
	"elements": [
		{
			"name": "Frame",
			"from": [ 7.5, 0.0, 0.0 ],
			"to": [ 8.5, 1.2, 16.0 ],
			"rotationOrigin": [ 6.0, 0.0, 0.0 ],
			"faces": {
				"north": { "texture": "#frame", "uv": [ 0.0, 0.0, 1.0, 1.0 ] },
				"east": { "texture": "#frame", "uv": [ 0.0, 0.0, 16.0, 1.0 ] },
				"south": { "texture": "#frame", "uv": [ 0.0, 0.0, 1.0, 1.0 ] },
				"west": { "texture": "#frame", "uv": [ 0.0, 0.0, 16.0, 1.0 ] },
				"up": { "texture": "#frame", "uv": [ 0.0, 0.0, 1.0, 16.0 ] },
				"down": { "texture": "#frame", "uv": [ 0.0, 0.0, 1.0, 16.0 ] }
			},
			"children": [
				{
					"name": "FrameB",
					"from": [ 0.0, 1.2, 0.0 ],
					"to": [ 1.0, 14.8, 1.2 ],
					"rotationOrigin": [ 0.0, 0.7, 0.0 ],
					"faces": {
						"north": { "texture": "#frame", "uv": [ 0.0, 0.0, 1.0, 13.5 ] },
						"east": { "texture": "#frame", "uv": [ 0.0, 0.0, 1.0, 13.5 ] },
						"south": { "texture": "#frame", "uv": [ 0.0, 0.0, 1.0, 13.5 ] },
						"west": { "texture": "#frame", "uv": [ 0.0, 0.0, 1.0, 13.5 ] },
						"up": { "texture": "#frame", "uv": [ 0.0, 0.0, 1.0, 1.0 ] },
						"down": { "texture": "#frame", "uv": [ 0.0, 0.0, 1.0, 1.0 ] }
					}
				},
				{
					"name": "FrameC",
					"from": [ 0.0, 14.8, 0.0 ],
					"to": [ 1.0, 16.0, 16.0 ],
					"rotationOrigin": [ 0.0, 15.3, 0.0 ],
					"faces": {
						"north": { "texture": "#frame", "uv": [ 0.0, 0.0, 1.0, 1.0 ] },
						"east": { "texture": "#frame", "uv": [ 0.0, 0.0, 16.0, 1.0 ] },
						"south": { "texture": "#frame", "uv": [ 0.0, 0.0, 1.0, 1.0 ] },
						"west": { "texture": "#frame", "uv": [ 0.0, 0.0, 16.0, 1.0 ] },
						"up": { "texture": "#frame", "uv": [ 0.0, 0.0, 1.0, 16.0 ] },
						"down": { "texture": "#frame", "uv": [ 0.0, 0.0, 1.0, 16.0 ] }
					}
				},
				{
					"name": "FrameD",
					"from": [ 0.0, 1.2, 14.8 ],
					"to": [ 1.0, 14.8, 16.0 ],
					"rotationOrigin": [ 0.0, 0.7, 15.3 ],
					"faces": {
						"north": { "texture": "#frame", "uv": [ 0.0, 0.0, 1.0, 13.5 ] },
						"east": { "texture": "#frame", "uv": [ 0.0, 0.0, 1.0, 13.5 ] },
						"south": { "texture": "#frame", "uv": [ 0.0, 0.0, 1.0, 13.5 ] },
						"west": { "texture": "#frame", "uv": [ 0.0, 0.0, 1.0, 13.5 ] },
						"up": { "texture": "#frame", "uv": [ 0.0, 0.0, 1.0, 1.0 ] },
						"down": { "texture": "#frame", "uv": [ 0.0, 0.0, 1.0, 1.0 ] }
					}
				}
			]
		},
		{
			"name": "Putty",
			"from": [ 7.7, 1.2, 1.2 ],
			"to": [ 8.3, 1.4, 14.8 ],
			"rotationOrigin": [ 6.0, 0.7, -0.3 ],
			"faces": {
				"east": { "texture": "#putty", "uv": [ 0.0, 0.0, 13.5, 0.5 ] },
				"west": { "texture": "#putty", "uv": [ 0.0, 0.0, 13.5, 0.5 ] },
				"up": { "texture": "#putty", "uv": [ 0.0, 0.0, 0.5, 13.5 ] }
			},
			"children": [
				{
					"name": "PuttyB",
					"from": [ 0.0, 13.4, 0.0 ],
					"to": [ 0.6, 13.6, 13.6 ],
					"rotationOrigin": [ -1.7, 13.1, -1.5 ],
					"faces": {
						"east": { "texture": "#putty", "uv": [ 0.0, 0.0, 13.5, 0.5 ] },
						"west": { "texture": "#putty", "uv": [ 0.0, 0.0, 13.5, 0.5 ] },
						"down": { "texture": "#putty", "uv": [ 0.0, 0.0, 0.5, 13.5 ] }
					}
				},
				{
					"name": "PuttyC",
					"from": [ 0.0, 0.2, 0.0 ],
					"to": [ 0.6, 13.4, 0.2 ],
					"rotationOrigin": [ -1.7, 12.5, -1.5 ],
					"faces": {
						"east": { "texture": "#putty", "uv": [ 0.0, 0.0, 0.5, 13.0 ] },
						"south": { "texture": "#putty", "uv": [ 0.0, 0.0, 0.5, 13.0 ] },
						"west": { "texture": "#putty", "uv": [ 0.0, 0.0, 0.5, 13.0 ] }
					}
				},
				{
					"name": "PuttyD",
					"from": [ 0.0, 0.2, 13.4 ],
					"to": [ 0.6, 13.4, 13.6 ],
					"rotationOrigin": [ -1.7, 12.5, -0.9 ],
					"faces": {
						"north": { "texture": "#putty", "uv": [ 0.0, 0.0, 0.5, 13.0 ] },
						"east": { "texture": "#putty", "uv": [ 0.0, 0.0, 0.5, 13.0 ] },
						"west": { "texture": "#putty", "uv": [ 0.0, 0.0, 0.5, 13.0 ] }
					}
				}
			]
		},
		{
			"name": "Glass",
			"from": [ 7.9, 1.3, 1.3 ],
			"to": [ 8.1, 14.7, 14.7 ],
			"renderPass": 3,
			"rotationOrigin": [ 0.0, 0.8, -0.2 ],
			"faces": {
				"east": { "texture": "#glass", "uv": [ 0.0, 0.0, 16.0, 16.0 ] },
				"west": { "texture": "#glass", "uv": [ 0.0, 0.0, 16.0, 16.0 ] }
			}
		}
	]}