{
	"editor": {
		"allAngles": false,
		"entityTextureMode": false
	},
	"textureWidth": 16,
	"textureHeight": 16,
	"textureSizes": {
	},
	"textures": {
		"putty": "game:block/glass/frame",
		"glass": "game:block/glass/plain",
		"frame": "game:block/wood/debarked/aged"
	},
	"elements": [
		{
			"name": "Frame",
			"from": [ 7.5, 0.0, 0.0 ],
			"to": [ 8.5, 1.2, 16.0 ],
			"rotationOrigin": [ 6.0, 0.0, 0.0 ],
			"faces": {
				"north": { "texture": "#frame", "uv": [ 0.0, 0.0, 1.0, 1.0 ] },
				"east": { "texture": "#frame", "uv": [ 0.0, 0.0, 16.0, 1.0 ] },
				"south": { "texture": "#frame", "uv": [ 0.0, 0.0, 1.0, 1.0 ] },
				"west": { "texture": "#frame", "uv": [ 0.0, 0.0, 16.0, 1.0 ] },
				"up": { "texture": "#frame", "uv": [ 0.0, 0.0, 1.0, 16.0 ] },
				"down": { "texture": "#frame", "uv": [ 0.0, 0.0, 1.0, 16.0 ] }
			},
			"children": [
				{
					"name": "FrameB",
					"from": [ 0.0, 1.2, 0.0 ],
					"to": [ 1.0, 14.8, 1.2 ],
					"rotationOrigin": [ 0.0, 0.7, 0.0 ],
					"faces": {
						"north": { "texture": "#frame", "uv": [ 0.0, 0.0, 1.0, 13.5 ] },
						"east": { "texture": "#frame", "uv": [ 0.0, 0.0, 1.0, 13.5 ] },
						"south": { "texture": "#frame", "uv": [ 0.0, 0.0, 1.0, 13.5 ] },
						"west": { "texture": "#frame", "uv": [ 0.0, 0.0, 1.0, 13.5 ] },
						"up": { "texture": "#frame", "uv": [ 0.0, 0.0, 1.0, 1.0 ] },
						"down": { "texture": "#frame", "uv": [ 0.0, 0.0, 1.0, 1.0 ] }
					}
				},
				{
					"name": "FrameC",
					"from": [ 0.0, 14.8, 0.0 ],
					"to": [ 1.0, 16.0, 16.0 ],
					"rotationOrigin": [ 0.0, 15.3, 0.0 ],
					"faces": {
						"north": { "texture": "#frame", "uv": [ 0.0, 0.0, 1.0, 1.0 ] },
						"east": { "texture": "#frame", "uv": [ 0.0, 0.0, 16.0, 1.0 ] },
						"south": { "texture": "#frame", "uv": [ 0.0, 0.0, 1.0, 1.0 ] },
						"west": { "texture": "#frame", "uv": [ 0.0, 0.0, 16.0, 1.0 ] },
						"up": { "texture": "#frame", "uv": [ 0.0, 0.0, 1.0, 16.0 ] },
						"down": { "texture": "#frame", "uv": [ 0.0, 0.0, 1.0, 16.0 ] }
					}
				},
				{
					"name": "FrameD",
					"from": [ 0.0, 1.2, 14.8 ],
					"to": [ 1.0, 14.8, 16.0 ],
					"rotationOrigin": [ 0.0, 0.7, 15.3 ],
					"faces": {
						"north": { "texture": "#frame", "uv": [ 0.0, 0.0, 1.0, 13.5 ] },
						"east": { "texture": "#frame", "uv": [ 0.0, 0.0, 1.0, 13.5 ] },
						"south": { "texture": "#frame", "uv": [ 0.0, 0.0, 1.0, 13.5 ] },
						"west": { "texture": "#frame", "uv": [ 0.0, 0.0, 1.0, 13.5 ] },
						"up": { "texture": "#frame", "uv": [ 0.0, 0.0, 1.0, 1.0 ] },
						"down": { "texture": "#frame", "uv": [ 0.0, 0.0, 1.0, 1.0 ] }
					}
				}
			]
		},
		{
			"name": "Putty",
			"from": [ 7.7, 1.2, 1.2 ],
			"to": [ 8.3, 1.4, 14.8 ],
			"rotationOrigin": [ 6.0, 0.7, -0.3 ],
			"faces": {
				"east": { "texture": "#putty", "uv": [ 0.0, 0.0, 13.5, 0.5 ] },
				"west": { "texture": "#putty", "uv": [ 0.0, 0.0, 13.5, 0.5 ] },
				"up": { "texture": "#putty", "uv": [ 0.0, 0.0, 0.5, 13.5 ] }
			},
			"children": [
				{
					"name": "PuttyB",
					"from": [ 0.0, 13.4, 0.0 ],
					"to": [ 0.6, 13.6, 13.6 ],
					"rotationOrigin": [ -1.7, 13.1, -1.5 ],
					"faces": {
						"east": { "texture": "#putty", "uv": [ 0.0, 0.0, 13.5, 0.5 ] },
						"west": { "texture": "#putty", "uv": [ 0.0, 0.0, 13.5, 0.5 ] },
						"down": { "texture": "#putty", "uv": [ 0.0, 0.0, 0.5, 13.5 ] }
					}
				},
				{
					"name": "PuttyC",
					"from": [ 0.0, 0.2, 0.0 ],
					"to": [ 0.6, 13.4, 0.2 ],
					"rotationOrigin": [ -1.7, 12.5, -1.5 ],
					"faces": {
						"east": { "texture": "#putty", "uv": [ 0.0, 0.0, 0.5, 13.0 ] },
						"south": { "texture": "#putty", "uv": [ 0.0, 0.0, 0.5, 13.0 ] },
						"west": { "texture": "#putty", "uv": [ 0.0, 0.0, 0.5, 13.0 ] }
					}
				},
				{
					"name": "PuttyD",
					"from": [ 0.0, 0.2, 13.4 ],
					"to": [ 0.6, 13.4, 13.6 ],
					"rotationOrigin": [ -1.7, 12.5, -0.9 ],
					"faces": {
						"north": { "texture": "#putty", "uv": [ 0.0, 0.0, 0.5, 13.0 ] },
						"east": { "texture": "#putty", "uv": [ 0.0, 0.0, 0.5, 13.0 ] },
						"west": { "texture": "#putty", "uv": [ 0.0, 0.0, 0.5, 13.0 ] }
					}
				},
				{
					"name": "PuttyE",
					"from": [ 0.15, 7.1, -4.1 ],
					"to": [ 0.45, 7.3, 10.7 ],
					"rotationOrigin": [ 0.3, 7.2, 2.9 ],
					"rotationX": 67.5,
					"faces": {
						"east": { "texture": "#putty", "uv": [ 0.0, 0.0, 14.5, 0.5 ] },
						"west": { "texture": "#putty", "uv": [ 0.0, 0.0, 14.5, 0.5 ] },
						"up": { "texture": "#putty", "uv": [ 0.0, 0.0, 0.5, 14.5 ], "windMode": [-1,-1,-1,-1] },
						"down": { "texture": "#putty", "uv": [ 0.0, 0.0, 0.5, 14.5 ] }
					}
				},
				{
					"name": "PuttyE2",
					"from": [ 0.15, 7.1, -4.6 ],
					"to": [ 0.45, 7.3, 10.2 ],
					"rotationOrigin": [ 0.3, 7.2, 2.4 ],
					"rotationX": 67.5,
					"faces": {
						"east": { "texture": "#putty", "uv": [ 0.0, 0.0, 14.5, 0.5 ] },
						"west": { "texture": "#putty", "uv": [ 0.0, 0.0, 14.5, 0.5 ] },
						"down": { "texture": "#putty", "uv": [ 0.0, 0.0, 0.5, 14.5 ] }
					}
				},
				{
					"name": "PuttyE3",
					"from": [ 0.15, 7.1, -0.1 ],
					"to": [ 0.45, 7.3, 14.7 ],
					"rotationOrigin": [ 0.3, 7.2, 6.9 ],
					"rotationX": 67.5,
					"faces": {
						"east": { "texture": "#putty", "uv": [ 0.0, 0.0, 14.5, 0.5 ] },
						"west": { "texture": "#putty", "uv": [ 0.0, 0.0, 14.5, 0.5 ] },
						"down": { "texture": "#putty", "uv": [ 0.0, 0.0, 0.5, 14.5 ] }
					}
				},
				{
					"name": "PuttyE4",
					"from": [ 0.15, 7.1, -0.6 ],
					"to": [ 0.45, 7.3, 14.2 ],
					"rotationOrigin": [ 0.3, 7.2, 6.4 ],
					"rotationX": 67.5,
					"faces": {
						"east": { "texture": "#putty", "uv": [ 0.0, 0.0, 14.5, 0.5 ] },
						"west": { "texture": "#putty", "uv": [ 0.0, 0.0, 14.5, 0.5 ] },
						"down": { "texture": "#putty", "uv": [ 0.0, 0.0, 0.5, 14.5 ] }
					}
				},
				{
					"name": "PuttyE5",
					"from": [ 0.15, 7.1, 3.9 ],
					"to": [ 0.45, 7.3, 18.7 ],
					"rotationOrigin": [ 0.3, 7.2, 10.9 ],
					"rotationX": 67.5,
					"faces": {
						"east": { "texture": "#putty", "uv": [ 0.0, 0.0, 14.5, 0.5 ] },
						"west": { "texture": "#putty", "uv": [ 0.0, 0.0, 14.5, 0.5 ] },
						"down": { "texture": "#putty", "uv": [ 0.0, 0.0, 0.5, 14.5 ] }
					}
				},
				{
					"name": "PuttyE6",
					"from": [ 0.15, 7.1, 3.4 ],
					"to": [ 0.45, 7.3, 18.2 ],
					"rotationOrigin": [ 0.3, 7.2, 10.4 ],
					"rotationX": 67.5,
					"faces": {
						"east": { "texture": "#putty", "uv": [ 0.0, 0.0, 14.5, 0.5 ] },
						"west": { "texture": "#putty", "uv": [ 0.0, 0.0, 14.5, 0.5 ] },
						"down": { "texture": "#putty", "uv": [ 0.0, 0.0, 0.5, 14.5 ] }
					}
				},
				{
					"name": "PuttyE7",
					"from": [ 0.15, 7.1, -4.3 ],
					"to": [ 0.45, 7.3, 10.5 ],
					"rotationOrigin": [ 0.3, 7.2, 2.7 ],
					"rotationX": 112.5,
					"faces": {
						"east": { "texture": "#putty", "uv": [ 0.0, 0.0, 14.5, 0.5 ] },
						"west": { "texture": "#putty", "uv": [ 0.0, 0.0, 14.5, 0.5 ] },
						"down": { "texture": "#putty", "uv": [ 0.0, 0.0, 0.5, 14.5 ] }
					}
				},
				{
					"name": "PuttyE8",
					"from": [ 0.15, 7.1, -0.3 ],
					"to": [ 0.45, 7.3, 14.5 ],
					"rotationOrigin": [ 0.3, 7.2, 6.7 ],
					"rotationX": 112.5,
					"faces": {
						"east": { "texture": "#putty", "uv": [ 0.0, 0.0, 14.5, 0.5 ] },
						"west": { "texture": "#putty", "uv": [ 0.0, 0.0, 14.5, 0.5 ] },
						"down": { "texture": "#putty", "uv": [ 0.0, 0.0, 0.5, 14.5 ] }
					}
				},
				{
					"name": "PuttyE9",
					"from": [ 0.15, 7.1, 3.7 ],
					"to": [ 0.45, 7.3, 18.5 ],
					"rotationOrigin": [ 0.3, 7.2, 10.7 ],
					"rotationX": 112.5,
					"faces": {
						"east": { "texture": "#putty", "uv": [ 0.0, 0.0, 14.5, 0.5 ] },
						"west": { "texture": "#putty", "uv": [ 0.0, 0.0, 14.5, 0.5 ] },
						"down": { "texture": "#putty", "uv": [ 0.0, 0.0, 0.5, 14.5 ] }
					}
				},
				{
					"name": "PuttyE10",
					"from": [ 0.15, 7.1, -3.8 ],
					"to": [ 0.45, 7.3, 11.0 ],
					"rotationOrigin": [ 0.3, 7.2, 3.2 ],
					"rotationX": 112.5,
					"faces": {
						"east": { "texture": "#putty", "uv": [ 0.0, 0.0, 14.5, 0.5 ] },
						"west": { "texture": "#putty", "uv": [ 0.0, 0.0, 14.5, 0.5 ] },
						"down": { "texture": "#putty", "uv": [ 0.0, 0.0, 0.5, 14.5 ] }
					}
				},
				{
					"name": "PuttyE11",
					"from": [ 0.15, 7.1, 0.2 ],
					"to": [ 0.45, 7.3, 15.0 ],
					"rotationOrigin": [ 0.3, 7.2, 7.2 ],
					"rotationX": 112.5,
					"faces": {
						"east": { "texture": "#putty", "uv": [ 0.0, 0.0, 14.5, 0.5 ] },
						"west": { "texture": "#putty", "uv": [ 0.0, 0.0, 14.5, 0.5 ] },
						"down": { "texture": "#putty", "uv": [ 0.0, 0.0, 0.5, 14.5 ] }
					}
				},
				{
					"name": "PuttyE12",
					"from": [ 0.15, 7.1, 4.2 ],
					"to": [ 0.45, 7.3, 19.0 ],
					"rotationOrigin": [ 0.3, 7.2, 11.2 ],
					"rotationX": 112.5,
					"faces": {
						"east": { "texture": "#putty", "uv": [ 0.0, 0.0, 14.5, 0.5 ] },
						"west": { "texture": "#putty", "uv": [ 0.0, 0.0, 14.5, 0.5 ] },
						"down": { "texture": "#putty", "uv": [ 0.0, 0.0, 0.5, 14.5 ] }
					}
				},
				{
					"name": "PuttyE13",
					"from": [ 0.15, 7.1, 7.8 ],
					"to": [ 0.45, 7.3, 11.6 ],
					"rotationOrigin": [ 0.3, 7.2, 14.8 ],
					"rotationX": 67.5,
					"faces": {
						"east": { "texture": "#putty", "uv": [ 0.0, 0.0, 3.5, 0.5 ] },
						"west": { "texture": "#putty", "uv": [ 0.0, 0.0, 3.5, 0.5 ] },
						"down": { "texture": "#putty", "uv": [ 0.0, 0.0, 0.5, 3.5 ] }
					}
				},
				{
					"name": "PuttyE14",
					"from": [ 0.15, 7.1, 7.3 ],
					"to": [ 0.45, 7.3, 12.5 ],
					"rotationOrigin": [ 0.3, 7.2, 14.3 ],
					"rotationX": 67.5,
					"faces": {
						"east": { "texture": "#putty", "uv": [ 0.0, 0.0, 5.0, 0.5 ] },
						"west": { "texture": "#putty", "uv": [ 0.0, 0.0, 5.0, 0.5 ] },
						"down": { "texture": "#putty", "uv": [ 0.0, 0.0, 0.5, 5.0 ] }
					}
				},
				{
					"name": "PuttyE15",
					"from": [ 0.15, 7.1, -8.3 ],
					"to": [ 0.45, 7.3, -4.5 ],
					"rotationOrigin": [ 0.3, 7.2, -1.3 ],
					"rotationX": 112.5,
					"faces": {
						"east": { "texture": "#putty", "uv": [ 0.0, 0.0, 3.5, 0.5 ] },
						"west": { "texture": "#putty", "uv": [ 0.0, 0.0, 3.5, 0.5 ] },
						"down": { "texture": "#putty", "uv": [ 0.0, 0.0, 0.5, 3.5 ] }
					}
				},
				{
					"name": "PuttyE16",
					"from": [ 0.15, 7.1, -7.9 ],
					"to": [ 0.45, 7.3, -3.1 ],
					"rotationOrigin": [ 0.3, 7.2, -0.9 ],
					"rotationX": 112.5,
					"faces": {
						"east": { "texture": "#putty", "uv": [ 0.0, 0.0, 4.5, 0.5 ] },
						"west": { "texture": "#putty", "uv": [ 0.0, 0.0, 4.5, 0.5 ] },
						"down": { "texture": "#putty", "uv": [ 0.0, 0.0, 0.5, 4.5 ] }
					}
				},
				{
					"name": "PuttyE17",
					"from": [ 0.15, -2.2, -4.6 ],
					"to": [ 0.45, -2.0, 0.2 ],
					"rotationOrigin": [ 0.3, -2.1, 2.4 ],
					"rotationX": 67.5,
					"faces": {
						"east": { "texture": "#putty", "uv": [ 0.0, 0.0, 4.5, 0.5 ] },
						"west": { "texture": "#putty", "uv": [ 0.0, 0.0, 4.5, 0.5 ] },
						"down": { "texture": "#putty", "uv": [ 0.0, 0.0, 0.5, 4.5 ] }
					}
				},
				{
					"name": "PuttyE18",
					"from": [ 0.15, -2.2, -4.2 ],
					"to": [ 0.45, -2.0, 0.8 ],
					"rotationOrigin": [ 0.3, -2.1, 2.8 ],
					"rotationX": 67.5,
					"faces": {
						"east": { "texture": "#putty", "uv": [ 0.0, 0.0, 5.0, 0.5 ] },
						"west": { "texture": "#putty", "uv": [ 0.0, 0.0, 5.0, 0.5 ] },
						"down": { "texture": "#putty", "uv": [ 0.0, 0.0, 0.5, 5.0 ] }
					}
				},
				{
					"name": "PuttyE19",
					"from": [ 0.15, -2.4, 3.8 ],
					"to": [ 0.45, -2.2, 8.3 ],
					"rotationOrigin": [ 0.3, -2.3, 10.8 ],
					"rotationX": 112.5,
					"faces": {
						"east": { "texture": "#putty", "uv": [ 0.0, 0.0, 4.5, 0.5 ] },
						"west": { "texture": "#putty", "uv": [ 0.0, 0.0, 4.5, 0.5 ] },
						"down": { "texture": "#putty", "uv": [ 0.0, 0.0, 0.5, 4.5 ] }
					}
				},
				{
					"name": "PuttyE20",
					"from": [ 0.15, -3.4, 3.8 ],
					"to": [ 0.45, -3.2, 7.1 ],
					"rotationOrigin": [ 0.3, -3.3, 10.8 ],
					"rotationX": 112.5,
					"faces": {
						"east": { "texture": "#putty", "uv": [ 0.0, 0.0, 3.0, 0.5 ] },
						"west": { "texture": "#putty", "uv": [ 0.0, 0.0, 3.0, 0.5 ] },
						"down": { "texture": "#putty", "uv": [ 0.0, 0.0, 0.5, 3.0 ] }
					}
				}
			]
		},
		{
			"name": "Diagonal",
			"from": [ 7.81, 7.8, -3.6 ],
			"to": [ 8.21, 8.2, 11.7 ],
			"rotationOrigin": [ 8.0, 8.0, 4.0 ],
			"rotationX": 67.5,
			"faces": {
				"east": { "texture": "#frame", "uv": [ 0.0, 0.0, 16.0, 0.5 ], "autoUv": false },
				"west": { "texture": "#frame", "uv": [ 0.0, 0.0, 16.0, 0.5 ], "autoUv": false },
				"up": { "texture": "#frame", "uv": [ 0.0, 0.0, 0.5, 16.0 ], "autoUv": false },
				"down": { "texture": "#frame", "uv": [ 0.0, 0.0, 0.5, 16.0 ], "autoUv": false }
			}
		},
		{
			"name": "Glass",
			"from": [ 7.9, 1.3, 1.3 ],
			"to": [ 8.1, 14.7, 14.7 ],
			"renderPass": 3,
			"rotationOrigin": [ 0.0, 0.8, -0.2 ],
			"faces": {
				"east": { "texture": "#glass", "uv": [ 0.0, 0.0, 16.0, 16.0 ], "autoUv": false },
				"west": { "texture": "#glass", "uv": [ 0.0, 0.0, 16.0, 16.0 ], "autoUv": false }
			}
		},
		{
			"name": "Diagonal1",
			"from": [ 7.8, 7.8, 4.4 ],
			"to": [ 8.21, 8.2, 19.7 ],
			"rotationOrigin": [ 8.0, 8.0, 12.0 ],
			"rotationX": 112.5,
			"faces": {
				"east": { "texture": "#frame", "uv": [ 0.0, 0.0, 16.0, 0.5 ], "autoUv": false },
				"west": { "texture": "#frame", "uv": [ 0.0, 0.0, 16.0, 0.5 ], "autoUv": false },
				"up": { "texture": "#frame", "uv": [ 0.0, 0.0, 0.5, 16.0 ], "autoUv": false },
				"down": { "texture": "#frame", "uv": [ 0.0, 0.0, 0.5, 16.0 ], "autoUv": false }
			}
		},
		{
			"name": "Diagonal2",
			"from": [ 7.8, 7.8, 0.4 ],
			"to": [ 8.2, 8.2, 15.7 ],
			"rotationOrigin": [ 8.0, 8.0, 8.0 ],
			"rotationX": 67.5,
			"faces": {
				"east": { "texture": "#frame", "uv": [ 0.0, 0.0, 16.0, 0.5 ], "autoUv": false },
				"west": { "texture": "#frame", "uv": [ 0.0, 0.0, 16.0, 0.5 ], "autoUv": false },
				"up": { "texture": "#frame", "uv": [ 0.0, 0.0, 0.5, 16.0 ], "autoUv": false },
				"down": { "texture": "#frame", "uv": [ 0.0, 0.0, 0.5, 16.0 ], "autoUv": false }
			}
		},
		{
			"name": "Diagonal3",
			"from": [ 7.8, 7.8, 4.4 ],
			"to": [ 8.2, 8.2, 19.7 ],
			"rotationOrigin": [ 8.0, 8.0, 12.0 ],
			"rotationX": 67.5,
			"faces": {
				"east": { "texture": "#frame", "uv": [ 0.0, 0.0, 16.0, 0.5 ], "autoUv": false },
				"west": { "texture": "#frame", "uv": [ 0.0, 0.0, 16.0, 0.5 ], "autoUv": false },
				"up": { "texture": "#frame", "uv": [ 0.0, 0.0, 0.5, 16.0 ], "autoUv": false },
				"down": { "texture": "#frame", "uv": [ 0.0, 0.0, 0.5, 16.0 ], "autoUv": false }
			}
		},
		{
			"name": "Diagonal4",
			"from": [ 7.81, -1.4, -3.7 ],
			"to": [ 8.21, -1.0, 1.8 ],
			"rotationOrigin": [ 8.0, -1.2, 3.9 ],
			"rotationX": 67.5,
			"faces": {
				"east": { "texture": "#frame", "uv": [ 0.0, 0.0, 5.5, 0.5 ] },
				"west": { "texture": "#frame", "uv": [ 0.0, 0.0, 5.5, 0.5 ] },
				"up": { "texture": "#frame", "uv": [ 0.0, 0.0, 0.5, 5.5 ] },
				"down": { "texture": "#frame", "uv": [ 0.0, 0.0, 0.5, 5.5 ] }
			}
		},
		{
			"name": "Diagonal5",
			"from": [ 7.81, 7.8, 8.3 ],
			"to": [ 8.21, 8.2, 13.8 ],
			"rotationOrigin": [ 8.0, 8.0, 15.9 ],
			"rotationX": 67.5,
			"faces": {
				"east": { "texture": "#frame", "uv": [ 0.0, 0.0, 5.5, 0.5 ] },
				"west": { "texture": "#frame", "uv": [ 0.0, 0.0, 5.5, 0.5 ] },
				"up": { "texture": "#frame", "uv": [ 0.0, 0.0, 0.5, 5.5 ] },
				"down": { "texture": "#frame", "uv": [ 0.0, 0.0, 0.5, 5.5 ] }
			}
		},
		{
			"name": "Diagonal6",
			"from": [ 7.81, -1.6, 4.5 ],
			"to": [ 8.21, -1.2, 9.4 ],
			"rotationOrigin": [ 8.0, -1.4, 12.1 ],
			"rotationX": 112.5,
			"faces": {
				"east": { "texture": "#frame", "uv": [ 0.0, 0.0, 4.5, 0.5 ] },
				"west": { "texture": "#frame", "uv": [ 0.0, 0.0, 4.5, 0.5 ] },
				"up": { "texture": "#frame", "uv": [ 0.0, 0.0, 0.5, 4.5 ] },
				"down": { "texture": "#frame", "uv": [ 0.0, 0.0, 0.5, 4.5 ] }
			}
		},
		{
			"name": "Diagonal7",
			"from": [ 7.8, 7.8, 0.4 ],
			"to": [ 8.2, 8.2, 15.7 ],
			"rotationOrigin": [ 8.0, 8.0, 8.0 ],
			"rotationX": 112.5,
			"faces": {
				"east": { "texture": "#frame", "uv": [ 0.0, 0.0, 16.0, 0.5 ], "autoUv": false },
				"west": { "texture": "#frame", "uv": [ 0.0, 0.0, 16.0, 0.5 ], "autoUv": false },
				"up": { "texture": "#frame", "uv": [ 0.0, 0.0, 0.5, 16.0 ], "autoUv": false },
				"down": { "texture": "#frame", "uv": [ 0.0, 0.0, 0.5, 16.0 ], "autoUv": false }
			}
		},
		{
			"name": "Diagonal8",
			"from": [ 7.8, 7.8, -3.6 ],
			"to": [ 8.2, 8.2, 11.7 ],
			"rotationOrigin": [ 8.0, 8.0, 4.0 ],
			"rotationX": 112.5,
			"faces": {
				"east": { "texture": "#frame", "uv": [ 0.0, 0.0, 16.0, 0.5 ], "autoUv": false },
				"west": { "texture": "#frame", "uv": [ 0.0, 0.0, 16.0, 0.5 ], "autoUv": false },
				"up": { "texture": "#frame", "uv": [ 0.0, 0.0, 0.5, 16.0 ], "autoUv": false },
				"down": { "texture": "#frame", "uv": [ 0.0, 0.0, 0.5, 16.0 ], "autoUv": false }
			}
		},
		{
			"name": "Diagonal9",
			"from": [ 7.8, 7.8, -7.7 ],
			"to": [ 8.2, 8.2, -2.7 ],
			"rotationOrigin": [ 8.0, 8.0, -0.1 ],
			"rotationX": 112.5,
			"faces": {
				"east": { "texture": "#frame", "uv": [ 0.0, 0.0, 5.0, 0.5 ] },
				"west": { "texture": "#frame", "uv": [ 0.0, 0.0, 5.0, 0.5 ] },
				"up": { "texture": "#frame", "uv": [ 0.0, 0.0, 0.5, 5.0 ] },
				"down": { "texture": "#frame", "uv": [ 0.0, 0.0, 0.5, 5.0 ] }
			}
		}
	]}