﻿{
  "code": "palisadewall",
  "class": "Block_StackablePalisade",
  "entityClass": "BlockEntity_StackablePalisade",
  "behaviors": [
    {
      "name": "HorizontalOrientable",
      "properties": {
        "drop": { "type": "block", "code": "woodenfortifications:palisadewall-top-north" }
      }
    }
  ],
  "variantgroups": [
    {
      "code": "piece",
      "states": [ "base", "top" ]
    },
    {
      "code": "side",
      "loadFromProperties": "abstract/horizontalorientation"
    }
  ],
  "creativeinventory": { "general": ["palisadewall-top-north"] },
  "blockmaterial": "Wood",
  "drawtype": "json",
  "shapeByType": {
    "*-north": { "base": "block/vertical-{piece}", "rotateY": 180 },
    "*-east": { "base": "block/vertical-{piece}", "rotateY": 90 },
    "*-south": { "base": "block/vertical-{piece}", "rotateY": 0 },
    "*-west": { "base": "block/vertical-{piece}", "rotateY": 270 }
  },
  "sidesolidByType": {
    "*-north": { "all": false, "north": true },
    "*-east": { "all": false, "east": true },
    "*-south": { "all": false, "south": true },
    "*-west": { "all": false, "west": true }
  },
  "sideopaque": { "all": false },
  "sideao": { "all": true },
  "emitsideao": { "all": false },
  "collisionSelectionBoxByType": {
    "*-base-*": { "x1": 0, "y1": 0, "z1": 0.5, "x2": 1, "y2": 1, "z2": 1,
      "rotateYByType": {
        "*-north": 180,
        "*-east": 90,
        "*-south": 0,
        "*-west": 270
      }
    },
    "*-top-*": { "x1": 0, "y1": 0, "z1": 0.5, "x2": 1, "y2": 0.8, "z2": 1,
      "rotateYByType": {
        "*-north": 180,
        "*-east": 90,
        "*-south": 0,
        "*-west": 270
      }
    }
  },
  "resistance": 2,
  "sounds": {
    "place": "game:block/planks",
    "walk": "game:walk/wood",
    "break": "game:block/planks"
  }
}