﻿{
  "code": "palisadewalkway",
  "behaviors": [
    { "name": "Behaviour_PalisadeAttachment" }
  ],
  "variantgroups": [
    {
      "code": "side",
      "loadFromProperties": "abstract/horizontalorientation"
    }
  ],
  "creativeinventory": { "general": ["palisadewalkway-north"] },
  "blockmaterial": "Wood",
  "drawtype": "json",
  "shapeByType": {
    "*-north": { "base": "block/platform-supported", "rotateY": 0 },
    "*-east": { "base": "block/platform-supported", "rotateY": 270 },
    "*-south": { "base": "block/platform-supported", "rotateY": 180 },
    "*-west": { "base": "block/platform-supported", "rotateY": 90 }
  },
  "sidesolid": { "all": false, "up": true },
  "sideopaque": { "all": false },
  "sideao": { "all": true },
  "emitsideao": { "all": false },
  "collisionSelectionBoxes": [
    { "x1": 0, "y1": 0.6, "z1": 0, "x2": 1, "y2": 1, "z2": 1,
      "rotateYByType": {
        "*-north": 0,
        "*-east": 270,
        "*-south": 180,
        "*-west": 90
      }
    }
  ],
  "resistance": 2,
  "sounds": {
    "place": "game:block/planks",
    "walk": "game:walk/wood",
    "break": "game:block/planks"
  }
}
