﻿{
  "code": "spike_barricade",
  "class": "Block_ArchersStake",
  "entityClass": "BlockEntity_Spike",
  "behaviors": [
    { "name": "HorizontalOrientable" }
  ],
  "variantgroups": [
    {
      "code": "side",
      "loadFromProperties": "abstract/horizontalorientation"
    }
  ],
  "attributes": {
    "damage": 2,
    "hit_points": 40,
    "damageFromSide": false
  },
  "creativeinventory": { "general": ["spike_barricade-north"] },
  "blockmaterial": "Wood",
  "drawtype": "json",
  "shapeByType": {
    "*-north": { "base": "block/spike_barricade", "rotateY": 270 },
    "*-east": { "base": "block/spike_barricade", "rotateY": 180 },
    "*-west": { "base": "block/spike_barricade", "rotateY": 0 },
    "*-south": { "base": "block/spike_barricade", "rotateY": 90 }
  },
  "collisionSelectionBox": { "x1": 0.25, "y1": 0, "z1": 0, "x2": 0.9375, "y2": 0.7, "z2": 1,
    "rotateYByType": {
      "*-north": 270,
      "*-east": 180,
      "*-south": 90,
      "*-west": 0
    }
  },
  "sidesolid": { "all": false },
  "sideopaque": { "all": false },
  "sideao": { "all": true },
  "emitsideao": { "all": false },
  "resistance": 2,
  "sounds": {
    "place": "game:block/wood",
    "walk": "game:walk/wood"
  }
}