[
  {
    "file": "game:entities/land/hare-baby.json",
    "op": "replace",
    "path": "/server/behaviors/8/hoursToGrow",
    "value": 168
  },
  {
    "file": "game:entities/land/hare-female.json",
    "op": "replace",
    "path": "/server/behaviors/7/drops/0/quantity/avg",
    "value": 1
  },
  {
    "file": "game:entities/land/hare-female.json",
    "op": "replace",
    "path": "/server/behaviors/7/drops/1/quantity/avg",
    "value": 0.25
  },
  {
    "file": "game:entities/land/hare-female.json",
    "op": "replace",
    "path": "/server/behaviors/9/multiplyCooldownDaysMax",
    "value": 3
  },
  {
    "file": "game:entities/land/hare-female.json",
    "op": "replace",
    "path": "/server/behaviors/9/multiplyCooldownDaysMin",
    "value": 1
  },
  {
    "file": "game:entities/land/hare-female.json",
    "op": "replace",
    "path": "/server/behaviors/9/pregnancyDays",
    "value": 3
  },
  {
    "file": "game:entities/land/hare-male.json",
    "op": "replace",
    "path": "/server/behaviors/6/drops/0/quantity/avg",
    "value": 1
  },
  {
    "file": "game:entities/land/hare-male.json",
    "op": "replace",
    "path": "/server/behaviors/6/drops/1/quantity/avg",
    "value": 0.25
  }
]
