[
  {
    "file": "game:entities/land/pig-wild-female.json",
    "op": "replace",
    "path": "/server/behaviors/6/drops/0/quantity/avg",
    "value": 4.5
  },
  {
    "file": "game:entities/land/pig-wild-female.json",
    "op": "replace",
    "path": "/server/behaviors/6/drops/0/quantity/var",
    "value": 0.75
  },
  {
    "file": "game:entities/land/pig-wild-female.json",
    "op": "replace",
    "path": "/server/behaviors/6/drops/1/quantity/avg",
    "value": 0.75
  },
  {
    "file": "game:entities/land/pig-wild-female.json",
    "op": "replace",
    "path": "/server/behaviors/6/drops/2/quantity/avg",
    "value": 1
  },
  {
    "file": "game:entities/land/pig-wild-female.json",
    "op": "replace",
    "path": "/server/behaviors/8/multiplyCooldownDaysMax",
    "value": 6
  },
  {
    "file": "game:entities/land/pig-wild-female.json",
    "op": "replace",
    "path": "/server/behaviors/8/multiplyCooldownDaysMin",
    "value": 3
  },
  {
    "file": "game:entities/land/pig-wild-female.json",
    "op": "replace",
    "path": "/server/behaviors/8/pregnancyDays",
    "value": 13
  },
  {
    "file": "game:entities/land/pig-wild-male.json",
    "op": "replace",
    "path": "/server/behaviors/6/drops/0/quantity/avg",
    "value": 4.5
  },
  {
    "file": "game:entities/land/pig-wild-male.json",
    "op": "replace",
    "path": "/server/behaviors/6/drops/0/quantity/var",
    "value": 0.75
  },
  {
    "file": "game:entities/land/pig-wild-male.json",
    "op": "replace",
    "path": "/server/behaviors/6/drops/1/quantity/avg",
    "value": 0.75
  },
  {
    "file": "game:entities/land/pig-wild-male.json",
    "op": "replace",
    "path": "/server/behaviors/6/drops/2/quantity/avg",
    "value": 1
  },
  {
    "file": "game:entities/land/pig-wild-piglet.json",
    "op": "replace",
    "path": "/server/behaviors/6/drops/0/quantity/avg",
    "value": 0.75
  },
  {
    "file": "game:entities/land/pig-wild-piglet.json",
    "op": "replace",
    "path": "/server/behaviors/6/drops/1/quantity/avg",
    "value": 0.5
  },
  {
    "file": "game:entities/land/pig-wild-piglet.json",
    "op": "replace",
    "path": "/server/behaviors/9/hoursToGrow",
    "value": 84
  }
]
