[
  {
    "file": "game:entities/land/sheep-bighorn-female.json",
    "op": "replace",
    "path": "/server/behaviors/6/drops/0/quantity/avg",
    "value": 8
  },
  {
    "file": "game:entities/land/sheep-bighorn-female.json",
    "op": "replace",
    "path": "/server/behaviors/6/drops/0/quantity/var",
    "value": 1.5
  },
  {
    "file": "game:entities/land/sheep-bighorn-female.json",
    "op": "replace",
    "path": "/server/behaviors/6/drops/1/quantity/avg",
    "value": 0.6
  },
  {
    "file": "game:entities/land/sheep-bighorn-female.json",
    "op": "replace",
    "path": "/server/behaviors/6/drops/1/quantity/var",
    "value": 0.1
  },
  {
    "file": "game:entities/land/sheep-bighorn-female.json",
    "op": "replace",
    "path": "/server/behaviors/6/drops/2/quantity/avg",
    "value": 0.5
  },
  {
    "file": "game:entities/land/sheep-bighorn-female.json",
    "op": "replace",
    "path": "/server/behaviors/6/drops/2/quantity/var",
    "value": 0.15
  },
  {
    "file": "game:entities/land/sheep-bighorn-female.json",
    "op": "replace",
    "path": "/server/behaviors/8/multiplyCooldownDaysMax",
    "value": 6
  },
  {
    "file": "game:entities/land/sheep-bighorn-female.json",
    "op": "replace",
    "path": "/server/behaviors/8/multiplyCooldownDaysMin",
    "value": 2
  },
  {
    "file": "game:entities/land/sheep-bighorn-female.json",
    "op": "replace",
    "path": "/server/behaviors/8/pregnancyDays",
    "value": 10
  },
  {
    "file": "game:entities/land/sheep-bighorn-lamb.json",
    "op": "replace",
    "path": "/server/behaviors/6/drops/0/quantity/avg",
    "value": 0.75
  },
  {
    "file": "game:entities/land/sheep-bighorn-lamb.json",
    "op": "replace",
    "path": "/server/behaviors/6/drops/0/quantity/var",
    "value": 0.25
  },
  {
    "file": "game:entities/land/sheep-bighorn-lamb.json",
    "op": "replace",
    "path": "/server/behaviors/6/drops/1/quantity/avg",
    "value": 0.5
  },
  {
    "file": "game:entities/land/sheep-bighorn-lamb.json",
    "op": "replace",
    "path": "/server/behaviors/6/drops/1/quantity/var",
    "value": 0.25
  },
  {
    "file": "game:entities/land/sheep-bighorn-lamb.json",
    "op": "replace",
    "path": "/server/behaviors/9/hoursToGrow",
    "value": 168
  },
  {
    "file": "game:entities/land/sheep-bighorn-male.json",
    "op": "replace",
    "path": "/server/behaviors/6/drops/0/quantity/avg",
    "value": 6.5
  },
  {
    "file": "game:entities/land/sheep-bighorn-male.json",
    "op": "replace",
    "path": "/server/behaviors/6/drops/0/quantity/var",
    "value": 1.5
  },
  {
    "file": "game:entities/land/sheep-bighorn-male.json",
    "op": "replace",
    "path": "/server/behaviors/6/drops/1/quantity/avg",
    "value": 0.6
  },
  {
    "file": "game:entities/land/sheep-bighorn-male.json",
    "op": "replace",
    "path": "/server/behaviors/6/drops/1/quantity/var",
    "value": 0.1
  },
  {
    "file": "game:entities/land/sheep-bighorn-male.json",
    "op": "replace",
    "path": "/server/behaviors/6/drops/2/quantity/avg",
    "value": 0.5
  },
  {
    "file": "game:entities/land/sheep-bighorn-male.json",
    "op": "replace",
    "path": "/server/behaviors/6/drops/2/quantity/var",
    "value": 0.15
  }
]
