{
  "textureWidth":16,
  "textureHeight":16,
  "textures":{
		"bark":"game:block/wood/firewood/bark",
		"side":"game:block/wood/firewood/side",
		"south":"game:block/wood/firewood/south"
  },
  "textureSizes":{
    "bark":[
      32,
      32
    ],
    "side":[
      32,
      32
    ],
    "south":[
      32,
      32
    ]
  },
  "elements":[
    {
      "name":"origin",
      "from":[
        11.0,
        0.5,
        12.699999809265137
      ],
      "to":[
        11.0,
        0.5,
        12.699999809265137
      ],
      "rotationOrigin":[
        8.0,
        0.0,
        8.0
      ],
      "group":"Crude",
      "faces":{
        "north":{
          "texture":"#0",
          "uv":[
            0,
            0,
            4,
            4
          ],
          "autoUv":false
        },
        "east":{
          "texture":"#0",
          "uv":[
            0,
            0,
            4,
            4
          ],
          "autoUv":false
        },
        "south":{
          "texture":"#0",
          "uv":[
            0,
            0,
            4,
            4
          ],
          "autoUv":false
        },
        "west":{
          "texture":"#0",
          "uv":[
            0,
            0,
            4,
            4
          ],
          "autoUv":false
        },
        "up":{
          "texture":"#bark",
          "uv":[
            0.0,
            0.0,
            1.0,
            1.0
          ],
          "autoUv":false,
          "rotation":180
        },
        "down":{
          "texture":"#0",
          "uv":[
            0,
            0,
            4,
            4
          ],
          "autoUv":false
        }
      },
      "children":[
        {
          "name":"handle_crude 01",
          "from":[
            -9.021390199661255,
            0.0,
            -5.199999809265137
          ],
          "to":[
            -4.810654401779175,
            1.0,
            -4.199999809265137
          ],
          "rotationOrigin":[
            -6.916022300720215,
            0.5,
            -4.699999809265137
          ],
          "rotationY":-179.9998547447946,
          "group":"Crude",
          "faces":{
            "north":{
              "texture":"#side",
              "uv":[
                0.0,
                8.0,
                8.42147159576416,
                11.999998092651367
              ],
              "autoUv":false
            },
            "east":{
              "texture":"#south",
              "uv":[
                6.0,
                0.0,
                9.0,
                3.0
              ],
              "autoUv":false
            },
            "south":{
              "texture":"#bark",
              "uv":[
                1.5785285234451294,
                17.999999046325684,
                10.0,
                22.0
              ],
              "autoUv":false
            },
            "west":{
              "texture":"#bark",
              "uv":[
                6.0,
                0.0,
                8.0,
                4.0
              ],
              "autoUv":false
            },
            "up":{
              "texture":"#bark",
              "uv":[
                1.5785285234451294,
                4.999998092651367,
                10.0,
                9.0
              ],
              "autoUv":false
            },
            "down":{
              "texture":"#side",
              "uv":[
                8.42147159576416,
                18.0,
                0.0,
                14.0
              ],
              "autoUv":false,
              "rotation":180
            }
          },
          "children":[]
        },
        {
          "name":"handle_crude 02",
          "from":[
            -5.164207696914673,
            0.0012841224670410156,
            -5.053553402423859
          ],
          "to":[
            -4.457101583480835,
            0.998715877532959,
            -4.346446216106415
          ],
          "rotationOrigin":[
            -4.810654640197754,
            0.5,
            -4.699999809265137
          ],
          "rotationY":-134.99997302086598,
          "group":"Crude",
          "faces":{
            "north":{
              "texture":"#side",
              "uv":[
                10.0,
                8.0,
                12.0,
                12.0
              ],
              "autoUv":false
            },
            "east":{
              "texture":"#bark",
              "uv":[
                6.585785865783691,
                0.0,
                8.0,
                4.0
              ],
              "autoUv":false
            },
            "south":{
              "texture":"#bark",
              "uv":[
                8.0,
                17.999999046325684,
                10.0,
                22.0
              ],
              "autoUv":false
            },
            "west":{
              "texture":"#bark",
              "uv":[
                6.0,
                18.0,
                8.0,
                22.0
              ],
              "autoUv":false
            },
            "up":{
              "texture":"#bark",
              "uv":[
                8.0,
                6.0,
                10.0,
                9.0
              ],
              "autoUv":false
            },
            "down":{
              "texture":"#side",
              "uv":[
                2.000000238418579,
                17.0,
                0.0,
                14.0
              ],
              "autoUv":false,
              "rotation":180
            }
          },
          "children":[]
        },
        {
          "name":"handle_crude 03",
          "from":[
            -9.402523517608643,
            0.5215141475200653,
            -5.2119714468717575
          ],
          "to":[
            -7.336972713470459,
            1.012058049440384,
            -4.721427753567696
          ],
          "rotationOrigin":[
            -8.36974811553955,
            0.7667860984802246,
            -4.966699600219727
          ],
          "rotationX":-0.03511819802009409,
          "rotationY":178.36870994834717,
          "rotationZ":1.2334282171628717,
          "group":"Crude",
          "faces":{
            "north":{
              "texture":"#bark",
              "uv":[
                1.0,
                8.0,
                6.0,
                9.999998092651367
              ],
              "autoUv":false
            },
            "east":{
              "texture":"#south",
              "uv":[
                6.0,
                1.0,
                8.0,
                3.0
              ],
              "autoUv":false
            },
            "south":{
              "texture":"#bark",
              "uv":[
                1.0000001192092896,
                17.999999046325684,
                6.0,
                20.0
              ],
              "autoUv":false
            },
            "west":{
              "texture":"#bark",
              "uv":[
                6.0,
                0.0,
                8.0,
                4.0
              ],
              "autoUv":false
            },
            "up":{
              "texture":"#bark",
              "uv":[
                1.0000001192092896,
                4.999998092651367,
                6.0,
                7.0
              ],
              "autoUv":false
            },
            "down":{
              "texture":"#bark",
              "uv":[
                6.0,
                16.0,
                1.0,
                14.0
              ],
              "autoUv":false,
              "rotation":180
            }
          },
          "children":[]
        },
        {
          "name":"handle_crude 04",
          "from":[
            -9.301485359668732,
            0.5693300515413284,
            -4.639550492167473
          ],
          "to":[
            -7.43801087141037,
            1.011883184313774,
            -4.196997359395027
          ],
          "rotationOrigin":[
            -8.36974811553955,
            0.7906066179275513,
            -4.41827392578125
          ],
          "rotationX":-179.96488417624414,
          "rotationY":-1.6314231266561032,
          "rotationZ":1.2335508404028146,
          "group":"Crude",
          "faces":{
            "north":{
              "texture":"#side",
              "uv":[
                6.0,
                17.999999046325684,
                1.0000001192092896,
                20.0
              ],
              "autoUv":false,
              "rotation":180
            },
            "east":{
              "texture":"#bark",
              "uv":[
                8.0,
                0.0,
                6.0,
                4.0
              ],
              "autoUv":false,
              "rotation":180
            },
            "south":{
              "texture":"#bark",
              "uv":[
                6.0,
                8.0,
                1.0,
                9.999998092651367
              ],
              "autoUv":false,
              "rotation":180
            },
            "west":{
              "texture":"#south",
              "uv":[
                4.0,
                1.0,
                2.0,
                3.0
              ],
              "autoUv":false,
              "rotation":180
            },
            "up":{
              "texture":"#bark",
              "uv":[
                6.0,
                14.0,
                1.0,
                16.0
              ],
              "autoUv":false,
              "rotation":180
            },
            "down":{
              "texture":"#bark",
              "uv":[
                1.0,
                7.0,
                6.0,
                4.999998092651367
              ],
              "autoUv":false
            }
          },
          "children":[]
        },
        {
          "name":"handle_crude 05",
          "from":[
            -9.301485419273376,
            -0.00590081512928009,
            -5.206057757139206
          ],
          "to":[
            -7.438010811805725,
            0.43665237724781036,
            -4.763504773378372
          ],
          "rotationOrigin":[
            -8.36974811553955,
            0.21537578105926514,
            -4.984781265258789
          ],
          "rotationX":0.03511827472632011,
          "rotationY":-1.6312855623773508,
          "rotationZ":1.23343003143187,
          "group":"Crude",
          "faces":{
            "north":{
              "texture":"#bark",
              "uv":[
                6.0,
                17.999999046325684,
                1.0000001192092896,
                20.0
              ],
              "autoUv":false,
              "rotation":180
            },
            "east":{
              "texture":"#bark",
              "uv":[
                8.0,
                0.0,
                6.0,
                4.0
              ],
              "autoUv":false,
              "rotation":180
            },
            "south":{
              "texture":"#bark",
              "uv":[
                6.0,
                8.0,
                1.0,
                9.999998092651367
              ],
              "autoUv":false,
              "rotation":180
            },
            "west":{
              "texture":"#south",
              "uv":[
                8.0,
                3.0,
                6.0,
                5.0
              ],
              "autoUv":false,
              "rotation":180
            },
            "up":{
              "texture":"#bark",
              "uv":[
                6.0,
                16.0,
                1.0,
                18.0
              ],
              "autoUv":false,
              "rotation":180
            },
            "down":{
              "texture":"#side",
              "uv":[
                1.0,
                7.0,
                6.0,
                4.999998092651367
              ],
              "autoUv":false
            }
          },
          "children":[]
        },
        {
          "name":"handle_crude 06",
          "from":[
            -9.460371494293213,
            -0.00698283314704895,
            -4.706954151391983
          ],
          "to":[
            -7.279123783111572,
            0.5110380947589874,
            -4.188933223485947
          ],
          "rotationOrigin":[
            -8.369747638702393,
            0.25202763080596924,
            -4.447943687438965
          ],
          "rotationX":-0.03523514166425742,
          "rotationY":1.6313182192193199,
          "rotationZ":-178.76658212787876,
          "group":"Crude",
          "faces":{
            "north":{
              "texture":"#bark",
              "uv":[
                1.0,
                8.0,
                6.0,
                9.999998092651367
              ],
              "autoUv":false
            },
            "east":{
              "texture":"#south",
              "uv":[
                8.0,
                1.0,
                10.0,
                3.0
              ],
              "autoUv":false
            },
            "south":{
              "texture":"#side",
              "uv":[
                1.0000001192092896,
                17.999999046325684,
                6.0,
                20.0
              ],
              "autoUv":false
            },
            "west":{
              "texture":"#bark",
              "uv":[
                6.0,
                0.0,
                8.0,
                4.0
              ],
              "autoUv":false
            },
            "up":{
              "texture":"#side",
              "uv":[
                1.0,
                4.999998092651367,
                6.0,
                7.0
              ],
              "autoUv":false
            },
            "down":{
              "texture":"#bark",
              "uv":[
                6.0,
                18.0,
                1.0,
                16.0
              ],
              "autoUv":false,
              "rotation":180
            }
          },
          "children":[]
        }
      ]
    }
  ],
  "groups":[]
}