{
  "version": 1,
  "patches": {
    "float": {
      "landformoverhaul:patches/landforms.json": {
        "0/value/weight": "cr mountains",
        "0/value/mutations/0/chance": "cr mountains-mut1",
        "0/value/mutations/1/chance": "cr mountains-mut2",
        "0/value/mutations/2/chance": "cr mountains-mut3",
        "0/value/mutations/3/chance": "cr mountains-mut4",
        "0/value/mutations/4/chance": "cr mountains-mut5",
        "0/value/mutations/5/chance": "cr mountains-mut6",

        "1/value/weight": "cr foothills",
        "1/value/mutations/0/chance": "cr foothills-mut1",

        "2/value/weight": "cr hills",
        "2/value/mutations/0/chance": "cr hills-mut1",

        "3/value/weight": "cr smallhills",
        "3/value/mutations/0/chance": "cr smallhills-mut1",

        "4/value/weight": "cr plains",
        "4/value/mutations/0/chance": "cr plains-mut1",

        "5/value/weight": "cr lake",
        "6/value/weight": "cr lake1",

        "7/value/weight": "cr island",
        "7/value/mutations/0/chance": "cr island-mut1",
        "7/value/mutations/1/chance": "cr island-mut2",

        "8/value/weight": "cr cliffs",
        "9/value/weight": "cr cliffs1",
        "10/value/weight": "cr cliffs2",
        "11/value/weight": "cr cliffs3",
        "12/value/weight": "cr cliffs4",
        "13/value/weight": "cr cliffs5",

        "14/value/weight": "cr roughcliffs",
        "15/value/weight": "cr roughcliffs1",
        "16/value/weight": "cr roughcliffs2",
        "17/value/weight": "cr roughcliffs3",
        "18/value/weight": "cr roughcliffs4",
        "19/value/weight": "cr roughcliffs5",

        "20/value/weight": "cr canyon",
        "21/value/weight": "cr canyon1",
        "22/value/weight": "cr canyon2",
        "23/value/weight": "cr canyon3",
        "24/value/weight": "cr canyon4",
        "25/value/weight": "cr canyon5",
        "26/value/weight": "cr canyon6",
        "27/value/weight": "cr canyon7",
        "28/value/weight": "cr canyon8",

        "29/value/weight": "cr dunes",

        "30/value/weight": "cr pillars",

        "31/value/weight": "cr crevasse"
      }
    }
  },
  "settings": {
    "float": {
      "cr mountains": {
        "name": "Mountain Weight",
        "comment": "Mountains from sea level to maximum world height.",
        "default": 5,
        "weight": 0.011,
        "logarithmic": true,
        "range": {
          "min": 0,
          "max": 20000
        }
      },
      "cr mountains-mut1": {
        "name": "Mountain Mutation Chance (1)",
        "comment": "Mountains from medium world height to maximum world height.",
        "default": 0.25,
        "weight": 0.012,
        "logarithmic": false,
        "range": {
          "min": 0,
          "max": 1
        }
      },
      "cr mountains-mut2": {
        "name": "Mountain Mutation Chance (2)",
        "comment": "Mountains from sea level to medium world height.",
        "default": 0.5,
        "weight": 0.013,
        "logarithmic": false,
        "range": {
          "min": 0,
          "max": 1
        }
      },
      "cr mountains-mut3": {
        "name": "Mountain Mutation Chance (3)",
        "comment": "Mountains from below sea level to maximum world height.",
        "default": 0.25,
        "weight": 0.014,
        "logarithmic": false,
        "range": {
          "min": 0,
          "max": 1
        }
      },
      "cr mountains-mut4": {
        "name": "Mountain Mutation Chance (4)",
        "comment": "Mountains from below sea level to medium world height.",
        "default": 0.5,
        "weight": 0.015,
        "logarithmic": false,
        "range": {
          "min": 0,
          "max": 1
        }
      },
      "cr mountains-mut5": {
        "name": "Mountain Mutation Chance (5)",
        "comment": "Mountains from deep sea level to maximum world height.",
        "default": 0.5,
        "weight": 0.016,
        "logarithmic": false,
        "range": {
          "min": 0,
          "max": 1
        }
      },
      "cr mountains-mut6": {
        "name": "Mountain Mutation Chance (6)",
        "comment": "Mountains from deep sea level to medium world height.",
        "default": 0.75,
        "weight": 0.017,
        "logarithmic": false,
        "range": {
          "min": 0,
          "max": 1
        }
      },

      "cr foothills": {
        "name": "Foothill Weight",
        "comment": "Foothills from slightly above sea level to medium world height.",
        "default": 20,
        "weight": 0.019,
        "logarithmic": true,
        "range": {
          "min": 0,
          "max": 20000
        }
      },
      "cr foothills-mut1": {
        "name": "Foothill Mutation Chance",
        "comment": "Foothills from slightly above sea level to medium world height. (Small height increase.)",
        "default": 0.5,
        "weight": 0.020,
        "logarithmic": false,
        "range": {
          "min": 0,
          "max": 1
        }
      },

      "cr hills": {
        "name": "Hill Weight",
        "comment": "Hills from slightly above sea level to slightly below medium world height.",
        "default": 10,
        "weight": 0.022,
        "logarithmic": true,
        "range": {
          "min": 0,
          "max": 20000
        }
      },
      "cr hills-mut1": {
        "name": "Hill Mutation Chance",
        "comment": "Hills from slightly above sea level to slightly below medium world height. (Slight height increase.)",
        "default": 0.5,
        "weight": 0.023,
        "logarithmic": false,
        "range": {
          "min": 0,
          "max": 1
        }
      },

      "cr smallhills": {
        "name": "Small Hill Weight",
        "comment": "Small hills from slightly below sea level to low world height.",
        "default": 8,
        "weight": 0.025,
        "logarithmic": true,
        "range": {
          "min": 0,
          "max": 20000
        }
      },
      "cr smallhills-mut1": {
        "name": "Small Hill Mutation Chance",
        "comment": "Small hills from slightly above sea level to low world height.",
        "default": 0.5,
        "weight": 0.026,
        "logarithmic": false,
        "range": {
          "min": 0,
          "max": 1
        }
      },

      "cr plains": {
        "name": "Plains Weight",
        "comment": "Plains from slightly below sea level to low world height.",
        "default": 7,
        "weight": 0.028,
        "logarithmic": true,
        "range": {
          "min": 0,
          "max": 20000
        }
      },
      "cr plains-mut1": {
        "name": "Plains Mutation Chance",
        "comment": "Plains from slightly above sea level to low world height.",
        "default": 0.5,
        "weight": 0.029,
        "logarithmic": false,
        "range": {
          "min": 0,
          "max": 1
        }
      },

      "cr lake": {
        "name": "Large Lake Weight",
        "comment": "Large lake from slightly below water level to low world height.",
        "default": 1.5,
        "weight": 0.031,
        "logarithmic": true,
        "range": {
          "min": 0,
          "max": 20000
        }
      },
      "cr lake1": {
        "name": "Small Lake Weight",
        "comment": "Small lake from slightly below water level to low world height.",
        "default": 0.5,
        "weight": 0.032,
        "logarithmic": true,
        "range": {
          "min": 0,
          "max": 20000
        }
      },

      "cr island": {
        "name": "Island Weight",
        "comment": "Island from below sea level to low world height.",
        "default": 5,
        "weight": 0.034,
        "logarithmic": true,
        "range": {
          "min": 0,
          "max": 20000
        }
      },
      "cr island-mut1": {
        "name": "Island Mutation Chance (1)",
        "comment": "Island from below sea level to low world height. (Larger beaches)",
        "default": 0.25,
        "weight": 0.035,
        "logarithmic": false,
        "range": {
          "min": 0,
          "max": 1
        }
      },
      "cr island-mut2": {
        "name": "Island Mutation Chance (2)",
        "comment": "Island from below sea level to low world height. (Larger beaches with flat top.)",
        "default": 0.25,
        "weight": 0.036,
        "logarithmic": false,
        "range": {
          "min": 0,
          "max": 1
        }
      },

      "cr cliffs": {
        "name": "Cliff Weight",
        "comment": "Double stepped cliff at medium world height.",
        "default": 2,
        "weight": 0.038,
        "logarithmic": true,
        "range": {
          "min": 0,
          "max": 20000
        }
      },
      "cr cliffs1": {
        "name": "Cliff (1) Weight",
        "comment": "Single step cliff at medium world height.",
        "default": 3,
        "weight": 0.039,
        "logarithmic": true,
        "range": {
          "min": 0,
          "max": 20000
        }
      },
      "cr cliffs2": {
        "name": "Cliff (2) Weight",
        "comment": "Single step cliff at medium world height. (Slight height reduction.)",
        "default": 4,
        "weight": 0.040,
        "logarithmic": true,
        "range": {
          "min": 0,
          "max": 20000
        }
      },
      "cr cliffs3": {
        "name": "Cliff (3) Weight",
        "comment": "Quad stepped cliffs from sea level to medium world height.",
        "default": 4,
        "weight": 0.041,
        "logarithmic": true,
        "range": {
          "min": 0,
          "max": 20000
        }
      },
      "cr cliffs4": {
        "name": "Cliff (4) Weight",
        "comment": "Three step cliffs from below sea level to medium world height.",
        "default": 4,
        "weight": 0.042,
        "logarithmic": true,
        "range": {
          "min": 0,
          "max": 20000
        }
      },
      "cr cliffs5": {
        "name": "Cliff (5) Weight",
        "comment": "Double stepped cliff from deep sea level to medium world height.",
        "default": 4,
        "weight": 0.043,
        "logarithmic": true,
        "range": {
          "min": 0,
          "max": 20000
        }
      },

      "cr roughcliffs": {
        "name": "Rough Cliff Weight",
        "comment": "Double stepped rough cliffs at medium world height.",
        "default": 1.25,
        "weight": 0.045,
        "logarithmic": true,
        "range": {
          "min": 0,
          "max": 20000
        }
      },
      "cr roughcliffs1": {
        "name": "Rough Cliff (1) Weight",
        "comment": "Single stepped rough cliffs at medium world height.",
        "default": 1.3,
        "weight": 0.046,
        "logarithmic": true,
        "range": {
          "min": 0,
          "max": 20000
        }
      },
      "cr roughcliffs2": {
        "name": "Rough Cliff (2) Weight",
        "comment": "Single stepped rough cliffs at medium world height. (Slight height reduction.)",
        "default": 2.25,
        "weight": 0.047,
        "logarithmic": true,
        "range": {
          "min": 0,
          "max": 20000
        }
      },
      "cr roughcliffs3": {
        "name": "Rough Cliff (3) Weight",
        "comment": "Quad stepped rough cliffs from sea level to medium world height.",
        "default": 2.5,
        "weight": 0.048,
        "logarithmic": true,
        "range": {
          "min": 0,
          "max": 20000
        }
      },
      "cr roughcliffs4": {
        "name": "Rough Cliff (4) Weight",
        "comment": "Tri-stepped rough cliffs from below sea level to medium world height.",
        "default": 2.5,
        "weight": 0.049,
        "logarithmic": true,
        "range": {
          "min": 0,
          "max": 20000
        }
      },
      "cr roughcliffs5": {
        "name": "Rough Cliff (5) Weight",
        "comment": "Double stepped rough cliffs from deep sea level to medium world height.",
        "default": 2.5,
        "weight": 0.050,
        "logarithmic": true,
        "range": {
          "min": 0,
          "max": 20000
        }
      },

      "cr canyon": {
        "name": "Canyon Weight",
        "comment": "Dual stepped canyons from medium world height to near max height.",
        "default": 2.5,
        "weight": 0.052,
        "logarithmic": true,
        "range": {
          "min": 0,
          "max": 20000
        }
      },
      "cr canyon1": {
        "name": "Canyon (1) Weight",
        "comment": "Dual stepped canyons from medium world height to near max height. (Steeper steps.)",
        "default": 2.5,
        "weight": 0.053,
        "logarithmic": true,
        "range": {
          "min": 0,
          "max": 20000
        }
      },
      "cr canyon2": {
        "name": "Canyon (2) Weight",
        "comment": "Tri-stepped canyons from medium world height to near max height.",
        "default": 2.5,
        "weight": 0.054,
        "logarithmic": true,
        "range": {
          "min": 0,
          "max": 20000
        }
      },
      "cr canyon3": {
        "name": "Canyon (3) Weight",
        "comment": "Dual stepped canyons from medium world height to near max height. (Slight height reduction.)",
        "default": 2.5,
        "weight": 0.055,
        "logarithmic": true,
        "range": {
          "min": 0,
          "max": 20000
        }
      },
      "cr canyon4": {
        "name": "Canyon (4) Weight",
        "comment": "Single step canyons from medium world height to near max height. (Slight height reduction.)",
        "default": 2.5,
        "weight": 0.056,
        "logarithmic": true,
        "range": {
          "min": 0,
          "max": 20000
        }
      },
      "cr canyon5": {
        "name": "Canyon (5) Weight",
        "comment": "Tri-stepped canyons from medium world height to near max height. (Slight height reduction.)",
        "default": 2.5,
        "weight": 0.057,
        "logarithmic": true,
        "range": {
          "min": 0,
          "max": 20000
        }
      },
      "cr canyon6": {
        "name": "Canyon (6) Weight",
        "comment": "Double stepped canyons from medium world height to near max height. (Slight height reduction.)",
        "default": 2.5,
        "weight": 0.058,
        "logarithmic": true,
        "range": {
          "min": 0,
          "max": 20000
        }
      },
      "cr canyon7": {
        "name": "Canyon (7) Weight",
        "comment": "Tri-stepped canyons from medium world height to near max height. (Slight height reduction.)",
        "default": 2.5,
        "weight": 0.059,
        "logarithmic": true,
        "range": {
          "min": 0,
          "max": 20000
        }
      },
      "cr canyon8": {
        "name": "Canyon (8) Weight",
        "comment": "Quad stepped canyons from medium world height to near max height.",
        "default": 2.5,
        "weight": 0.060,
        "logarithmic": true,
        "range": {
          "min": 0,
          "max": 20000
        }
      },

      "cr dunes": {
        "name": "Dune Weight",
        "comment": "Dunes from above sea level to below medium world height.",
        "default": 2500,
        "weight": 0.062,
        "logarithmic": true,
        "range": {
          "min": 0,
          "max": 20000
        }
      },

      "cr pillars": {
        "name": "Pillar Weight",
        "comment": "Dual stepped pillars from slightly above sea level to slightly below medium world height.",
        "default": 15,
        "weight": 0.064,
        "logarithmic": true,
        "range": {
          "min": 0,
          "max": 20000
        }
      },

      "cr crevasse": {
        "name": "Crevasse Weight",
        "comment": "Crevasses from slightly below sea level to slightly below medium world height.",
        "default": 20000,
        "weight": 0.066,
        "logarithmic": true,
        "range": {
          "min": 0,
          "max": 20000
        }
      }
    }
  },
  "formatting": [
    {
      "type": "separator",
      "title": "READ BEFORE CHANGING",
      "text": "WARNING\nModifications to the config can break BOTH existing AND OLD WORLDS!\nBack up ALL your worlds before making changes and make a NEW WORLD in addition to SAVING THE CONFIG after any changes are made in order for them to be applied properly.",
      "weight": 0.001
    },
    {
      "type": "separator",
      "title": "landformoverhaul:mountain_weight_title",
      "weight": 0.01
    },
    {
      "type": "separator",
      "title": "landformoverhaul:foothills_weight_title",
      "weight": 0.018
    },
    {
      "type": "separator",
      "title": "landformoverhaul:hills_weight_title",
      "weight": 0.021
    },
    {
      "type": "separator",
      "title": "landformoverhaul:smallhills_weight_title",
      "weight": 0.024
    },
    {
      "type": "separator",
      "title": "landformoverhaul:plains_weight_title",
      "weight": 0.027
    },
    {
      "type": "separator",
      "title": "landformoverhaul:lake_weight_title",
      "weight": 0.030
    },
    {
      "type": "separator",
      "title": "landformoverhaul:island_weight_title",
      "weight": 0.033
    },
    {
      "type": "separator",
      "title": "landformoverhaul:cliff_weight_title",
      "weight": 0.037
    },
    {
      "type": "separator",
      "title": "landformoverhaul:roughcliff_weight_title",
      "weight": 0.044
    },
    {
      "type": "separator",
      "title": "landformoverhaul:canyon_weight_title",
      "weight": 0.051
    },
    {
      "type": "separator",
      "title": "landformoverhaul:dune_weight_title",
      "weight": 0.061
    },
    {
      "type": "separator",
      "title": "landformoverhaul:pillar_weight_title",
      "weight": 0.063
    },
    {
      "type": "separator",
      "title": "landformoverhaul:crevasse_weight_title",
      "weight": 0.065
    }
  ]
}