{
  "textureWidth":16,
  "textureHeight":16,
  "textures":{
    "wood":"game:block/wood/debarked/oak"
  },
  "textureSizes":{
    "wood":[
      32,
      32
    ]
  },
  "elements":[
    {
      "name":"origin",
      "from":[
        11.0,
        0.5,
        7.699999988079071
      ],
      "to":[
        11.0,
        0.5,
        7.699999988079071
      ],
      "rotationOrigin":[
        8.0,
        0.0,
        8.0
      ],
      "group":"Regular",
      "faces":{
        "north":{
          "texture":"#0",
          "uv":[
            0,
            0,
            4,
            4
          ],
          "autoUv":false
        },
        "east":{
          "texture":"#0",
          "uv":[
            0,
            0,
            4,
            4
          ],
          "autoUv":false
        },
        "south":{
          "texture":"#0",
          "uv":[
            0,
            0,
            4,
            4
          ],
          "autoUv":false
        },
        "west":{
          "texture":"#0",
          "uv":[
            0,
            0,
            4,
            4
          ],
          "autoUv":false
        },
        "up":{
          "texture":"#wood",
          "uv":[
            0.0,
            0.0,
            1.0,
            1.0
          ],
          "autoUv":false,
          "rotation":180
        },
        "down":{
          "texture":"#0",
          "uv":[
            0,
            0,
            4,
            4
          ],
          "autoUv":false
        }
      },
      "children":[
        {
          "name":"handle_regular 01",
          "from":[
            -12.854322910308838,
            -0.40409350395202637,
            0.5150697827339172
          ],
          "to":[
            -8.854322910308838,
            0.9159724712371826,
            2.0150697827339172
          ],
          "rotationOrigin":[
            -10.854322910308838,
            0.2559394836425781,
            1.2650697827339172
          ],
          "rotationY":-6.499992212324947,
          "group":"Regular",
          "faces":{
            "north":{
              "texture":"#wood",
              "uv":[
                18.84944725036621,
                12.199077606201172,
                26.81962013244629,
                14.846729278564453
              ],
              "autoUv":false
            },
            "east":{
              "texture":"#wood",
              "uv":[
                1.560099482536316,
                1.4568862915039062,
                4.372938632965088,
                4.266002655029297
              ],
              "autoUv":false
            },
            "south":{
              "texture":"#wood",
              "uv":[
                3.9528212547302246,
                15.05398941040039,
                11.890562057495117,
                17.69086742401123
              ],
              "autoUv":false
            },
            "west":{
              "texture":"#wood",
              "uv":[
                27.584196090698242,
                19.770140647888184,
                30.397035598754883,
                22.579258918762207
              ],
              "autoUv":false
            },
            "up":{
              "texture":"#wood",
              "uv":[
                0.4170513153076172,
                9.07406997680664,
                8.407553672790527,
                12.070507049560547
              ],
              "autoUv":false
            },
            "down":{
              "texture":"#wood",
              "uv":[
                21.989084243774414,
                13.051595687866211,
                29.99332046508789,
                10.050004959106445
              ],
              "autoUv":false,
              "rotation":180
            }
          },
          "children":[]
        },
        {
          "name":"handle_regular 02",
          "from":[
            -9.058714151382446,
            -0.40409088134765625,
            0.37411797046661377
          ],
          "to":[
            -2.523223638534546,
            0.915496826171875,
            1.874117374420166
          ],
          "rotationOrigin":[
            -5.790968894958496,
            0.2557029724121094,
            1.12411767244339
          ],
          "rotationY":6.4699999979057745,
          "group":"Regular",
          "faces":{
            "north":{
              "texture":"#wood",
              "uv":[
                11.875076293945312,
                12.200031280517578,
                24.89975929260254,
                14.846721649169922
              ],
              "autoUv":false
            },
            "east":{
              "texture":"#wood",
              "uv":[
                1.4350967407226562,
                1.4269981384277344,
                4.251504898071289,
                4.238666534423828
              ],
              "autoUv":false
            },
            "south":{
              "texture":"#wood",
              "uv":[
                3.955801248550415,
                15.054937362670898,
                16.9274845123291,
                17.6908597946167
              ],
              "autoUv":false
            },
            "west":{
              "texture":"#wood",
              "uv":[
                27.537817001342773,
                19.795578956604004,
                30.35422134399414,
                22.607240676879883
              ],
              "autoUv":false
            },
            "up":{
              "texture":"#wood",
              "uv":[
                0.20867252349853516,
                9.066347122192383,
                14.061946868896484,
                11.892961502075195
              ],
              "autoUv":false
            },
            "down":{
              "texture":"#wood",
              "uv":[
                9.803359985351562,
                12.964780807495117,
                22.881267547607422,
                10.050004959106445
              ],
              "autoUv":false
            }
          },
          "children":[]
        },
        {
          "name":"handle_regular 03",
          "from":[
            -2.6285486221313477,
            -0.40496826171875,
            0.01067429780960083
          ],
          "to":[
            6.5672502517700195,
            0.9168472290039062,
            1.5106742978096008
          ],
          "rotationOrigin":[
            1.969350814819336,
            0.2559394836425781,
            0.7606742978096008
          ],
          "group":"Regular",
          "faces":{
            "north":{
              "texture":"#wood",
              "uv":[
                2.0387887954711914,
                12.197322845458984,
                20.48278045654297,
                14.84848403930664
              ],
              "autoUv":false
            },
            "east":{
              "texture":"#wood",
              "uv":[
                14.776901245117188,
                15.023876190185547,
                17.76512908935547,
                17.657135009765625
              ],
              "autoUv":false
            },
            "south":{
              "texture":"#wood",
              "uv":[
                12.145687103271484,
                15.052240371704102,
                30.514625549316406,
                17.692614555358887
              ],
              "autoUv":false
            },
            "west":{
              "texture":"#wood",
              "uv":[
                27.564403533935547,
                19.739852905273438,
                30.381546020507812,
                22.55699920654297
              ],
              "autoUv":false
            },
            "up":{
              "texture":"#wood",
              "uv":[
                12.172677993774414,
                9.01030158996582,
                30.715150833129883,
                11.987920761108398
              ],
              "autoUv":false
            },
            "down":{
              "texture":"#wood",
              "uv":[
                19.82732582092285,
                13.027624130249023,
                1.2848514318466187,
                10.050004959106445
              ],
              "autoUv":false,
              "rotation":180
            }
          },
          "children":[]
        },
        {
          "name":"handle_regular 04",
          "from":[
            -0.4307591915130615,
            -0.40193235874176025,
            1.1638872623443604
          ],
          "to":[
            3.2890965938568115,
            0.9138113260269165,
            1.8589624166488647
          ],
          "rotationOrigin":[
            1.429168701171875,
            0.2559394836425781,
            1.5114248394966125
          ],
          "rotationY":-10.9000026369681,
          "group":"Regular",
          "faces":{
            "north":{
              "texture":"#wood",
              "uv":[
                8.39344596862793,
                11.625862121582031,
                22.170223236083984,
                13.046598434448242
              ],
              "autoUv":false
            },
            "east":{
              "texture":"#wood",
              "uv":[
                9.266541481018066,
                7.103803634643555,
                11.18265438079834,
                9.012527465820312
              ],
              "autoUv":false
            },
            "south":{
              "texture":"#wood",
              "uv":[
                16.471254348754883,
                15.058305740356445,
                23.767498016357422,
                17.686553955078125
              ],
              "autoUv":false
            },
            "west":{
              "texture":"#wood",
              "uv":[
                20.817344665527344,
                15.232145309448242,
                22.733457565307617,
                17.140871047973633
              ],
              "autoUv":false
            },
            "up":{
              "texture":"#wood",
              "uv":[
                16.651256561279297,
                11.338274002075195,
                24.066444396972656,
                12.372892379760742
              ],
              "autoUv":false
            },
            "down":{
              "texture":"#wood",
              "uv":[
                20.47601890563965,
                12.425695419311523,
                10.482035636901855,
                11.391075134277344
              ],
              "autoUv":false,
              "rotation":180
            }
          },
          "children":[]
        },
        {
          "name":"handle_regular 05",
          "from":[
            3.189528226852417,
            -0.40452897548675537,
            1.510674625635147
          ],
          "to":[
            6.567250490188599,
            0.9164628982543945,
            2.205749958753586
          ],
          "rotationOrigin":[
            4.878389358520508,
            0.2559669613838196,
            1.8582122921943665
          ],
          "group":"Regular",
          "faces":{
            "north":{
              "texture":"#wood",
              "uv":[
                10.464646339416504,
                11.621284484863281,
                23.37529754638672,
                13.004152297973633
              ],
              "autoUv":false
            },
            "east":{
              "texture":"#wood",
              "uv":[
                13.39220905303955,
                15.024646759033203,
                14.776901245117188,
                17.656261444091797
              ],
              "autoUv":false
            },
            "south":{
              "texture":"#wood",
              "uv":[
                23.767498016357422,
                15.05300521850586,
                30.514625549316406,
                17.69173812866211
              ],
              "autoUv":false
            },
            "west":{
              "texture":"#wood",
              "uv":[
                20.659305572509766,
                15.09946060180664,
                22.576066970825195,
                17.01622486114502
              ],
              "autoUv":false
            },
            "up":{
              "texture":"#wood",
              "uv":[
                12.172677040100098,
                12.019170761108398,
                18.602802276611328,
                13.423486709594727
              ],
              "autoUv":false
            },
            "down":{
              "texture":"#wood",
              "uv":[
                21.349897384643555,
                12.398147583007812,
                11.984762191772461,
                11.395042419433594
              ],
              "autoUv":false,
              "rotation":180
            }
          },
          "children":[]
        },
        {
          "name":"handle_regular 06",
          "from":[
            6.525610864162445,
            -0.11714747548103333,
            0.008789598941802979
          ],
          "to":[
            7.137459814548492,
            0.629081517457962,
            2.2954112887382507
          ],
          "rotationOrigin":[
            6.831535339355469,
            0.25596702098846436,
            1.152100384235382
          ],
          "rotationY":-1.8000039347596537,
          "group":"Regular",
          "faces":{
            "north":{
              "texture":"#wood",
              "uv":[
                15.015068054199219,
                17.826133728027344,
                16.26221466064453,
                19.347187995910645
              ],
              "autoUv":false
            },
            "east":{
              "texture":"#wood",
              "uv":[
                10.335683822631836,
                16.48866081237793,
                15.830892562866211,
                18.28199577331543
              ],
              "autoUv":false
            },
            "south":{
              "texture":"#wood",
              "uv":[
                30.344852447509766,
                15.627063751220703,
                31.56704330444336,
                17.11768341064453
              ],
              "autoUv":false
            },
            "west":{
              "texture":"#wood",
              "uv":[
                27.3924617767334,
                20.353158950805664,
                31.686965942382812,
                21.943574905395508
              ],
              "autoUv":false
            },
            "up":{
              "texture":"#wood",
              "uv":[
                30.45205307006836,
                8.907312393188477,
                31.685791015625,
                13.44644546508789
              ],
              "autoUv":false
            },
            "down":{
              "texture":"#wood",
              "uv":[
                1.5479493141174316,
                14.407405853271484,
                0.3142116665840149,
                9.868270874023438
              ],
              "autoUv":false,
              "rotation":180
            }
          },
          "children":[]
        },
        {
          "name":"handle_regular 07",
          "from":[
            6.529955804347992,
            -0.40186381340026855,
            0.019607067108154297
          ],
          "to":[
            7.141804754734039,
            -0.11720266938209534,
            2.0080987215042114
          ],
          "rotationOrigin":[
            6.835880279541016,
            -0.25953324139118195,
            1.0138528943061829
          ],
          "rotationY":-1.8000039347596537,
          "group":"Regular",
          "faces":{
            "north":{
              "texture":"#wood",
              "uv":[
                15.015068054199219,
                19.34730052947998,
                16.262218475341797,
                19.933860778808594
              ],
              "autoUv":false
            },
            "east":{
              "texture":"#wood",
              "uv":[
                11.026315689086914,
                18.282129287719727,
                15.805062294006348,
                18.973684310913086
              ],
              "autoUv":false
            },
            "south":{
              "texture":"#wood",
              "uv":[
                29.929845809936523,
                21.32032012939453,
                31.08798599243164,
                22.898334503173828
              ],
              "autoUv":false
            },
            "west":{
              "texture":"#wood",
              "uv":[
                26.62763786315918,
                20.35315990447998,
                31.686965942382812,
                21.943574905395508
              ],
              "autoUv":false
            },
            "up":{
              "texture":"#wood",
              "uv":[
                30.452051162719727,
                8.098918914794922,
                31.685791015625,
                13.44644546508789
              ],
              "autoUv":false
            },
            "down":{
              "texture":"#wood",
              "uv":[
                15.89920711517334,
                16.765907287597656,
                19.708717346191406,
                15.593742370605469
              ],
              "autoUv":false,
              "rotation":90
            }
          },
          "children":[]
        },
        {
          "name":"handle_regular 08",
          "from":[
            6.529955804347992,
            0.6290815621614456,
            0.019607067108154297
          ],
          "to":[
            7.141804754734039,
            0.9137427061796188,
            2.0080987215042114
          ],
          "rotationOrigin":[
            6.835880279541016,
            0.7714121341705322,
            1.0138528943061829
          ],
          "rotationY":-1.8000039347596537,
          "group":"Regular",
          "faces":{
            "north":{
              "texture":"#wood",
              "uv":[
                15.015068054199219,
                17.239574432373047,
                16.262218475341797,
                17.82613182067871
              ],
              "autoUv":false
            },
            "east":{
              "texture":"#wood",
              "uv":[
                11.026315689086914,
                15.797103881835938,
                15.805062294006348,
                16.488658905029297
              ],
              "autoUv":false
            },
            "south":{
              "texture":"#wood",
              "uv":[
                29.929845809936523,
                21.32032012939453,
                31.08798599243164,
                22.898334503173828
              ],
              "autoUv":false
            },
            "west":{
              "texture":"#wood",
              "uv":[
                26.62763786315918,
                20.35315990447998,
                31.686965942382812,
                21.943574905395508
              ],
              "autoUv":false
            },
            "up":{
              "texture":"#wood",
              "uv":[
                15.899208068847656,
                15.593742370605469,
                19.708717346191406,
                16.76591205596924
              ],
              "autoUv":false,
              "rotation":90
            },
            "down":{
              "texture":"#wood",
              "uv":[
                1.547949194908142,
                14.407405853271484,
                0.31421151757240295,
                9.059883117675781
              ],
              "autoUv":false,
              "rotation":180
            }
          },
          "children":[]
        },
        {
          "name":"handle_regular 09",
          "from":[
            6.4971160888671875,
            0.42587216198444366,
            1.8051504343748093
          ],
          "to":[
            7.108966827392578,
            0.8322908133268356,
            2.2115690261125565
          ],
          "rotationOrigin":[
            6.803041458129883,
            0.6290814876556396,
            2.008359730243683
          ],
          "rotationX":-45.01414657401018,
          "rotationY":-1.2726878243469877,
          "rotationZ":-1.2730020130488082,
          "group":"Regular",
          "faces":{
            "north":{
              "texture":"#wood",
              "uv":[
                15.593524932861328,
                18.010796546936035,
                16.406478881835938,
                19.234679222106934
              ],
              "autoUv":false,
              "rotation":270
            },
            "east":{
              "texture":"#wood",
              "uv":[
                10.518278121948242,
                15.921564102172852,
                11.49498176574707,
                16.89826774597168
              ],
              "autoUv":false,
              "rotation":270
            },
            "south":{
              "texture":"#wood",
              "uv":[
                30.34196662902832,
                15.05300521850586,
                31.564163208007812,
                15.627063751220703
              ],
              "autoUv":false
            },
            "west":{
              "texture":"#wood",
              "uv":[
                15.593522071838379,
                3.5935211181640625,
                16.406478881835938,
                4.4064788818359375
              ],
              "autoUv":false,
              "rotation":270
            },
            "up":{
              "texture":"#wood",
              "uv":[
                16.406478881835938,
                15.973958969116211,
                17.21943473815918,
                17.197840690612793
              ],
              "autoUv":false,
              "rotation":270
            },
            "down":{
              "texture":"#wood",
              "uv":[
                15.593523025512695,
                17.197840690612793,
                14.78056526184082,
                15.973958969116211
              ],
              "autoUv":false,
              "rotation":270
            }
          },
          "children":[]
        },
        {
          "name":"handle_regular 10",
          "from":[
            6.4971160888671875,
            -0.3203568309545517,
            1.8051504343748093
          ],
          "to":[
            7.108966827392578,
            0.08606182038784027,
            2.2115690261125565
          ],
          "rotationOrigin":[
            6.803041458129883,
            -0.11714750528335571,
            2.008359730243683
          ],
          "rotationX":-45.01414657401018,
          "rotationY":-1.2726878243469877,
          "rotationZ":-1.2730020130488082,
          "group":"Regular",
          "faces":{
            "north":{
              "texture":"#wood",
              "uv":[
                17.989206314086914,
                18.010796546936035,
                18.802160263061523,
                19.234679222106934
              ],
              "autoUv":false,
              "rotation":270
            },
            "east":{
              "texture":"#wood",
              "uv":[
                10.454376220703125,
                18.284188270568848,
                11.431079864501953,
                19.260892868041992
              ],
              "autoUv":false,
              "rotation":270
            },
            "south":{
              "texture":"#wood",
              "uv":[
                17.98920440673828,
                15.973958969116211,
                18.802162170410156,
                17.197840690612793
              ],
              "autoUv":false,
              "rotation":270
            },
            "west":{
              "texture":"#wood",
              "uv":[
                15.593522071838379,
                3.5935211181640625,
                16.406478881835938,
                4.4064788818359375
              ],
              "autoUv":false,
              "rotation":270
            },
            "up":{
              "texture":"#wood",
              "uv":[
                18.802160263061523,
                15.973958969116211,
                19.615116119384766,
                17.197840690612793
              ],
              "autoUv":false,
              "rotation":270
            },
            "down":{
              "texture":"#wood",
              "uv":[
                31.564163208007812,
                17.69173812866211,
                30.341968536376953,
                17.11768341064453
              ],
              "autoUv":false
            }
          },
          "children":[]
        },
        {
          "name":"handle_regular 11",
          "from":[
            -12.430438756942749,
            -0.4009922742843628,
            -0.060496509075164795
          ],
          "to":[
            -11.512666940689087,
            0.9121744632720947,
            1.4395034909248352
          ],
          "rotationOrigin":[
            -11.971552848815918,
            0.25559109449386597,
            0.6895034909248352
          ],
          "rotationY":-148.23026800923412,
          "group":"Regular",
          "faces":{
            "north":{
              "texture":"#wood",
              "uv":[
                18.84944725036621,
                12.209070205688477,
                20.678146362304688,
                14.84288215637207
              ],
              "autoUv":false
            },
            "east":{
              "texture":"#wood",
              "uv":[
                1.5600993633270264,
                1.4674873352050781,
                4.372938632965088,
                4.261922836303711
              ],
              "autoUv":false
            },
            "south":{
              "texture":"#wood",
              "uv":[
                31.654373168945312,
                12.199075698852539,
                29.81913185119629,
                14.824979782104492
              ],
              "autoUv":false,
              "rotation":180
            },
            "west":{
              "texture":"#wood",
              "uv":[
                29.81913185119629,
                12.199075698852539,
                26.819625854492188,
                14.824979782104492
              ],
              "autoUv":false,
              "rotation":180
            },
            "up":{
              "texture":"#wood",
              "uv":[
                8.407553672790527,
                9.074068069458008,
                10.24333667755127,
                11.031087875366211
              ],
              "autoUv":false,
              "rotation":180
            },
            "down":{
              "texture":"#wood",
              "uv":[
                17.835783004760742,
                20.42505168914795,
                16.0,
                17.424660682678223
              ],
              "autoUv":false,
              "rotation":180
            }
          },
          "children":[]
        }
      ]
    }
  ],
  "groups":[]
}