{
  "textureWidth":16,
  "textureHeight":16,
  "textures":{
    "grip":"game:block/leather/plain"
  },
  "textureSizes":{
    "grip":[
      32,
      32
    ]
  },
  "elements":[
    {
      "name":"origin",
      "from":[
        10.79720687866211,
        0.5,
        8.21067351102829
      ],
      "to":[
        10.79720687866211,
        0.5,
        8.21067351102829
      ],
      "rotationOrigin":[
        8.0,
        0.0,
        8.0
      ],
      "group":"unv_fabric",
      "faces":{
        "north":{
          "texture":"#0",
          "uv":[
            0,
            0,
            4,
            4
          ],
          "autoUv":false
        },
        "east":{
          "texture":"#0",
          "uv":[
            0,
            0,
            4,
            4
          ],
          "autoUv":false
        },
        "south":{
          "texture":"#0",
          "uv":[
            0,
            0,
            4,
            4
          ],
          "autoUv":false
        },
        "west":{
          "texture":"#0",
          "uv":[
            0,
            0,
            4,
            4
          ],
          "autoUv":false
        },
        "up":{
          "texture":"#grip",
          "uv":[
            0.0,
            0.0,
            1.0,
            1.0
          ],
          "autoUv":false,
          "rotation":180
        },
        "down":{
          "texture":"#0",
          "uv":[
            0,
            0,
            4,
            4
          ],
          "autoUv":false
        }
      },
      "children":[
        {
          "name":"unv_fabric1",
          "from":[
            -5.834900140762329,
            -0.26203274726867676,
            -0.7912576198577881
          ],
          "to":[
            -1.1012558937072754,
            0.7691245675086975,
            0.24188214540481567
          ],
          "rotationOrigin":[
            -2.3453102111816406,
            0.25593966245651245,
            -0.2599570155143738
          ],
          "group":"unv_fabric",
          "faces":{
            "north":{
              "texture":"#grip",
              "uv":[
                19.0,
                18.0,
                29.7857608795166,
                21.000001907348633
              ],
              "autoUv":false
            },
            "east":{
              "texture":"#grip",
              "uv":[
                15.0,
                11.0,
                18.0,
                14.0
              ],
              "autoUv":false,
              "rotation":90
            },
            "south":{
              "texture":"#grip",
              "uv":[
                15.0,
                22.000001907348633,
                26.0,
                25.0
              ],
              "autoUv":false
            },
            "west":{
              "texture":"#grip",
              "uv":[
                18.0,
                11.0,
                21.0,
                14.0
              ],
              "autoUv":false,
              "rotation":90
            },
            "up":{
              "texture":"#grip",
              "uv":[
                5.0,
                14.999996185302734,
                16.0,
                18.000000953674316
              ],
              "autoUv":false
            },
            "down":{
              "texture":"#grip",
              "uv":[
                21.000001907348633,
                22.000001907348633,
                10.0,
                18.99999713897705
              ],
              "autoUv":false
            }
          },
          "children":[]
        }
      ]
    }
  ],
  "groups":[]
}