[
	{
		"ingredientPattern": "_A,KL",
		"width": 2,
		"height": 2,
		"ingredients": {
			"A": {
				"type": "item",
				"code": "game:axe-*",
				"isTool": true
			},
			"K": {
				"type": "item",
				"code": "game:knife-*",
				"isTool": true,
				"toolDurabilityCost": 4
			},
			"L": {
				"type": "block",
				"code": "game:log-*"
			}
		},
		"output": {
			"type": "item",
			"code": "rawstick",
			"quantity": 4
		}
	},
	{
		"ingredientPattern": "K,F",
		"width": 2,
		"height": 1,
		"ingredients": {
			"K": {
				"type": "item",
				"code": "game:knife-*",
				"isTool": true,
				"toolDurabilityCost": 1
			},
			"F": {
				"type": "item",
				"code": "game:firewood"
			}
		},
		"output": {
			"type": "item",
			"code": "rawstick",
			"quantity": 1
		}
	}
]