﻿[
  {
    "enabled": true,
    "file": "game:config/traits",
    "op": "addeach",
    "path": "/-",
    "value": [
      {"code": "bowsProficiency", "type": "positive", "attributes": {"bowsProficiency": 0.5}},
      {"code": "crossbowsProficiency", "type": "positive", "attributes": {"crossbowsProficiency": 0.5}},
      {"code": "firearmsProficiency", "type": "positive", "attributes": {"firearmsProficiency": 0.5}},
      {"code": "oneHandedSwordsProficiency", "type": "positive", "attributes": {"oneHandedSwordsProficiency": 0.3}},
      {"code": "twoHandedSwordsProficiency", "type": "positive", "attributes": {"twoHandedSwordsProficiency": 0.3}},
      {"code": "spearsProficiency", "type": "positive", "attributes": {"spearsProficiency": 0.3}},
      {"code": "javelinsProficiency", "type": "positive", "attributes": {"javelinsProficiency": 0.3}},
      {"code": "macesProficiency", "type": "positive", "attributes": {"macesProficiency": 0.3}},
      {"code": "clubsProficiency", "type": "positive", "attributes": {"clubsProficiency": 0.3}},
      {"code": "halberdsProficiency", "type": "positive", "attributes": {"halberdsProficiency": 0.3}},
      {"code": "axesProficiency", "type": "positive", "attributes": {"axesProficiency": 0.3}},
      {"code": "quarterstaffProficiency", "type": "positive", "attributes": {"quarterstaffProficiency": 0.3}},
      {"code": "steadyAim", "type": "positive", "attributes": {"steadyAim": 0.5}},
      {"code": "tremblingAim", "type": "negative", "attributes": {"steadyAim": -0.3}},
      {"code": "armorWalkSpeedAffectedness", "type": "positive", "attributes": {"armorWalkSpeedAffectedness": -0.5}},
      {"code": "clumsyHands", "type": "negative", "attributes": {"bowsProficiency": -0.3, "crossbowsProficiency": -0.3, "firearmsProficiency": -0.3}}
    ]
  },
  {"enabled": true, "file": "game:config/traits", "op": "remove", "path": "/16/attributes/bowDrawingStrength"},
  {"enabled": true, "file": "game:config/traits", "op": "addmerge", "path": "/9/attributes", "value": {"armorManipulationSpeedAffectedness": -0.5}},
  {"enabled": true, "file": "game:config/traits", "op": "replace", "path": "/9/attributes/armorWalkSpeedAffectedness", "value": -0.5},
  {
    "enabled": true,
    "file": "game:config/characterclasses",
    "op": "replace",
    "path": "/1/traits",
    "value": [
      "resourceful",
      "fleetfooted",
      "bowyer",
      "claustrophobic",
      "farsighted",
      "bowsProficiency",
      "crossbowsProficiency",
      "steadyAim",
      "spearsProficiency",
      "halberdsProficiency"
    ]
  },
  {
    "enabled": true,
    "file": "game:config/characterclasses",
    "op": "addeach",
    "path": "/2/traits/-",
    "value": ["javelinsProficiency", "macesProficiency", "clubsProficiency", "axesProficiency"]
  },
  {
    "enabled": true,
    "file": "game:config/characterclasses",
    "op": "addeach",
    "path": "/3/traits/-",
    "value": ["crossbowsProficiency", "firearmsProficiency", "quarterstaffProficiency"]
  },
  {
    "enabled": true,
    "file": "game:config/characterclasses",
    "op": "replace",
    "path": "/4/traits",
    "value": ["soldier", "hardy", "merciless", "ravenous", "heavyhanded", "oneHandedSwordsProficiency", "twoHandedSwordsProficiency", "tremblingAim", "clumsyHands"]
  },
  {"enabled": true, "file": "game:config/characterclasses", "op": "addeach", "path": "/5/traits/-", "value": ["tremblingAim"]}
]