{
  "textureWidth":16,
  "textureHeight":16,
  "textures":{
    "wood":"game:block/wood/debarked/oak"
  },
  "textureSizes":{
    "wood":[
      32,
      32
    ]
  },
  "elements":[
    {
      "name":"origin",
      "from":[
        10.524993896484375,
        0.6221328973770142,
        8.087415345013142
      ],
      "to":[
        10.524993896484375,
        0.6221328973770142,
        8.087415345013142
      ],
      "rotationOrigin":[
        8.0,
        0.0,
        8.0
      ],
      "group":"Fine",
      "faces":{
        "north":{
          "texture":"#0",
          "uv":[
            0,
            0,
            4,
            4
          ],
          "autoUv":false
        },
        "east":{
          "texture":"#0",
          "uv":[
            0,
            0,
            4,
            4
          ],
          "autoUv":false
        },
        "south":{
          "texture":"#0",
          "uv":[
            0,
            0,
            4,
            4
          ],
          "autoUv":false
        },
        "west":{
          "texture":"#0",
          "uv":[
            0,
            0,
            4,
            4
          ],
          "autoUv":false
        },
        "up":{
          "texture":"#wood",
          "uv":[
            0.0,
            0.0,
            1.0,
            1.0
          ],
          "autoUv":false,
          "rotation":180
        },
        "down":{
          "texture":"#0",
          "uv":[
            0,
            0,
            4,
            4
          ],
          "autoUv":false
        }
      },
      "children":[
        {
          "name":"handle_fine 01",
          "from":[
            -4.157303810119629,
            -0.3824915885925293,
            -0.509558416903019
          ],
          "to":[
            3.792828321456909,
            0.6930201053619385,
            0.20744939893484116
          ],
          "rotationOrigin":[
            0.18561649322509766,
            0.1552642583847046,
            -0.1510545089840889
          ],
          "group":"Fine",
          "faces":{
            "north":{
              "texture":"#wood",
              "uv":[
                12.0,
                26.54645538330078,
                20.0,
                32.0
              ],
              "autoUv":false,
              "rotation":270
            },
            "east":{
              "texture":"#wood",
              "uv":[
                1.0,
                1.0,
                3.0,
                4.0
              ],
              "autoUv":false
            },
            "south":{
              "texture":"#wood",
              "uv":[
                12.0,
                8.0,
                20.0,
                13.505359649658203
              ],
              "autoUv":false,
              "rotation":270
            },
            "west":{
              "texture":"#wood",
              "uv":[
                12.0,
                0.0,
                20.0,
                8.0
              ],
              "autoUv":false,
              "rotation":270
            },
            "up":{
              "texture":"#wood",
              "uv":[
                0.0,
                10.0,
                21.814178466796875,
                12.0
              ],
              "autoUv":false
            },
            "down":{
              "texture":"#wood",
              "uv":[
                32.0,
                18.0,
                10.185821533203125,
                16.0
              ],
              "autoUv":false,
              "rotation":180
            }
          },
          "children":[]
        },
        {
          "name":"handle_fine 02",
          "from":[
            -7.022850155830383,
            -0.3824915885925293,
            -0.509558416903019
          ],
          "to":[
            -4.15730345249176,
            0.6930201053619385,
            0.20744939893484116
          ],
          "rotationOrigin":[
            -5.5913190841674805,
            0.1552642583847046,
            -0.1510545089840889
          ],
          "group":"Fine",
          "faces":{
            "north":{
              "texture":"#wood",
              "uv":[
                12.0,
                24.0,
                20.0,
                32.0
              ],
              "autoUv":false,
              "rotation":270
            },
            "east":{
              "texture":"#wood",
              "uv":[
                12.0,
                16.0,
                20.0,
                24.0
              ],
              "autoUv":false,
              "rotation":270
            },
            "south":{
              "texture":"#wood",
              "uv":[
                12.0,
                8.0,
                20.0,
                16.0
              ],
              "autoUv":false,
              "rotation":270
            },
            "west":{
              "texture":"#wood",
              "uv":[
                28.0,
                20.0,
                30.0,
                23.0
              ],
              "autoUv":false
            },
            "up":{
              "texture":"#wood",
              "uv":[
                2.0,
                18.0,
                10.0,
                20.0
              ],
              "autoUv":false
            },
            "down":{
              "texture":"#wood",
              "uv":[
                30.0,
                20.0,
                22.0,
                18.0
              ],
              "autoUv":false,
              "rotation":180
            }
          },
          "children":[]
        },
        {
          "name":"handle_fine 03",
          "from":[
            -4.157303333282471,
            -0.20323964953422546,
            -0.6888110935688019
          ],
          "to":[
            3.794433116912842,
            0.5137681663036346,
            -0.5095591396093369
          ],
          "rotationOrigin":[
            0.21693134307861328,
            0.1552642583847046,
            -0.5991851165890694
          ],
          "group":"Fine",
          "faces":{
            "north":{
              "texture":"#wood",
              "uv":[
                10.185730934143066,
                13.0,
                32.0,
                15.0
              ],
              "autoUv":false
            },
            "east":{
              "texture":"#wood",
              "uv":[
                1.0,
                1.0,
                2.0,
                3.0
              ],
              "autoUv":false
            },
            "south":{
              "texture":"#wood",
              "uv":[
                12.0,
                8.0,
                20.0,
                13.54507827758789
              ],
              "autoUv":false,
              "rotation":270
            },
            "west":{
              "texture":"#wood",
              "uv":[
                12.0,
                0.0,
                20.0,
                8.0
              ],
              "autoUv":false,
              "rotation":270
            },
            "up":{
              "texture":"#wood",
              "uv":[
                20.0,
                8.0,
                28.0,
                13.54507827758789
              ],
              "autoUv":false,
              "rotation":270
            },
            "down":{
              "texture":"#wood",
              "uv":[
                12.0,
                13.54507827758789,
                4.0,
                8.0
              ],
              "autoUv":false,
              "rotation":270
            }
          },
          "children":[]
        },
        {
          "name":"handle_fine 04",
          "from":[
            -7.025334715843201,
            -0.20323964953422546,
            -0.6888110935688019
          ],
          "to":[
            -4.15730345249176,
            0.5137681663036346,
            -0.5095591396093369
          ],
          "rotationOrigin":[
            -5.5913190841674805,
            0.1552642583847046,
            -0.5991851165890694
          ],
          "group":"Fine",
          "faces":{
            "north":{
              "texture":"#wood",
              "uv":[
                2.0,
                21.0,
                10.0,
                23.0
              ],
              "autoUv":false
            },
            "east":{
              "texture":"#wood",
              "uv":[
                12.0,
                16.0,
                20.0,
                24.0
              ],
              "autoUv":false,
              "rotation":270
            },
            "south":{
              "texture":"#wood",
              "uv":[
                12.0,
                8.0,
                20.0,
                16.0
              ],
              "autoUv":false,
              "rotation":270
            },
            "west":{
              "texture":"#wood",
              "uv":[
                28.0,
                20.0,
                29.0,
                22.0
              ],
              "autoUv":false
            },
            "up":{
              "texture":"#wood",
              "uv":[
                20.0,
                8.0,
                28.0,
                16.0
              ],
              "autoUv":false,
              "rotation":270
            },
            "down":{
              "texture":"#wood",
              "uv":[
                12.0,
                16.0,
                4.0,
                8.0
              ],
              "autoUv":false,
              "rotation":270
            }
          },
          "children":[]
        },
        {
          "name":"handle_fine 05",
          "from":[
            -4.157303333282471,
            -0.20323964953422546,
            0.20744964480400085
          ],
          "to":[
            3.794433116912842,
            0.5137681663036346,
            0.3867015987634659
          ],
          "rotationOrigin":[
            0.21693134307861328,
            0.1552642583847046,
            0.29707562178373337
          ],
          "group":"Fine",
          "faces":{
            "north":{
              "texture":"#wood",
              "uv":[
                12.0,
                26.546432495117188,
                20.0,
                32.0
              ],
              "autoUv":false,
              "rotation":270
            },
            "east":{
              "texture":"#wood",
              "uv":[
                1.0,
                1.0,
                2.0,
                3.0
              ],
              "autoUv":false
            },
            "south":{
              "texture":"#wood",
              "uv":[
                0.0,
                19.0,
                22.723196029663086,
                21.0
              ],
              "autoUv":false
            },
            "west":{
              "texture":"#wood",
              "uv":[
                12.0,
                0.0,
                20.0,
                8.0
              ],
              "autoUv":false,
              "rotation":270
            },
            "up":{
              "texture":"#wood",
              "uv":[
                20.0,
                8.0,
                28.0,
                13.54507827758789
              ],
              "autoUv":false,
              "rotation":270
            },
            "down":{
              "texture":"#wood",
              "uv":[
                12.0,
                13.54507827758789,
                4.0,
                8.0
              ],
              "autoUv":false,
              "rotation":270
            }
          },
          "children":[]
        },
        {
          "name":"handle_fine 06",
          "from":[
            -7.025334715843201,
            -0.20323964953422546,
            0.20744964480400085
          ],
          "to":[
            -4.15730345249176,
            0.5137681663036346,
            0.3867015987634659
          ],
          "rotationOrigin":[
            -5.5913190841674805,
            0.1552642583847046,
            0.29707562178373337
          ],
          "group":"Fine",
          "faces":{
            "north":{
              "texture":"#wood",
              "uv":[
                12.0,
                24.0,
                20.0,
                32.0
              ],
              "autoUv":false,
              "rotation":270
            },
            "east":{
              "texture":"#wood",
              "uv":[
                12.0,
                16.0,
                20.0,
                24.0
              ],
              "autoUv":false,
              "rotation":270
            },
            "south":{
              "texture":"#wood",
              "uv":[
                22.0,
                21.0,
                30.0,
                23.0
              ],
              "autoUv":false
            },
            "west":{
              "texture":"#wood",
              "uv":[
                28.0,
                20.0,
                29.0,
                22.0
              ],
              "autoUv":false
            },
            "up":{
              "texture":"#wood",
              "uv":[
                20.0,
                8.0,
                28.0,
                16.0
              ],
              "autoUv":false,
              "rotation":270
            },
            "down":{
              "texture":"#wood",
              "uv":[
                12.0,
                16.0,
                4.0,
                8.0
              ],
              "autoUv":false,
              "rotation":270
            }
          },
          "children":[]
        },
        {
          "name":"handle_fine 07",
          "from":[
            -4.157303333282471,
            0.41311703622341156,
            -0.6250688955187798
          ],
          "to":[
            3.7945568561553955,
            0.6676546484231949,
            -0.4458170160651207
          ],
          "rotationOrigin":[
            0.21693134307861328,
            0.5403858423233032,
            -0.5354429557919502
          ],
          "rotationX":45.00000125223908,
          "group":"Fine",
          "faces":{
            "north":{
              "texture":"#wood",
              "uv":[
                10.185391426086426,
                12.0,
                32.0,
                13.0
              ],
              "autoUv":false
            },
            "east":{
              "texture":"#wood",
              "uv":[
                1.0,
                1.0,
                2.0,
                2.0
              ],
              "autoUv":false
            },
            "south":{
              "texture":"#wood",
              "uv":[
                12.0,
                8.0,
                20.0,
                13.545164108276367
              ],
              "autoUv":false,
              "rotation":270
            },
            "west":{
              "texture":"#wood",
              "uv":[
                12.0,
                0.0,
                20.0,
                8.0
              ],
              "autoUv":false,
              "rotation":270
            },
            "up":{
              "texture":"#wood",
              "uv":[
                20.0,
                8.0,
                28.0,
                13.545164108276367
              ],
              "autoUv":false,
              "rotation":270
            },
            "down":{
              "texture":"#wood",
              "uv":[
                12.0,
                13.545164108276367,
                4.0,
                8.0
              ],
              "autoUv":false,
              "rotation":270
            }
          },
          "children":[]
        },
        {
          "name":"handle_fine 08",
          "from":[
            -4.157303333282471,
            0.41311703622341156,
            0.1437079980969429
          ],
          "to":[
            3.7945568561553955,
            0.6676546484231949,
            0.32295987755060196
          ],
          "rotationOrigin":[
            0.21693134307861328,
            0.5403858423233032,
            0.23333393782377243
          ],
          "rotationX":-45.00000125223908,
          "group":"Fine",
          "faces":{
            "north":{
              "texture":"#wood",
              "uv":[
                12.0,
                26.546347618103027,
                20.0,
                32.0
              ],
              "autoUv":false,
              "rotation":270
            },
            "east":{
              "texture":"#wood",
              "uv":[
                1.0,
                1.0,
                2.0,
                2.0
              ],
              "autoUv":false
            },
            "south":{
              "texture":"#wood",
              "uv":[
                0.0,
                21.0,
                22.180652618408203,
                22.0
              ],
              "autoUv":false
            },
            "west":{
              "texture":"#wood",
              "uv":[
                12.0,
                0.0,
                20.0,
                8.0
              ],
              "autoUv":false,
              "rotation":270
            },
            "up":{
              "texture":"#wood",
              "uv":[
                20.0,
                8.0,
                28.0,
                13.545164108276367
              ],
              "autoUv":false,
              "rotation":270
            },
            "down":{
              "texture":"#wood",
              "uv":[
                12.0,
                13.545164108276367,
                4.0,
                8.0
              ],
              "autoUv":false,
              "rotation":270
            }
          },
          "children":[]
        },
        {
          "name":"handle_fine 09",
          "from":[
            -4.157303333282471,
            -0.3563925176858902,
            -0.6258027479052544
          ],
          "to":[
            3.7945568561553955,
            -0.10185490548610687,
            -0.4465508684515953
          ],
          "rotationOrigin":[
            0.21693134307861328,
            -0.22912371158599854,
            -0.5361768081784248
          ],
          "rotationX":-45.00000125223908,
          "group":"Fine",
          "faces":{
            "north":{
              "texture":"#wood",
              "uv":[
                10.185391426086426,
                15.0,
                32.0,
                16.0
              ],
              "autoUv":false
            },
            "east":{
              "texture":"#wood",
              "uv":[
                3.0,
                1.0,
                4.0,
                2.0
              ],
              "autoUv":false
            },
            "south":{
              "texture":"#wood",
              "uv":[
                12.0,
                8.0,
                20.0,
                13.545164108276367
              ],
              "autoUv":false,
              "rotation":270
            },
            "west":{
              "texture":"#wood",
              "uv":[
                12.0,
                0.0,
                20.0,
                8.0
              ],
              "autoUv":false,
              "rotation":270
            },
            "up":{
              "texture":"#wood",
              "uv":[
                20.0,
                8.0,
                28.0,
                13.545164108276367
              ],
              "autoUv":false,
              "rotation":270
            },
            "down":{
              "texture":"#wood",
              "uv":[
                12.0,
                13.545164108276367,
                4.0,
                8.0
              ],
              "autoUv":false,
              "rotation":270
            }
          },
          "children":[]
        },
        {
          "name":"handle_fine 10",
          "from":[
            -4.157303333282471,
            -0.3563925176858902,
            0.1444404199719429
          ],
          "to":[
            3.7945568561553955,
            -0.10185490548610687,
            0.32369229942560196
          ],
          "rotationOrigin":[
            0.21693134307861328,
            -0.22912371158599854,
            0.23406635969877243
          ],
          "rotationX":45.00000125223908,
          "group":"Fine",
          "faces":{
            "north":{
              "texture":"#wood",
              "uv":[
                12.0,
                26.546347618103027,
                20.0,
                32.0
              ],
              "autoUv":false,
              "rotation":270
            },
            "east":{
              "texture":"#wood",
              "uv":[
                3.0,
                1.0,
                4.0,
                2.0
              ],
              "autoUv":false
            },
            "south":{
              "texture":"#wood",
              "uv":[
                0.0,
                18.0,
                22.180652618408203,
                19.0
              ],
              "autoUv":false
            },
            "west":{
              "texture":"#wood",
              "uv":[
                12.0,
                0.0,
                20.0,
                8.0
              ],
              "autoUv":false,
              "rotation":270
            },
            "up":{
              "texture":"#wood",
              "uv":[
                20.0,
                8.0,
                28.0,
                13.545164108276367
              ],
              "autoUv":false,
              "rotation":270
            },
            "down":{
              "texture":"#wood",
              "uv":[
                12.0,
                13.545164108276367,
                4.0,
                8.0
              ],
              "autoUv":false,
              "rotation":270
            }
          },
          "children":[]
        },
        {
          "name":"handle_fine 11",
          "from":[
            -7.024995565414429,
            -0.3563925176858902,
            -0.6258027479052544
          ],
          "to":[
            -4.157303094863892,
            -0.10185490548610687,
            -0.4465508684515953
          ],
          "rotationOrigin":[
            -5.59114933013916,
            -0.22912371158599854,
            -0.5361768081784248
          ],
          "rotationX":-45.00000125223908,
          "group":"Fine",
          "faces":{
            "north":{
              "texture":"#wood",
              "uv":[
                2.0,
                23.0,
                9.999054908752441,
                24.0
              ],
              "autoUv":false
            },
            "east":{
              "texture":"#wood",
              "uv":[
                12.0,
                16.0,
                20.0,
                24.0
              ],
              "autoUv":false,
              "rotation":270
            },
            "south":{
              "texture":"#wood",
              "uv":[
                12.0,
                8.000944137573242,
                20.0,
                16.0
              ],
              "autoUv":false,
              "rotation":270
            },
            "west":{
              "texture":"#wood",
              "uv":[
                26.0,
                22.0,
                27.0,
                23.0
              ],
              "autoUv":false
            },
            "up":{
              "texture":"#wood",
              "uv":[
                20.0,
                8.000944137573242,
                28.0,
                16.0
              ],
              "autoUv":false,
              "rotation":270
            },
            "down":{
              "texture":"#wood",
              "uv":[
                12.0,
                16.0,
                4.0,
                8.000944137573242
              ],
              "autoUv":false,
              "rotation":270
            }
          },
          "children":[]
        },
        {
          "name":"handle_fine 12",
          "from":[
            -7.024995565414429,
            0.41311703622341156,
            -0.6250688955187798
          ],
          "to":[
            -4.157303094863892,
            0.6676546484231949,
            -0.4458170160651207
          ],
          "rotationOrigin":[
            -5.59114933013916,
            0.5403858423233032,
            -0.5354429557919502
          ],
          "rotationX":45.00000125223908,
          "group":"Fine",
          "faces":{
            "north":{
              "texture":"#wood",
              "uv":[
                2.0,
                20.0,
                9.999054908752441,
                21.0
              ],
              "autoUv":false
            },
            "east":{
              "texture":"#wood",
              "uv":[
                12.0,
                16.0,
                20.0,
                24.0
              ],
              "autoUv":false,
              "rotation":270
            },
            "south":{
              "texture":"#wood",
              "uv":[
                12.0,
                8.000944137573242,
                20.0,
                16.0
              ],
              "autoUv":false,
              "rotation":270
            },
            "west":{
              "texture":"#wood",
              "uv":[
                28.0,
                20.0,
                29.0,
                21.0
              ],
              "autoUv":false
            },
            "up":{
              "texture":"#wood",
              "uv":[
                20.0,
                8.000944137573242,
                28.0,
                16.0
              ],
              "autoUv":false,
              "rotation":270
            },
            "down":{
              "texture":"#wood",
              "uv":[
                12.0,
                16.0,
                4.0,
                8.000944137573242
              ],
              "autoUv":false,
              "rotation":270
            }
          },
          "children":[]
        },
        {
          "name":"handle_fine 13",
          "from":[
            -7.024995565414429,
            0.41311703622341156,
            0.1437079980969429
          ],
          "to":[
            -4.157303094863892,
            0.6676546484231949,
            0.32295987755060196
          ],
          "rotationOrigin":[
            -5.59114933013916,
            0.5403858423233032,
            0.23333393782377243
          ],
          "rotationX":-45.00000125223908,
          "group":"Fine",
          "faces":{
            "north":{
              "texture":"#wood",
              "uv":[
                12.0,
                24.0,
                20.0,
                31.99905490875244
              ],
              "autoUv":false,
              "rotation":270
            },
            "east":{
              "texture":"#wood",
              "uv":[
                12.0,
                16.0,
                20.0,
                24.0
              ],
              "autoUv":false,
              "rotation":270
            },
            "south":{
              "texture":"#wood",
              "uv":[
                22.000944137573242,
                24.0,
                30.0,
                25.0
              ],
              "autoUv":false
            },
            "west":{
              "texture":"#wood",
              "uv":[
                28.0,
                20.0,
                29.0,
                21.0
              ],
              "autoUv":false
            },
            "up":{
              "texture":"#wood",
              "uv":[
                20.0,
                8.000944137573242,
                28.0,
                16.0
              ],
              "autoUv":false,
              "rotation":270
            },
            "down":{
              "texture":"#wood",
              "uv":[
                12.0,
                16.0,
                4.0,
                8.000944137573242
              ],
              "autoUv":false,
              "rotation":270
            }
          },
          "children":[]
        },
        {
          "name":"handle_fine 14",
          "from":[
            -7.024995565414429,
            -0.3563925176858902,
            0.1444404199719429
          ],
          "to":[
            -4.157303094863892,
            -0.10185490548610687,
            0.32369229942560196
          ],
          "rotationOrigin":[
            -5.59114933013916,
            -0.22912371158599854,
            0.23406635969877243
          ],
          "rotationX":45.00000125223908,
          "group":"Fine",
          "faces":{
            "north":{
              "texture":"#wood",
              "uv":[
                12.0,
                24.0,
                20.0,
                31.99905490875244
              ],
              "autoUv":false,
              "rotation":270
            },
            "east":{
              "texture":"#wood",
              "uv":[
                12.0,
                16.0,
                20.0,
                24.0
              ],
              "autoUv":false,
              "rotation":270
            },
            "south":{
              "texture":"#wood",
              "uv":[
                22.000944137573242,
                20.0,
                30.0,
                21.0
              ],
              "autoUv":false
            },
            "west":{
              "texture":"#wood",
              "uv":[
                26.0,
                22.0,
                27.0,
                23.0
              ],
              "autoUv":false
            },
            "up":{
              "texture":"#wood",
              "uv":[
                20.0,
                8.000944137573242,
                28.0,
                16.0
              ],
              "autoUv":false,
              "rotation":270
            },
            "down":{
              "texture":"#wood",
              "uv":[
                12.0,
                16.0,
                4.0,
                8.000944137573242
              ],
              "autoUv":false,
              "rotation":270
            }
          },
          "children":[]
        }
      ]
    }
  ],
  "groups":[]
}