{
	"editor": {
		"collapsedPaths": ",Root/Cube2/Cube12",
		"allAngles": false,
		"entityTextureMode": true
	},
	"textureWidth": 16,
	"textureHeight": 16,
	"textureSizes": {
		"iron": [32,16],
		"gold": [32,16],
		"oak": [16,16]
	},
	"textures": {
	},
	"elements": [
		{
			"name": "Cube2",
			"from": [ 0.0, 0.0, 8.0 ],
			"to": [ 0.0, 0.0, 8.0 ],
			"uv": [ 0.0, 0.0 ],
			"rotationOrigin": [ 0.0, 0.0, 8.0 ],
			"faces": {
				"north": { "texture": "#null", "uv": [ 0.0, 0.5, 0.5, 1.0 ] },
				"east": { "texture": "#null", "uv": [ 0.5, 0.5, 1.0, 1.0 ] },
				"south": { "texture": "#null", "uv": [ 1.0, 0.5, 1.5, 1.0 ] },
				"west": { "texture": "#null", "uv": [ 1.5, 0.5, 2.0, 1.0 ] },
				"up": { "texture": "#null", "uv": [ 0.0, 0.0, 0.5, 0.5 ] },
				"down": { "texture": "#null", "uv": [ 0.5, 0.0, 1.0, 0.5 ] }
			},
			"children": [
				{
					"name": "Cube12",
					"from": [ 4.0, 0.7, 2.0 ],
					"to": [ 4.0, 0.7, 2.0 ],
					"uv": [ 0.0, 0.0 ],
					"rotationOrigin": [ 4.0, 0.0, 2.0 ],
					"rotationX": -5.0,
					"faces": {
						"north": { "texture": "#iron", "uv": [ 0.0, 0.5, 0.5, 1.0 ] },
						"east": { "texture": "#iron", "uv": [ 0.5, 0.5, 1.0, 1.0 ] },
						"south": { "texture": "#iron", "uv": [ 1.0, 0.5, 1.5, 1.0 ] },
						"west": { "texture": "#iron", "uv": [ 1.5, 0.5, 2.0, 1.0 ] },
						"up": { "texture": "#iron", "uv": [ 0.0, 0.0, 0.5, 0.5 ] },
						"down": { "texture": "#iron", "uv": [ 0.5, 0.0, 1.0, 0.5 ] }
					},
					"children": [
						{
							"name": "Cube6",
							"from": [ 0.0, -0.7, -0.7 ],
							"to": [ 2.0, 0.8, 0.8 ],
							"uv": [ 2.0, 0.0 ],
							"rotationOrigin": [ 0.0, -0.7, -0.7 ],
							"faces": {
								"north": { "texture": "#iron", "uv": [ 2.0, 2.0, 3.5, 4.0 ], "rotation": 90 },
								"east": { "texture": "#iron", "uv": [ 3.5, 2.0, 5.0, 3.5 ] },
								"south": { "texture": "#iron", "uv": [ 5.0, 2.0, 6.5, 4.0 ], "rotation": 90 },
								"west": { "texture": "#iron", "uv": [ 6.5, 2.0, 8.0, 3.5 ] },
								"up": { "texture": "#iron", "uv": [ 2.0, 0.0, 3.5, 2.0 ], "rotation": 90 },
								"down": { "texture": "#iron", "uv": [ 3.5, 0.0, 5.0, 2.0 ], "rotation": 90 }
							}
						},
						{
							"name": "Cube9",
							"from": [ 6.0, -0.7, -0.7 ],
							"to": [ 8.5, 0.8, 0.8 ],
							"uv": [ 2.0, 0.0 ],
							"rotationOrigin": [ 6.0, -0.7, -0.7 ],
							"faces": {
								"north": { "texture": "#iron", "uv": [ 2.0, 3.0, 3.5, 5.5 ], "rotation": 90 },
								"east": { "texture": "#iron", "uv": [ 3.5, 3.0, 5.0, 4.5 ] },
								"south": { "texture": "#iron", "uv": [ 5.0, 3.0, 6.5, 5.5 ], "rotation": 90 },
								"west": { "texture": "#iron", "uv": [ 6.5, 3.0, 8.0, 4.5 ] },
								"up": { "texture": "#iron", "uv": [ 2.0, 0.0, 3.5, 2.5 ], "rotation": 90 },
								"down": { "texture": "#iron", "uv": [ 3.5, 0.0, 5.0, 2.5 ], "rotation": 90 }
							}
						},
						{
							"name": "Cube10",
							"from": [ 0.0, -0.25, -0.7 ],
							"to": [ 4.0, 0.25, 1.2 ],
							"uv": [ 0.0, 0.0 ],
							"rotationOrigin": [ 0.0, 0.0, -0.7 ],
							"rotationY": 67.5,
							"faces": {
								"north": { "texture": "#iron", "uv": [ 0.0, 1.5, 4.0, 2.0 ] },
								"east": { "texture": "#iron", "uv": [ 4.0, 1.5, 5.5, 2.0 ] },
								"south": { "texture": "#iron", "uv": [ 5.5, 1.5, 9.5, 2.0 ] },
								"west": { "texture": "#iron", "uv": [ 9.5, 1.5, 11.0, 2.0 ] },
								"up": { "texture": "#iron", "uv": [ 0.0, 0.0, 4.0, 1.5 ] },
								"down": { "texture": "#iron", "uv": [ 4.0, 0.0, 8.0, 1.5 ] }
							}
						},
						{
							"name": "Cube11",
							"from": [ 1.5, -0.25, -4.425 ],
							"to": [ 5.5, 0.25, -2.525 ],
							"uv": [ 0.0, 0.0 ],
							"rotationOrigin": [ 1.6, 0.0, -4.4 ],
							"rotationY": 35.0,
							"faces": {
								"north": { "texture": "#iron", "uv": [ 0.0, 1.5, 4.0, 2.0 ] },
								"east": { "texture": "#iron", "uv": [ 4.0, 1.5, 5.5, 2.0 ] },
								"south": { "texture": "#iron", "uv": [ 5.5, 1.5, 9.5, 2.0 ] },
								"west": { "texture": "#iron", "uv": [ 9.5, 1.5, 11.0, 2.0 ] },
								"up": { "texture": "#iron", "uv": [ 0.0, 0.0, 4.0, 1.5 ] },
								"down": { "texture": "#iron", "uv": [ 4.0, 0.0, 8.0, 1.5 ] }
							}
						},
						{
							"name": "Cube13",
							"from": [ 4.8, -0.25, -6.65 ],
							"to": [ 8.0, 0.25, -4.75 ],
							"uv": [ 0.0, 0.0 ],
							"rotationOrigin": [ 5.6, 0.0, -6.4 ],
							"faces": {
								"north": { "texture": "#iron", "uv": [ 0.0, 1.5, 3.0, 2.0 ] },
								"east": { "texture": "#iron", "uv": [ 3.0, 1.5, 4.5, 2.0 ] },
								"south": { "texture": "#iron", "uv": [ 4.5, 1.5, 7.5, 2.0 ] },
								"west": { "texture": "#iron", "uv": [ 7.5, 1.5, 9.0, 2.0 ] },
								"up": { "texture": "#iron", "uv": [ 0.0, 0.0, 3.0, 1.5 ] },
								"down": { "texture": "#iron", "uv": [ 3.0, 0.0, 6.0, 1.5 ] }
							}
						},
						{
							"name": "Cube14",
							"from": [ 7.4, -0.25, -6.65 ],
							"to": [ 8.5, 0.25, -0.65 ],
							"uv": [ 0.0, 0.0 ],
							"rotationOrigin": [ 8.6, 0.0, -6.4 ],
							"faces": {
								"north": { "texture": "#iron", "uv": [ 0.0, 1.5, 1.0, 2.0 ] },
								"east": { "texture": "#iron", "uv": [ 3.0, 1.5, 9.0, 2.0 ] },
								"south": { "texture": "#iron", "uv": [ 4.5, 1.5, 5.5, 2.0 ] },
								"west": { "texture": "#iron", "uv": [ 7.5, 1.5, 13.5, 2.0 ] },
								"up": { "texture": "#iron", "uv": [ 0.0, 0.0, 1.0, 6.0 ] },
								"down": { "texture": "#iron", "uv": [ 3.0, 0.0, 4.0, 6.0 ] }
							}
						},
						{
							"name": "Cube15",
							"from": [ 4.0, -0.25, -5.65 ],
							"to": [ 4.75, 0.25, -1.65 ],
							"uv": [ 0.0, 0.0 ],
							"rotationOrigin": [ 4.6, 0.0, -5.4 ],
							"rotationY": 35.0,
							"faces": {
								"north": { "texture": "#iron", "uv": [ 0.0, 1.5, 0.5, 2.0 ] },
								"east": { "texture": "#iron", "uv": [ 3.0, 1.5, 7.0, 2.0 ] },
								"south": { "texture": "#iron", "uv": [ 4.5, 1.5, 5.0, 2.0 ] },
								"west": { "texture": "#iron", "uv": [ 7.5, 1.5, 11.5, 2.0 ] },
								"up": { "texture": "#iron", "uv": [ 0.0, 0.0, 0.5, 4.0 ] },
								"down": { "texture": "#iron", "uv": [ 3.0, 0.0, 3.5, 4.0 ] }
							}
						},
						{
							"name": "Cube16",
							"from": [ 8.0, -0.25, -5.0 ],
							"to": [ 8.75, 0.25, -2.0 ],
							"uv": [ 0.0, 0.0 ],
							"rotationOrigin": [ 8.6, 0.0, -5.4 ],
							"rotationY": -35.0,
							"faces": {
								"north": { "texture": "#iron", "uv": [ 0.0, 1.5, 0.5, 2.0 ] },
								"east": { "texture": "#iron", "uv": [ 3.0, 1.5, 6.0, 2.0 ] },
								"south": { "texture": "#iron", "uv": [ 4.5, 1.5, 5.0, 2.0 ] },
								"west": { "texture": "#iron", "uv": [ 7.5, 1.5, 10.5, 2.0 ] },
								"up": { "texture": "#iron", "uv": [ 0.0, 0.0, 0.5, 3.0 ] },
								"down": { "texture": "#iron", "uv": [ 3.0, 0.0, 3.5, 3.0 ] }
							}
						},
						{
							"name": "Cube17",
							"from": [ 6.07, -0.25, -6.65 ],
							"to": [ 6.57, 0.25, 0.25 ],
							"uv": [ 0.0, 0.0 ],
							"rotationOrigin": [ 6.6, 0.0, -6.4 ],
							"faces": {
								"north": { "texture": "#iron", "uv": [ 0.0, 1.5, 0.5, 2.0 ] },
								"east": { "texture": "#iron", "uv": [ 3.0, 1.5, 9.5, 2.0 ] },
								"south": { "texture": "#iron", "uv": [ 4.5, 1.5, 5.0, 2.0 ] },
								"west": { "texture": "#iron", "uv": [ 7.5, 1.5, 14.0, 2.0 ] },
								"up": { "texture": "#iron", "uv": [ 0.0, 0.0, 0.5, 6.5 ] },
								"down": { "texture": "#iron", "uv": [ 3.0, 0.0, 3.5, 6.5 ] }
							}
						},
						{
							"name": "Cube18",
							"from": [ 6.5, -0.25, -3.5 ],
							"to": [ 7.5, 0.25, -0.5 ],
							"uv": [ 0.0, 0.0 ],
							"rotationOrigin": [ 7.6, 0.0, -3.4 ],
							"faces": {
								"north": { "texture": "#iron", "uv": [ 0.0, 1.5, 1.0, 2.0 ] },
								"east": { "texture": "#iron", "uv": [ 3.0, 1.5, 6.0, 2.0 ] },
								"south": { "texture": "#iron", "uv": [ 4.5, 1.5, 5.5, 2.0 ] },
								"west": { "texture": "#iron", "uv": [ 7.5, 1.5, 10.5, 2.0 ] },
								"up": { "texture": "#iron", "uv": [ 0.0, 0.0, 1.0, 3.0 ] },
								"down": { "texture": "#iron", "uv": [ 3.0, 0.0, 4.0, 3.0 ] }
							}
						},
						{
							"name": "Cube19",
							"from": [ 8.05, -0.37, -6.0 ],
							"to": [ 8.25, 0.38, -0.5 ],
							"uv": [ 2.0, 0.0 ],
							"rotationOrigin": [ 8.0, -0.7, -6.0 ],
							"faces": {
								"north": { "texture": "#gold", "uv": [ 2.0, 0.5, 2.5, 1.0 ], "rotation": 90 },
								"east": { "texture": "#gold", "uv": [ 2.5, 0.5, 8.0, 1.0 ] },
								"south": { "texture": "#gold", "uv": [ 8.0, 0.5, 8.5, 1.0 ], "rotation": 90 },
								"west": { "texture": "#gold", "uv": [ 8.5, 0.5, 14.0, 1.0 ] },
								"up": { "texture": "#gold", "uv": [ 2.0, 0.0, 7.5, 0.5 ], "rotation": 90 },
								"down": { "texture": "#gold", "uv": [ 7.5, 0.0, 13.0, 0.5 ], "rotation": 90 }
							}
						},
						{
							"name": "Cube20",
							"from": [ 8.0, -0.37, -6.25 ],
							"to": [ 8.2, 0.38, -2.59 ],
							"uv": [ 2.0, 0.0 ],
							"rotationOrigin": [ 8.0, -0.7, -6.0 ],
							"rotationY": -90.0,
							"faces": {
								"north": { "texture": "#gold", "uv": [ 2.0, 0.5, 2.5, 1.0 ], "rotation": 90 },
								"east": { "texture": "#gold", "uv": [ 2.5, 0.5, 6.0, 1.0 ] },
								"south": { "texture": "#gold", "uv": [ 6.0, 0.5, 6.5, 1.0 ], "rotation": 90 },
								"west": { "texture": "#gold", "uv": [ 6.5, 0.5, 10.0, 1.0 ] },
								"up": { "texture": "#gold", "uv": [ 2.0, 0.0, 5.5, 0.5 ], "rotation": 90 },
								"down": { "texture": "#gold", "uv": [ 5.5, 0.0, 9.0, 0.5 ], "rotation": 90 }
							}
						},
						{
							"name": "Cube21",
							"from": [ 6.23, -0.37, -6.0 ],
							"to": [ 6.43, 0.38, -0.5 ],
							"uv": [ 2.0, 0.0 ],
							"rotationOrigin": [ 6.0, -0.7, -6.0 ],
							"faces": {
								"north": { "texture": "#gold", "uv": [ 2.0, 0.5, 2.5, 1.0 ], "rotation": 90 },
								"east": { "texture": "#gold", "uv": [ 2.5, 0.5, 8.0, 1.0 ] },
								"south": { "texture": "#gold", "uv": [ 8.0, 0.5, 8.5, 1.0 ], "rotation": 90 },
								"west": { "texture": "#gold", "uv": [ 8.5, 0.5, 14.0, 1.0 ] },
								"up": { "texture": "#gold", "uv": [ 2.0, 0.0, 7.5, 0.5 ], "rotation": 90 },
								"down": { "texture": "#gold", "uv": [ 7.5, 0.0, 13.0, 0.5 ], "rotation": 90 }
							}
						},
						{
							"name": "Cube22",
							"from": [ 8.5, -0.37, -5.4 ],
							"to": [ 8.7, 0.38, -2.2 ],
							"uv": [ 2.0, 0.0 ],
							"rotationOrigin": [ 8.0, -0.7, -6.0 ],
							"rotationY": -35.0,
							"faces": {
								"north": { "texture": "#gold", "uv": [ 2.0, 0.5, 2.5, 1.0 ], "rotation": 90 },
								"east": { "texture": "#gold", "uv": [ 2.5, 0.5, 5.5, 1.0 ] },
								"south": { "texture": "#gold", "uv": [ 5.5, 0.5, 6.0, 1.0 ], "rotation": 90 },
								"west": { "texture": "#gold", "uv": [ 6.0, 0.5, 9.0, 1.0 ] },
								"up": { "texture": "#gold", "uv": [ 2.0, 0.0, 5.0, 0.5 ], "rotation": 90 },
								"down": { "texture": "#gold", "uv": [ 5.0, 0.0, 8.0, 0.5 ], "rotation": 90 }
							}
						},
						{
							"name": "Cube23",
							"from": [ 3.66, -0.37, -4.5 ],
							"to": [ 3.86, 0.38, -1.3 ],
							"uv": [ 2.0, 0.0 ],
							"rotationOrigin": [ 3.0, -0.7, -6.0 ],
							"rotationY": 35.0,
							"faces": {
								"north": { "texture": "#gold", "uv": [ 2.0, 0.5, 2.5, 1.0 ], "rotation": 90 },
								"east": { "texture": "#gold", "uv": [ 2.5, 0.5, 5.5, 1.0 ] },
								"south": { "texture": "#gold", "uv": [ 5.5, 0.5, 6.0, 1.0 ], "rotation": 90 },
								"west": { "texture": "#gold", "uv": [ 6.0, 0.5, 9.0, 1.0 ] },
								"up": { "texture": "#gold", "uv": [ 2.0, 0.0, 5.0, 0.5 ], "rotation": 90 },
								"down": { "texture": "#gold", "uv": [ 5.0, 0.0, 8.0, 0.5 ], "rotation": 90 }
							}
						},
						{
							"name": "Cube24",
							"from": [ 4.4, -0.37, -6.0 ],
							"to": [ 4.6, 0.38, -5.15 ],
							"uv": [ 2.0, 0.0 ],
							"rotationOrigin": [ 5.0, -0.7, -6.0 ],
							"faces": {
								"north": { "texture": "#gold", "uv": [ 2.0, 0.5, 2.5, 1.0 ], "rotation": 90 },
								"east": { "texture": "#gold", "uv": [ 2.5, 0.5, 3.0, 1.0 ] },
								"south": { "texture": "#gold", "uv": [ 3.0, 0.5, 3.5, 1.0 ], "rotation": 90 },
								"west": { "texture": "#gold", "uv": [ 3.5, 0.5, 4.0, 1.0 ] },
								"up": { "texture": "#gold", "uv": [ 2.0, 0.0, 2.5, 0.5 ], "rotation": 90 },
								"down": { "texture": "#gold", "uv": [ 2.5, 0.0, 3.0, 0.5 ], "rotation": 90 }
							}
						}
					]
				}
			]
		}
	]}