{
	"editor": {
		"collapsedPaths": "",
		"allAngles": false,
		"entityTextureMode": false
	},
	"textureWidth": 16,
	"textureHeight": 16,
	"textureSizes": {
		"iron": [32,16],
		"gold": [32,16],
		"oak": [16,16]
	},
	"textures": {
	},
	"elements": [
		{
			"name": "Cube2",
			"from": [ -35.2, 2.0, 8.0 ],
			"to": [ -35.2, 2.0, 8.0 ],
			"rotationOrigin": [ -35.0, 2.0, 8.0 ],
			"faces": {
				"north": { "texture": "#null", "uv": [ 0.0, 0.0, 0.5, 0.5 ] },
				"east": { "texture": "#null", "uv": [ 0.0, 0.0, 0.5, 0.5 ] },
				"south": { "texture": "#null", "uv": [ 0.0, 0.0, 0.5, 0.5 ] },
				"west": { "texture": "#null", "uv": [ 0.0, 0.0, 0.5, 0.5 ] },
				"up": { "texture": "#null", "uv": [ 0.0, 0.0, 0.5, 0.5 ] },
				"down": { "texture": "#null", "uv": [ 0.0, 0.0, 0.5, 0.5 ] }
			},
			"children": [
				{
					"name": "Cube12",
					"from": [ 38.0, 1.55, 0.05 ],
					"to": [ 38.0, 1.55, 0.05 ],
					"rotationOrigin": [ 38.0, 1.0, 0.0 ],
					"faces": {
						"north": { "texture": "#iron", "uv": [ 0.0, 0.0, 0.5, 0.5 ] },
						"east": { "texture": "#iron", "uv": [ 0.0, 0.0, 0.5, 0.5 ] },
						"south": { "texture": "#iron", "uv": [ 0.0, 0.0, 0.5, 0.5 ] },
						"west": { "texture": "#iron", "uv": [ 0.0, 0.0, 0.5, 0.5 ] },
						"up": { "texture": "#iron", "uv": [ 0.0, 0.0, 0.5, 0.5 ] },
						"down": { "texture": "#iron", "uv": [ 0.0, 0.0, 0.5, 0.5 ] }
					},
					"children": [
						{
							"name": "Cube16",
							"from": [ 2.2, -2.5, -3.0 ],
							"to": [ 8.2, 2.5, 3.0 ],
							"rotationOrigin": [ 2.2, 0.0, 0.0 ],
							"faces": {
								"north": { "texture": "#iron", "uv": [ 5.0, 5.0, 11.0, 10.0 ] },
								"east": { "texture": "#iron", "uv": [ 0.5, 4.5, 6.5, 9.5 ] },
								"south": { "texture": "#iron", "uv": [ 7.0, 4.5, 13.0, 9.5 ] },
								"west": { "texture": "#iron", "uv": [ 23.0, 4.5, 29.0, 9.5 ] },
								"up": { "texture": "#iron", "uv": [ 5.0, 4.5, 11.0, 10.5 ] },
								"down": { "texture": "#iron", "uv": [ 21.0, 2.5, 27.0, 8.5 ] }
							}
						},
						{
							"name": "Cube17",
							"from": [ 1.7, -3.5, 2.7 ],
							"to": [ 8.7, 3.5, 6.7 ],
							"rotationOrigin": [ 1.2, 0.0, 0.0 ],
							"faces": {
								"north": { "texture": "#iron", "uv": [ 16.5, 2.0, 23.5, 9.0 ] },
								"east": { "texture": "#iron", "uv": [ 6.5, 2.5, 10.5, 9.5 ] },
								"south": { "texture": "#iron", "uv": [ 3.5, 3.0, 10.5, 10.0 ] },
								"west": { "texture": "#iron", "uv": [ 6.5, 3.0, 10.5, 10.0 ] },
								"up": { "texture": "#iron", "uv": [ 3.5, 3.5, 10.5, 7.5 ] },
								"down": { "texture": "#iron", "uv": [ 19.0, 5.0, 26.0, 9.0 ] }
							}
						},
						{
							"name": "Cube18",
							"from": [ 1.7, -3.5, -6.7 ],
							"to": [ 8.7, 3.5, -2.7 ],
							"rotationOrigin": [ 1.2, 0.0, 0.0 ],
							"faces": {
								"north": { "texture": "#iron", "uv": [ 16.0, 2.0, 23.0, 9.0 ] },
								"east": { "texture": "#iron", "uv": [ 16.5, 1.5, 20.5, 8.5 ] },
								"south": { "texture": "#iron", "uv": [ 3.5, 2.0, 10.5, 9.0 ] },
								"west": { "texture": "#iron", "uv": [ 0.0, 6.0, 4.0, 13.0 ] },
								"up": { "texture": "#iron", "uv": [ 3.0, 4.0, 10.0, 8.0 ] },
								"down": { "texture": "#iron", "uv": [ 8.0, 2.5, 15.0, 6.5 ] }
							}
						},
						{
							"name": "Cube19",
							"from": [ 2.0, -2.7, -0.7 ],
							"to": [ 8.4, 2.7, 0.7 ],
							"rotationOrigin": [ 0.0, -1.0, 0.0 ],
							"faces": {
								"north": { "texture": "#gold", "uv": [ 0.0, 0.0, 6.0, 5.0 ] },
								"east": { "texture": "#gold", "uv": [ 0.0, 0.0, 1.0, 5.0 ] },
								"south": { "texture": "#gold", "uv": [ 0.0, 0.0, 6.0, 5.0 ] },
								"west": { "texture": "#gold", "uv": [ 0.0, 0.0, 1.0, 5.0 ] },
								"up": { "texture": "#gold", "uv": [ 0.0, 0.0, 6.0, 1.0 ] },
								"down": { "texture": "#gold", "uv": [ 0.0, 0.0, 6.0, 1.0 ] }
							}
						},
						{
							"name": "Cube20",
							"from": [ 4.7, -2.8, -0.4 ],
							"to": [ 5.4, 2.8, 0.3 ],
							"rotationOrigin": [ 5.0, 0.0, 0.0 ],
							"rotationY": -45.0,
							"faces": {
								"north": { "texture": "#iron", "uv": [ 0.0, 0.0, 0.5, 5.5 ] },
								"east": { "texture": "#iron", "uv": [ 0.0, 0.0, 0.5, 5.5 ] },
								"south": { "texture": "#iron", "uv": [ 0.0, 0.0, 0.5, 5.5 ] },
								"west": { "texture": "#iron", "uv": [ 0.0, 0.0, 0.5, 5.5 ] },
								"up": { "texture": "#iron", "uv": [ 0.0, 0.0, 0.5, 0.5 ] },
								"down": { "texture": "#iron", "uv": [ 0.0, 0.0, 0.5, 0.5 ] }
							}
						}
					]
				}
			]
		}
	]}