{
	"editor": {
		"collapsedPaths": "",
		"allAngles": false,
		"entityTextureMode": false
	},
	"textureWidth": 16,
	"textureHeight": 16,
	"textureSizes": {
		"iron": [32,16],
		"gold": [32,16],
		"oak": [16,16]
	},
	"textures": {
		"oak": "game:block/wood/bark/quad/debarked/oak",
		"gold": "game:item/tool/material/gold",
		"iron": "game:item/tool/material/iron"
	},
	"elements": [
		{
			"name": "Cube2",
			"from": [ -23.0, 1.0, 8.0 ],
			"to": [ -23.0, 1.0, 8.0 ],
			"rotationOrigin": [ -23.0, 1.0, 8.0 ],
			"faces": {
				"north": { "texture": "#null", "uv": [ 0.0, 0.0, 0.5, 0.5 ] },
				"east": { "texture": "#null", "uv": [ 0.0, 0.0, 0.5, 0.5 ] },
				"south": { "texture": "#null", "uv": [ 0.0, 0.0, 0.5, 0.5 ] },
				"west": { "texture": "#null", "uv": [ 0.0, 0.0, 0.5, 0.5 ] },
				"up": { "texture": "#null", "uv": [ 0.0, 0.0, 0.5, 0.5 ] },
				"down": { "texture": "#null", "uv": [ 0.0, 0.0, 0.5, 0.5 ] }
			},
			"children": [
				{
					"name": "Cube3",
					"from": [ 0.0, -0.7, -0.7 ],
					"to": [ 0.0, -0.7, -0.7 ],
					"rotationOrigin": [ 0.0, -0.7, -0.7 ],
					"faces": {
						"north": { "texture": "#oak", "uv": [ 0.0, 0.0, 0.5, 0.5 ] },
						"east": { "texture": "#oak", "uv": [ 0.0, 0.0, 0.5, 0.5 ] },
						"south": { "texture": "#oak", "uv": [ 0.0, 0.0, 0.5, 0.5 ] },
						"west": { "texture": "#oak", "uv": [ 0.0, 0.0, 0.5, 0.5 ] },
						"up": { "texture": "#oak", "uv": [ 0.0, 0.0, 0.5, 0.5 ] },
						"down": { "texture": "#oak", "uv": [ 0.0, 0.0, 0.5, 0.5 ] }
					},
					"children": [
						{
							"name": "Cube4",
							"from": [ -7.0, 0.0, 0.0 ],
							"to": [ 9.0, 1.5, 1.5 ],
							"rotationOrigin": [ -7.0, 0.0, 0.0 ],
							"faces": {
								"north": { "texture": "#oak", "uv": [ 5.5, 0.0, 7.0, 16.0 ], "rotation": 90, "windMode": [-1,-1,-1,-1] },
								"east": { "texture": "#oak", "uv": [ 21.0, 3.5, 22.5, 5.0 ], "windMode": [-1,-1,-1,-1] },
								"south": { "texture": "#oak", "uv": [ 2.0, 0.0, 3.5, 16.0 ], "rotation": 90, "windMode": [-1,-1,-1,-1] },
								"west": { "texture": "#oak", "uv": [ 12.0, 5.0, 13.5, 6.5 ] },
								"up": { "texture": "#oak", "uv": [ 2.5, 0.0, 4.0, 16.0 ], "rotation": 90, "windMode": [-1,-1,-1,-1] },
								"down": { "texture": "#oak", "uv": [ 2.0, 0.0, 3.5, 16.0 ], "rotation": 90 }
							}
						},
						{
							"name": "Cube5",
							"from": [ 9.0, 0.0, 0.0 ],
							"to": [ 25.0, 1.5, 1.5 ],
							"rotationOrigin": [ 9.0, 0.0, 0.0 ],
							"faces": {
								"north": { "texture": "#oak", "uv": [ 6.0, 0.0, 7.5, 16.0 ], "rotation": 90 },
								"east": { "texture": "#oak", "uv": [ 4.5, 4.0, 6.0, 5.5 ] },
								"south": { "texture": "#oak", "uv": [ 2.5, 0.0, 4.0, 16.0 ], "rotation": 90 },
								"west": { "texture": "#oak", "uv": [ 4.5, 4.5, 6.0, 6.0 ] },
								"up": { "texture": "#oak", "uv": [ 2.5, 0.0, 4.0, 16.0 ], "rotation": 90 },
								"down": { "texture": "#oak", "uv": [ 2.0, 0.0, 3.5, 16.0 ], "rotation": 90 }
							}
						}
					]
				},
				{
					"name": "Cube7",
					"from": [ -9.0, 0.0, 0.0 ],
					"to": [ -9.0, 0.0, 0.0 ],
					"rotationOrigin": [ -9.0, 0.0, 0.0 ],
					"faces": {
						"north": { "texture": "#iron", "uv": [ 0.0, 0.0, 0.5, 0.5 ] },
						"east": { "texture": "#iron", "uv": [ 0.0, 0.0, 0.5, 0.5 ] },
						"south": { "texture": "#iron", "uv": [ 0.0, 0.0, 0.5, 0.5 ] },
						"west": { "texture": "#iron", "uv": [ 0.0, 0.0, 0.5, 0.5 ] },
						"up": { "texture": "#iron", "uv": [ 0.0, 0.0, 0.5, 0.5 ] },
						"down": { "texture": "#iron", "uv": [ 0.0, 0.0, 0.5, 0.5 ] }
					},
					"children": [
						{
							"name": "Cube8",
							"from": [ 1.0, -0.8, -0.8 ],
							"to": [ 2.2, 0.9, 0.9 ],
							"rotationOrigin": [ 1.6, 0.0, 0.0 ],
							"faces": {
								"north": { "texture": "#iron", "uv": [ 0.0, 0.0, 1.0, 1.5 ] },
								"east": { "texture": "#iron", "uv": [ 0.0, 0.0, 1.5, 1.5 ] },
								"south": { "texture": "#iron", "uv": [ 0.0, 0.0, 1.0, 1.5 ] },
								"west": { "texture": "#iron", "uv": [ 0.0, 0.0, 1.5, 1.5 ] },
								"up": { "texture": "#iron", "uv": [ 0.0, 0.0, 1.0, 1.5 ] },
								"down": { "texture": "#iron", "uv": [ 0.0, 0.0, 1.0, 1.5 ] }
							}
						},
						{
							"name": "Cube9",
							"from": [ -1.3, -1.2, -2.2 ],
							"to": [ 1.3, 1.2, 2.2 ],
							"rotationOrigin": [ -1.0, 0.0, 0.0 ],
							"faces": {
								"north": { "texture": "#iron", "uv": [ 0.0, 0.0, 2.5, 2.0 ] },
								"east": { "texture": "#iron", "uv": [ 0.0, 0.0, 4.0, 2.0 ] },
								"south": { "texture": "#iron", "uv": [ 0.0, 0.0, 2.5, 2.0 ] },
								"west": { "texture": "#iron", "uv": [ 0.0, 0.0, 4.0, 2.0 ] },
								"up": { "texture": "#iron", "uv": [ 0.0, 0.0, 2.5, 4.0 ] },
								"down": { "texture": "#iron", "uv": [ 0.0, 0.0, 2.5, 4.0 ] }
							}
						},
						{
							"name": "Cube10",
							"from": [ -1.4, -1.3, -0.65 ],
							"to": [ 1.6, 1.3, 0.75 ],
							"rotationOrigin": [ -2.0, -1.0, 0.0 ],
							"faces": {
								"north": { "texture": "#gold", "uv": [ 0.0, 1.0, 3.0, 3.5 ] },
								"east": { "texture": "#gold", "uv": [ 3.0, 1.0, 4.0, 3.5 ] },
								"south": { "texture": "#gold", "uv": [ 4.0, 1.0, 7.0, 3.5 ] },
								"west": { "texture": "#gold", "uv": [ 7.0, 1.0, 8.0, 3.5 ] },
								"up": { "texture": "#gold", "uv": [ 0.0, 0.0, 3.0, 1.0 ] },
								"down": { "texture": "#gold", "uv": [ 3.0, 0.0, 6.0, 1.0 ] }
							}
						},
						{
							"name": "Cube11",
							"from": [ -0.4, -1.4, -0.3 ],
							"to": [ 0.3, 1.4, 0.4 ],
							"rotationOrigin": [ 0.0, 0.05, 0.05 ],
							"rotationY": -45.0,
							"faces": {
								"north": { "texture": "#iron", "uv": [ 0.0, 0.5, 0.5, 3.0 ] },
								"east": { "texture": "#iron", "uv": [ 0.5, 0.5, 1.0, 3.0 ] },
								"south": { "texture": "#iron", "uv": [ 1.0, 0.5, 1.5, 3.0 ] },
								"west": { "texture": "#iron", "uv": [ 1.5, 0.5, 2.0, 3.0 ] },
								"up": { "texture": "#iron", "uv": [ 0.0, 0.0, 0.5, 0.5 ] },
								"down": { "texture": "#iron", "uv": [ 0.5, 0.0, 1.0, 0.5 ] }
							}
						},
						{
							"name": "Cube37",
							"from": [ 34.0, -0.8, -0.2 ],
							"to": [ 42.1, 0.9, 0.3 ],
							"rotationOrigin": [ 34.0, 1.0, 0.0 ],
							"faces": {
								"north": { "texture": "#gold", "uv": [ 0.0, 0.5, 8.0, 2.0 ] },
								"east": { "texture": "#gold", "uv": [ 8.0, 0.5, 8.5, 2.0 ] },
								"south": { "texture": "#gold", "uv": [ 8.5, 0.5, 16.5, 2.0 ] },
								"west": { "texture": "#gold", "uv": [ 16.5, 0.5, 17.0, 2.0 ] },
								"up": { "texture": "#gold", "uv": [ 0.0, 0.0, 8.0, 0.5 ] },
								"down": { "texture": "#gold", "uv": [ 8.0, 0.0, 16.0, 0.5 ] }
							}
						}
					]
				},
				{
					"name": "Cube6",
					"from": [ 25.0, 0.0, 0.0 ],
					"to": [ 25.0, 0.0, 0.0 ],
					"rotationOrigin": [ 25.0, 0.0, 0.0 ],
					"faces": {
						"north": { "texture": "#iron", "uv": [ 0.0, 0.0, 0.5, 0.5 ] },
						"east": { "texture": "#iron", "uv": [ 0.0, 0.0, 0.5, 0.5 ] },
						"south": { "texture": "#iron", "uv": [ 0.0, 0.0, 0.5, 0.5 ] },
						"west": { "texture": "#iron", "uv": [ 0.0, 0.0, 0.5, 0.5 ] },
						"up": { "texture": "#iron", "uv": [ 0.0, 0.0, 0.5, 0.5 ] },
						"down": { "texture": "#iron", "uv": [ 0.0, 0.0, 0.5, 0.5 ] }
					},
					"children": [
						{
							"name": "Cube12",
							"from": [ 0.0, -0.7, -0.7 ],
							"to": [ 8.0, 0.8, 0.8 ],
							"faces": {
								"north": { "texture": "#iron", "uv": [ 2.5, 7.0, 10.5, 8.5 ] },
								"east": { "texture": "#iron", "uv": [ 9.5, 5.5, 11.0, 7.0 ] },
								"south": { "texture": "#iron", "uv": [ 2.0, 6.0, 10.0, 7.5 ] },
								"west": { "texture": "#iron", "uv": [ 25.0, 6.0, 26.5, 7.5 ] },
								"up": { "texture": "#iron", "uv": [ 5.5, 5.0, 13.5, 6.5 ] },
								"down": { "texture": "#iron", "uv": [ 20.0, 5.5, 28.0, 7.0 ] }
							}
						},
						{
							"name": "Cube13",
							"from": [ 2.0, -0.5, 0.8 ],
							"to": [ 7.0, 0.5, 1.8 ],
							"rotationOrigin": [ 2.0, -1.0, 1.0 ],
							"faces": {
								"north": { "texture": "#iron", "uv": [ 0.0, 0.0, 5.0, 1.0 ] },
								"east": { "texture": "#iron", "uv": [ 0.0, 0.0, 1.0, 1.0 ] },
								"south": { "texture": "#iron", "uv": [ 0.0, 0.0, 5.0, 1.0 ] },
								"west": { "texture": "#iron", "uv": [ 0.0, 0.0, 1.0, 1.0 ] },
								"up": { "texture": "#iron", "uv": [ 0.0, 0.0, 5.0, 1.0 ] },
								"down": { "texture": "#iron", "uv": [ 0.0, 0.0, 5.0, 1.0 ] }
							}
						},
						{
							"name": "Cube14",
							"from": [ 2.0, -0.5, -1.7 ],
							"to": [ 7.0, 0.5, -0.7 ],
							"rotationOrigin": [ 2.0, -1.0, -2.0 ],
							"faces": {
								"north": { "texture": "#iron", "uv": [ 0.0, 0.0, 5.0, 1.0 ] },
								"east": { "texture": "#iron", "uv": [ 0.0, 0.0, 1.0, 1.0 ] },
								"south": { "texture": "#iron", "uv": [ 0.0, 0.0, 5.0, 1.0 ] },
								"west": { "texture": "#iron", "uv": [ 0.0, 0.0, 1.0, 1.0 ] },
								"up": { "texture": "#iron", "uv": [ 0.0, 0.0, 5.0, 1.0 ] },
								"down": { "texture": "#iron", "uv": [ 0.0, 0.0, 5.0, 1.0 ] }
							}
						},
						{
							"name": "Cube15",
							"from": [ 2.5, -0.25, 1.8 ],
							"to": [ 6.5, 0.25, 2.8 ],
							"rotationOrigin": [ 3.0, 0.0, 2.0 ],
							"faces": {
								"north": { "texture": "#iron", "uv": [ 11.5, 1.0, 15.5, 1.5 ] },
								"east": { "texture": "#iron", "uv": [ 0.0, 0.0, 1.0, 0.5 ] },
								"south": { "texture": "#iron", "uv": [ 7.5, 4.5, 11.5, 5.0 ] },
								"west": { "texture": "#iron", "uv": [ 0.0, 0.0, 1.0, 0.5 ] },
								"up": { "texture": "#iron", "uv": [ 7.5, 5.0, 11.5, 6.0 ] },
								"down": { "texture": "#iron", "uv": [ 6.0, 8.0, 10.0, 9.0 ] }
							}
						},
						{
							"name": "Cube21",
							"from": [ 5.0, 0.0, 1.5 ],
							"to": [ 5.0, 0.0, 1.5 ],
							"rotationOrigin": [ 5.0, 0.0, 2.0 ],
							"faces": {
								"north": { "texture": "#iron", "uv": [ 0.0, 0.0, 0.5, 0.5 ] },
								"east": { "texture": "#iron", "uv": [ 0.0, 0.0, 0.5, 0.5 ] },
								"south": { "texture": "#iron", "uv": [ 0.0, 0.0, 0.5, 0.5 ] },
								"west": { "texture": "#iron", "uv": [ 0.0, 0.0, 0.5, 0.5 ] },
								"up": { "texture": "#iron", "uv": [ 0.0, 0.0, 0.5, 0.5 ] },
								"down": { "texture": "#iron", "uv": [ 0.0, 0.0, 0.5, 0.5 ] }
							},
							"children": [
								{
									"name": "Cube20",
									"from": [ 1.97, -0.29, 3.8 ],
									"to": [ 4.97, 0.29, 5.3 ],
									"rotationOrigin": [ 2.0, 0.0, 5.25 ],
									"rotationY": 30.0,
									"faces": {
										"north": { "texture": "#iron", "uv": [ 0.0, 0.0, 3.0, 0.5 ] },
										"east": { "texture": "#iron", "uv": [ 0.0, 0.0, 1.5, 0.5 ] },
										"south": { "texture": "#iron", "uv": [ 0.0, 0.0, 3.0, 0.5 ] },
										"west": { "texture": "#iron", "uv": [ 0.0, 0.0, 1.5, 0.5 ] },
										"up": { "texture": "#iron", "uv": [ 0.0, 0.0, 3.0, 1.5 ] },
										"down": { "texture": "#iron", "uv": [ 0.0, 0.0, 3.0, 1.5 ] }
									}
								},
								{
									"name": "Cube19",
									"from": [ -5.97, -0.29, 3.8 ],
									"to": [ -2.97, 0.29, 5.3 ],
									"rotationOrigin": [ -3.0, 0.0, 5.25 ],
									"rotationY": -30.0,
									"faces": {
										"north": { "texture": "#iron", "uv": [ 0.0, 0.0, 3.0, 0.5 ] },
										"east": { "texture": "#iron", "uv": [ 0.0, 0.0, 1.5, 0.5 ] },
										"south": { "texture": "#iron", "uv": [ 0.0, 0.0, 3.0, 0.5 ] },
										"west": { "texture": "#iron", "uv": [ 0.0, 0.0, 1.5, 0.5 ] },
										"up": { "texture": "#iron", "uv": [ 0.0, 0.0, 3.0, 1.5 ] },
										"down": { "texture": "#iron", "uv": [ 0.0, 0.0, 3.0, 1.5 ] }
									}
								},
								{
									"name": "Cube18",
									"from": [ -3.0, -0.3, 3.8 ],
									"to": [ 2.0, 0.3, 5.3 ],
									"rotationOrigin": [ -2.0, 0.0, 4.0 ],
									"faces": {
										"north": { "texture": "#iron", "uv": [ 0.0, 0.0, 5.0, 0.5 ] },
										"east": { "texture": "#iron", "uv": [ 0.0, 0.0, 1.5, 0.5 ] },
										"south": { "texture": "#iron", "uv": [ 0.0, 0.0, 5.0, 0.5 ] },
										"west": { "texture": "#iron", "uv": [ 0.0, 0.0, 1.5, 0.5 ] },
										"up": { "texture": "#iron", "uv": [ 0.0, 0.0, 5.0, 1.5 ] },
										"down": { "texture": "#iron", "uv": [ 0.0, 0.0, 5.0, 1.5 ] }
									}
								},
								{
									"name": "Cube17",
									"from": [ -2.0, -0.3, 1.8 ],
									"to": [ 1.0, 0.3, 2.8 ],
									"rotationOrigin": [ 1.0, 0.0, 2.0 ],
									"rotationY": 112.5,
									"faces": {
										"north": { "texture": "#iron", "uv": [ 0.0, 0.0, 3.0, 0.5 ] },
										"east": { "texture": "#iron", "uv": [ 0.0, 0.0, 1.0, 0.5 ] },
										"south": { "texture": "#iron", "uv": [ 0.0, 0.0, 3.0, 0.5 ] },
										"west": { "texture": "#iron", "uv": [ 0.0, 0.0, 1.0, 0.5 ] },
										"up": { "texture": "#iron", "uv": [ 0.0, 0.0, 3.0, 1.0 ] },
										"down": { "texture": "#iron", "uv": [ 0.0, 0.0, 3.0, 1.0 ] }
									}
								},
								{
									"name": "Cube16",
									"from": [ -2.0, -0.3, 1.8 ],
									"to": [ 1.0, 0.3, 2.8 ],
									"rotationOrigin": [ -2.0, 0.0, 2.0 ],
									"rotationX": -180.0,
									"rotationY": -67.5,
									"rotationZ": -180.0,
									"faces": {
										"north": { "texture": "#iron", "uv": [ 0.0, 0.0, 3.0, 0.5 ] },
										"east": { "texture": "#iron", "uv": [ 0.0, 0.0, 1.0, 0.5 ] },
										"south": { "texture": "#iron", "uv": [ 0.0, 0.0, 3.0, 0.5 ] },
										"west": { "texture": "#iron", "uv": [ 0.0, 0.0, 1.0, 0.5 ] },
										"up": { "texture": "#iron", "uv": [ 0.0, 0.0, 3.0, 1.0 ] },
										"down": { "texture": "#iron", "uv": [ 0.0, 0.0, 3.0, 1.0 ] }
									}
								},
								{
									"name": "Cube22",
									"from": [ -2.75, -0.25, 0.3 ],
									"to": [ -1.75, 0.25, 4.3 ],
									"rotationOrigin": [ -2.0, 0.0, 1.0 ],
									"faces": {
										"north": { "texture": "#iron", "uv": [ 0.0, 0.0, 1.0, 0.5 ] },
										"east": { "texture": "#iron", "uv": [ 8.0, 4.0, 12.0, 4.5 ] },
										"south": { "texture": "#iron", "uv": [ 0.0, 0.0, 1.0, 0.5 ] },
										"west": { "texture": "#iron", "uv": [ 0.0, 5.0, 4.0, 5.5 ] },
										"up": { "texture": "#iron", "uv": [ 1.5, 4.0, 2.5, 8.0 ] },
										"down": { "texture": "#iron", "uv": [ 6.0, 5.0, 7.0, 9.0 ] }
									}
								},
								{
									"name": "Cube23",
									"from": [ 0.75, -0.25, 0.3 ],
									"to": [ 1.75, 0.25, 4.3 ],
									"rotationOrigin": [ 1.0, 0.0, 1.0 ],
									"faces": {
										"north": { "texture": "#iron", "uv": [ 0.0, 0.0, 1.0, 0.5 ] },
										"east": { "texture": "#iron", "uv": [ 6.0, 4.0, 10.0, 4.5 ] },
										"south": { "texture": "#iron", "uv": [ 0.0, 0.0, 1.0, 0.5 ] },
										"west": { "texture": "#iron", "uv": [ 0.0, 4.5, 4.0, 5.0 ] },
										"up": { "texture": "#iron", "uv": [ 9.0, 3.0, 10.0, 7.0 ] },
										"down": { "texture": "#iron", "uv": [ 5.0, 5.0, 6.0, 9.0 ] }
									}
								},
								{
									"name": "Cube24",
									"from": [ -2.05, -0.275, 1.3 ],
									"to": [ -1.45, 0.175, 5.3 ],
									"rotationOrigin": [ -1.75, 0.0, 1.3 ],
									"rotationY": 45.0,
									"faces": {
										"north": { "texture": "#iron", "uv": [ 0.0, 0.0, 0.5, 0.5 ] },
										"east": { "texture": "#iron", "uv": [ 0.0, 0.0, 4.0, 0.5 ] },
										"south": { "texture": "#iron", "uv": [ 0.0, 0.0, 0.5, 0.5 ] },
										"west": { "texture": "#iron", "uv": [ 0.0, 0.0, 4.0, 0.5 ] },
										"up": { "texture": "#iron", "uv": [ 0.0, 0.0, 0.5, 4.0 ] },
										"down": { "texture": "#iron", "uv": [ 0.0, 0.0, 0.5, 4.0 ] }
									}
								},
								{
									"name": "Cube25",
									"from": [ 0.45, -0.275, 1.3 ],
									"to": [ 1.05, 0.175, 5.3 ],
									"rotationOrigin": [ 0.75, 0.0, 1.3 ],
									"rotationY": -45.0,
									"faces": {
										"north": { "texture": "#iron", "uv": [ 0.0, 0.0, 0.5, 0.5 ] },
										"east": { "texture": "#iron", "uv": [ 0.0, 0.0, 4.0, 0.5 ] },
										"south": { "texture": "#iron", "uv": [ 0.0, 0.0, 0.5, 0.5 ] },
										"west": { "texture": "#iron", "uv": [ 0.0, 0.0, 4.0, 0.5 ] },
										"up": { "texture": "#iron", "uv": [ 0.0, 0.0, 0.5, 4.0 ] },
										"down": { "texture": "#iron", "uv": [ 0.0, 0.0, 0.5, 4.0 ] }
									}
								}
							]
						},
						{
							"name": "Cube26",
							"from": [ 5.0, 0.0, -2.1 ],
							"to": [ 5.0, 0.0, -2.1 ],
							"rotationOrigin": [ 5.0, 0.0, -1.75 ],
							"rotationX": 180.0,
							"faces": {
								"north": { "texture": "#iron", "uv": [ 0.0, 0.0, 0.5, 0.5 ] },
								"east": { "texture": "#iron", "uv": [ 0.0, 0.0, 0.5, 0.5 ] },
								"south": { "texture": "#iron", "uv": [ 0.0, 0.0, 0.5, 0.5 ] },
								"west": { "texture": "#iron", "uv": [ 0.0, 0.0, 0.5, 0.5 ] },
								"up": { "texture": "#iron", "uv": [ 0.0, 0.0, 0.5, 0.5 ] },
								"down": { "texture": "#iron", "uv": [ 0.0, 0.0, 0.5, 0.5 ] }
							},
							"children": [
								{
									"name": "Cube27",
									"from": [ 1.97, -0.29, 3.8 ],
									"to": [ 4.97, 0.29, 5.3 ],
									"rotationOrigin": [ 2.0, 0.0, 5.25 ],
									"rotationY": 30.0,
									"faces": {
										"north": { "texture": "#iron", "uv": [ 0.0, 0.0, 3.0, 0.5 ] },
										"east": { "texture": "#iron", "uv": [ 0.0, 0.0, 1.5, 0.5 ] },
										"south": { "texture": "#iron", "uv": [ 0.0, 0.0, 3.0, 0.5 ] },
										"west": { "texture": "#iron", "uv": [ 0.0, 0.0, 1.5, 0.5 ] },
										"up": { "texture": "#iron", "uv": [ 0.0, 0.0, 3.0, 1.5 ] },
										"down": { "texture": "#iron", "uv": [ 0.0, 0.0, 3.0, 1.5 ] }
									}
								},
								{
									"name": "Cube28",
									"from": [ -5.97, -0.29, 3.8 ],
									"to": [ -2.97, 0.29, 5.3 ],
									"rotationOrigin": [ -3.0, 0.0, 5.25 ],
									"rotationY": -30.0,
									"faces": {
										"north": { "texture": "#iron", "uv": [ 0.0, 0.0, 3.0, 0.5 ] },
										"east": { "texture": "#iron", "uv": [ 0.0, 0.0, 1.5, 0.5 ] },
										"south": { "texture": "#iron", "uv": [ 0.0, 0.0, 3.0, 0.5 ] },
										"west": { "texture": "#iron", "uv": [ 0.0, 0.0, 1.5, 0.5 ] },
										"up": { "texture": "#iron", "uv": [ 0.0, 0.0, 3.0, 1.5 ] },
										"down": { "texture": "#iron", "uv": [ 0.0, 0.0, 3.0, 1.5 ] }
									}
								},
								{
									"name": "Cube29",
									"from": [ -3.0, -0.3, 3.8 ],
									"to": [ 2.0, 0.3, 5.3 ],
									"rotationOrigin": [ -2.0, 0.0, 4.0 ],
									"faces": {
										"north": { "texture": "#iron", "uv": [ 0.0, 0.0, 5.0, 0.5 ] },
										"east": { "texture": "#iron", "uv": [ 0.0, 0.0, 1.5, 0.5 ] },
										"south": { "texture": "#iron", "uv": [ 0.0, 0.0, 5.0, 0.5 ] },
										"west": { "texture": "#iron", "uv": [ 0.0, 0.0, 1.5, 0.5 ] },
										"up": { "texture": "#iron", "uv": [ 0.0, 0.0, 5.0, 1.5 ] },
										"down": { "texture": "#iron", "uv": [ 0.0, 0.0, 5.0, 1.5 ] }
									}
								},
								{
									"name": "Cube30",
									"from": [ -2.0, -0.3, 1.8 ],
									"to": [ 1.0, 0.3, 2.8 ],
									"rotationOrigin": [ 1.0, 0.0, 2.0 ],
									"rotationY": 112.5,
									"faces": {
										"north": { "texture": "#iron", "uv": [ 0.0, 0.0, 3.0, 0.5 ] },
										"east": { "texture": "#iron", "uv": [ 0.0, 0.0, 1.0, 0.5 ] },
										"south": { "texture": "#iron", "uv": [ 0.0, 0.0, 3.0, 0.5 ] },
										"west": { "texture": "#iron", "uv": [ 0.0, 0.0, 1.0, 0.5 ] },
										"up": { "texture": "#iron", "uv": [ 0.0, 0.0, 3.0, 1.0 ] },
										"down": { "texture": "#iron", "uv": [ 0.0, 0.0, 3.0, 1.0 ] }
									}
								},
								{
									"name": "Cube31",
									"from": [ -2.0, -0.3, 1.8 ],
									"to": [ 1.0, 0.3, 2.8 ],
									"rotationOrigin": [ -2.0, 0.0, 2.0 ],
									"rotationX": -180.0,
									"rotationY": -67.5,
									"rotationZ": -180.0,
									"faces": {
										"north": { "texture": "#iron", "uv": [ 0.0, 0.0, 3.0, 0.5 ] },
										"east": { "texture": "#iron", "uv": [ 0.0, 0.0, 1.0, 0.5 ] },
										"south": { "texture": "#iron", "uv": [ 0.0, 0.0, 3.0, 0.5 ] },
										"west": { "texture": "#iron", "uv": [ 0.0, 0.0, 1.0, 0.5 ] },
										"up": { "texture": "#iron", "uv": [ 0.0, 0.0, 3.0, 1.0 ] },
										"down": { "texture": "#iron", "uv": [ 0.0, 0.0, 3.0, 1.0 ] }
									}
								},
								{
									"name": "Cube32",
									"from": [ -2.75, -0.25, 0.3 ],
									"to": [ -1.75, 0.25, 4.3 ],
									"rotationOrigin": [ -2.0, 0.0, 1.0 ],
									"faces": {
										"north": { "texture": "#iron", "uv": [ 0.0, 0.0, 1.0, 0.5 ] },
										"east": { "texture": "#iron", "uv": [ 8.0, 5.5, 12.0, 6.0 ] },
										"south": { "texture": "#iron", "uv": [ 0.0, 0.0, 1.0, 0.5 ] },
										"west": { "texture": "#iron", "uv": [ 10.0, 5.5, 14.0, 6.0 ] },
										"up": { "texture": "#iron", "uv": [ 8.0, 4.5, 9.0, 8.5 ] },
										"down": { "texture": "#iron", "uv": [ 8.0, 4.5, 9.0, 8.5 ] }
									}
								},
								{
									"name": "Cube33",
									"from": [ 0.75, -0.25, 0.3 ],
									"to": [ 1.75, 0.25, 4.3 ],
									"rotationOrigin": [ 1.0, 0.0, 1.0 ],
									"faces": {
										"north": { "texture": "#iron", "uv": [ 0.0, 0.0, 1.0, 0.5 ] },
										"east": { "texture": "#iron", "uv": [ 11.5, 1.5, 15.5, 2.0 ] },
										"south": { "texture": "#iron", "uv": [ 0.0, 0.0, 1.0, 0.5 ] },
										"west": { "texture": "#iron", "uv": [ 9.0, 5.0, 13.0, 5.5 ] },
										"up": { "texture": "#iron", "uv": [ 7.5, 3.0, 8.5, 7.0 ] },
										"down": { "texture": "#iron", "uv": [ 17.5, 2.5, 18.5, 6.5 ] }
									}
								},
								{
									"name": "Cube34",
									"from": [ -2.05, -0.235, 1.3 ],
									"to": [ -1.45, 0.215, 5.3 ],
									"rotationOrigin": [ -1.75, 0.0, 1.3 ],
									"rotationY": 45.0,
									"faces": {
										"north": { "texture": "#iron", "uv": [ 0.0, 0.0, 0.5, 0.5 ] },
										"east": { "texture": "#iron", "uv": [ 0.0, 0.0, 4.0, 0.5 ] },
										"south": { "texture": "#iron", "uv": [ 0.0, 0.0, 0.5, 0.5 ] },
										"west": { "texture": "#iron", "uv": [ 0.0, 0.0, 4.0, 0.5 ] },
										"up": { "texture": "#iron", "uv": [ 0.0, 0.0, 0.5, 4.0 ] },
										"down": { "texture": "#iron", "uv": [ 0.0, 0.0, 0.5, 4.0 ] }
									}
								},
								{
									"name": "Cube35",
									"from": [ 0.45, -0.235, 1.3 ],
									"to": [ 1.05, 0.215, 5.3 ],
									"rotationOrigin": [ 0.75, 0.0, 1.3 ],
									"rotationY": -45.0,
									"faces": {
										"north": { "texture": "#iron", "uv": [ 0.0, 0.0, 0.5, 0.5 ] },
										"east": { "texture": "#iron", "uv": [ 0.0, 0.0, 4.0, 0.5 ] },
										"south": { "texture": "#iron", "uv": [ 0.0, 0.0, 0.5, 0.5 ] },
										"west": { "texture": "#iron", "uv": [ 0.0, 0.0, 4.0, 0.5 ] },
										"up": { "texture": "#iron", "uv": [ 0.0, 0.0, 0.5, 4.0 ] },
										"down": { "texture": "#iron", "uv": [ 0.0, 0.0, 0.5, 4.0 ] }
									}
								}
							]
						},
						{
							"name": "Cube36",
							"from": [ 2.5, -0.25, -2.7 ],
							"to": [ 6.5, 0.25, -1.7 ],
							"rotationOrigin": [ 3.0, 0.0, -3.0 ],
							"faces": {
								"north": { "texture": "#iron", "uv": [ 7.5, 6.0, 11.5, 6.5 ] },
								"east": { "texture": "#iron", "uv": [ 0.0, 0.0, 1.0, 0.5 ] },
								"south": { "texture": "#iron", "uv": [ 7.5, 5.0, 11.5, 5.5 ] },
								"west": { "texture": "#iron", "uv": [ 0.0, 0.0, 1.0, 0.5 ] },
								"up": { "texture": "#iron", "uv": [ 8.0, 6.0, 12.0, 7.0 ] },
								"down": { "texture": "#iron", "uv": [ 6.5, 6.5, 10.5, 7.5 ] }
							}
						}
					]
				},
				{
					"name": "Cube42",
					"from": [ 25.0, 0.0, 0.0 ],
					"to": [ 25.0, 0.0, 0.0 ],
					"rotationOrigin": [ 25.0, 0.0, 0.0 ],
					"faces": {
						"north": { "texture": "#gold", "uv": [ 0.0, 0.5, 0.5, 1.0 ] },
						"east": { "texture": "#gold", "uv": [ 0.5, 0.5, 1.0, 1.0 ] },
						"south": { "texture": "#gold", "uv": [ 1.0, 0.5, 1.5, 1.0 ] },
						"west": { "texture": "#gold", "uv": [ 1.5, 0.5, 2.0, 1.0 ] },
						"up": { "texture": "#gold", "uv": [ 0.0, 0.0, 0.5, 0.5 ] },
						"down": { "texture": "#gold", "uv": [ 0.5, 0.0, 1.0, 0.5 ] }
					},
					"children": [
						{
							"name": "Cube41",
							"from": [ 2.555, -0.35, 2.15 ],
							"to": [ 2.855, 0.35, 3.43 ],
							"rotationOrigin": [ 2.5, 0.0, 3.5 ],
							"faces": {
								"north": { "texture": "#gold", "uv": [ 0.0, 1.0, 0.5, 1.5 ] },
								"east": { "texture": "#gold", "uv": [ 0.5, 1.0, 1.5, 1.5 ] },
								"south": { "texture": "#gold", "uv": [ 1.5, 1.0, 2.0, 1.5 ] },
								"west": { "texture": "#gold", "uv": [ 2.0, 1.0, 3.0, 1.5 ] },
								"up": { "texture": "#gold", "uv": [ 0.0, 0.0, 0.5, 1.0 ] },
								"down": { "texture": "#gold", "uv": [ 0.5, 0.0, 1.0, 1.0 ] }
							}
						},
						{
							"name": "Cube40",
							"from": [ 1.5, -0.35, 5.9 ],
							"to": [ 7.49, 0.35, 6.2 ],
							"rotationOrigin": [ 1.5, 0.0, 6.5 ],
							"faces": {
								"north": { "texture": "#gold", "uv": [ 0.0, 0.5, 5.5, 1.0 ] },
								"east": { "texture": "#gold", "uv": [ 5.5, 0.5, 6.0, 1.0 ] },
								"south": { "texture": "#gold", "uv": [ 6.0, 0.5, 11.5, 1.0 ] },
								"west": { "texture": "#gold", "uv": [ 11.5, 0.5, 12.0, 1.0 ] },
								"up": { "texture": "#gold", "uv": [ 0.0, 0.0, 5.5, 0.5 ] },
								"down": { "texture": "#gold", "uv": [ 5.5, 0.0, 11.0, 0.5 ] }
							}
						},
						{
							"name": "Cube39",
							"from": [ 2.3, -0.35, 3.2 ],
							"to": [ 5.1, 0.35, 3.5 ],
							"rotationOrigin": [ 2.5, 0.0, 3.5 ],
							"rotationX": -180.0,
							"rotationY": -67.5,
							"rotationZ": -180.0,
							"faces": {
								"north": { "texture": "#gold", "uv": [ 0.0, 0.5, 2.5, 1.0 ] },
								"east": { "texture": "#gold", "uv": [ 2.5, 0.5, 3.0, 1.0 ] },
								"south": { "texture": "#gold", "uv": [ 3.0, 0.5, 5.5, 1.0 ] },
								"west": { "texture": "#gold", "uv": [ 5.5, 0.5, 6.0, 1.0 ] },
								"up": { "texture": "#gold", "uv": [ 0.0, 0.0, 2.5, 0.5 ] },
								"down": { "texture": "#gold", "uv": [ 2.5, 0.0, 5.0, 0.5 ] }
							}
						},
						{
							"name": "Cube38",
							"from": [ 3.2, -0.35, 3.65 ],
							"to": [ 6.0, 0.35, 3.95 ],
							"rotationOrigin": [ 6.0, 0.0, 3.5 ],
							"rotationX": -179.9999,
							"rotationY": 67.5,
							"rotationZ": -179.9999,
							"faces": {
								"north": { "texture": "#gold", "uv": [ 0.0, 0.5, 2.5, 1.0 ] },
								"east": { "texture": "#gold", "uv": [ 2.5, 0.5, 3.0, 1.0 ] },
								"south": { "texture": "#gold", "uv": [ 3.0, 0.5, 5.5, 1.0 ] },
								"west": { "texture": "#gold", "uv": [ 5.5, 0.5, 6.0, 1.0 ] },
								"up": { "texture": "#gold", "uv": [ 0.0, 0.0, 2.5, 0.5 ] },
								"down": { "texture": "#gold", "uv": [ 2.5, 0.0, 5.0, 0.5 ] }
							}
						},
						{
							"name": "Cube43",
							"from": [ 6.14, -0.35, 2.15 ],
							"to": [ 6.44, 0.35, 3.44 ],
							"rotationOrigin": [ 5.5, 0.0, 3.5 ],
							"faces": {
								"north": { "texture": "#gold", "uv": [ 0.0, 1.0, 0.5, 1.5 ] },
								"east": { "texture": "#gold", "uv": [ 0.5, 1.0, 1.5, 1.5 ] },
								"south": { "texture": "#gold", "uv": [ 1.5, 1.0, 2.0, 1.5 ] },
								"west": { "texture": "#gold", "uv": [ 2.0, 1.0, 3.0, 1.5 ] },
								"up": { "texture": "#gold", "uv": [ 0.0, 0.0, 0.5, 1.0 ] },
								"down": { "texture": "#gold", "uv": [ 0.5, 0.0, 1.0, 1.0 ] }
							}
						},
						{
							"name": "Cube44",
							"from": [ 2.85, -0.35, 2.15 ],
							"to": [ 6.15, 0.35, 2.45 ],
							"rotationOrigin": [ 3.5, 0.0, 2.5 ],
							"faces": {
								"north": { "texture": "#gold", "uv": [ 0.0, 0.5, 3.0, 1.0 ] },
								"east": { "texture": "#gold", "uv": [ 3.0, 0.5, 3.5, 1.0 ] },
								"south": { "texture": "#gold", "uv": [ 3.5, 0.5, 6.5, 1.0 ] },
								"west": { "texture": "#gold", "uv": [ 6.5, 0.5, 7.0, 1.0 ] },
								"up": { "texture": "#gold", "uv": [ 0.0, 0.0, 3.0, 0.5 ] },
								"down": { "texture": "#gold", "uv": [ 3.0, 0.0, 6.0, 0.5 ] }
							}
						}
					]
				},
				{
					"name": "Cube45",
					"from": [ 25.0, 0.0, -0.1 ],
					"to": [ 25.0, 0.0, -0.1 ],
					"rotationOrigin": [ 25.0, 0.0, 0.0 ],
					"rotationX": 180.0,
					"faces": {
						"north": { "texture": "#gold", "uv": [ 0.0, 0.5, 0.5, 1.0 ] },
						"east": { "texture": "#gold", "uv": [ 0.5, 0.5, 1.0, 1.0 ] },
						"south": { "texture": "#gold", "uv": [ 1.0, 0.5, 1.5, 1.0 ] },
						"west": { "texture": "#gold", "uv": [ 1.5, 0.5, 2.0, 1.0 ] },
						"up": { "texture": "#gold", "uv": [ 0.0, 0.0, 0.5, 0.5 ] },
						"down": { "texture": "#gold", "uv": [ 0.5, 0.0, 1.0, 0.5 ] }
					},
					"children": [
						{
							"name": "Cube46",
							"from": [ 2.555, -0.35, 2.15 ],
							"to": [ 2.855, 0.35, 3.43 ],
							"rotationOrigin": [ 2.5, 0.0, 3.5 ],
							"faces": {
								"north": { "texture": "#gold", "uv": [ 0.0, 1.0, 0.5, 1.5 ] },
								"east": { "texture": "#gold", "uv": [ 0.5, 1.0, 1.5, 1.5 ] },
								"south": { "texture": "#gold", "uv": [ 1.5, 1.0, 2.0, 1.5 ] },
								"west": { "texture": "#gold", "uv": [ 2.0, 1.0, 3.0, 1.5 ] },
								"up": { "texture": "#gold", "uv": [ 0.0, 0.0, 0.5, 1.0 ] },
								"down": { "texture": "#gold", "uv": [ 0.5, 0.0, 1.0, 1.0 ] }
							}
						},
						{
							"name": "Cube47",
							"from": [ 1.5, -0.35, 5.9 ],
							"to": [ 7.49, 0.35, 6.2 ],
							"rotationOrigin": [ 1.5, 0.0, 6.5 ],
							"faces": {
								"north": { "texture": "#gold", "uv": [ 0.0, 0.5, 5.5, 1.0 ] },
								"east": { "texture": "#gold", "uv": [ 5.5, 0.5, 6.0, 1.0 ] },
								"south": { "texture": "#gold", "uv": [ 6.0, 0.5, 11.5, 1.0 ] },
								"west": { "texture": "#gold", "uv": [ 11.5, 0.5, 12.0, 1.0 ] },
								"up": { "texture": "#gold", "uv": [ 0.0, 0.0, 5.5, 0.5 ] },
								"down": { "texture": "#gold", "uv": [ 5.5, 0.0, 11.0, 0.5 ] }
							}
						},
						{
							"name": "Cube48",
							"from": [ 2.3, -0.35, 3.2 ],
							"to": [ 5.1, 0.35, 3.5 ],
							"rotationOrigin": [ 2.5, 0.0, 3.5 ],
							"rotationX": -180.0,
							"rotationY": -67.5,
							"rotationZ": -180.0,
							"faces": {
								"north": { "texture": "#gold", "uv": [ 0.0, 0.5, 2.5, 1.0 ] },
								"east": { "texture": "#gold", "uv": [ 2.5, 0.5, 3.0, 1.0 ] },
								"south": { "texture": "#gold", "uv": [ 3.0, 0.5, 5.5, 1.0 ] },
								"west": { "texture": "#gold", "uv": [ 5.5, 0.5, 6.0, 1.0 ] },
								"up": { "texture": "#gold", "uv": [ 0.0, 0.0, 2.5, 0.5 ] },
								"down": { "texture": "#gold", "uv": [ 2.5, 0.0, 5.0, 0.5 ] }
							}
						},
						{
							"name": "Cube49",
							"from": [ 3.2, -0.35, 3.65 ],
							"to": [ 6.0, 0.35, 3.95 ],
							"rotationOrigin": [ 6.0, 0.0, 3.5 ],
							"rotationX": -179.9999,
							"rotationY": 67.5,
							"rotationZ": -179.9999,
							"faces": {
								"north": { "texture": "#gold", "uv": [ 0.0, 0.5, 2.5, 1.0 ] },
								"east": { "texture": "#gold", "uv": [ 2.5, 0.5, 3.0, 1.0 ] },
								"south": { "texture": "#gold", "uv": [ 3.0, 0.5, 5.5, 1.0 ] },
								"west": { "texture": "#gold", "uv": [ 5.5, 0.5, 6.0, 1.0 ] },
								"up": { "texture": "#gold", "uv": [ 0.0, 0.0, 2.5, 0.5 ] },
								"down": { "texture": "#gold", "uv": [ 2.5, 0.0, 5.0, 0.5 ] }
							}
						},
						{
							"name": "Cube50",
							"from": [ 6.14, -0.35, 2.15 ],
							"to": [ 6.44, 0.35, 3.44 ],
							"rotationOrigin": [ 5.5, 0.0, 3.5 ],
							"faces": {
								"north": { "texture": "#gold", "uv": [ 0.0, 1.0, 0.5, 1.5 ] },
								"east": { "texture": "#gold", "uv": [ 0.5, 1.0, 1.5, 1.5 ] },
								"south": { "texture": "#gold", "uv": [ 1.5, 1.0, 2.0, 1.5 ] },
								"west": { "texture": "#gold", "uv": [ 2.0, 1.0, 3.0, 1.5 ] },
								"up": { "texture": "#gold", "uv": [ 0.0, 0.0, 0.5, 1.0 ] },
								"down": { "texture": "#gold", "uv": [ 0.5, 0.0, 1.0, 1.0 ] }
							}
						},
						{
							"name": "Cube51",
							"from": [ 2.85, -0.35, 2.15 ],
							"to": [ 6.15, 0.35, 2.45 ],
							"rotationOrigin": [ 3.5, 0.0, 2.5 ],
							"faces": {
								"north": { "texture": "#gold", "uv": [ 0.0, 0.5, 3.0, 1.0 ] },
								"east": { "texture": "#gold", "uv": [ 3.0, 0.5, 3.5, 1.0 ] },
								"south": { "texture": "#gold", "uv": [ 3.5, 0.5, 6.5, 1.0 ] },
								"west": { "texture": "#gold", "uv": [ 6.5, 0.5, 7.0, 1.0 ] },
								"up": { "texture": "#gold", "uv": [ 0.0, 0.0, 3.0, 0.5 ] },
								"down": { "texture": "#gold", "uv": [ 3.0, 0.0, 6.0, 0.5 ] }
							}
						}
					]
				}
			]
		}
	]}