{
	"editor": {
		"collapsedPaths": ",Root/Cube2/Cube65,Root/Cube2/Cube38/Cube71",
		"allAngles": false,
		"entityTextureMode": false
	},
	"textureWidth": 16,
	"textureHeight": 16,
	"textureSizes": {
		"iron": [32,16],
		"brown": [16,16]
	},
	"textures": {
	},
	"elements": [
		{
			"name": "Cube2",
			"from": [ 0.0, 1.0, -1.0 ],
			"to": [ 0.0, 1.0, -1.0 ],
			"rotationOrigin": [ 8.0, 1.0, 7.0 ],
			"faces": {
				"north": { "texture": "#null", "uv": [ 0.0, 0.0, 0.5, 0.5 ] },
				"east": { "texture": "#null", "uv": [ 0.0, 0.0, 0.5, 0.5 ] },
				"south": { "texture": "#null", "uv": [ 0.0, 0.0, 0.5, 0.5 ] },
				"west": { "texture": "#null", "uv": [ 0.0, 0.0, 0.5, 0.5 ] },
				"up": { "texture": "#null", "uv": [ 0.0, 0.0, 0.5, 0.5 ] },
				"down": { "texture": "#null", "uv": [ 0.0, 0.0, 0.5, 0.5 ] }
			},
			"children": [
				{
					"name": "Cube3",
					"from": [ 0.0, 0.0, 0.0 ],
					"to": [ 0.0, 0.0, 0.0 ],
					"rotationOrigin": [ 8.0, 0.5, 8.0 ],
					"rotationZ": 10.0,
					"faces": {
						"north": { "texture": "#iron", "uv": [ 0.0, 0.0, 0.5, 0.5 ] },
						"east": { "texture": "#iron", "uv": [ 0.0, 0.0, 0.5, 0.5 ] },
						"south": { "texture": "#iron", "uv": [ 0.0, 0.0, 0.5, 0.5 ] },
						"west": { "texture": "#iron", "uv": [ 0.0, 0.0, 0.5, 0.5 ] },
						"up": { "texture": "#iron", "uv": [ 0.0, 0.0, 0.5, 0.5 ] },
						"down": { "texture": "#iron", "uv": [ 0.0, 0.0, 0.5, 0.5 ] }
					},
					"children": [
						{
							"name": "Cube5",
							"from": [ -2.0, -0.05, 15.8 ],
							"to": [ -1.0, 1.05, 28.0 ],
							"rotationOrigin": [ -2.0, 0.0, 16.0 ],
							"rotationY": 55.0,
							"faces": {
								"north": { "texture": "#iron", "uv": [ 0.0, 0.0, 1.0, 1.0 ] },
								"east": { "texture": "#iron", "uv": [ 0.0, 0.0, 12.0, 1.0 ] },
								"south": { "texture": "#iron", "uv": [ 0.0, 0.0, 1.0, 1.0 ] },
								"west": { "texture": "#iron", "uv": [ 0.0, 0.0, 12.0, 1.0 ] },
								"up": { "texture": "#iron", "uv": [ 0.0, 0.0, 1.0, 12.0 ] },
								"down": { "texture": "#iron", "uv": [ 0.0, 0.0, 1.0, 12.0 ] }
							}
						},
						{
							"name": "Cube12",
							"from": [ -1.0, -0.05, 15.15 ],
							"to": [ 0.0, 1.05, 27.15 ],
							"rotationOrigin": [ -2.0, 0.0, 16.0 ],
							"rotationY": 55.0,
							"faces": {
								"north": { "texture": "#iron", "uv": [ 0.0, 0.0, 1.0, 1.0 ] },
								"east": { "texture": "#iron", "uv": [ 0.0, 0.0, 12.0, 1.0 ] },
								"south": { "texture": "#iron", "uv": [ 0.0, 0.0, 1.0, 1.0 ] },
								"west": { "texture": "#iron", "uv": [ 0.0, 0.0, 12.0, 1.0 ] },
								"up": { "texture": "#iron", "uv": [ 0.0, 0.0, 1.0, 12.0 ] },
								"down": { "texture": "#iron", "uv": [ 0.0, 0.0, 1.0, 12.0 ] }
							}
						},
						{
							"name": "Cube13",
							"from": [ -2.15, -0.055, 0.0 ],
							"to": [ -1.55, 1.055, 15.9 ],
							"rotationOrigin": [ -2.0, 0.0, 0.0 ],
							"faces": {
								"north": { "texture": "#iron", "uv": [ 2.0, 9.5, 2.5, 10.5 ] },
								"east": { "texture": "#iron", "uv": [ 0.0, 5.0, 15.5, 6.0 ] },
								"south": { "texture": "#iron", "uv": [ 9.5, 5.0, 10.0, 6.0 ] },
								"west": { "texture": "#iron", "uv": [ 16.0, 6.0, 31.5, 7.0 ] },
								"up": { "texture": "#iron", "uv": [ 3.0, 0.0, 3.5, 15.5 ] },
								"down": { "texture": "#iron", "uv": [ 5.5, 0.5, 6.0, 16.0 ] }
							}
						},
						{
							"name": "Cube14",
							"from": [ -2.15, -0.055, -2.0 ],
							"to": [ 5.85, 1.055, 0.0 ],
							"rotationOrigin": [ -2.0, 0.0, -2.0 ],
							"faces": {
								"north": { "texture": "#iron", "uv": [ 0.0, 2.0, 8.0, 3.0 ] },
								"east": { "texture": "#iron", "uv": [ 8.0, 2.0, 10.0, 3.0 ] },
								"south": { "texture": "#iron", "uv": [ 10.0, 2.0, 18.0, 3.0 ] },
								"west": { "texture": "#iron", "uv": [ 18.0, 2.0, 20.0, 3.0 ] },
								"up": { "texture": "#iron", "uv": [ 0.0, 0.0, 8.0, 2.0 ] },
								"down": { "texture": "#iron", "uv": [ 8.0, 0.0, 16.0, 2.0 ] }
							}
						},
						{
							"name": "Cube15",
							"from": [ 5.85, -0.05, -2.0 ],
							"to": [ 8.65, 1.07, -0.85 ],
							"rotationOrigin": [ 5.85, 0.0, -2.0 ],
							"rotationY": -35.0,
							"faces": {
								"north": { "texture": "#iron", "uv": [ 0.0, 1.0, 2.5, 2.0 ] },
								"east": { "texture": "#iron", "uv": [ 2.5, 1.0, 3.5, 2.0 ] },
								"south": { "texture": "#iron", "uv": [ 3.5, 1.0, 6.0, 2.0 ] },
								"west": { "texture": "#iron", "uv": [ 6.0, 1.0, 7.0, 2.0 ] },
								"up": { "texture": "#iron", "uv": [ 0.0, 0.0, 2.5, 1.0 ] },
								"down": { "texture": "#iron", "uv": [ 2.5, 0.0, 5.0, 1.0 ] }
							}
						},
						{
							"name": "Cube16",
							"from": [ 3.85, -0.06, -1.0 ],
							"to": [ 6.4, 1.06, 0.0 ],
							"rotationOrigin": [ 3.85, 0.0, 0.0 ],
							"rotationY": -70.0,
							"faces": {
								"north": { "texture": "#iron", "uv": [ 0.0, 1.0, 2.5, 2.0 ] },
								"east": { "texture": "#iron", "uv": [ 2.5, 1.0, 3.5, 2.0 ] },
								"south": { "texture": "#iron", "uv": [ 3.5, 1.0, 6.0, 2.0 ] },
								"west": { "texture": "#iron", "uv": [ 6.0, 1.0, 7.0, 2.0 ] },
								"up": { "texture": "#iron", "uv": [ 0.0, 0.0, 2.5, 1.0 ] },
								"down": { "texture": "#iron", "uv": [ 2.5, 0.0, 5.0, 1.0 ] }
							}
						},
						{
							"name": "Cube17",
							"from": [ 4.72, -0.05, -0.6 ],
							"to": [ 8.0, 1.05, 2.4 ],
							"rotationOrigin": [ 4.72, 0.0, 0.2 ],
							"faces": {
								"north": { "texture": "#iron", "uv": [ 0.0, 3.0, 3.0, 4.0 ] },
								"east": { "texture": "#iron", "uv": [ 3.0, 3.0, 6.0, 4.0 ] },
								"south": { "texture": "#iron", "uv": [ 6.0, 3.0, 9.0, 4.0 ] },
								"west": { "texture": "#iron", "uv": [ 9.0, 3.0, 12.0, 4.0 ] },
								"up": { "texture": "#iron", "uv": [ 0.0, 0.0, 3.0, 3.0 ] },
								"down": { "texture": "#iron", "uv": [ 3.0, 0.0, 6.0, 3.0 ] }
							}
						},
						{
							"name": "Cube19",
							"from": [ 4.72, 0.01, 2.4 ],
							"to": [ 8.0, 1.11, 5.4 ],
							"rotationOrigin": [ 4.72, 0.0, 3.2 ],
							"faces": {
								"north": { "texture": "#iron", "uv": [ 0.0, 3.0, 3.0, 4.0 ] },
								"east": { "texture": "#iron", "uv": [ 3.0, 3.0, 6.0, 4.0 ] },
								"south": { "texture": "#iron", "uv": [ 6.0, 3.0, 9.0, 4.0 ] },
								"west": { "texture": "#iron", "uv": [ 9.0, 3.0, 12.0, 4.0 ] },
								"up": { "texture": "#iron", "uv": [ 0.0, 0.0, 3.0, 3.0 ] },
								"down": { "texture": "#iron", "uv": [ 3.0, 0.0, 6.0, 3.0 ] }
							}
						},
						{
							"name": "Cube20",
							"from": [ 3.5, 0.01, 2.5 ],
							"to": [ 6.05, 1.1, 3.5 ],
							"rotationOrigin": [ 3.5, 0.0, 2.5 ],
							"rotationY": -35.0,
							"faces": {
								"north": { "texture": "#iron", "uv": [ 0.0, 1.0, 2.5, 2.0 ] },
								"east": { "texture": "#iron", "uv": [ 2.5, 1.0, 3.5, 2.0 ] },
								"south": { "texture": "#iron", "uv": [ 3.5, 1.0, 6.0, 2.0 ] },
								"west": { "texture": "#iron", "uv": [ 6.0, 1.0, 7.0, 2.0 ] },
								"up": { "texture": "#iron", "uv": [ 0.0, 0.0, 2.5, 1.0 ] },
								"down": { "texture": "#iron", "uv": [ 2.5, 0.0, 5.0, 1.0 ] }
							}
						},
						{
							"name": "Cube21",
							"from": [ 2.9, 0.01, 2.5 ],
							"to": [ 3.5, 1.11, 6.32 ],
							"rotationOrigin": [ 2.9, 0.0, 2.5 ],
							"faces": {
								"north": { "texture": "#iron", "uv": [ 0.0, 3.5, 0.5, 4.5 ] },
								"east": { "texture": "#iron", "uv": [ 0.5, 3.5, 4.0, 4.5 ] },
								"south": { "texture": "#iron", "uv": [ 4.0, 3.5, 4.5, 4.5 ] },
								"west": { "texture": "#iron", "uv": [ 4.5, 3.5, 8.0, 4.5 ] },
								"up": { "texture": "#iron", "uv": [ 0.0, 0.0, 0.5, 3.5 ] },
								"down": { "texture": "#iron", "uv": [ 0.5, 0.0, 1.0, 3.5 ] }
							}
						},
						{
							"name": "Cube22",
							"from": [ 3.5, 0.01, 3.5 ],
							"to": [ 6.15, 1.12, 6.5 ],
							"rotationOrigin": [ 3.5, 0.0, 5.5 ],
							"rotationY": -35.0,
							"faces": {
								"north": { "texture": "#iron", "uv": [ 0.0, 3.0, 2.5, 4.0 ] },
								"east": { "texture": "#iron", "uv": [ 2.5, 3.0, 5.5, 4.0 ] },
								"south": { "texture": "#iron", "uv": [ 5.5, 3.0, 8.0, 4.0 ] },
								"west": { "texture": "#iron", "uv": [ 8.0, 3.0, 11.0, 4.0 ] },
								"up": { "texture": "#iron", "uv": [ 0.0, 0.0, 2.5, 3.0 ] },
								"down": { "texture": "#iron", "uv": [ 2.5, 0.0, 5.0, 3.0 ] }
							}
						},
						{
							"name": "Cube23",
							"from": [ 4.9, 0.01, 6.5 ],
							"to": [ 6.0, 1.11, 9.4 ],
							"rotationOrigin": [ 4.9, 0.0, 6.5 ],
							"faces": {
								"north": { "texture": "#iron", "uv": [ 0.0, 2.5, 1.0, 3.5 ] },
								"east": { "texture": "#iron", "uv": [ 1.0, 2.5, 3.5, 3.5 ] },
								"south": { "texture": "#iron", "uv": [ 3.5, 2.5, 4.5, 3.5 ] },
								"west": { "texture": "#iron", "uv": [ 4.5, 2.5, 7.0, 3.5 ] },
								"up": { "texture": "#iron", "uv": [ 0.0, 0.0, 1.0, 2.5 ] },
								"down": { "texture": "#iron", "uv": [ 1.0, 0.0, 2.0, 2.5 ] }
							}
						},
						{
							"name": "Cube24",
							"from": [ 4.9, 0.01, 9.0 ],
							"to": [ 7.5, 1.1, 10.78 ],
							"rotationOrigin": [ 5.5, 0.0, 9.0 ],
							"rotationY": -30.0,
							"faces": {
								"north": { "texture": "#iron", "uv": [ 0.0, 1.5, 2.5, 2.5 ] },
								"east": { "texture": "#iron", "uv": [ 2.5, 1.5, 4.0, 2.5 ] },
								"south": { "texture": "#iron", "uv": [ 4.0, 1.5, 6.5, 2.5 ] },
								"west": { "texture": "#iron", "uv": [ 6.5, 1.5, 8.0, 2.5 ] },
								"up": { "texture": "#iron", "uv": [ 0.0, 0.0, 2.5, 1.5 ] },
								"down": { "texture": "#iron", "uv": [ 2.5, 0.0, 5.0, 1.5 ] }
							}
						},
						{
							"name": "Cube25",
							"from": [ 4.9, 0.01, 11.5 ],
							"to": [ 6.5, 1.1, 14.5 ],
							"rotationOrigin": [ 5.5, 0.0, 11.5 ],
							"rotationY": 10.0,
							"faces": {
								"north": { "texture": "#iron", "uv": [ 0.0, 3.0, 1.5, 4.0 ] },
								"east": { "texture": "#iron", "uv": [ 1.5, 3.0, 4.5, 4.0 ] },
								"south": { "texture": "#iron", "uv": [ 4.5, 3.0, 6.0, 4.0 ] },
								"west": { "texture": "#iron", "uv": [ 6.0, 3.0, 9.0, 4.0 ] },
								"up": { "texture": "#iron", "uv": [ 0.0, 0.0, 1.5, 3.0 ] },
								"down": { "texture": "#iron", "uv": [ 1.5, 0.0, 3.0, 3.0 ] }
							}
						},
						{
							"name": "Cube26",
							"from": [ 4.9, 0.01, 9.72 ],
							"to": [ 6.1, 1.12, 11.72 ],
							"rotationOrigin": [ 5.5, 0.0, 11.5 ],
							"rotationY": 30.0,
							"faces": {
								"north": { "texture": "#iron", "uv": [ 0.0, 1.5, 1.0, 2.5 ] },
								"east": { "texture": "#iron", "uv": [ 1.0, 1.5, 2.5, 2.5 ] },
								"south": { "texture": "#iron", "uv": [ 2.5, 1.5, 3.5, 2.5 ] },
								"west": { "texture": "#iron", "uv": [ 3.5, 1.5, 5.0, 2.5 ] },
								"up": { "texture": "#iron", "uv": [ 0.0, 0.0, 1.0, 1.5 ] },
								"down": { "texture": "#iron", "uv": [ 1.0, 0.0, 2.0, 1.5 ] }
							}
						},
						{
							"name": "Cube27",
							"from": [ 5.25, 0.01, 13.45 ],
							"to": [ 7.55, 1.12, 16.45 ],
							"rotationOrigin": [ 5.85, 0.0, 13.45 ],
							"rotationY": -67.5,
							"faces": {
								"north": { "texture": "#iron", "uv": [ 0.0, 3.0, 2.0, 4.0 ] },
								"east": { "texture": "#iron", "uv": [ 2.0, 3.0, 5.0, 4.0 ] },
								"south": { "texture": "#iron", "uv": [ 5.0, 3.0, 7.0, 4.0 ] },
								"west": { "texture": "#iron", "uv": [ 7.0, 3.0, 10.0, 4.0 ] },
								"up": { "texture": "#iron", "uv": [ 0.0, 0.0, 2.0, 3.0 ] },
								"down": { "texture": "#iron", "uv": [ 2.0, 0.0, 4.0, 3.0 ] }
							}
						},
						{
							"name": "Cube28",
							"from": [ 3.9, 0.01, 11.75 ],
							"to": [ 4.3, 1.11, 13.5 ],
							"rotationOrigin": [ 4.3, 0.0, 13.5 ],
							"rotationY": 30.0,
							"faces": {
								"north": { "texture": "#iron", "uv": [ 0.0, 1.5, 0.5, 2.5 ] },
								"east": { "texture": "#iron", "uv": [ 0.5, 1.5, 2.0, 2.5 ] },
								"south": { "texture": "#iron", "uv": [ 2.0, 1.5, 2.5, 2.5 ] },
								"west": { "texture": "#iron", "uv": [ 2.5, 1.5, 4.0, 2.5 ] },
								"up": { "texture": "#iron", "uv": [ 0.0, 0.0, 0.5, 1.5 ] },
								"down": { "texture": "#iron", "uv": [ 0.5, 0.0, 1.0, 1.5 ] }
							}
						},
						{
							"name": "Cube29",
							"from": [ 3.03, 0.01, 11.98 ],
							"to": [ 3.43, 1.12, 14.18 ],
							"rotationOrigin": [ 3.43, 0.0, 11.95 ],
							"rotationY": -15.0,
							"faces": {
								"north": { "texture": "#iron", "uv": [ 0.0, 2.0, 0.5, 3.0 ] },
								"east": { "texture": "#iron", "uv": [ 0.5, 2.0, 2.5, 3.0 ] },
								"south": { "texture": "#iron", "uv": [ 2.5, 2.0, 3.0, 3.0 ] },
								"west": { "texture": "#iron", "uv": [ 3.0, 2.0, 5.0, 3.0 ] },
								"up": { "texture": "#iron", "uv": [ 0.0, 0.0, 0.5, 2.0 ] },
								"down": { "texture": "#iron", "uv": [ 0.5, 0.0, 1.0, 2.0 ] }
							}
						},
						{
							"name": "Cube30",
							"from": [ 2.2, 0.01, 14.0 ],
							"to": [ 2.6, 1.11, 16.5 ],
							"rotationOrigin": [ 2.3, 0.0, 13.5 ],
							"rotationY": 30.0,
							"faces": {
								"north": { "texture": "#iron", "uv": [ 0.0, 2.5, 0.5, 3.5 ] },
								"east": { "texture": "#iron", "uv": [ 0.5, 2.5, 3.0, 3.5 ] },
								"south": { "texture": "#iron", "uv": [ 3.0, 2.5, 3.5, 3.5 ] },
								"west": { "texture": "#iron", "uv": [ 3.5, 2.5, 6.0, 3.5 ] },
								"up": { "texture": "#iron", "uv": [ 0.0, 0.0, 0.5, 2.5 ] },
								"down": { "texture": "#iron", "uv": [ 0.5, 0.0, 1.0, 2.5 ] }
							}
						},
						{
							"name": "Cube32",
							"from": [ 6.0, 0.01, 5.4 ],
							"to": [ 8.0, 1.11, 16.4 ],
							"rotationOrigin": [ 6.0, 0.0, 5.4 ],
							"faces": {
								"north": { "texture": "#iron", "uv": [ 0.0, 11.0, 2.0, 12.0 ] },
								"east": { "texture": "#iron", "uv": [ 2.0, 11.0, 13.0, 12.0 ] },
								"south": { "texture": "#iron", "uv": [ 13.0, 11.0, 15.0, 12.0 ] },
								"west": { "texture": "#iron", "uv": [ 15.0, 11.0, 26.0, 12.0 ] },
								"up": { "texture": "#iron", "uv": [ 0.0, 0.0, 2.0, 11.0 ] },
								"down": { "texture": "#iron", "uv": [ 2.0, 0.0, 4.0, 11.0 ] }
							}
						},
						{
							"name": "Cube33",
							"from": [ 3.4, 0.01, 3.5 ],
							"to": [ 4.4, 1.09, 6.0 ],
							"rotationOrigin": [ 3.4, 0.0, 3.5 ],
							"faces": {
								"north": { "texture": "#iron", "uv": [ 0.0, 2.5, 1.0, 3.5 ] },
								"east": { "texture": "#iron", "uv": [ 1.0, 2.5, 3.5, 3.5 ] },
								"south": { "texture": "#iron", "uv": [ 3.5, 2.5, 4.5, 3.5 ] },
								"west": { "texture": "#iron", "uv": [ 4.5, 2.5, 7.0, 3.5 ] },
								"up": { "texture": "#iron", "uv": [ 0.0, 0.0, 1.0, 2.5 ] },
								"down": { "texture": "#iron", "uv": [ 1.0, 0.0, 2.0, 2.5 ] }
							}
						},
						{
							"name": "Cube35",
							"from": [ 3.5, 0.01, 12.05 ],
							"to": [ 3.9, 1.11, 13.45 ],
							"rotationOrigin": [ 4.3, 0.0, 13.5 ],
							"rotationY": 30.0,
							"faces": {
								"north": { "texture": "#iron", "uv": [ 0.0, 1.0, 0.5, 2.0 ] },
								"east": { "texture": "#iron", "uv": [ 0.5, 1.0, 1.5, 2.0 ] },
								"south": { "texture": "#iron", "uv": [ 1.5, 1.0, 2.0, 2.0 ] },
								"west": { "texture": "#iron", "uv": [ 2.0, 1.0, 3.0, 2.0 ] },
								"up": { "texture": "#iron", "uv": [ 0.0, 0.0, 0.5, 1.0 ] },
								"down": { "texture": "#iron", "uv": [ 0.5, 0.0, 1.0, 1.0 ] }
							}
						},
						{
							"name": "Cube36",
							"from": [ 3.1, 0.01, 12.4 ],
							"to": [ 3.5, 1.11, 13.6 ],
							"rotationOrigin": [ 4.3, 0.0, 13.5 ],
							"rotationY": 30.0,
							"faces": {
								"north": { "texture": "#iron", "uv": [ 0.0, 1.0, 0.5, 2.0 ] },
								"east": { "texture": "#iron", "uv": [ 0.5, 1.0, 1.5, 2.0 ] },
								"south": { "texture": "#iron", "uv": [ 1.5, 1.0, 2.0, 2.0 ] },
								"west": { "texture": "#iron", "uv": [ 2.0, 1.0, 3.0, 2.0 ] },
								"up": { "texture": "#iron", "uv": [ 0.0, 0.0, 0.5, 1.0 ] },
								"down": { "texture": "#iron", "uv": [ 0.5, 0.0, 1.0, 1.0 ] }
							}
						},
						{
							"name": "Cube37",
							"from": [ 2.7, 0.01, 12.8 ],
							"to": [ 3.1, 1.11, 13.8 ],
							"rotationOrigin": [ 4.3, 0.0, 13.5 ],
							"rotationY": 30.0,
							"faces": {
								"north": { "texture": "#iron", "uv": [ 0.0, 1.0, 0.5, 2.0 ] },
								"east": { "texture": "#iron", "uv": [ 0.5, 1.0, 1.5, 2.0 ] },
								"south": { "texture": "#iron", "uv": [ 1.5, 1.0, 2.0, 2.0 ] },
								"west": { "texture": "#iron", "uv": [ 2.0, 1.0, 3.0, 2.0 ] },
								"up": { "texture": "#iron", "uv": [ 0.0, 0.0, 0.5, 1.0 ] },
								"down": { "texture": "#iron", "uv": [ 0.5, 0.0, 1.0, 1.0 ] }
							}
						}
					]
				},
				{
					"name": "Cube18",
					"from": [ 7.5, -0.2, 7.5 ],
					"to": [ 8.5, 1.12, 22.9 ],
					"rotationOrigin": [ 8.0, 0.5, 8.0 ],
					"faces": {
						"north": { "texture": "#iron", "uv": [ 0.0, 15.0, 1.0, 16.0 ] },
						"east": { "texture": "#iron", "uv": [ 1.0, 15.0, 16.0, 16.0 ] },
						"south": { "texture": "#iron", "uv": [ 16.0, 15.0, 17.0, 16.0 ] },
						"west": { "texture": "#iron", "uv": [ 17.0, 15.0, 32.0, 16.0 ] },
						"up": { "texture": "#iron", "uv": [ 0.0, 0.0, 1.0, 15.0 ] },
						"down": { "texture": "#iron", "uv": [ 1.0, 0.0, 2.0, 15.0 ] }
					}
				},
				{
					"name": "Cube34",
					"from": [ 7.5, -0.2, -0.6 ],
					"to": [ 8.5, 1.12, 7.5 ],
					"rotationOrigin": [ 8.0, 0.5, 0.0 ],
					"faces": {
						"north": { "texture": "#iron", "uv": [ 0.0, 8.0, 1.0, 9.0 ] },
						"east": { "texture": "#iron", "uv": [ 1.0, 8.0, 9.0, 9.0 ] },
						"south": { "texture": "#iron", "uv": [ 9.0, 8.0, 10.0, 9.0 ] },
						"west": { "texture": "#iron", "uv": [ 10.0, 8.0, 18.0, 9.0 ] },
						"up": { "texture": "#iron", "uv": [ 0.0, 0.0, 1.0, 8.0 ] },
						"down": { "texture": "#iron", "uv": [ 1.0, 0.0, 2.0, 8.0 ] }
					}
				},
				{
					"name": "Cube38",
					"from": [ 0.0, 0.0, 0.0 ],
					"to": [ 0.0, 0.0, 0.0 ],
					"rotationOrigin": [ 8.0, 0.5, 8.0 ],
					"rotationZ": 170.0,
					"faces": {
						"north": { "texture": "#iron", "uv": [ 0.0, 0.5, 0.5, 1.0 ] },
						"east": { "texture": "#iron", "uv": [ 0.5, 0.5, 1.0, 1.0 ] },
						"south": { "texture": "#iron", "uv": [ 1.0, 0.5, 1.5, 1.0 ] },
						"west": { "texture": "#iron", "uv": [ 1.5, 0.5, 2.0, 1.0 ] },
						"up": { "texture": "#iron", "uv": [ 0.0, 0.0, 0.5, 0.5 ] },
						"down": { "texture": "#iron", "uv": [ 0.5, 0.0, 1.0, 0.5 ] }
					},
					"children": [
						{
							"name": "Cube40",
							"from": [ -2.0, -0.05, 15.8 ],
							"to": [ -1.0, 1.05, 28.0 ],
							"rotationOrigin": [ -2.0, 0.0, 16.0 ],
							"rotationY": 55.0,
							"faces": {
								"north": { "texture": "#iron", "uv": [ 0.0, 12.0, 1.0, 13.0 ] },
								"east": { "texture": "#iron", "uv": [ 1.0, 12.0, 13.0, 13.0 ] },
								"south": { "texture": "#iron", "uv": [ 13.0, 12.0, 14.0, 13.0 ] },
								"west": { "texture": "#iron", "uv": [ 14.0, 12.0, 26.0, 13.0 ] },
								"up": { "texture": "#iron", "uv": [ 0.0, 0.0, 1.0, 12.0 ] },
								"down": { "texture": "#iron", "uv": [ 1.0, 0.0, 2.0, 12.0 ] }
							}
						},
						{
							"name": "Cube47",
							"from": [ -1.0, -0.05, 15.15 ],
							"to": [ 0.0, 1.05, 27.15 ],
							"rotationOrigin": [ -2.0, 0.0, 16.0 ],
							"rotationY": 55.0,
							"faces": {
								"north": { "texture": "#iron", "uv": [ 0.0, 12.0, 1.0, 13.0 ] },
								"east": { "texture": "#iron", "uv": [ 1.0, 12.0, 13.0, 13.0 ] },
								"south": { "texture": "#iron", "uv": [ 13.0, 12.0, 14.0, 13.0 ] },
								"west": { "texture": "#iron", "uv": [ 14.0, 12.0, 26.0, 13.0 ] },
								"up": { "texture": "#iron", "uv": [ 0.0, 0.0, 1.0, 12.0 ] },
								"down": { "texture": "#iron", "uv": [ 1.0, 0.0, 2.0, 12.0 ] }
							}
						},
						{
							"name": "Cube48",
							"from": [ -2.15, -0.055, 0.0 ],
							"to": [ -1.55, 1.055, 15.9 ],
							"rotationOrigin": [ -2.0, 0.0, 0.0 ],
							"faces": {
								"north": { "texture": "#iron", "uv": [ 4.5, 9.5, 5.0, 10.5 ] },
								"east": { "texture": "#iron", "uv": [ -1.0, 5.5, 14.5, 6.5 ] },
								"south": { "texture": "#iron", "uv": [ 11.5, 5.5, 12.0, 6.5 ] },
								"west": { "texture": "#iron", "uv": [ 16.5, 5.5, 32.0, 6.5 ] },
								"up": { "texture": "#iron", "uv": [ 4.5, 0.5, 5.0, 16.0 ] },
								"down": { "texture": "#iron", "uv": [ 3.5, 0.5, 4.0, 16.0 ] }
							}
						},
						{
							"name": "Cube49",
							"from": [ -2.15, -0.055, -2.0 ],
							"to": [ 5.85, 1.055, 0.0 ],
							"rotationOrigin": [ -2.0, 0.0, -2.0 ],
							"faces": {
								"north": { "texture": "#iron", "uv": [ 0.0, 2.0, 8.0, 3.0 ] },
								"east": { "texture": "#iron", "uv": [ 8.0, 2.0, 10.0, 3.0 ] },
								"south": { "texture": "#iron", "uv": [ 10.0, 2.0, 18.0, 3.0 ] },
								"west": { "texture": "#iron", "uv": [ 18.0, 2.0, 20.0, 3.0 ] },
								"up": { "texture": "#iron", "uv": [ 0.0, 0.0, 8.0, 2.0 ] },
								"down": { "texture": "#iron", "uv": [ 8.0, 0.0, 16.0, 2.0 ] }
							}
						},
						{
							"name": "Cube50",
							"from": [ 5.85, -0.06, -2.0 ],
							"to": [ 8.65, 1.06, -0.85 ],
							"rotationOrigin": [ 5.85, 0.0, -2.0 ],
							"rotationY": -35.0,
							"faces": {
								"north": { "texture": "#iron", "uv": [ 0.0, 1.0, 2.5, 2.0 ] },
								"east": { "texture": "#iron", "uv": [ 2.5, 1.0, 3.5, 2.0 ] },
								"south": { "texture": "#iron", "uv": [ 3.5, 1.0, 6.0, 2.0 ] },
								"west": { "texture": "#iron", "uv": [ 6.0, 1.0, 7.0, 2.0 ] },
								"up": { "texture": "#iron", "uv": [ 0.0, 0.0, 2.5, 1.0 ] },
								"down": { "texture": "#iron", "uv": [ 2.5, 0.0, 5.0, 1.0 ] }
							}
						},
						{
							"name": "Cube51",
							"from": [ 3.85, -0.06, -1.0 ],
							"to": [ 6.4, 1.06, 0.0 ],
							"rotationOrigin": [ 3.85, 0.0, 0.0 ],
							"rotationY": -70.0,
							"faces": {
								"north": { "texture": "#iron", "uv": [ 0.0, 1.0, 2.5, 2.0 ] },
								"east": { "texture": "#iron", "uv": [ 2.5, 1.0, 3.5, 2.0 ] },
								"south": { "texture": "#iron", "uv": [ 3.5, 1.0, 6.0, 2.0 ] },
								"west": { "texture": "#iron", "uv": [ 6.0, 1.0, 7.0, 2.0 ] },
								"up": { "texture": "#iron", "uv": [ 0.0, 0.0, 2.5, 1.0 ] },
								"down": { "texture": "#iron", "uv": [ 2.5, 0.0, 5.0, 1.0 ] }
							}
						},
						{
							"name": "Cube52",
							"from": [ 4.72, -0.05, -0.6 ],
							"to": [ 8.0, 1.05, 2.4 ],
							"rotationOrigin": [ 4.72, 0.0, 0.2 ],
							"faces": {
								"north": { "texture": "#iron", "uv": [ 0.0, 3.0, 3.0, 4.0 ] },
								"east": { "texture": "#iron", "uv": [ 3.0, 3.0, 6.0, 4.0 ] },
								"south": { "texture": "#iron", "uv": [ 6.0, 3.0, 9.0, 4.0 ] },
								"west": { "texture": "#iron", "uv": [ 9.0, 3.0, 12.0, 4.0 ] },
								"up": { "texture": "#iron", "uv": [ 0.0, 0.0, 3.0, 3.0 ] },
								"down": { "texture": "#iron", "uv": [ 3.0, 0.0, 6.0, 3.0 ] }
							}
						},
						{
							"name": "Cube71",
							"from": [ 0.0, -0.12, 0.0 ],
							"to": [ 0.0, -0.12, 0.0 ],
							"faces": {
								"north": { "texture": "#brown", "uv": [ 0.0, 0.5, 0.5, 1.0 ] },
								"east": { "texture": "#brown", "uv": [ 0.5, 0.5, 1.0, 1.0 ] },
								"south": { "texture": "#brown", "uv": [ 1.0, 0.5, 1.5, 1.0 ] },
								"west": { "texture": "#brown", "uv": [ 1.5, 0.5, 2.0, 1.0 ] },
								"up": { "texture": "#brown", "uv": [ 0.0, 0.0, 0.5, 0.5 ] },
								"down": { "texture": "#brown", "uv": [ 0.5, 0.0, 1.0, 0.5 ] }
							},
							"children": [
								{
									"name": "Cube70",
									"from": [ 2.7, 0.01, 12.8 ],
									"to": [ 3.1, 1.11, 13.8 ],
									"rotationOrigin": [ 4.3, 0.0, 13.5 ],
									"rotationY": 30.0,
									"faces": {
										"north": { "texture": "#iron", "uv": [ 0.0, 1.0, 0.5, 2.0 ] },
										"east": { "texture": "#iron", "uv": [ 0.5, 1.0, 1.5, 2.0 ] },
										"south": { "texture": "#iron", "uv": [ 1.5, 1.0, 2.0, 2.0 ] },
										"west": { "texture": "#iron", "uv": [ 2.0, 1.0, 3.0, 2.0 ] },
										"up": { "texture": "#iron", "uv": [ 0.0, 0.0, 0.5, 1.0 ] },
										"down": { "texture": "#iron", "uv": [ 0.5, 0.0, 1.0, 1.0 ] }
									}
								},
								{
									"name": "Cube69",
									"from": [ 3.1, 0.01, 12.4 ],
									"to": [ 3.5, 1.11, 13.6 ],
									"rotationOrigin": [ 4.3, 0.0, 13.5 ],
									"rotationY": 30.0,
									"faces": {
										"north": { "texture": "#iron", "uv": [ 0.0, 1.0, 0.5, 2.0 ] },
										"east": { "texture": "#iron", "uv": [ 0.5, 1.0, 1.5, 2.0 ] },
										"south": { "texture": "#iron", "uv": [ 1.5, 1.0, 2.0, 2.0 ] },
										"west": { "texture": "#iron", "uv": [ 2.0, 1.0, 3.0, 2.0 ] },
										"up": { "texture": "#iron", "uv": [ 0.0, 0.0, 0.5, 1.0 ] },
										"down": { "texture": "#iron", "uv": [ 0.5, 0.0, 1.0, 1.0 ] }
									}
								},
								{
									"name": "Cube68",
									"from": [ 3.5, 0.01, 12.05 ],
									"to": [ 3.9, 1.11, 13.45 ],
									"rotationOrigin": [ 4.3, 0.0, 13.5 ],
									"rotationY": 30.0,
									"faces": {
										"north": { "texture": "#iron", "uv": [ 0.0, 1.0, 0.5, 2.0 ] },
										"east": { "texture": "#iron", "uv": [ 0.5, 1.0, 1.5, 2.0 ] },
										"south": { "texture": "#iron", "uv": [ 1.5, 1.0, 2.0, 2.0 ] },
										"west": { "texture": "#iron", "uv": [ 2.0, 1.0, 3.0, 2.0 ] },
										"up": { "texture": "#iron", "uv": [ 0.0, 0.0, 0.5, 1.0 ] },
										"down": { "texture": "#iron", "uv": [ 0.5, 0.0, 1.0, 1.0 ] }
									}
								},
								{
									"name": "Cube67",
									"from": [ 3.4, 0.03, 3.5 ],
									"to": [ 4.4, 1.11, 6.0 ],
									"rotationOrigin": [ 3.4, 0.0, 3.5 ],
									"faces": {
										"north": { "texture": "#iron", "uv": [ 0.0, 2.5, 1.0, 3.5 ] },
										"east": { "texture": "#iron", "uv": [ 1.0, 2.5, 3.5, 3.5 ] },
										"south": { "texture": "#iron", "uv": [ 3.5, 2.5, 4.5, 3.5 ] },
										"west": { "texture": "#iron", "uv": [ 4.5, 2.5, 7.0, 3.5 ] },
										"up": { "texture": "#iron", "uv": [ 0.0, 0.0, 1.0, 2.5 ] },
										"down": { "texture": "#iron", "uv": [ 1.0, 0.0, 2.0, 2.5 ] }
									}
								},
								{
									"name": "Cube66",
									"from": [ 6.0, 0.01, 5.4 ],
									"to": [ 8.0, 1.11, 16.4 ],
									"rotationOrigin": [ 6.0, 0.0, 5.4 ],
									"faces": {
										"north": { "texture": "#iron", "uv": [ 0.0, 11.0, 2.0, 12.0 ] },
										"east": { "texture": "#iron", "uv": [ 2.0, 11.0, 13.0, 12.0 ] },
										"south": { "texture": "#iron", "uv": [ 13.0, 11.0, 15.0, 12.0 ] },
										"west": { "texture": "#iron", "uv": [ 15.0, 11.0, 26.0, 12.0 ] },
										"up": { "texture": "#iron", "uv": [ 0.0, 0.0, 2.0, 11.0 ] },
										"down": { "texture": "#iron", "uv": [ 2.0, 0.0, 4.0, 11.0 ] }
									}
								},
								{
									"name": "Cube64",
									"from": [ 2.2, 0.01, 14.0 ],
									"to": [ 2.6, 1.11, 16.5 ],
									"rotationOrigin": [ 2.3, 0.0, 13.5 ],
									"rotationY": 30.0,
									"faces": {
										"north": { "texture": "#iron", "uv": [ 0.0, 2.5, 0.5, 3.5 ] },
										"east": { "texture": "#iron", "uv": [ 0.5, 2.5, 3.0, 3.5 ] },
										"south": { "texture": "#iron", "uv": [ 3.0, 2.5, 3.5, 3.5 ] },
										"west": { "texture": "#iron", "uv": [ 3.5, 2.5, 6.0, 3.5 ] },
										"up": { "texture": "#iron", "uv": [ 0.0, 0.0, 0.5, 2.5 ] },
										"down": { "texture": "#iron", "uv": [ 0.5, 0.0, 1.0, 2.5 ] }
									}
								},
								{
									"name": "Cube63",
									"from": [ 3.03, 0.0, 11.98 ],
									"to": [ 3.43, 1.11, 14.18 ],
									"rotationOrigin": [ 3.43, 0.0, 11.95 ],
									"rotationY": -15.0,
									"faces": {
										"north": { "texture": "#iron", "uv": [ 0.0, 2.0, 0.5, 3.0 ] },
										"east": { "texture": "#iron", "uv": [ 0.5, 2.0, 2.5, 3.0 ] },
										"south": { "texture": "#iron", "uv": [ 2.5, 2.0, 3.0, 3.0 ] },
										"west": { "texture": "#iron", "uv": [ 3.0, 2.0, 5.0, 3.0 ] },
										"up": { "texture": "#iron", "uv": [ 0.0, 0.0, 0.5, 2.0 ] },
										"down": { "texture": "#iron", "uv": [ 0.5, 0.0, 1.0, 2.0 ] }
									}
								},
								{
									"name": "Cube62",
									"from": [ 3.9, 0.01, 11.75 ],
									"to": [ 4.3, 1.11, 13.5 ],
									"rotationOrigin": [ 4.3, 0.0, 13.5 ],
									"rotationY": 30.0,
									"faces": {
										"north": { "texture": "#iron", "uv": [ 0.0, 1.5, 0.5, 2.5 ] },
										"east": { "texture": "#iron", "uv": [ 0.5, 1.5, 2.0, 2.5 ] },
										"south": { "texture": "#iron", "uv": [ 2.0, 1.5, 2.5, 2.5 ] },
										"west": { "texture": "#iron", "uv": [ 2.5, 1.5, 4.0, 2.5 ] },
										"up": { "texture": "#iron", "uv": [ 0.0, 0.0, 0.5, 1.5 ] },
										"down": { "texture": "#iron", "uv": [ 0.5, 0.0, 1.0, 1.5 ] }
									}
								},
								{
									"name": "Cube61",
									"from": [ 5.25, 0.0, 13.45 ],
									"to": [ 7.55, 1.11, 16.45 ],
									"rotationOrigin": [ 5.85, 0.0, 13.45 ],
									"rotationY": -67.5,
									"faces": {
										"north": { "texture": "#iron", "uv": [ 0.0, 3.0, 2.0, 4.0 ] },
										"east": { "texture": "#iron", "uv": [ 2.0, 3.0, 5.0, 4.0 ] },
										"south": { "texture": "#iron", "uv": [ 5.0, 3.0, 7.0, 4.0 ] },
										"west": { "texture": "#iron", "uv": [ 7.0, 3.0, 10.0, 4.0 ] },
										"up": { "texture": "#iron", "uv": [ 0.0, 0.0, 2.0, 3.0 ] },
										"down": { "texture": "#iron", "uv": [ 2.0, 0.0, 4.0, 3.0 ] }
									}
								},
								{
									"name": "Cube60",
									"from": [ 4.9, 0.0, 9.72 ],
									"to": [ 6.1, 1.11, 11.72 ],
									"rotationOrigin": [ 5.5, 0.0, 11.5 ],
									"rotationY": 30.0,
									"faces": {
										"north": { "texture": "#iron", "uv": [ 0.0, 2.0, 1.0, 3.0 ] },
										"east": { "texture": "#iron", "uv": [ 1.0, 2.0, 3.0, 3.0 ] },
										"south": { "texture": "#iron", "uv": [ 3.0, 2.0, 4.0, 3.0 ] },
										"west": { "texture": "#iron", "uv": [ 4.0, 2.0, 6.0, 3.0 ] },
										"up": { "texture": "#iron", "uv": [ 0.0, 0.0, 1.0, 2.0 ] },
										"down": { "texture": "#iron", "uv": [ 1.0, 0.0, 2.0, 2.0 ] }
									}
								},
								{
									"name": "Cube59",
									"from": [ 4.9, 0.02, 11.5 ],
									"to": [ 6.5, 1.11, 14.5 ],
									"rotationOrigin": [ 5.5, 0.0, 11.5 ],
									"rotationY": 10.0,
									"faces": {
										"north": { "texture": "#iron", "uv": [ 0.0, 3.0, 1.5, 4.0 ] },
										"east": { "texture": "#iron", "uv": [ 1.5, 3.0, 4.5, 4.0 ] },
										"south": { "texture": "#iron", "uv": [ 4.5, 3.0, 6.0, 4.0 ] },
										"west": { "texture": "#iron", "uv": [ 6.0, 3.0, 9.0, 4.0 ] },
										"up": { "texture": "#iron", "uv": [ 0.0, 0.0, 1.5, 3.0 ] },
										"down": { "texture": "#iron", "uv": [ 1.5, 0.0, 3.0, 3.0 ] }
									}
								},
								{
									"name": "Cube58",
									"from": [ 4.9, 0.02, 9.0 ],
									"to": [ 7.5, 1.11, 10.78 ],
									"rotationOrigin": [ 5.5, 0.0, 9.0 ],
									"rotationY": -30.0,
									"faces": {
										"north": { "texture": "#iron", "uv": [ 0.0, 1.5, 2.5, 2.5 ] },
										"east": { "texture": "#iron", "uv": [ 2.5, 1.5, 4.0, 2.5 ] },
										"south": { "texture": "#iron", "uv": [ 4.0, 1.5, 6.5, 2.5 ] },
										"west": { "texture": "#iron", "uv": [ 6.5, 1.5, 8.0, 2.5 ] },
										"up": { "texture": "#iron", "uv": [ 0.0, 0.0, 2.5, 1.5 ] },
										"down": { "texture": "#iron", "uv": [ 2.5, 0.0, 5.0, 1.5 ] }
									}
								},
								{
									"name": "Cube57",
									"from": [ 4.9, 0.01, 6.5 ],
									"to": [ 6.0, 1.11, 9.4 ],
									"rotationOrigin": [ 4.9, 0.0, 6.5 ],
									"faces": {
										"north": { "texture": "#iron", "uv": [ 0.0, 2.5, 1.0, 3.5 ] },
										"east": { "texture": "#iron", "uv": [ 1.0, 2.5, 3.5, 3.5 ] },
										"south": { "texture": "#iron", "uv": [ 3.5, 2.5, 4.5, 3.5 ] },
										"west": { "texture": "#iron", "uv": [ 4.5, 2.5, 7.0, 3.5 ] },
										"up": { "texture": "#iron", "uv": [ 0.0, 0.0, 1.0, 2.5 ] },
										"down": { "texture": "#iron", "uv": [ 1.0, 0.0, 2.0, 2.5 ] }
									}
								},
								{
									"name": "Cube56",
									"from": [ 3.5, 0.0, 3.5 ],
									"to": [ 6.15, 1.11, 6.5 ],
									"rotationOrigin": [ 3.5, 0.0, 5.5 ],
									"rotationY": -35.0,
									"faces": {
										"north": { "texture": "#iron", "uv": [ 0.0, 3.0, 2.5, 4.0 ] },
										"east": { "texture": "#iron", "uv": [ 2.5, 3.0, 5.5, 4.0 ] },
										"south": { "texture": "#iron", "uv": [ 5.5, 3.0, 8.0, 4.0 ] },
										"west": { "texture": "#iron", "uv": [ 8.0, 3.0, 11.0, 4.0 ] },
										"up": { "texture": "#iron", "uv": [ 0.0, 0.0, 2.5, 3.0 ] },
										"down": { "texture": "#iron", "uv": [ 2.5, 0.0, 5.0, 3.0 ] }
									}
								},
								{
									"name": "Cube55",
									"from": [ 2.9, 0.01, 2.5 ],
									"to": [ 3.5, 1.11, 6.32 ],
									"rotationOrigin": [ 2.9, 0.0, 2.5 ],
									"faces": {
										"north": { "texture": "#iron", "uv": [ 0.0, 3.5, 0.5, 4.5 ] },
										"east": { "texture": "#iron", "uv": [ 0.5, 3.5, 4.0, 4.5 ] },
										"south": { "texture": "#iron", "uv": [ 4.0, 3.5, 4.5, 4.5 ] },
										"west": { "texture": "#iron", "uv": [ 4.5, 3.5, 8.0, 4.5 ] },
										"up": { "texture": "#iron", "uv": [ 0.0, 0.0, 0.5, 3.5 ] },
										"down": { "texture": "#iron", "uv": [ 0.5, 0.0, 1.0, 3.5 ] }
									}
								},
								{
									"name": "Cube54",
									"from": [ 3.5, 0.02, 2.5 ],
									"to": [ 6.05, 1.11, 3.5 ],
									"rotationOrigin": [ 3.5, 0.0, 2.5 ],
									"rotationY": -35.0,
									"faces": {
										"north": { "texture": "#iron", "uv": [ 0.0, 1.0, 2.5, 2.0 ] },
										"east": { "texture": "#iron", "uv": [ 2.5, 1.0, 3.5, 2.0 ] },
										"south": { "texture": "#iron", "uv": [ 3.5, 1.0, 6.0, 2.0 ] },
										"west": { "texture": "#iron", "uv": [ 6.0, 1.0, 7.0, 2.0 ] },
										"up": { "texture": "#iron", "uv": [ 0.0, 0.0, 2.5, 1.0 ] },
										"down": { "texture": "#iron", "uv": [ 2.5, 0.0, 5.0, 1.0 ] }
									}
								},
								{
									"name": "Cube53",
									"from": [ 4.72, 0.01, 2.4 ],
									"to": [ 8.0, 1.11, 5.4 ],
									"rotationOrigin": [ 4.72, 0.0, 3.2 ],
									"faces": {
										"north": { "texture": "#iron", "uv": [ 0.0, 3.0, 3.0, 4.0 ] },
										"east": { "texture": "#iron", "uv": [ 3.0, 3.0, 6.0, 4.0 ] },
										"south": { "texture": "#iron", "uv": [ 6.0, 3.0, 9.0, 4.0 ] },
										"west": { "texture": "#iron", "uv": [ 9.0, 3.0, 12.0, 4.0 ] },
										"up": { "texture": "#iron", "uv": [ 0.0, 0.0, 3.0, 3.0 ] },
										"down": { "texture": "#iron", "uv": [ 3.0, 0.0, 6.0, 3.0 ] }
									}
								}
							]
						}
					]
				}
			]
		}
	]}