{
	"editor": {
		"collapsedPaths": "Root/origin/handle,Root/Spear/Head/Blade/Cube5,Root/origin/Large gear 2,Root/Spear/Head/Cube10,Root/origin/Large gear 1,Root/origin/segment end",
		"allAngles": false,
		"entityTextureMode": false
	},
	"textureWidth": 16,
	"textureHeight": 16,
	"textureSizes": {
		"iron": [32,16],
		"wood": [32,16],
		"gold": [32,16]
	},
	"textures": {
		"iron": "game:item/tool/material/iron",
		"wood": "game:item/tool/material/wood"
	},
	"elements": [
		{
			"name": "Spear",
			"from": [ 2.8, 0.0, 8.0 ],
			"to": [ 2.8, 0.0, 8.0 ],
			"rotationOrigin": [ 2.8, 0.0, 8.0 ],
			"faces": {
				"north": { "texture": "#iron", "uv": [ 0.0, 0.0, 0.5, 0.5 ] },
				"east": { "texture": "#iron", "uv": [ 0.0, 0.0, 0.5, 0.5 ] },
				"south": { "texture": "#iron", "uv": [ 0.0, 0.0, 0.5, 0.5 ] },
				"west": { "texture": "#iron", "uv": [ 0.0, 0.0, 0.5, 0.5 ] },
				"up": { "texture": "#iron", "uv": [ 0.0, 0.0, 0.5, 0.5 ] },
				"down": { "texture": "#iron", "uv": [ 0.0, 0.0, 0.5, 0.5 ] }
			},
			"children": [
				{
					"name": "Shaft",
					"from": [ 0.0, 0.0, 0.0 ],
					"to": [ 0.0, 0.0, 0.0 ],
					"faces": {
						"north": { "texture": "#wood", "uv": [ 0.0, 0.0, 0.5, 0.5 ] },
						"east": { "texture": "#wood", "uv": [ 0.0, 0.0, 0.5, 0.5 ] },
						"south": { "texture": "#wood", "uv": [ 0.0, 0.0, 0.5, 0.5 ] },
						"west": { "texture": "#wood", "uv": [ 0.0, 0.0, 0.5, 0.5 ] },
						"up": { "texture": "#wood", "uv": [ 0.0, 0.0, 0.5, 0.5 ] },
						"down": { "texture": "#wood", "uv": [ 0.0, 0.0, 0.5, 0.5 ] }
					},
					"children": [
						{
							"name": "handle_1",
							"from": [ -8.0, -0.5, -0.5 ],
							"to": [ 6.0, 1.0, 1.0 ],
							"rotationOrigin": [ -9.5, -8.0, 0.0 ],
							"faces": {
								"north": { "texture": "#wood", "uv": [ 0.0, 5.5, 14.0, 7.0 ] },
								"east": { "texture": "#wood", "uv": [ 7.0, 0.5, 8.5, 2.0 ] },
								"south": { "texture": "#wood", "uv": [ 0.0, 10.5, 14.0, 12.0 ] },
								"west": { "texture": "#wood", "uv": [ 14.0, 10.0, 15.5, 11.5 ] },
								"up": { "texture": "#wood", "uv": [ 0.0, 4.5, 14.0, 6.0 ] },
								"down": { "texture": "#wood", "uv": [ 0.0, 5.0, 14.0, 6.5 ] }
							}
						},
						{
							"name": "handle_2",
							"from": [ -24.0, -0.5, -0.5 ],
							"to": [ -8.0, 1.0, 1.0 ],
							"rotationOrigin": [ -25.5, -8.0, 0.0 ],
							"faces": {
								"north": { "texture": "#wood", "uv": [ 0.0, 5.5, 16.0, 7.0 ] },
								"east": { "texture": "#wood", "uv": [ 0.5, 0.5, 2.0, 2.0 ] },
								"south": { "texture": "#wood", "uv": [ 0.0, 10.5, 16.0, 12.0 ] },
								"west": { "texture": "#wood", "uv": [ 14.0, 10.0, 15.5, 11.5 ] },
								"up": { "texture": "#wood", "uv": [ 0.0, 4.5, 16.0, 6.0 ] },
								"down": { "texture": "#wood", "uv": [ 0.0, 5.0, 16.0, 6.5 ] }
							}
						},
						{
							"name": "handle_3",
							"from": [ -40.0, -0.5, -0.5 ],
							"to": [ -24.0, 1.0, 1.0 ],
							"rotationOrigin": [ -40.5, 0.0, 0.0 ],
							"faces": {
								"north": { "texture": "#wood", "uv": [ 0.0, 7.5, 16.0, 9.0 ] },
								"east": { "texture": "#wood", "uv": [ 0.0, 3.5, 1.5, 5.0 ] },
								"south": { "texture": "#wood", "uv": [ 0.0, 9.0, 16.0, 10.5 ] },
								"west": { "texture": "#wood", "uv": [ 13.5, 3.5, 15.0, 5.0 ] },
								"up": { "texture": "#wood", "uv": [ 0.0, 4.5, 16.0, 6.0 ] },
								"down": { "texture": "#wood", "uv": [ 0.0, 13.5, 16.0, 15.0 ] }
							}
						},
						{
							"name": "handle_0",
							"from": [ 8.0, -0.5, -0.5 ],
							"to": [ 10.0, 1.0, 1.0 ],
							"rotationOrigin": [ 8.0, -0.5, -0.5 ],
							"faces": {
								"north": { "texture": "#wood", "uv": [ 12.0, 10.5, 14.0, 12.0 ] },
								"east": { "texture": "#wood", "uv": [ 10.0, 9.0, 11.5, 10.5 ] },
								"south": { "texture": "#wood", "uv": [ 11.5, 11.5, 13.5, 13.0 ] },
								"west": { "texture": "#wood", "uv": [ 0.0, 0.0, 1.5, 1.5 ] },
								"up": { "texture": "#wood", "uv": [ 0.0, 7.5, 2.0, 9.0 ] },
								"down": { "texture": "#wood", "uv": [ 0.0, 0.0, 2.0, 1.5 ] }
							}
						},
						{
							"name": "handle_4",
							"from": [ -56.0, -0.5, -0.5 ],
							"to": [ -40.0, 1.0, 1.0 ],
							"rotationOrigin": [ -57.5, -8.0, 0.0 ],
							"faces": {
								"north": { "texture": "#wood", "uv": [ 0.0, 5.5, 16.0, 7.0 ] },
								"east": { "texture": "#wood", "uv": [ 0.5, 0.5, 2.0, 2.0 ] },
								"south": { "texture": "#wood", "uv": [ 0.0, 10.5, 16.0, 12.0 ] },
								"west": { "texture": "#wood", "uv": [ 14.0, 10.0, 15.5, 11.5 ] },
								"up": { "texture": "#wood", "uv": [ 0.0, 4.5, 16.0, 6.0 ] },
								"down": { "texture": "#wood", "uv": [ 0.0, 5.0, 16.0, 6.5 ] }
							}
						},
						{
							"name": "handle_5",
							"from": [ -72.0, -0.5, -0.5 ],
							"to": [ -56.0, 1.0, 1.0 ],
							"rotationOrigin": [ -72.5, 0.0, 0.0 ],
							"faces": {
								"north": { "texture": "#wood", "uv": [ 0.0, 7.5, 16.0, 9.0 ] },
								"east": { "texture": "#wood", "uv": [ 0.0, 3.5, 1.5, 5.0 ] },
								"south": { "texture": "#wood", "uv": [ 0.0, 9.0, 16.0, 10.5 ] },
								"west": { "texture": "#wood", "uv": [ 13.5, 3.5, 15.0, 5.0 ] },
								"up": { "texture": "#wood", "uv": [ 0.0, 4.5, 16.0, 6.0 ] },
								"down": { "texture": "#wood", "uv": [ 0.0, 13.5, 16.0, 15.0 ] }
							}
						}
					]
				},
				{
					"name": "Head",
					"from": [ 0.0, 0.0, 0.0 ],
					"to": [ 0.0, 0.0, 0.0 ],
					"rotationOrigin": [ 10.5, -0.55, 0.25 ],
					"faces": {
						"north": { "texture": "#iron", "uv": [ 0.0, 0.0, 0.5, 0.5 ] },
						"east": { "texture": "#iron", "uv": [ 0.0, 0.0, 0.5, 0.5 ] },
						"south": { "texture": "#iron", "uv": [ 0.0, 0.0, 0.5, 0.5 ] },
						"west": { "texture": "#iron", "uv": [ 0.0, 0.0, 0.5, 0.5 ] },
						"up": { "texture": "#iron", "uv": [ 0.0, 0.0, 0.5, 0.5 ] },
						"down": { "texture": "#iron", "uv": [ 0.0, 0.0, 0.5, 0.5 ] }
					},
					"children": [
						{
							"name": "Cube3",
							"from": [ 7.0, -1.8, -0.1 ],
							"to": [ 7.7, 2.2, 0.6 ],
							"rotationOrigin": [ 7.0, 0.0, 0.0 ],
							"faces": {
								"north": { "texture": "#iron", "uv": [ 6.5, 6.0, 7.0, 10.0 ] },
								"east": { "texture": "#iron", "uv": [ 0.0, 5.0, 0.5, 9.0 ] },
								"south": { "texture": "#iron", "uv": [ 5.5, 6.0, 6.0, 10.0 ] },
								"west": { "texture": "#iron", "uv": [ 0.0, 0.0, 0.5, 4.0 ] },
								"up": { "texture": "#iron", "uv": [ 6.5, 5.0, 7.0, 5.5 ] },
								"down": { "texture": "#iron", "uv": [ 6.0, 6.0, 6.5, 6.5 ] }
							}
						},
						{
							"name": "Cube4",
							"from": [ 9.0, -1.8, -0.1 ],
							"to": [ 9.7, 2.2, 0.6 ],
							"rotationOrigin": [ 9.0, 0.0, 0.0 ],
							"faces": {
								"north": { "texture": "#iron", "uv": [ 6.5, 6.0, 7.0, 10.0 ] },
								"east": { "texture": "#iron", "uv": [ 0.0, 5.0, 0.5, 9.0 ] },
								"south": { "texture": "#iron", "uv": [ 5.5, 6.0, 6.0, 10.0 ] },
								"west": { "texture": "#iron", "uv": [ 0.0, 0.0, 0.5, 4.0 ] },
								"up": { "texture": "#iron", "uv": [ 6.5, 5.0, 7.0, 5.5 ] },
								"down": { "texture": "#iron", "uv": [ 6.0, 6.0, 6.5, 6.5 ] }
							}
						},
						{
							"name": "Cube5",
							"from": [ 11.0, -0.1, -0.15 ],
							"to": [ 24.0, 0.6, 0.65 ],
							"rotationOrigin": [ 11.0, 0.0, 0.0 ],
							"faces": {
								"north": { "texture": "#iron", "uv": [ 1.5, 6.0, 14.5, 6.5 ] },
								"east": { "texture": "#iron", "uv": [ 0.0, 5.0, 0.5, 5.5 ] },
								"south": { "texture": "#iron", "uv": [ 1.0, 1.5, 1.5, 14.5 ], "rotation": 90 },
								"west": { "texture": "#iron", "uv": [ 0.0, 0.0, 0.5, 0.5 ] },
								"up": { "texture": "#iron", "uv": [ 0.5, 6.0, 13.5, 6.5 ] },
								"down": { "texture": "#iron", "uv": [ 0.5, 6.0, 13.5, 6.5 ] }
							}
						},
						{
							"name": "Cube9",
							"from": [ 0.0, 0.0, 0.0 ],
							"to": [ 0.0, 0.0, 0.0 ],
							"faces": {
								"north": { "texture": "#iron", "uv": [ 0.0, 0.0, 0.5, 0.5 ] },
								"east": { "texture": "#iron", "uv": [ 0.0, 0.0, 0.5, 0.5 ] },
								"south": { "texture": "#iron", "uv": [ 0.0, 0.0, 0.5, 0.5 ] },
								"west": { "texture": "#iron", "uv": [ 0.0, 0.0, 0.5, 0.5 ] },
								"up": { "texture": "#iron", "uv": [ 0.0, 0.0, 0.5, 0.5 ] },
								"down": { "texture": "#iron", "uv": [ 0.0, 0.0, 0.5, 0.5 ] }
							},
							"children": [
								{
									"name": "Cube8",
									"from": [ 10.75, 1.95, -0.1 ],
									"to": [ 13.25, 2.45, 0.6 ],
									"rotationOrigin": [ 13.25, 2.45, 0.0 ],
									"rotationZ": 45.0,
									"faces": {
										"north": { "texture": "#iron", "uv": [ 6.5, 6.0, 9.0, 6.5 ] },
										"east": { "texture": "#iron", "uv": [ 0.0, 5.0, 0.5, 5.5 ] },
										"south": { "texture": "#iron", "uv": [ 5.5, 6.0, 8.0, 6.5 ] },
										"west": { "texture": "#iron", "uv": [ 0.0, 0.0, 0.5, 0.5 ] },
										"up": { "texture": "#iron", "uv": [ 6.5, 5.0, 9.0, 5.5 ] },
										"down": { "texture": "#iron", "uv": [ 6.0, 6.0, 8.5, 6.5 ] }
									}
								},
								{
									"name": "Cube7",
									"from": [ 11.75, 1.95, -0.1 ],
									"to": [ 13.25, 2.45, 0.6 ],
									"rotationOrigin": [ 12.0, 2.6, 0.0 ],
									"faces": {
										"north": { "texture": "#iron", "uv": [ 6.5, 6.0, 8.0, 6.5 ] },
										"east": { "texture": "#iron", "uv": [ 0.0, 5.0, 0.5, 5.5 ] },
										"south": { "texture": "#iron", "uv": [ 5.5, 6.0, 7.0, 6.5 ] },
										"west": { "texture": "#iron", "uv": [ 0.0, 0.0, 0.5, 0.5 ] },
										"up": { "texture": "#iron", "uv": [ 6.5, 5.0, 8.0, 5.5 ] },
										"down": { "texture": "#iron", "uv": [ 6.0, 6.0, 7.5, 6.5 ] }
									}
								},
								{
									"name": "Cube6",
									"from": [ 11.0, -0.6, -0.1 ],
									"to": [ 13.0, 0.6, 0.6 ],
									"rotationOrigin": [ 11.0, 0.6, 0.0 ],
									"rotationZ": 67.5,
									"faces": {
										"north": { "texture": "#iron", "uv": [ 6.5, 6.0, 8.5, 7.0 ] },
										"east": { "texture": "#iron", "uv": [ 0.0, 5.0, 0.5, 6.0 ] },
										"south": { "texture": "#iron", "uv": [ 5.5, 6.0, 7.5, 7.0 ] },
										"west": { "texture": "#iron", "uv": [ 0.0, 0.0, 0.5, 1.0 ] },
										"up": { "texture": "#iron", "uv": [ 6.5, 5.0, 8.5, 5.5 ] },
										"down": { "texture": "#iron", "uv": [ 6.0, 6.0, 8.0, 6.5 ] }
									}
								}
							]
						},
						{
							"name": "Cube10",
							"from": [ 0.0, -0.5, 1.5 ],
							"to": [ 0.0, -0.5, 1.5 ],
							"rotationOrigin": [ 0.0, 0.0, 1.0 ],
							"rotationX": -180.0,
							"faces": {
								"north": { "texture": "#iron", "uv": [ 0.0, 0.0, 0.5, 0.5 ] },
								"east": { "texture": "#iron", "uv": [ 0.0, 0.0, 0.5, 0.5 ] },
								"south": { "texture": "#iron", "uv": [ 0.0, 0.0, 0.5, 0.5 ] },
								"west": { "texture": "#iron", "uv": [ 0.0, 0.0, 0.5, 0.5 ] },
								"up": { "texture": "#iron", "uv": [ 0.0, 0.0, 0.5, 0.5 ] },
								"down": { "texture": "#iron", "uv": [ 0.0, 0.0, 0.5, 0.5 ] }
							},
							"children": [
								{
									"name": "Cube11",
									"from": [ 10.75, 1.95, -0.1 ],
									"to": [ 13.25, 2.45, 0.6 ],
									"rotationOrigin": [ 13.25, 2.45, 0.0 ],
									"rotationZ": 45.0,
									"faces": {
										"north": { "texture": "#iron", "uv": [ 6.5, 6.0, 9.0, 6.5 ] },
										"east": { "texture": "#iron", "uv": [ 0.0, 5.0, 0.5, 5.5 ] },
										"south": { "texture": "#iron", "uv": [ 5.5, 6.0, 8.0, 6.5 ] },
										"west": { "texture": "#iron", "uv": [ 0.0, 0.0, 0.5, 0.5 ] },
										"up": { "texture": "#iron", "uv": [ 6.5, 5.0, 9.0, 5.5 ] },
										"down": { "texture": "#iron", "uv": [ 6.0, 6.0, 8.5, 6.5 ] }
									}
								},
								{
									"name": "Cube12",
									"from": [ 11.75, 1.95, -0.1 ],
									"to": [ 13.25, 2.45, 0.6 ],
									"rotationOrigin": [ 12.0, 2.6, 0.0 ],
									"faces": {
										"north": { "texture": "#iron", "uv": [ 6.5, 6.0, 8.0, 6.5 ] },
										"east": { "texture": "#iron", "uv": [ 0.0, 5.0, 0.5, 5.5 ] },
										"south": { "texture": "#iron", "uv": [ 5.5, 6.0, 7.0, 6.5 ] },
										"west": { "texture": "#iron", "uv": [ 0.0, 0.0, 0.5, 0.5 ] },
										"up": { "texture": "#iron", "uv": [ 6.5, 5.0, 8.0, 5.5 ] },
										"down": { "texture": "#iron", "uv": [ 6.0, 6.0, 7.5, 6.5 ] }
									}
								},
								{
									"name": "Cube13",
									"from": [ 11.0, -0.6, -0.1 ],
									"to": [ 13.0, 0.6, 0.6 ],
									"rotationOrigin": [ 11.0, 0.6, 0.0 ],
									"rotationZ": 67.5,
									"faces": {
										"north": { "texture": "#iron", "uv": [ 6.5, 6.0, 8.5, 7.0 ] },
										"east": { "texture": "#iron", "uv": [ 0.0, 5.0, 0.5, 6.0 ] },
										"south": { "texture": "#iron", "uv": [ 5.5, 6.0, 7.5, 7.0 ] },
										"west": { "texture": "#iron", "uv": [ 0.0, 0.0, 0.5, 1.0 ] },
										"up": { "texture": "#iron", "uv": [ 6.5, 5.0, 8.5, 5.5 ] },
										"down": { "texture": "#iron", "uv": [ 6.0, 6.0, 8.0, 6.5 ] }
									}
								}
							]
						},
						{
							"name": "Cube14",
							"from": [ 15.0, -0.1, -0.1 ],
							"to": [ 24.0, 0.6, 0.6 ],
							"rotationOrigin": [ 24.0, 0.6, 0.0 ],
							"rotationZ": -12.0,
							"faces": {
								"north": { "texture": "#iron", "uv": [ 17.0, 3.0, 26.0, 3.5 ] },
								"east": { "texture": "#iron", "uv": [ 0.0, 5.0, 0.5, 5.5 ] },
								"south": { "texture": "#iron", "uv": [ 5.5, 6.0, 14.5, 6.5 ] },
								"west": { "texture": "#iron", "uv": [ 0.0, 0.0, 0.5, 0.5 ] },
								"up": { "texture": "#iron", "uv": [ 6.5, 5.0, 15.5, 5.5 ] },
								"down": { "texture": "#iron", "uv": [ 6.0, 6.0, 15.0, 6.5 ] }
							}
						},
						{
							"name": "Cube15",
							"from": [ 15.0, -0.1, -0.1 ],
							"to": [ 24.0, 0.6, 0.6 ],
							"rotationOrigin": [ 24.0, -0.1, 0.0 ],
							"rotationZ": 12.0,
							"faces": {
								"north": { "texture": "#iron", "uv": [ 2.0, 6.0, 11.0, 6.5 ] },
								"east": { "texture": "#iron", "uv": [ 0.0, 5.0, 0.5, 5.5 ] },
								"south": { "texture": "#iron", "uv": [ 18.0, 8.0, 27.0, 8.5 ] },
								"west": { "texture": "#iron", "uv": [ 0.0, 0.0, 0.5, 0.5 ] },
								"up": { "texture": "#iron", "uv": [ 3.0, 6.0, 12.0, 6.5 ] },
								"down": { "texture": "#iron", "uv": [ 2.0, 6.5, 11.0, 7.0 ] }
							}
						},
						{
							"name": "Cube16",
							"from": [ 15.0, 0.6, -0.1 ],
							"to": [ 21.0, 1.3, 0.6 ],
							"rotationOrigin": [ 24.0, -0.1, 0.0 ],
							"rotationZ": 12.0,
							"faces": {
								"north": { "texture": "#iron", "uv": [ 2.5, 7.5, 8.5, 8.0 ] },
								"east": { "texture": "#iron", "uv": [ 0.0, 5.0, 0.5, 5.5 ] },
								"south": { "texture": "#iron", "uv": [ 5.5, 6.0, 11.5, 6.5 ] },
								"west": { "texture": "#iron", "uv": [ 0.0, 0.0, 0.5, 0.5 ] },
								"up": { "texture": "#iron", "uv": [ 6.5, 5.0, 12.5, 5.5 ] },
								"down": { "texture": "#iron", "uv": [ 6.0, 6.0, 12.0, 6.5 ] }
							}
						},
						{
							"name": "Cube17",
							"from": [ 15.0, -0.8, -0.1 ],
							"to": [ 21.0, -0.1, 0.6 ],
							"rotationOrigin": [ 24.0, 0.6, 0.0 ],
							"rotationZ": -12.0,
							"faces": {
								"north": { "texture": "#iron", "uv": [ 6.5, 6.0, 12.5, 6.5 ] },
								"east": { "texture": "#iron", "uv": [ 0.0, 5.0, 0.5, 5.5 ] },
								"south": { "texture": "#iron", "uv": [ 1.0, 6.5, 7.0, 7.0 ] },
								"west": { "texture": "#iron", "uv": [ 0.0, 0.0, 0.5, 0.5 ] },
								"up": { "texture": "#iron", "uv": [ 6.5, 5.0, 12.5, 5.5 ] },
								"down": { "texture": "#iron", "uv": [ 6.0, 6.0, 12.0, 6.5 ] }
							}
						},
						{
							"name": "Cube18",
							"from": [ 15.5, -0.6, -0.05 ],
							"to": [ 17.5, 1.1, 0.55 ],
							"rotationOrigin": [ 15.5, 0.0, 0.0 ],
							"faces": {
								"north": { "texture": "#iron", "uv": [ 6.5, 6.0, 8.5, 7.5 ] },
								"east": { "texture": "#iron", "uv": [ 0.0, 5.0, 0.5, 6.5 ] },
								"south": { "texture": "#iron", "uv": [ 5.5, 6.0, 7.5, 7.5 ] },
								"west": { "texture": "#iron", "uv": [ 0.0, 0.0, 0.5, 1.5 ] },
								"up": { "texture": "#iron", "uv": [ 6.5, 5.0, 8.5, 5.5 ] },
								"down": { "texture": "#iron", "uv": [ 6.0, 6.0, 8.0, 6.5 ] }
							}
						}
					]
				},
				{
					"name": "Cube2",
					"from": [ 6.0, -0.55, -0.55 ],
					"to": [ 11.0, 1.05, 1.05 ],
					"rotationOrigin": [ 6.0, 0.0, 0.0 ],
					"faces": {
						"north": { "texture": "#iron", "uv": [ 6.5, 6.0, 11.5, 7.5 ] },
						"east": { "texture": "#iron", "uv": [ 0.0, 5.0, 1.5, 6.5 ] },
						"south": { "texture": "#iron", "uv": [ 5.5, 6.0, 10.5, 7.5 ] },
						"west": { "texture": "#iron", "uv": [ 0.0, 0.0, 1.5, 1.5 ] },
						"up": { "texture": "#iron", "uv": [ 6.5, 5.0, 11.5, 6.5 ] },
						"down": { "texture": "#iron", "uv": [ 6.0, 6.0, 11.0, 7.5 ] }
					}
				}
			]
		}
	]}