{
	"editor": {
		"collapsedPaths": "",
		"allAngles": false,
		"entityTextureMode": false
	},
	"textureWidth": 16,
	"textureHeight": 16,
	"textureSizes": {
		"iron": [32,16],
		"gold": [32,16],
		"oak": [16,16]
	},
	"textures": {
		"oak": "game:block/wood/bark/quad/debarked/oak",
		"gold": "game:item/tool/material/gold",
		"iron": "game:item/tool/material/iron"
	},
	"elements": [
		{
			"name": "Cube2",
			"from": [ 8.0, 0.0, 8.0 ],
			"to": [ 8.0, 0.0, 8.0 ],
			"rotationOrigin": [ 8.0, 0.0, 8.0 ],
			"faces": {
				"north": { "texture": "#null", "uv": [ 0.0, 0.0, 0.5, 0.5 ] },
				"east": { "texture": "#null", "uv": [ 0.0, 0.0, 0.5, 0.5 ] },
				"south": { "texture": "#null", "uv": [ 0.0, 0.0, 0.5, 0.5 ] },
				"west": { "texture": "#null", "uv": [ 0.0, 0.0, 0.5, 0.5 ] },
				"up": { "texture": "#null", "uv": [ 0.0, 0.0, 0.5, 0.5 ] },
				"down": { "texture": "#null", "uv": [ 0.0, 0.0, 0.5, 0.5 ] }
			},
			"children": [
				{
					"name": "Cube3",
					"from": [ 0.0, -0.7, -0.7 ],
					"to": [ 0.0, -0.7, -0.7 ],
					"rotationOrigin": [ 0.0, -0.7, -0.7 ],
					"faces": {
						"north": { "texture": "#oak", "uv": [ 0.0, 0.0, 0.5, 0.5 ] },
						"east": { "texture": "#oak", "uv": [ 0.0, 0.0, 0.5, 0.5 ] },
						"south": { "texture": "#oak", "uv": [ 0.0, 0.0, 0.5, 0.5 ] },
						"west": { "texture": "#oak", "uv": [ 0.0, 0.0, 0.5, 0.5 ] },
						"up": { "texture": "#oak", "uv": [ 0.0, 0.0, 0.5, 0.5 ] },
						"down": { "texture": "#oak", "uv": [ 0.0, 0.0, 0.5, 0.5 ] }
					},
					"children": [
						{
							"name": "Cube4",
							"from": [ -7.0, 0.0, 0.0 ],
							"to": [ 9.0, 1.5, 1.5 ],
							"rotationOrigin": [ -7.0, 0.0, 0.0 ],
							"faces": {
								"north": { "texture": "#oak", "uv": [ 5.5, 0.0, 7.0, 16.0 ], "rotation": 90, "windMode": [-1,-1,-1,-1] },
								"east": { "texture": "#oak", "uv": [ 21.0, 3.5, 22.5, 5.0 ], "windMode": [-1,-1,-1,-1] },
								"south": { "texture": "#oak", "uv": [ 2.0, 0.0, 3.5, 16.0 ], "rotation": 90, "windMode": [-1,-1,-1,-1] },
								"west": { "texture": "#oak", "uv": [ 12.0, 5.0, 13.5, 6.5 ] },
								"up": { "texture": "#oak", "uv": [ 2.5, 0.0, 4.0, 16.0 ], "rotation": 90, "windMode": [-1,-1,-1,-1] },
								"down": { "texture": "#oak", "uv": [ 2.0, 0.0, 3.5, 16.0 ], "rotation": 90 }
							}
						},
						{
							"name": "Cube5",
							"from": [ 9.0, 0.0, 0.0 ],
							"to": [ 25.0, 1.5, 1.5 ],
							"rotationOrigin": [ 9.0, 0.0, 0.0 ],
							"faces": {
								"north": { "texture": "#oak", "uv": [ 6.0, 0.0, 7.5, 16.0 ], "rotation": 90 },
								"east": { "texture": "#oak", "uv": [ 4.5, 4.0, 6.0, 5.5 ] },
								"south": { "texture": "#oak", "uv": [ 2.5, 0.0, 4.0, 16.0 ], "rotation": 90 },
								"west": { "texture": "#oak", "uv": [ 4.5, 4.5, 6.0, 6.0 ] },
								"up": { "texture": "#oak", "uv": [ 2.5, 0.0, 4.0, 16.0 ], "rotation": 90 },
								"down": { "texture": "#oak", "uv": [ 2.0, 0.0, 3.5, 16.0 ], "rotation": 90 }
							}
						},
						{
							"name": "Cube6",
							"from": [ 25.0, 0.0, 0.0 ],
							"to": [ 41.0, 1.5, 1.5 ],
							"rotationOrigin": [ 25.0, 0.0, 0.0 ],
							"faces": {
								"north": { "texture": "#oak", "uv": [ 5.5, 0.0, 7.0, 16.0 ], "rotation": 90 },
								"east": { "texture": "#oak", "uv": [ 4.5, 4.0, 6.0, 5.5 ] },
								"south": { "texture": "#oak", "uv": [ 2.0, 0.0, 3.5, 16.0 ], "rotation": 90 },
								"west": { "texture": "#oak", "uv": [ 3.5, 2.5, 5.0, 4.0 ] },
								"up": { "texture": "#oak", "uv": [ 5.5, 0.0, 7.0, 16.0 ], "rotation": 90 },
								"down": { "texture": "#oak", "uv": [ 2.0, 0.0, 3.5, 16.0 ], "rotation": 90 }
							}
						}
					]
				},
				{
					"name": "Cube7",
					"from": [ -9.0, 0.0, 0.0 ],
					"to": [ -9.0, 0.0, 0.0 ],
					"rotationOrigin": [ -9.0, 0.0, 0.0 ],
					"faces": {
						"north": { "texture": "#iron", "uv": [ 0.0, 0.0, 0.5, 0.5 ] },
						"east": { "texture": "#iron", "uv": [ 0.0, 0.0, 0.5, 0.5 ] },
						"south": { "texture": "#iron", "uv": [ 0.0, 0.0, 0.5, 0.5 ] },
						"west": { "texture": "#iron", "uv": [ 0.0, 0.0, 0.5, 0.5 ] },
						"up": { "texture": "#iron", "uv": [ 0.0, 0.0, 0.5, 0.5 ] },
						"down": { "texture": "#iron", "uv": [ 0.0, 0.0, 0.5, 0.5 ] }
					},
					"children": [
						{
							"name": "Cube8",
							"from": [ 1.0, -0.8, -0.8 ],
							"to": [ 2.2, 0.9, 0.9 ],
							"rotationOrigin": [ 1.6, 0.0, 0.0 ],
							"faces": {
								"north": { "texture": "#iron", "uv": [ 0.0, 0.0, 1.0, 1.5 ] },
								"east": { "texture": "#iron", "uv": [ 0.0, 0.0, 1.5, 1.5 ] },
								"south": { "texture": "#iron", "uv": [ 0.0, 0.0, 1.0, 1.5 ] },
								"west": { "texture": "#iron", "uv": [ 0.0, 0.0, 1.5, 1.5 ] },
								"up": { "texture": "#iron", "uv": [ 0.0, 0.0, 1.0, 1.5 ] },
								"down": { "texture": "#iron", "uv": [ 0.0, 0.0, 1.0, 1.5 ] }
							}
						},
						{
							"name": "Cube9",
							"from": [ -1.3, -1.2, -2.2 ],
							"to": [ 1.3, 1.2, 2.2 ],
							"rotationOrigin": [ -1.0, 0.0, 0.0 ],
							"faces": {
								"north": { "texture": "#iron", "uv": [ 0.0, 0.0, 2.5, 2.0 ] },
								"east": { "texture": "#iron", "uv": [ 0.0, 0.0, 4.0, 2.0 ] },
								"south": { "texture": "#iron", "uv": [ 0.0, 0.0, 2.5, 2.0 ] },
								"west": { "texture": "#iron", "uv": [ 0.0, 0.0, 4.0, 2.0 ] },
								"up": { "texture": "#iron", "uv": [ 0.0, 0.0, 2.5, 4.0 ] },
								"down": { "texture": "#iron", "uv": [ 0.0, 0.0, 2.5, 4.0 ] }
							}
						},
						{
							"name": "Cube10",
							"from": [ -1.4, -1.3, -0.7 ],
							"to": [ 1.6, 1.3, 0.7 ],
							"rotationOrigin": [ -2.0, -1.0, 0.0 ],
							"faces": {
								"north": { "texture": "#gold", "uv": [ 0.0, 0.0, 3.0, 2.5 ] },
								"east": { "texture": "#gold", "uv": [ 0.0, 0.0, 1.0, 2.5 ] },
								"south": { "texture": "#gold", "uv": [ 0.0, 0.0, 3.0, 2.5 ] },
								"west": { "texture": "#gold", "uv": [ 0.0, 0.0, 1.0, 2.5 ] },
								"up": { "texture": "#gold", "uv": [ 0.0, 0.0, 3.0, 1.0 ] },
								"down": { "texture": "#gold", "uv": [ 0.0, 0.0, 3.0, 1.0 ] }
							}
						},
						{
							"name": "Cube11",
							"from": [ -0.4, -1.4, -0.4 ],
							"to": [ 0.3, 1.4, 0.3 ],
							"rotationOrigin": [ 0.0, 0.0, 0.0 ],
							"rotationY": 45.0,
							"faces": {
								"north": { "texture": "#iron", "uv": [ 0.0, 0.0, 0.5, 2.5 ] },
								"east": { "texture": "#iron", "uv": [ 0.0, 0.0, 0.5, 2.5 ] },
								"south": { "texture": "#iron", "uv": [ 0.0, 0.0, 0.5, 2.5 ] },
								"west": { "texture": "#iron", "uv": [ 0.0, 0.0, 0.5, 2.5 ] },
								"up": { "texture": "#iron", "uv": [ 0.0, 0.0, 0.5, 0.5 ] },
								"down": { "texture": "#iron", "uv": [ 0.0, 0.0, 0.5, 0.5 ] }
							}
						}
					]
				},
				{
					"name": "Cube12",
					"from": [ 40.0, 0.0, 0.0 ],
					"to": [ 40.0, 0.0, 0.0 ],
					"rotationOrigin": [ 40.0, 0.0, 0.0 ],
					"faces": {
						"north": { "texture": "#iron", "uv": [ 0.0, 0.0, 0.5, 0.5 ] },
						"east": { "texture": "#iron", "uv": [ 0.0, 0.0, 0.5, 0.5 ] },
						"south": { "texture": "#iron", "uv": [ 0.0, 0.0, 0.5, 0.5 ] },
						"west": { "texture": "#iron", "uv": [ 0.0, 0.0, 0.5, 0.5 ] },
						"up": { "texture": "#iron", "uv": [ 0.0, 0.0, 0.5, 0.5 ] },
						"down": { "texture": "#iron", "uv": [ 0.0, 0.0, 0.5, 0.5 ] }
					},
					"children": [
						{
							"name": "Cube13",
							"from": [ -0.2, -1.0, -1.0 ],
							"to": [ 2.2, 1.0, 1.0 ],
							"faces": {
								"north": { "texture": "#iron", "uv": [ 2.5, 5.5, 4.5, 7.5 ] },
								"east": { "texture": "#iron", "uv": [ 9.5, 4.5, 11.5, 6.5 ] },
								"south": { "texture": "#iron", "uv": [ 2.0, 6.5, 4.0, 8.5 ] },
								"west": { "texture": "#iron", "uv": [ 10.0, 5.0, 12.0, 7.0 ] },
								"up": { "texture": "#iron", "uv": [ 8.0, 6.5, 10.0, 8.5 ] },
								"down": { "texture": "#iron", "uv": [ 2.0, 6.0, 4.0, 8.0 ] }
							}
						},
						{
							"name": "Cube14",
							"from": [ 0.0, -1.2, -0.7 ],
							"to": [ 2.4, 1.2, 0.7 ],
							"rotationOrigin": [ 0.0, -1.0, 0.0 ],
							"faces": {
								"north": { "texture": "#gold", "uv": [ 0.0, 0.0, 2.0, 2.0 ] },
								"east": { "texture": "#gold", "uv": [ 0.0, 0.0, 1.0, 2.0 ] },
								"south": { "texture": "#gold", "uv": [ 0.0, 0.0, 2.0, 2.0 ] },
								"west": { "texture": "#gold", "uv": [ 0.0, 0.0, 1.0, 2.0 ] },
								"up": { "texture": "#gold", "uv": [ 0.0, 0.0, 2.0, 1.0 ] },
								"down": { "texture": "#gold", "uv": [ 0.0, 0.0, 2.0, 1.0 ] }
							}
						},
						{
							"name": "Cube15",
							"from": [ 0.7, -1.3, -0.4 ],
							"to": [ 1.4, 1.3, 0.3 ],
							"rotationOrigin": [ 1.0, 0.0, 0.0 ],
							"rotationY": 45.0,
							"faces": {
								"north": { "texture": "#iron", "uv": [ 0.0, 0.0, 0.5, 2.5 ] },
								"east": { "texture": "#iron", "uv": [ 0.0, 0.0, 0.5, 2.5 ] },
								"south": { "texture": "#iron", "uv": [ 0.0, 0.0, 0.5, 2.5 ] },
								"west": { "texture": "#iron", "uv": [ 0.0, 0.0, 0.5, 2.5 ] },
								"up": { "texture": "#iron", "uv": [ 0.0, 0.0, 0.5, 0.5 ] },
								"down": { "texture": "#iron", "uv": [ 0.0, 0.0, 0.5, 0.5 ] }
							}
						},
						{
							"name": "Cube16",
							"from": [ 2.2, -2.5, -3.0 ],
							"to": [ 8.2, 2.5, 3.0 ],
							"rotationOrigin": [ 2.2, 0.0, 0.0 ],
							"faces": {
								"north": { "texture": "#iron", "uv": [ 5.0, 5.0, 11.0, 10.0 ] },
								"east": { "texture": "#iron", "uv": [ 0.5, 4.5, 6.5, 9.5 ] },
								"south": { "texture": "#iron", "uv": [ 7.0, 4.5, 13.0, 9.5 ] },
								"west": { "texture": "#iron", "uv": [ 23.0, 4.5, 29.0, 9.5 ] },
								"up": { "texture": "#iron", "uv": [ 5.0, 4.5, 11.0, 10.5 ] },
								"down": { "texture": "#iron", "uv": [ 21.0, 2.5, 27.0, 8.5 ] }
							}
						},
						{
							"name": "Cube17",
							"from": [ 1.7, -3.5, 2.7 ],
							"to": [ 8.7, 3.5, 6.7 ],
							"rotationOrigin": [ 1.2, 0.0, 0.0 ],
							"faces": {
								"north": { "texture": "#iron", "uv": [ 16.5, 2.0, 23.5, 9.0 ] },
								"east": { "texture": "#iron", "uv": [ 6.5, 2.5, 10.5, 9.5 ] },
								"south": { "texture": "#iron", "uv": [ 3.5, 3.0, 10.5, 10.0 ] },
								"west": { "texture": "#iron", "uv": [ 6.5, 3.0, 10.5, 10.0 ] },
								"up": { "texture": "#iron", "uv": [ 3.5, 3.5, 10.5, 7.5 ] },
								"down": { "texture": "#iron", "uv": [ 19.0, 5.0, 26.0, 9.0 ] }
							}
						},
						{
							"name": "Cube18",
							"from": [ 1.7, -3.5, -6.7 ],
							"to": [ 8.7, 3.5, -2.7 ],
							"rotationOrigin": [ 1.2, 0.0, 0.0 ],
							"faces": {
								"north": { "texture": "#iron", "uv": [ 16.0, 2.0, 23.0, 9.0 ] },
								"east": { "texture": "#iron", "uv": [ 16.5, 1.5, 20.5, 8.5 ] },
								"south": { "texture": "#iron", "uv": [ 3.5, 2.0, 10.5, 9.0 ] },
								"west": { "texture": "#iron", "uv": [ 0.0, 6.0, 4.0, 13.0 ] },
								"up": { "texture": "#iron", "uv": [ 3.0, 4.0, 10.0, 8.0 ] },
								"down": { "texture": "#iron", "uv": [ 8.0, 2.5, 15.0, 6.5 ] }
							}
						},
						{
							"name": "Cube19",
							"from": [ 2.0, -2.7, -0.7 ],
							"to": [ 8.4, 2.7, 0.7 ],
							"rotationOrigin": [ 0.0, -1.0, 0.0 ],
							"faces": {
								"north": { "texture": "#gold", "uv": [ 0.0, 0.0, 6.0, 5.0 ] },
								"east": { "texture": "#gold", "uv": [ 0.0, 0.0, 1.0, 5.0 ] },
								"south": { "texture": "#gold", "uv": [ 0.0, 0.0, 6.0, 5.0 ] },
								"west": { "texture": "#gold", "uv": [ 0.0, 0.0, 1.0, 5.0 ] },
								"up": { "texture": "#gold", "uv": [ 0.0, 0.0, 6.0, 1.0 ] },
								"down": { "texture": "#gold", "uv": [ 0.0, 0.0, 6.0, 1.0 ] }
							}
						},
						{
							"name": "Cube20",
							"from": [ 4.7, -2.8, -0.4 ],
							"to": [ 5.4, 2.8, 0.3 ],
							"rotationOrigin": [ 5.0, 0.0, 0.0 ],
							"rotationY": -45.0,
							"faces": {
								"north": { "texture": "#iron", "uv": [ 0.0, 0.0, 0.5, 5.5 ] },
								"east": { "texture": "#iron", "uv": [ 0.0, 0.0, 0.5, 5.5 ] },
								"south": { "texture": "#iron", "uv": [ 0.0, 0.0, 0.5, 5.5 ] },
								"west": { "texture": "#iron", "uv": [ 0.0, 0.0, 0.5, 5.5 ] },
								"up": { "texture": "#iron", "uv": [ 0.0, 0.0, 0.5, 0.5 ] },
								"down": { "texture": "#iron", "uv": [ 0.0, 0.0, 0.5, 0.5 ] }
							}
						}
					]
				}
			]
		}
	]}