{
	"editor": {
		"collapsedPaths": "",
		"allAngles": false,
		"entityTextureMode": false
	},
	"textureWidth": 16,
	"textureHeight": 16,
	"textureSizes": {
		"iron": [32,16],
		"gold": [32,16],
		"oak": [16,16]
	},
	"textures": {
		"oak": "game:block/wood/bark/quad/debarked/oak",
		"iron": "game:item/tool/material/iron"
	},
	"elements": [
		{
			"name": "Cube2",
			"from": [ 2.0, 0.0, 3.0 ],
			"to": [ 2.0, 0.0, 3.0 ],
			"rotationOrigin": [ 2.0, 0.0, 3.0 ],
			"rotationY": -22.5,
			"faces": {
				"north": { "texture": "#null", "uv": [ 0.0, 0.5, 0.5, 1.0 ] },
				"east": { "texture": "#null", "uv": [ 0.5, 0.5, 1.0, 1.0 ] },
				"south": { "texture": "#null", "uv": [ 1.0, 0.5, 1.5, 1.0 ] },
				"west": { "texture": "#null", "uv": [ 1.5, 0.5, 2.0, 1.0 ] },
				"up": { "texture": "#null", "uv": [ 0.0, 0.0, 0.5, 0.5 ] },
				"down": { "texture": "#null", "uv": [ 0.5, 0.0, 1.0, 0.5 ] }
			},
			"children": [
				{
					"name": "Cube3",
					"from": [ 0.0, -0.7, -0.7 ],
					"to": [ 0.0, -0.7, -0.7 ],
					"rotationOrigin": [ 0.0, -0.7, -0.7 ],
					"faces": {
						"north": { "texture": "#oak", "uv": [ 0.0, 0.0, 0.5, 0.5 ] },
						"east": { "texture": "#oak", "uv": [ 0.0, 0.0, 0.5, 0.5 ] },
						"south": { "texture": "#oak", "uv": [ 0.0, 0.0, 0.5, 0.5 ] },
						"west": { "texture": "#oak", "uv": [ 0.0, 0.0, 0.5, 0.5 ] },
						"up": { "texture": "#oak", "uv": [ 0.0, 0.0, 0.5, 0.5 ] },
						"down": { "texture": "#oak", "uv": [ 0.0, 0.0, 0.5, 0.5 ] }
					},
					"children": [
						{
							"name": "Cube9",
							"from": [ 10.0, 0.0, 0.0 ],
							"to": [ 12.5, 1.5, 1.5 ],
							"rotationOrigin": [ 10.0, 0.0, 0.0 ],
							"faces": {
								"north": { "texture": "#iron", "uv": [ 10.0, 10.5, 11.5, 13.0 ], "rotation": 90 },
								"east": { "texture": "#iron", "uv": [ 8.5, 8.0, 10.0, 9.5 ] },
								"south": { "texture": "#iron", "uv": [ 3.5, 8.5, 5.0, 11.0 ], "rotation": 90 },
								"west": { "texture": "#iron", "uv": [ 9.5, 6.0, 11.0, 7.5 ] },
								"up": { "texture": "#iron", "uv": [ 16.5, 12.0, 18.0, 14.5 ], "rotation": 90 },
								"down": { "texture": "#iron", "uv": [ 10.0, 9.5, 11.5, 12.0 ], "rotation": 90 }
							}
						},
						{
							"name": "Cube6",
							"from": [ 3.0, 0.0, 0.0 ],
							"to": [ 7.0, 1.5, 1.5 ],
							"rotationOrigin": [ 3.0, 0.0, 0.0 ],
							"faces": {
								"north": { "texture": "#iron", "uv": [ 2.0, 2.0, 3.5, 6.0 ], "rotation": 90 },
								"east": { "texture": "#iron", "uv": [ 3.5, 2.0, 5.0, 3.5 ] },
								"south": { "texture": "#iron", "uv": [ 5.0, 2.0, 6.5, 6.0 ], "rotation": 90 },
								"west": { "texture": "#iron", "uv": [ 6.5, 2.0, 8.0, 3.5 ] },
								"up": { "texture": "#iron", "uv": [ 2.0, 0.0, 3.5, 4.0 ], "rotation": 90 },
								"down": { "texture": "#iron", "uv": [ 3.5, 0.0, 5.0, 4.0 ], "rotation": 90 }
							}
						},
						{
							"name": "Cube8",
							"from": [ 3.5, 0.25, 1.5 ],
							"to": [ 6.5, 1.25, 2.5 ],
							"rotationOrigin": [ 3.0, 0.0, 2.0 ],
							"faces": {
								"north": { "texture": "#iron", "uv": [ 2.0, 2.0, 3.0, 5.0 ], "rotation": 90 },
								"east": { "texture": "#iron", "uv": [ 3.5, 2.0, 4.5, 3.0 ] },
								"south": { "texture": "#iron", "uv": [ 5.0, 2.0, 6.0, 5.0 ], "rotation": 90 },
								"west": { "texture": "#iron", "uv": [ 6.5, 2.0, 7.5, 3.0 ] },
								"up": { "texture": "#iron", "uv": [ 2.0, 0.0, 3.0, 3.0 ], "rotation": 90 },
								"down": { "texture": "#iron", "uv": [ 3.5, 0.0, 4.5, 3.0 ], "rotation": 90 }
							}
						},
						{
							"name": "Cube11",
							"from": [ 10.5, 0.25, 1.5 ],
							"to": [ 12.5, 1.25, 2.5 ],
							"rotationOrigin": [ 10.0, 0.0, 2.0 ],
							"faces": {
								"north": { "texture": "#iron", "uv": [ 2.0, 2.0, 3.0, 4.0 ], "rotation": 90 },
								"east": { "texture": "#iron", "uv": [ 3.5, 2.0, 4.5, 3.0 ] },
								"south": { "texture": "#iron", "uv": [ 5.0, 2.0, 6.0, 4.0 ], "rotation": 90 },
								"west": { "texture": "#iron", "uv": [ 6.5, 2.0, 7.5, 3.0 ] },
								"up": { "texture": "#iron", "uv": [ 5.0, 5.5, 6.0, 7.5 ], "rotation": 90 },
								"down": { "texture": "#iron", "uv": [ 6.5, 5.0, 7.5, 7.0 ], "rotation": 90 }
							}
						}
					]
				},
				{
					"name": "Cube12",
					"from": [ 1.0, 0.0, 0.0 ],
					"to": [ 1.0, 0.0, 0.0 ],
					"rotationOrigin": [ 1.0, 0.0, 0.0 ],
					"faces": {
						"north": { "texture": "#iron", "uv": [ 0.0, 0.5, 0.5, 1.0 ] },
						"east": { "texture": "#iron", "uv": [ 0.5, 0.5, 1.0, 1.0 ] },
						"south": { "texture": "#iron", "uv": [ 1.0, 0.5, 1.5, 1.0 ] },
						"west": { "texture": "#iron", "uv": [ 1.5, 0.5, 2.0, 1.0 ] },
						"up": { "texture": "#iron", "uv": [ 0.0, 0.0, 0.5, 0.5 ] },
						"down": { "texture": "#iron", "uv": [ 0.5, 0.0, 1.0, 0.5 ] }
					},
					"children": [
						{
							"name": "Cube13",
							"from": [ -0.5, -0.2, 1.8 ],
							"to": [ 9.5, 0.3, 3.55 ],
							"rotationOrigin": [ -1.0, -0.7, 2.3 ],
							"faces": {
								"north": { "texture": "#iron", "uv": [ 1.5, 0.0, 2.0, 10.0 ], "rotation": 90 },
								"east": { "texture": "#iron", "uv": [ 3.5, 2.0, 5.0, 2.5 ] },
								"south": { "texture": "#iron", "uv": [ 5.0, 0.0, 5.5, 10.0 ], "rotation": 90 },
								"west": { "texture": "#iron", "uv": [ 6.5, 2.0, 8.0, 2.5 ] },
								"up": { "texture": "#iron", "uv": [ 0.0, 5.0, 10.0, 6.5 ] },
								"down": { "texture": "#iron", "uv": [ 0.5, 5.0, 10.5, 6.5 ], "rotation": 180 }
							}
						},
						{
							"name": "Cube14",
							"from": [ 9.5, -0.19, 0.8 ],
							"to": [ 13.5, 0.29, 3.3 ],
							"rotationOrigin": [ 7.5, -0.7, 0.8 ],
							"rotationY": -7.5,
							"faces": {
								"north": { "texture": "#iron", "uv": [ 2.0, 2.0, 2.5, 6.0 ], "rotation": 90 },
								"east": { "texture": "#iron", "uv": [ 3.5, 2.0, 6.0, 2.5 ] },
								"south": { "texture": "#iron", "uv": [ 5.0, 2.0, 5.5, 6.0 ], "rotation": 90 },
								"west": { "texture": "#iron", "uv": [ 6.5, 2.0, 9.0, 2.5 ] },
								"up": { "texture": "#iron", "uv": [ 6.5, 2.5, 9.0, 6.5 ], "rotation": 90 },
								"down": { "texture": "#iron", "uv": [ 7.0, 3.0, 9.5, 7.0 ], "rotation": 90 }
							}
						},
						{
							"name": "Cube17",
							"from": [ -1.5, -0.2, 1.8 ],
							"to": [ -0.5, 0.3, 3.55 ],
							"rotationOrigin": [ -2.0, -0.7, 2.3 ],
							"faces": {
								"north": { "texture": "#iron", "uv": [ 2.0, 2.0, 2.5, 3.0 ], "rotation": 90 },
								"east": { "texture": "#iron", "uv": [ 3.5, 2.0, 5.0, 2.5 ] },
								"south": { "texture": "#iron", "uv": [ 5.0, 2.0, 5.5, 3.0 ], "rotation": 90 },
								"west": { "texture": "#iron", "uv": [ 9.0, 6.5, 10.5, 7.0 ] },
								"up": { "texture": "#iron", "uv": [ 8.0, 5.0, 9.5, 6.0 ], "rotation": 90 },
								"down": { "texture": "#iron", "uv": [ 8.5, 5.5, 10.0, 6.5 ], "rotation": 90 }
							},
							"children": [
								{
									"name": "Cube16",
									"from": [ 0.0, 0.01, 0.2 ],
									"to": [ 1.1, 0.49, 2.2 ],
									"rotationOrigin": [ 1.0, -0.5, 0.2 ],
									"rotationY": -35.0,
									"faces": {
										"north": { "texture": "#iron", "uv": [ 8.0, 4.5, 8.5, 5.5 ], "rotation": 90 },
										"east": { "texture": "#iron", "uv": [ 8.5, 6.0, 10.5, 6.5 ] },
										"south": { "texture": "#iron", "uv": [ 8.5, 6.5, 9.0, 7.5 ], "rotation": 90 },
										"west": { "texture": "#iron", "uv": [ 10.5, 7.0, 12.5, 7.5 ] },
										"up": { "texture": "#iron", "uv": [ 8.0, 5.5, 10.0, 6.5 ], "rotation": 90 },
										"down": { "texture": "#iron", "uv": [ 8.0, 4.5, 10.0, 5.5 ], "rotation": 90 }
									}
								},
								{
									"name": "Cube21",
									"from": [ 0.0, 0.135, 2.2 ],
									"to": [ 0.5, 0.315, 4.8 ],
									"rotationOrigin": [ 1.0, -0.5, 2.5 ],
									"rotationY": -75.0,
									"faces": {
										"north": { "texture": "#iron", "uv": [ 2.0, 2.0, 2.5, 2.5 ], "rotation": 90 },
										"east": { "texture": "#iron", "uv": [ 3.5, 2.0, 6.0, 2.5 ] },
										"south": { "texture": "#iron", "uv": [ 5.0, 2.0, 5.5, 2.5 ], "rotation": 90 },
										"west": { "texture": "#iron", "uv": [ 6.5, 2.0, 9.0, 2.5 ] },
										"up": { "texture": "#iron", "uv": [ 6.0, 6.5, 8.5, 7.0 ], "rotation": 90 },
										"down": { "texture": "#iron", "uv": [ 8.5, 6.0, 11.0, 6.5 ], "rotation": 90 }
									}
								},
								{
									"name": "Cube20",
									"from": [ 0.0, 0.115, 2.2 ],
									"to": [ 0.5, 0.335, 4.37 ],
									"rotationOrigin": [ 1.0, -0.5, 0.2 ],
									"rotationY": -35.0,
									"faces": {
										"north": { "texture": "#iron", "uv": [ 2.0, 2.0, 2.5, 2.5 ], "rotation": 90 },
										"east": { "texture": "#iron", "uv": [ 3.5, 2.0, 5.5, 2.5 ] },
										"south": { "texture": "#iron", "uv": [ 5.0, 2.0, 5.5, 2.5 ], "rotation": 90 },
										"west": { "texture": "#iron", "uv": [ 6.5, 2.0, 8.5, 2.5 ] },
										"up": { "texture": "#iron", "uv": [ 8.0, 6.0, 10.0, 6.5 ], "rotation": 90 },
										"down": { "texture": "#iron", "uv": [ 8.5, 5.0, 10.5, 5.5 ], "rotation": 90 }
									}
								},
								{
									"name": "Cube19",
									"from": [ 0.5, 0.125, 2.3 ],
									"to": [ 1.0, 0.325, 5.5 ],
									"rotationOrigin": [ 1.0, -0.5, 2.5 ],
									"rotationY": -75.0,
									"faces": {
										"north": { "texture": "#iron", "uv": [ 2.0, 2.0, 2.5, 2.5 ], "rotation": 90 },
										"east": { "texture": "#iron", "uv": [ 3.5, 2.0, 6.5, 2.5 ] },
										"south": { "texture": "#iron", "uv": [ 5.0, 2.0, 5.5, 2.5 ], "rotation": 90 },
										"west": { "texture": "#iron", "uv": [ 8.5, 5.5, 11.5, 6.0 ] },
										"up": { "texture": "#iron", "uv": [ 8.5, 5.5, 11.5, 6.0 ], "rotation": 90 },
										"down": { "texture": "#iron", "uv": [ 7.0, 7.0, 10.0, 7.5 ], "rotation": 90 }
									}
								},
								{
									"name": "Cube22",
									"from": [ -0.5, 0.135, 2.2 ],
									"to": [ 0.0, 0.315, 4.2 ],
									"rotationOrigin": [ 1.0, -0.5, 2.5 ],
									"rotationY": -75.0,
									"faces": {
										"north": { "texture": "#iron", "uv": [ 2.0, 2.0, 2.5, 2.5 ], "rotation": 90 },
										"east": { "texture": "#iron", "uv": [ 3.5, 2.0, 5.5, 2.5 ] },
										"south": { "texture": "#iron", "uv": [ 5.0, 2.0, 5.5, 2.5 ], "rotation": 90 },
										"west": { "texture": "#iron", "uv": [ 6.5, 2.0, 8.5, 2.5 ] },
										"up": { "texture": "#iron", "uv": [ 9.5, 6.0, 11.5, 6.5 ], "rotation": 90 },
										"down": { "texture": "#iron", "uv": [ 6.5, 5.5, 8.5, 6.0 ], "rotation": 90 }
									}
								}
							]
						},
						{
							"name": "Cube18",
							"from": [ -0.5, -0.075, 2.8 ],
							"to": [ 8.0, 0.125, 4.3 ],
							"rotationOrigin": [ -1.0, -0.7, 3.3 ],
							"faces": {
								"north": { "texture": "#iron", "uv": [ 1.5, 0.0, 2.0, 8.5 ], "rotation": 90 },
								"east": { "texture": "#iron", "uv": [ 3.5, 2.0, 5.0, 2.5 ] },
								"south": { "texture": "#iron", "uv": [ 5.0, 0.0, 5.5, 8.5 ], "rotation": 90 },
								"west": { "texture": "#iron", "uv": [ 6.5, 2.0, 8.0, 2.5 ] },
								"up": { "texture": "#iron", "uv": [ 1.0, 5.0, 9.5, 6.5 ] },
								"down": { "texture": "#iron", "uv": [ 0.0, 4.0, 8.5, 5.5 ], "rotation": 180 }
							}
						},
						{
							"name": "Cube23",
							"from": [ 7.5, -0.065, 2.7 ],
							"to": [ 10.5, 0.115, 4.3 ],
							"rotationOrigin": [ 7.5, -0.7, 4.3 ],
							"rotationY": -20.0,
							"faces": {
								"north": { "texture": "#iron", "uv": [ 1.5, 0.0, 2.0, 3.0 ], "rotation": 90 },
								"east": { "texture": "#iron", "uv": [ 3.5, 2.0, 5.0, 2.5 ] },
								"south": { "texture": "#iron", "uv": [ 5.0, 0.0, 5.5, 3.0 ], "rotation": 90 },
								"west": { "texture": "#iron", "uv": [ 6.5, 2.0, 8.0, 2.5 ] },
								"up": { "texture": "#iron", "uv": [ 7.5, 5.5, 9.0, 8.5 ], "rotation": 90 },
								"down": { "texture": "#iron", "uv": [ 7.0, 4.5, 8.5, 7.5 ], "rotation": 90 }
							}
						},
						{
							"name": "Cube24",
							"from": [ 10.3, -0.075, 3.62 ],
							"to": [ 14.3, 0.125, 5.32 ],
							"rotationOrigin": [ 9.5, -0.7, 5.3 ],
							"faces": {
								"north": { "texture": "#iron", "uv": [ 1.5, 0.0, 2.0, 4.0 ], "rotation": 90 },
								"east": { "texture": "#iron", "uv": [ 3.5, 2.0, 5.0, 2.5 ] },
								"south": { "texture": "#iron", "uv": [ 5.0, 0.0, 5.5, 4.0 ], "rotation": 90 },
								"west": { "texture": "#iron", "uv": [ 6.5, 2.0, 8.0, 2.5 ] },
								"up": { "texture": "#iron", "uv": [ 7.0, 4.0, 8.5, 8.0 ], "rotation": 90 },
								"down": { "texture": "#iron", "uv": [ 6.0, 5.5, 7.5, 9.5 ], "rotation": 90 }
							}
						},
						{
							"name": "Cube25",
							"from": [ 14.5, -0.065, 4.33 ],
							"to": [ 19.2, 0.115, 6.08 ],
							"rotationOrigin": [ 13.2, -0.7, 6.0 ],
							"rotationY": 35.0,
							"faces": {
								"north": { "texture": "#iron", "uv": [ 1.5, 0.0, 2.0, 4.5 ], "rotation": 90 },
								"east": { "texture": "#iron", "uv": [ 3.5, 2.0, 5.0, 2.5 ] },
								"south": { "texture": "#iron", "uv": [ 5.0, 0.0, 5.5, 4.5 ], "rotation": 90 },
								"west": { "texture": "#iron", "uv": [ 6.5, 2.0, 8.0, 2.5 ] },
								"up": { "texture": "#iron", "uv": [ 7.0, 4.0, 8.5, 8.5 ], "rotation": 90 },
								"down": { "texture": "#iron", "uv": [ 6.5, 4.5, 8.0, 9.0 ], "rotation": 90 }
							}
						},
						{
							"name": "Cube26",
							"from": [ 14.2, -0.2, 2.0 ],
							"to": [ 19.2, 0.3, 4.34 ],
							"rotationOrigin": [ 13.2, -0.7, 6.0 ],
							"rotationY": 35.0,
							"faces": {
								"north": { "texture": "#iron", "uv": [ 1.5, 0.0, 2.0, 5.0 ], "rotation": 90 },
								"east": { "texture": "#iron", "uv": [ 3.5, 2.0, 5.5, 2.5 ] },
								"south": { "texture": "#iron", "uv": [ 5.0, 0.0, 5.5, 5.0 ], "rotation": 90 },
								"west": { "texture": "#iron", "uv": [ 6.5, 2.0, 8.5, 2.5 ] },
								"up": { "texture": "#iron", "uv": [ 6.5, 3.5, 8.5, 8.5 ], "rotation": 90 },
								"down": { "texture": "#iron", "uv": [ 6.5, 3.5, 8.5, 8.5 ], "rotation": 90 }
							}
						}
					]
				}
			]
		}
	]}