{
	"editor": {
		"collapsedPaths": "Root/origin/handle,Root/Spear/Head/Blade/Cube5,Root/origin/Large gear 2,Root/origin/Large gear 1,Root/origin/segment end",
		"allAngles": false,
		"entityTextureMode": false
	},
	"textureWidth": 16,
	"textureHeight": 16,
	"textureSizes": {
		"iron": [32,16],
		"wood": [32,16],
		"gold": [32,16]
	},
	"textures": {
		"iron": "/Users/th350/AppData/Roaming/Vintagestory/assets/survival/textures/item/tool/material/iron",
		"wood": "/Users/th350/AppData/Roaming/Vintagestory/assets/survival/textures/item/tool/material/wood"
	},
	"elements": [
		{
			"name": "Spear",
			"from": [ 2.8, 0.0, 8.0 ],
			"to": [ 2.8, 0.0, 8.0 ],
			"rotationOrigin": [ 2.8, 0.0, 8.0 ],
			"faces": {
				"north": { "texture": "#iron", "uv": [ 0.0, 0.0, 0.5, 0.5 ] },
				"east": { "texture": "#iron", "uv": [ 0.0, 0.0, 0.5, 0.5 ] },
				"south": { "texture": "#iron", "uv": [ 0.0, 0.0, 0.5, 0.5 ] },
				"west": { "texture": "#iron", "uv": [ 0.0, 0.0, 0.5, 0.5 ] },
				"up": { "texture": "#iron", "uv": [ 0.0, 0.0, 0.5, 0.5 ] },
				"down": { "texture": "#iron", "uv": [ 0.0, 0.0, 0.5, 0.5 ] }
			},
			"children": [
				{
					"name": "Shaft",
					"from": [ 0.0, 0.0, 0.0 ],
					"to": [ 0.0, 0.0, 0.0 ],
					"faces": {
						"north": { "texture": "#wood", "uv": [ 0.0, 0.0, 0.5, 0.5 ] },
						"east": { "texture": "#wood", "uv": [ 0.0, 0.0, 0.5, 0.5 ] },
						"south": { "texture": "#wood", "uv": [ 0.0, 0.0, 0.5, 0.5 ] },
						"west": { "texture": "#wood", "uv": [ 0.0, 0.0, 0.5, 0.5 ] },
						"up": { "texture": "#wood", "uv": [ 0.0, 0.0, 0.5, 0.5 ] },
						"down": { "texture": "#wood", "uv": [ 0.0, 0.0, 0.5, 0.5 ] }
					},
					"children": [
						{
							"name": "handle_1",
							"from": [ -8.0, -0.5, -0.5 ],
							"to": [ 8.0, 1.0, 1.0 ],
							"rotationOrigin": [ -9.5, -8.0, 0.0 ],
							"faces": {
								"north": { "texture": "#wood", "uv": [ 0.0, 5.5, 16.0, 7.0 ] },
								"east": { "texture": "#wood", "uv": [ 7.0, 0.5, 8.5, 2.0 ] },
								"south": { "texture": "#wood", "uv": [ 0.0, 10.5, 16.0, 12.0 ] },
								"west": { "texture": "#wood", "uv": [ 14.0, 10.0, 15.5, 11.5 ] },
								"up": { "texture": "#wood", "uv": [ 0.0, 4.5, 16.0, 6.0 ] },
								"down": { "texture": "#wood", "uv": [ 0.0, 5.0, 16.0, 6.5 ] }
							}
						},
						{
							"name": "handle_2",
							"from": [ -24.0, -0.5, -0.5 ],
							"to": [ -8.0, 1.0, 1.0 ],
							"rotationOrigin": [ -25.5, -8.0, 0.0 ],
							"faces": {
								"north": { "texture": "#wood", "uv": [ 0.0, 5.5, 16.0, 7.0 ] },
								"east": { "texture": "#wood", "uv": [ 0.5, 0.5, 2.0, 2.0 ] },
								"south": { "texture": "#wood", "uv": [ 0.0, 10.5, 16.0, 12.0 ] },
								"west": { "texture": "#wood", "uv": [ 14.0, 10.0, 15.5, 11.5 ] },
								"up": { "texture": "#wood", "uv": [ 0.0, 4.5, 16.0, 6.0 ] },
								"down": { "texture": "#wood", "uv": [ 0.0, 5.0, 16.0, 6.5 ] }
							}
						},
						{
							"name": "handle_3",
							"from": [ -40.0, -0.5, -0.5 ],
							"to": [ -24.0, 1.0, 1.0 ],
							"rotationOrigin": [ -40.5, 0.0, 0.0 ],
							"faces": {
								"north": { "texture": "#wood", "uv": [ 0.0, 7.5, 16.0, 9.0 ] },
								"east": { "texture": "#wood", "uv": [ 0.0, 3.5, 1.5, 5.0 ] },
								"south": { "texture": "#wood", "uv": [ 0.0, 9.0, 16.0, 10.5 ] },
								"west": { "texture": "#wood", "uv": [ 13.5, 3.5, 15.0, 5.0 ] },
								"up": { "texture": "#wood", "uv": [ 0.0, 4.5, 16.0, 6.0 ] },
								"down": { "texture": "#wood", "uv": [ 0.0, 13.5, 16.0, 15.0 ] }
							}
						},
						{
							"name": "handle_0",
							"from": [ 8.0, -0.5, -0.5 ],
							"to": [ 10.0, 1.0, 1.0 ],
							"rotationOrigin": [ 8.0, -0.5, -0.5 ],
							"faces": {
								"north": { "texture": "#wood", "uv": [ 12.0, 10.5, 14.0, 12.0 ] },
								"east": { "texture": "#wood", "uv": [ 10.0, 9.0, 11.5, 10.5 ] },
								"south": { "texture": "#wood", "uv": [ 11.5, 11.5, 13.5, 13.0 ] },
								"west": { "texture": "#wood", "uv": [ 0.0, 0.0, 1.5, 1.5 ] },
								"up": { "texture": "#wood", "uv": [ 0.0, 7.5, 2.0, 9.0 ] },
								"down": { "texture": "#wood", "uv": [ 0.0, 0.0, 2.0, 1.5 ] }
							}
						},
						{
							"name": "handle_4",
							"from": [ -56.0, -0.5, -0.5 ],
							"to": [ -40.0, 1.0, 1.0 ],
							"rotationOrigin": [ -57.5, -8.0, 0.0 ],
							"faces": {
								"north": { "texture": "#wood", "uv": [ 0.0, 5.5, 16.0, 7.0 ] },
								"east": { "texture": "#wood", "uv": [ 0.5, 0.5, 2.0, 2.0 ] },
								"south": { "texture": "#wood", "uv": [ 0.0, 10.5, 16.0, 12.0 ] },
								"west": { "texture": "#wood", "uv": [ 14.0, 10.0, 15.5, 11.5 ] },
								"up": { "texture": "#wood", "uv": [ 0.0, 4.5, 16.0, 6.0 ] },
								"down": { "texture": "#wood", "uv": [ 0.0, 5.0, 16.0, 6.5 ] }
							}
						},
						{
							"name": "handle_5",
							"from": [ -72.0, -0.5, -0.5 ],
							"to": [ -56.0, 1.0, 1.0 ],
							"rotationOrigin": [ -72.5, 0.0, 0.0 ],
							"faces": {
								"north": { "texture": "#wood", "uv": [ 0.0, 7.5, 16.0, 9.0 ] },
								"east": { "texture": "#wood", "uv": [ 0.0, 3.5, 1.5, 5.0 ] },
								"south": { "texture": "#wood", "uv": [ 0.0, 9.0, 16.0, 10.5 ] },
								"west": { "texture": "#wood", "uv": [ 13.5, 3.5, 15.0, 5.0 ] },
								"up": { "texture": "#wood", "uv": [ 0.0, 4.5, 16.0, 6.0 ] },
								"down": { "texture": "#wood", "uv": [ 0.0, 13.5, 16.0, 15.0 ] }
							}
						}
					]
				},
				{
					"name": "Head",
					"from": [ 0.0, 0.0, 0.0 ],
					"to": [ 0.0, 0.0, 0.0 ],
					"rotationOrigin": [ 10.5, -0.55, 0.25 ],
					"rotationZ": 5.0,
					"faces": {
						"north": { "texture": "#iron", "uv": [ 0.0, 0.0, 0.5, 0.5 ] },
						"east": { "texture": "#iron", "uv": [ 0.0, 0.0, 0.5, 0.5 ] },
						"south": { "texture": "#iron", "uv": [ 0.0, 0.0, 0.5, 0.5 ] },
						"west": { "texture": "#iron", "uv": [ 0.0, 0.0, 0.5, 0.5 ] },
						"up": { "texture": "#iron", "uv": [ 0.0, 0.0, 0.5, 0.5 ] },
						"down": { "texture": "#iron", "uv": [ 0.0, 0.0, 0.5, 0.5 ] }
					},
					"children": [
						{
							"name": "Cube4",
							"from": [ 10.5, -0.55, 0.0 ],
							"to": [ 16.5, 0.95, 0.5 ],
							"rotationOrigin": [ 10.5, -0.55, 0.25 ],
							"rotationZ": -7.5,
							"faces": {
								"north": { "texture": "#iron", "uv": [ 5.0, 5.0, 11.0, 6.5 ] },
								"east": { "texture": "#iron", "uv": [ 0.0, 0.0, 0.5, 1.5 ] },
								"south": { "texture": "#iron", "uv": [ 7.5, 5.0, 13.5, 6.5 ] },
								"west": { "texture": "#iron", "uv": [ 0.0, 0.0, 0.5, 1.5 ] },
								"up": { "texture": "#iron", "uv": [ 6.5, 6.0, 12.5, 6.5 ] },
								"down": { "texture": "#iron", "uv": [ 6.5, 6.0, 12.5, 6.5 ] }
							}
						},
						{
							"name": "Cube5",
							"from": [ 16.45, 0.15, 0.125 ],
							"to": [ 21.45, 0.65, 0.375 ],
							"rotationOrigin": [ 16.45, -1.335, 0.25 ],
							"rotationZ": 3.0,
							"faces": {
								"north": { "texture": "#iron", "uv": [ 0.0, 0.0, 5.0, 0.5 ] },
								"east": { "texture": "#iron", "uv": [ 0.0, 0.0, 0.5, 0.5 ] },
								"south": { "texture": "#iron", "uv": [ 0.0, 0.0, 5.0, 0.5 ] },
								"west": { "texture": "#iron", "uv": [ 0.0, 0.0, 0.5, 0.5 ] },
								"up": { "texture": "#iron", "uv": [ 0.0, 0.0, 5.0, 0.5 ] },
								"down": { "texture": "#iron", "uv": [ 0.0, 0.0, 5.0, 0.5 ] }
							}
						},
						{
							"name": "Cube6",
							"from": [ 21.35, -1.07, 0.0 ],
							"to": [ 26.35, 0.43, 0.5 ],
							"rotationOrigin": [ 21.35, 0.43, 0.25 ],
							"rotationZ": -6.0,
							"faces": {
								"north": { "texture": "#iron", "uv": [ 7.5, 4.0, 12.5, 5.5 ] },
								"east": { "texture": "#iron", "uv": [ 0.0, 0.0, 0.5, 1.5 ] },
								"south": { "texture": "#iron", "uv": [ 9.0, 5.5, 14.0, 7.0 ] },
								"west": { "texture": "#iron", "uv": [ 0.0, 0.0, 0.5, 1.5 ] },
								"up": { "texture": "#iron", "uv": [ 6.5, 4.5, 11.5, 5.0 ] },
								"down": { "texture": "#iron", "uv": [ 6.0, 5.5, 11.0, 6.0 ] }
							}
						},
						{
							"name": "Cube7",
							"from": [ 10.7, 0.95, 0.125 ],
							"to": [ 16.7, 1.45, 0.375 ],
							"rotationOrigin": [ 10.5, -0.55, 0.25 ],
							"rotationZ": -7.5,
							"faces": {
								"north": { "texture": "#iron", "uv": [ 0.0, 0.0, 6.0, 0.5 ] },
								"east": { "texture": "#iron", "uv": [ 0.0, 0.0, 0.5, 0.5 ] },
								"south": { "texture": "#iron", "uv": [ 0.0, 0.0, 6.0, 0.5 ] },
								"west": { "texture": "#iron", "uv": [ 0.0, 0.0, 0.5, 0.5 ] },
								"up": { "texture": "#iron", "uv": [ 0.0, 0.0, 6.0, 0.5 ] },
								"down": { "texture": "#iron", "uv": [ 0.0, 0.0, 6.0, 0.5 ] }
							}
						},
						{
							"name": "Cube8",
							"from": [ 16.45, -1.335, 0.0 ],
							"to": [ 21.45, 0.165, 0.5 ],
							"rotationOrigin": [ 16.45, -1.335, 0.25 ],
							"rotationZ": 3.0,
							"faces": {
								"north": { "texture": "#iron", "uv": [ 7.0, 5.0, 12.0, 6.5 ] },
								"east": { "texture": "#iron", "uv": [ 0.0, 0.0, 0.5, 1.5 ] },
								"south": { "texture": "#iron", "uv": [ 7.0, 5.5, 12.0, 7.0 ] },
								"west": { "texture": "#iron", "uv": [ 0.0, 0.0, 0.5, 1.5 ] },
								"up": { "texture": "#iron", "uv": [ 7.5, 6.0, 12.5, 6.5 ] },
								"down": { "texture": "#iron", "uv": [ 7.5, 5.5, 12.5, 6.0 ] }
							}
						},
						{
							"name": "Cube9",
							"from": [ 21.29, 0.405, 0.125 ],
							"to": [ 26.29, 0.905, 0.375 ],
							"rotationOrigin": [ 21.35, 0.43, 0.25 ],
							"rotationZ": -6.0,
							"faces": {
								"north": { "texture": "#iron", "uv": [ 0.0, 0.0, 5.0, 0.5 ] },
								"east": { "texture": "#iron", "uv": [ 0.0, 0.0, 0.5, 0.5 ] },
								"south": { "texture": "#iron", "uv": [ 0.0, 0.0, 5.0, 0.5 ] },
								"west": { "texture": "#iron", "uv": [ 0.0, 0.0, 0.5, 0.5 ] },
								"up": { "texture": "#iron", "uv": [ 0.0, 0.0, 5.0, 0.5 ] },
								"down": { "texture": "#iron", "uv": [ 0.0, 0.0, 5.0, 0.5 ] }
							}
						},
						{
							"name": "Cube11",
							"from": [ 29.09, -1.24, 0.125 ],
							"to": [ 31.49, -0.74, 0.375 ],
							"rotationOrigin": [ 29.06, -0.7, 0.25 ],
							"rotationZ": -55.0,
							"faces": {
								"north": { "texture": "#iron", "uv": [ 0.0, 0.0, 2.0, 0.5 ] },
								"east": { "texture": "#iron", "uv": [ 0.0, 0.0, 0.5, 0.5 ] },
								"south": { "texture": "#iron", "uv": [ 0.0, 0.0, 2.0, 0.5 ] },
								"west": { "texture": "#iron", "uv": [ 0.0, 0.0, 0.5, 0.5 ] },
								"up": { "texture": "#iron", "uv": [ 0.0, 0.0, 2.0, 0.5 ] },
								"down": { "texture": "#iron", "uv": [ 0.0, 0.0, 2.0, 0.5 ] }
							}
						},
						{
							"name": "Cube12",
							"from": [ 26.29, -0.115, 0.125 ],
							"to": [ 29.29, 0.385, 0.375 ],
							"rotationOrigin": [ 26.3, 0.4, 0.25 ],
							"rotationZ": -22.5,
							"faces": {
								"north": { "texture": "#iron", "uv": [ 0.0, 0.0, 3.0, 0.5 ] },
								"east": { "texture": "#iron", "uv": [ 0.0, 0.0, 0.5, 0.5 ] },
								"south": { "texture": "#iron", "uv": [ 0.0, 0.0, 3.0, 0.5 ] },
								"west": { "texture": "#iron", "uv": [ 0.0, 0.0, 0.5, 0.5 ] },
								"up": { "texture": "#iron", "uv": [ 0.0, 0.0, 3.0, 0.5 ] },
								"down": { "texture": "#iron", "uv": [ 0.0, 0.0, 3.0, 0.5 ] }
							}
						},
						{
							"name": "Cube13",
							"from": [ 26.29, -1.5, 0.125 ],
							"to": [ 30.94, -1.0, 0.375 ],
							"rotationOrigin": [ 26.3, 0.4, 0.25 ],
							"rotationZ": -20.0,
							"faces": {
								"north": { "texture": "#iron", "uv": [ 0.0, 0.0, 4.5, 0.5 ] },
								"east": { "texture": "#iron", "uv": [ 0.0, 0.0, 0.5, 0.5 ] },
								"south": { "texture": "#iron", "uv": [ 0.0, 0.0, 4.5, 0.5 ] },
								"west": { "texture": "#iron", "uv": [ 0.0, 0.0, 0.5, 0.5 ] },
								"up": { "texture": "#iron", "uv": [ 0.0, 0.0, 4.5, 0.5 ] },
								"down": { "texture": "#iron", "uv": [ 0.0, 0.0, 4.5, 0.5 ] }
							}
						},
						{
							"name": "Cube14",
							"from": [ 26.29, -1.0, 0.125 ],
							"to": [ 30.19, -0.5, 0.375 ],
							"rotationOrigin": [ 26.3, 0.4, 0.25 ],
							"rotationZ": -20.0,
							"faces": {
								"north": { "texture": "#iron", "uv": [ 0.0, 0.0, 3.5, 0.5 ] },
								"east": { "texture": "#iron", "uv": [ 0.0, 0.0, 0.5, 0.5 ] },
								"south": { "texture": "#iron", "uv": [ 0.0, 0.0, 3.5, 0.5 ] },
								"west": { "texture": "#iron", "uv": [ 0.0, 0.0, 0.5, 0.5 ] },
								"up": { "texture": "#iron", "uv": [ 0.0, 0.0, 3.5, 0.5 ] },
								"down": { "texture": "#iron", "uv": [ 0.0, 0.0, 3.5, 0.5 ] }
							}
						},
						{
							"name": "Cube15",
							"from": [ 26.29, -0.5, 0.125 ],
							"to": [ 29.49, 0.0, 0.375 ],
							"rotationOrigin": [ 26.3, 0.4, 0.25 ],
							"rotationZ": -20.0,
							"faces": {
								"north": { "texture": "#iron", "uv": [ 0.0, 0.0, 3.0, 0.5 ] },
								"east": { "texture": "#iron", "uv": [ 0.0, 0.0, 0.5, 0.5 ] },
								"south": { "texture": "#iron", "uv": [ 0.0, 0.0, 3.0, 0.5 ] },
								"west": { "texture": "#iron", "uv": [ 0.0, 0.0, 0.5, 0.5 ] },
								"up": { "texture": "#iron", "uv": [ 0.0, 0.0, 3.0, 0.5 ] },
								"down": { "texture": "#iron", "uv": [ 0.0, 0.0, 3.0, 0.5 ] }
							}
						},
						{
							"name": "Cube10",
							"from": [ 27.97, -3.0, 0.0 ],
							"to": [ 28.89, -1.25, 0.5 ],
							"rotationOrigin": [ 27.96, -1.24, 0.25 ],
							"rotationZ": -110.0,
							"faces": {
								"north": { "texture": "#iron", "uv": [ 8.0, 5.5, 8.5, 7.0 ] },
								"east": { "texture": "#iron", "uv": [ 10.0, 6.0, 10.5, 7.5 ] },
								"south": { "texture": "#iron", "uv": [ 8.0, 5.0, 8.5, 6.5 ] },
								"west": { "texture": "#iron", "uv": [ 8.5, 6.0, 9.0, 7.5 ] },
								"up": { "texture": "#iron", "uv": [ 6.5, 3.5, 7.0, 4.0 ] },
								"down": { "texture": "#iron", "uv": [ 7.0, 5.0, 7.5, 5.5 ] }
							}
						},
						{
							"name": "Cube16",
							"from": [ 26.31, -0.85, 0.0 ],
							"to": [ 28.31, -0.1, 0.5 ],
							"rotationOrigin": [ 26.31, -0.1, 0.25 ],
							"rotationZ": -35.0,
							"faces": {
								"north": { "texture": "#iron", "uv": [ 8.0, 4.5, 10.0, 5.0 ] },
								"east": { "texture": "#iron", "uv": [ 0.0, 0.0, 0.5, 0.5 ] },
								"south": { "texture": "#iron", "uv": [ 7.5, 5.5, 9.5, 6.0 ] },
								"west": { "texture": "#iron", "uv": [ 8.0, 4.0, 8.5, 4.5 ] },
								"up": { "texture": "#iron", "uv": [ 10.5, 5.0, 12.5, 5.5 ] },
								"down": { "texture": "#iron", "uv": [ 8.5, 6.0, 10.5, 6.5 ] }
							}
						}
					]
				},
				{
					"name": "Cube2",
					"from": [ 5.0, -0.55, -0.55 ],
					"to": [ 11.0, 1.05, 1.05 ],
					"rotationOrigin": [ 5.0, 0.0, 0.0 ],
					"faces": {
						"north": { "texture": "#iron", "uv": [ 6.5, 6.0, 12.5, 7.5 ] },
						"east": { "texture": "#iron", "uv": [ 0.0, 5.0, 1.5, 6.5 ] },
						"south": { "texture": "#iron", "uv": [ 5.5, 6.0, 11.5, 7.5 ] },
						"west": { "texture": "#iron", "uv": [ 0.0, 0.0, 1.5, 1.5 ] },
						"up": { "texture": "#iron", "uv": [ 6.5, 5.0, 12.5, 6.5 ] },
						"down": { "texture": "#iron", "uv": [ 6.0, 6.0, 12.0, 7.5 ] }
					}
				},
				{
					"name": "Cube18",
					"from": [ 11.5, 0.3, 0.0 ],
					"to": [ 12.0, 1.3, 0.5 ],
					"rotationOrigin": [ 11.5, 0.9, 0.25 ],
					"rotationZ": 45.0,
					"faces": {
						"north": { "texture": "#iron", "uv": [ 6.5, 5.5, 7.0, 6.5 ] },
						"east": { "texture": "#iron", "uv": [ 9.0, 7.0, 9.5, 8.0 ] },
						"south": { "texture": "#iron", "uv": [ 8.0, 6.0, 8.5, 7.0 ] },
						"west": { "texture": "#iron", "uv": [ 7.0, 4.5, 7.5, 5.5 ] },
						"up": { "texture": "#iron", "uv": [ 8.5, 5.5, 9.0, 6.0 ] },
						"down": { "texture": "#iron", "uv": [ 7.0, 6.0, 7.5, 6.5 ] }
					}
				},
				{
					"name": "Cube19",
					"from": [ 11.35, 1.1, 0.125 ],
					"to": [ 12.85, 1.6, 0.375 ],
					"rotationOrigin": [ 12.0, 1.2, 0.25 ],
					"rotationZ": -45.0,
					"faces": {
						"north": { "texture": "#iron", "uv": [ 0.0, 0.0, 1.5, 0.5 ] },
						"east": { "texture": "#iron", "uv": [ 0.0, 0.0, 0.5, 0.5 ] },
						"south": { "texture": "#iron", "uv": [ 0.0, 0.0, 1.5, 0.5 ] },
						"west": { "texture": "#iron", "uv": [ 0.0, 0.0, 0.5, 0.5 ] },
						"up": { "texture": "#iron", "uv": [ 0.0, 0.0, 1.5, 0.5 ] },
						"down": { "texture": "#iron", "uv": [ 0.0, 0.0, 1.5, 0.5 ] }
					}
				},
				{
					"name": "Cube17",
					"from": [ 6.85, 0.35, -0.05 ],
					"to": [ 11.85, 1.95, 0.55 ],
					"rotationOrigin": [ 11.85, 1.95, 0.0 ],
					"rotationZ": 10.0,
					"faces": {
						"north": { "texture": "#iron", "uv": [ 6.5, 6.0, 11.5, 7.5 ] },
						"east": { "texture": "#iron", "uv": [ 0.0, 0.0, 0.5, 1.5 ] },
						"south": { "texture": "#iron", "uv": [ 5.5, 6.0, 10.5, 7.5 ] },
						"west": { "texture": "#iron", "uv": [ 0.0, 0.0, 0.5, 1.5 ] },
						"up": { "texture": "#iron", "uv": [ 6.5, 5.0, 11.5, 5.5 ] },
						"down": { "texture": "#iron", "uv": [ 6.0, 6.0, 11.0, 6.5 ] }
					}
				}
			]
		}
	]}