{
	"editor": {
		"collapsedPaths": ",Root/Cube33,Root/Cube33/Cube34",
		"allAngles": false,
		"entityTextureMode": false
	},
	"textureWidth": 64,
	"textureHeight": 32,
	"textureSizes": {
		"iron": [64,32],
		"gold": [32,16]
	},
	"textures": {
	},
	"elements": [
		{
			"name": "Cube2",
			"from": [ 0.0, 2.0, -5.0 ],
			"to": [ 0.0, 2.0, -5.0 ],
			"rotationOrigin": [ 8.0, 2.0, 3.0 ],
			"faces": {
				"north": { "texture": "#iron", "uv": [ 0.0, 0.0, 1.0, 1.0 ] },
				"east": { "texture": "#iron", "uv": [ 0.0, 0.0, 1.0, 1.0 ] },
				"south": { "texture": "#iron", "uv": [ 0.0, 0.0, 1.0, 1.0 ] },
				"west": { "texture": "#iron", "uv": [ 0.0, 0.0, 1.0, 1.0 ] },
				"up": { "texture": "#iron", "uv": [ 0.0, 0.0, 1.0, 1.0 ] },
				"down": { "texture": "#iron", "uv": [ 0.0, 0.0, 1.0, 1.0 ] }
			},
			"children": [
				{
					"name": "Cube5",
					"from": [ 0.4, 0.0, 0.0 ],
					"to": [ 0.4, 0.0, 0.0 ],
					"rotationOrigin": [ 8.0, 0.5, 8.0 ],
					"rotationZ": 15.0,
					"faces": {
						"north": { "texture": "#iron", "uv": [ 0.0, 0.0, 0.5, 0.5 ] },
						"east": { "texture": "#iron", "uv": [ 0.0, 0.0, 0.5, 0.5 ] },
						"south": { "texture": "#iron", "uv": [ 0.0, 0.0, 0.5, 0.5 ] },
						"west": { "texture": "#iron", "uv": [ 0.0, 0.0, 0.5, 0.5 ] },
						"up": { "texture": "#iron", "uv": [ 0.0, 0.0, 0.5, 0.5 ] },
						"down": { "texture": "#iron", "uv": [ 0.0, 0.0, 0.5, 0.5 ] }
					},
					"children": [
						{
							"name": "Cube3",
							"from": [ 0.0, -0.05, 11.0 ],
							"to": [ 22.0, 1.06, 12.0 ],
							"rotationOrigin": [ 0.0, 0.0, 11.0 ],
							"rotationY": -70.0,
							"faces": {
								"north": { "texture": "#iron", "uv": [ 0.0, 0.0, 22.0, 1.0 ] },
								"east": { "texture": "#iron", "uv": [ 0.0, 0.0, 1.0, 1.0 ] },
								"south": { "texture": "#iron", "uv": [ 0.0, 0.0, 22.0, 1.0 ] },
								"west": { "texture": "#iron", "uv": [ 0.0, 0.0, 1.0, 1.0 ] },
								"up": { "texture": "#iron", "uv": [ 3.0, 9.0, 25.0, 10.0 ] },
								"down": { "texture": "#iron", "uv": [ 3.0, 10.0, 25.0, 11.0 ] }
							}
						},
						{
							"name": "Cube14",
							"from": [ -0.95, -0.02, 11.36 ],
							"to": [ 3.05, 1.05, 12.36 ],
							"rotationOrigin": [ -0.95, 0.0, 11.36 ],
							"rotationY": 55.0,
							"faces": {
								"north": { "texture": "#iron", "uv": [ 0.0, 0.0, 4.0, 1.0 ] },
								"east": { "texture": "#iron", "uv": [ 0.0, 0.0, 1.0, 1.0 ] },
								"south": { "texture": "#iron", "uv": [ 0.0, 0.0, 4.0, 1.0 ] },
								"west": { "texture": "#iron", "uv": [ 0.0, 0.0, 1.0, 1.0 ] },
								"up": { "texture": "#iron", "uv": [ 0.0, 0.0, 4.0, 1.0 ] },
								"down": { "texture": "#iron", "uv": [ 0.0, 0.0, 4.0, 1.0 ] }
							}
						},
						{
							"name": "Cube15",
							"from": [ 1.3, -0.01, 6.7 ],
							"to": [ 2.8, 1.04, 8.7 ],
							"rotationOrigin": [ 1.3, 0.0, 9.14 ],
							"faces": {
								"north": { "texture": "#iron", "uv": [ 0.0, 0.0, 1.0, 1.0 ] },
								"east": { "texture": "#iron", "uv": [ 0.0, 0.0, 2.0, 1.0 ] },
								"south": { "texture": "#iron", "uv": [ 0.0, 0.0, 1.0, 1.0 ] },
								"west": { "texture": "#iron", "uv": [ 0.0, 0.0, 2.0, 1.0 ] },
								"up": { "texture": "#iron", "uv": [ 0.0, 0.0, 1.0, 2.0 ] },
								"down": { "texture": "#iron", "uv": [ 0.0, 0.0, 1.0, 2.0 ] }
							}
						},
						{
							"name": "Cube16",
							"from": [ 1.3, -0.02, 4.9 ],
							"to": [ 2.3, 1.05, 7.9 ],
							"rotationOrigin": [ 1.3, 0.0, 6.7 ],
							"rotationY": 45.0,
							"faces": {
								"north": { "texture": "#iron", "uv": [ 0.0, 0.0, 1.0, 1.0 ] },
								"east": { "texture": "#iron", "uv": [ 0.0, 0.0, 3.0, 1.0 ] },
								"south": { "texture": "#iron", "uv": [ 0.0, 0.0, 1.0, 1.0 ] },
								"west": { "texture": "#iron", "uv": [ 0.0, 0.0, 3.0, 1.0 ] },
								"up": { "texture": "#iron", "uv": [ 0.0, 0.0, 1.0, 3.0 ] },
								"down": { "texture": "#iron", "uv": [ 0.0, 0.0, 1.0, 3.0 ] }
							}
						},
						{
							"name": "Cube17",
							"from": [ -0.6, -0.01, 5.0 ],
							"to": [ 0.4, 1.04, 7.5 ],
							"rotationOrigin": [ 0.4, 0.0, 5.8 ],
							"rotationY": -67.5,
							"faces": {
								"north": { "texture": "#iron", "uv": [ 0.0, 0.0, 1.0, 1.0 ] },
								"east": { "texture": "#iron", "uv": [ 0.0, 0.0, 2.0, 1.0 ] },
								"south": { "texture": "#iron", "uv": [ 0.0, 0.0, 1.0, 1.0 ] },
								"west": { "texture": "#iron", "uv": [ 0.0, 0.0, 2.0, 1.0 ] },
								"up": { "texture": "#iron", "uv": [ 0.0, 0.0, 1.0, 2.0 ] },
								"down": { "texture": "#iron", "uv": [ 0.0, 0.0, 1.0, 2.0 ] }
							}
						},
						{
							"name": "Cube18",
							"from": [ -2.0, -0.01, 5.2 ],
							"to": [ -1.0, 1.05, 8.7 ],
							"rotationOrigin": [ -1.3, 0.0, 5.2 ],
							"faces": {
								"north": { "texture": "#iron", "uv": [ 0.0, 0.0, 1.0, 1.0 ] },
								"east": { "texture": "#iron", "uv": [ 0.0, 0.0, 3.0, 1.0 ] },
								"south": { "texture": "#iron", "uv": [ 0.0, 0.0, 1.0, 1.0 ] },
								"west": { "texture": "#iron", "uv": [ 0.0, 0.0, 3.0, 1.0 ] },
								"up": { "texture": "#iron", "uv": [ 0.0, 0.0, 1.0, 3.0 ] },
								"down": { "texture": "#iron", "uv": [ 0.0, 0.0, 1.0, 3.0 ] }
							}
						},
						{
							"name": "Cube19",
							"from": [ -2.0, 0.0, 5.2 ],
							"to": [ -1.0, 1.0, 8.7 ],
							"rotationOrigin": [ -2.0, 0.0, 5.2 ],
							"faces": {
								"north": { "texture": "#iron", "uv": [ 0.0, 0.0, 1.0, 1.0 ] },
								"east": { "texture": "#iron", "uv": [ 0.0, 0.0, 3.5, 1.0 ] },
								"south": { "texture": "#iron", "uv": [ 0.0, 0.0, 1.0, 1.0 ] },
								"west": { "texture": "#iron", "uv": [ 0.0, 0.0, 3.5, 1.0 ] },
								"up": { "texture": "#iron", "uv": [ 0.0, 0.0, 1.0, 3.5 ] },
								"down": { "texture": "#iron", "uv": [ 0.0, 0.0, 1.0, 3.5 ] }
							}
						},
						{
							"name": "Cube20",
							"from": [ -2.0, -0.01, -1.3 ],
							"to": [ -1.0, 1.04, 5.2 ],
							"rotationOrigin": [ -2.0, 0.0, 5.2 ],
							"rotationY": -22.5,
							"faces": {
								"north": { "texture": "#iron", "uv": [ 0.0, 0.0, 1.0, 1.0 ] },
								"east": { "texture": "#iron", "uv": [ 0.0, 0.0, 6.0, 1.0 ] },
								"south": { "texture": "#iron", "uv": [ 0.0, 0.0, 1.0, 1.0 ] },
								"west": { "texture": "#iron", "uv": [ 0.0, 0.0, 6.0, 1.0 ] },
								"up": { "texture": "#iron", "uv": [ 0.0, 0.0, 1.0, 6.0 ] },
								"down": { "texture": "#iron", "uv": [ 0.0, 0.0, 1.0, 6.0 ] }
							}
						},
						{
							"name": "Cube21",
							"from": [ 0.49, -0.01, -8.7 ],
							"to": [ 1.49, 1.05, -0.8 ],
							"rotationOrigin": [ 0.49, 0.0, -0.8 ],
							"rotationY": -55.0,
							"faces": {
								"north": { "texture": "#iron", "uv": [ 0.0, 0.0, 1.0, 1.0 ] },
								"east": { "texture": "#iron", "uv": [ 0.0, 0.0, 7.0, 1.0 ] },
								"south": { "texture": "#iron", "uv": [ 0.0, 0.0, 1.0, 1.0 ] },
								"west": { "texture": "#iron", "uv": [ 0.0, 0.0, 7.0, 1.0 ] },
								"up": { "texture": "#iron", "uv": [ 0.0, 0.0, 1.0, 7.0 ] },
								"down": { "texture": "#iron", "uv": [ 0.0, 0.0, 1.0, 7.0 ] }
							}
						}
					]
				},
				{
					"name": "Cube63",
					"from": [ 7.25, -0.4, -5.5 ],
					"to": [ 8.75, 1.1, 10.5 ],
					"rotationOrigin": [ 8.0, 0.0, -5.5 ],
					"faces": {
						"north": { "texture": "#iron", "uv": [ 0.0, 0.0, 1.0, 1.0 ] },
						"east": { "texture": "#iron", "uv": [ 0.0, 0.0, 16.0, 1.0 ] },
						"south": { "texture": "#iron", "uv": [ 0.0, 0.0, 1.0, 1.0 ] },
						"west": { "texture": "#iron", "uv": [ 0.0, 0.0, 16.0, 1.0 ] },
						"up": { "texture": "#iron", "uv": [ 12.0, 5.0, 13.0, 21.0 ] },
						"down": { "texture": "#iron", "uv": [ 4.0, 2.0, 5.0, 18.0 ] }
					}
				},
				{
					"name": "Cube64",
					"from": [ 7.25, -0.4, 10.5 ],
					"to": [ 8.75, 1.1, 26.5 ],
					"rotationOrigin": [ 8.0, 0.0, 10.5 ],
					"faces": {
						"north": { "texture": "#iron", "uv": [ 0.0, 0.0, 1.0, 1.0 ] },
						"east": { "texture": "#iron", "uv": [ 0.0, 0.0, 16.0, 1.0 ] },
						"south": { "texture": "#iron", "uv": [ 0.0, 0.0, 1.0, 1.0 ] },
						"west": { "texture": "#iron", "uv": [ 0.0, 0.0, 16.0, 1.0 ] },
						"up": { "texture": "#iron", "uv": [ 12.0, 3.0, 13.0, 19.0 ] },
						"down": { "texture": "#iron", "uv": [ 0.0, 0.0, 1.0, 16.0 ] }
					}
				},
				{
					"name": "Cube65",
					"from": [ 7.25, -0.4, 26.5 ],
					"to": [ 8.75, 1.1, 32.25 ],
					"rotationOrigin": [ 8.0, 0.0, 26.5 ],
					"faces": {
						"north": { "texture": "#iron", "uv": [ 0.0, 0.0, 1.0, 1.0 ] },
						"east": { "texture": "#iron", "uv": [ 0.0, 0.0, 5.0, 1.0 ] },
						"south": { "texture": "#iron", "uv": [ 0.0, 0.0, 1.0, 1.0 ] },
						"west": { "texture": "#iron", "uv": [ 0.0, 0.0, 5.0, 1.0 ] },
						"up": { "texture": "#iron", "uv": [ 11.0, 13.0, 12.0, 18.0 ] },
						"down": { "texture": "#iron", "uv": [ 18.0, 10.0, 19.0, 15.0 ] }
					}
				},
				{
					"name": "Cube66",
					"from": [ 6.25, 0.0, 4.0 ],
					"to": [ 9.75, 1.75, 8.5 ],
					"rotationOrigin": [ 8.0, 0.0, 4.0 ],
					"faces": {
						"north": { "texture": "#iron", "uv": [ 0.0, 0.0, 3.0, 1.0 ] },
						"east": { "texture": "#iron", "uv": [ 0.0, 0.0, 4.0, 1.0 ] },
						"south": { "texture": "#iron", "uv": [ 0.0, 0.0, 3.0, 1.0 ] },
						"west": { "texture": "#iron", "uv": [ 0.0, 0.0, 4.0, 1.0 ] },
						"up": { "texture": "#iron", "uv": [ 0.0, 0.0, 3.0, 4.0 ] },
						"down": { "texture": "#iron", "uv": [ 0.0, 0.0, 3.0, 4.0 ] }
					}
				},
				{
					"name": "Cube67",
					"from": [ 7.0, 0.0, 3.0 ],
					"to": [ 8.0, 1.65, 6.0 ],
					"rotationOrigin": [ 8.0, 0.0, 3.0 ],
					"rotationY": -45.0,
					"faces": {
						"north": { "texture": "#iron", "uv": [ 0.0, 0.0, 1.0, 1.5 ] },
						"east": { "texture": "#iron", "uv": [ 0.0, 0.0, 3.0, 1.5 ] },
						"south": { "texture": "#iron", "uv": [ 0.0, 0.0, 1.0, 1.5 ] },
						"west": { "texture": "#iron", "uv": [ 0.0, 0.0, 3.0, 1.5 ] },
						"up": { "texture": "#iron", "uv": [ 0.0, 0.0, 1.0, 3.0 ] },
						"down": { "texture": "#iron", "uv": [ 0.0, 0.0, 1.0, 3.0 ] }
					}
				},
				{
					"name": "Cube68",
					"from": [ 8.0, 0.0, 3.0 ],
					"to": [ 9.0, 1.65, 6.0 ],
					"rotationOrigin": [ 8.0, 0.0, 3.0 ],
					"rotationY": 45.0,
					"faces": {
						"north": { "texture": "#iron", "uv": [ 0.0, 0.0, 1.0, 1.0 ] },
						"east": { "texture": "#iron", "uv": [ 0.0, 0.0, 3.0, 1.0 ] },
						"south": { "texture": "#iron", "uv": [ 0.0, 0.0, 1.0, 1.0 ] },
						"west": { "texture": "#iron", "uv": [ 0.0, 0.0, 3.0, 1.0 ] },
						"up": { "texture": "#iron", "uv": [ 0.0, 0.0, 1.0, 3.0 ] },
						"down": { "texture": "#iron", "uv": [ 0.0, 0.0, 1.0, 3.0 ] }
					}
				},
				{
					"name": "Cube69",
					"from": [ 5.17, 0.0, 4.42 ],
					"to": [ 6.37, 1.7, 7.42 ],
					"rotationOrigin": [ 6.0, 0.0, 5.0 ],
					"faces": {
						"north": { "texture": "#iron", "uv": [ 0.0, 0.0, 1.0, 1.5 ] },
						"east": { "texture": "#iron", "uv": [ 0.0, 0.0, 3.0, 1.5 ] },
						"south": { "texture": "#iron", "uv": [ 0.0, 0.0, 1.0, 1.5 ] },
						"west": { "texture": "#iron", "uv": [ 0.0, 0.0, 3.0, 1.5 ] },
						"up": { "texture": "#iron", "uv": [ 0.0, 0.0, 1.0, 3.0 ] },
						"down": { "texture": "#iron", "uv": [ 0.0, 0.0, 1.0, 3.0 ] }
					}
				},
				{
					"name": "Cube70",
					"from": [ 5.17, 0.0, 7.42 ],
					"to": [ 6.37, 1.65, 13.42 ],
					"rotationOrigin": [ 5.17, 0.0, 7.42 ],
					"rotationY": 22.5,
					"faces": {
						"north": { "texture": "#iron", "uv": [ 0.0, 0.0, 1.0, 1.0 ] },
						"east": { "texture": "#iron", "uv": [ 0.0, 0.0, 6.0, 1.0 ] },
						"south": { "texture": "#iron", "uv": [ 0.0, 0.0, 1.0, 1.0 ] },
						"west": { "texture": "#iron", "uv": [ 0.0, 0.0, 6.0, 1.0 ] },
						"up": { "texture": "#iron", "uv": [ 0.0, 0.0, 1.0, 6.0 ] },
						"down": { "texture": "#iron", "uv": [ 0.0, 0.0, 1.0, 6.0 ] }
					}
				},
				{
					"name": "Cube71",
					"from": [ 9.635, 0.0, 4.42 ],
					"to": [ 10.835, 1.7, 7.42 ],
					"rotationOrigin": [ 10.0, 0.0, 5.0 ],
					"faces": {
						"north": { "texture": "#iron", "uv": [ 0.0, 0.0, 1.0, 1.5 ] },
						"east": { "texture": "#iron", "uv": [ 0.0, 0.0, 3.0, 1.5 ] },
						"south": { "texture": "#iron", "uv": [ 0.0, 0.0, 1.0, 1.5 ] },
						"west": { "texture": "#iron", "uv": [ 0.0, 0.0, 3.0, 1.5 ] },
						"up": { "texture": "#iron", "uv": [ 0.0, 0.0, 1.0, 3.0 ] },
						"down": { "texture": "#iron", "uv": [ 0.0, 0.0, 1.0, 3.0 ] }
					}
				},
				{
					"name": "Cube72",
					"from": [ 9.63, 0.0, 7.42 ],
					"to": [ 10.83, 1.65, 13.42 ],
					"rotationOrigin": [ 10.83, 0.0, 7.42 ],
					"rotationY": -22.5,
					"faces": {
						"north": { "texture": "#iron", "uv": [ 0.0, 0.0, 1.0, 1.0 ] },
						"east": { "texture": "#iron", "uv": [ 0.0, 0.0, 6.0, 1.0 ] },
						"south": { "texture": "#iron", "uv": [ 0.0, 0.0, 1.0, 1.0 ] },
						"west": { "texture": "#iron", "uv": [ 0.0, 0.0, 6.0, 1.0 ] },
						"up": { "texture": "#iron", "uv": [ 0.0, 0.0, 1.0, 6.0 ] },
						"down": { "texture": "#iron", "uv": [ 0.0, 0.0, 1.0, 6.0 ] }
					}
				},
				{
					"name": "Cube73",
					"from": [ 6.9, 0.0, 8.5 ],
					"to": [ 9.1, 1.7, 10.5 ],
					"rotationOrigin": [ 9.0, 0.0, 8.5 ],
					"faces": {
						"north": { "texture": "#iron", "uv": [ 0.0, 0.0, 2.0, 1.5 ] },
						"east": { "texture": "#iron", "uv": [ 0.0, 0.0, 2.0, 1.5 ] },
						"south": { "texture": "#iron", "uv": [ 0.0, 0.0, 2.0, 1.5 ] },
						"west": { "texture": "#iron", "uv": [ 0.0, 0.0, 2.0, 1.5 ] },
						"up": { "texture": "#iron", "uv": [ 0.0, 0.0, 2.0, 2.0 ] },
						"down": { "texture": "#iron", "uv": [ 0.0, 0.0, 2.0, 2.0 ] }
					}
				},
				{
					"name": "Cube74",
					"from": [ 7.25, 0.0, 10.5 ],
					"to": [ 8.75, 1.7, 11.5 ],
					"rotationOrigin": [ 9.0, 0.0, 10.5 ],
					"faces": {
						"north": { "texture": "#iron", "uv": [ 0.0, 0.0, 1.5, 1.5 ] },
						"east": { "texture": "#iron", "uv": [ 0.0, 0.0, 1.0, 1.5 ] },
						"south": { "texture": "#iron", "uv": [ 0.0, 0.0, 1.5, 1.5 ] },
						"west": { "texture": "#iron", "uv": [ 0.0, 0.0, 1.0, 1.5 ] },
						"up": { "texture": "#iron", "uv": [ 0.0, 0.0, 1.5, 1.0 ] },
						"down": { "texture": "#iron", "uv": [ 0.0, 0.0, 1.5, 1.0 ] }
					}
				},
				{
					"name": "Cube75",
					"from": [ 6.95, 0.0, 3.0 ],
					"to": [ 9.15, 1.7, 4.0 ],
					"rotationOrigin": [ 9.0, 0.0, 2.5 ],
					"faces": {
						"north": { "texture": "#iron", "uv": [ 0.0, 0.0, 2.0, 1.5 ] },
						"east": { "texture": "#iron", "uv": [ 0.0, 0.0, 1.0, 1.5 ] },
						"south": { "texture": "#iron", "uv": [ 0.0, 0.0, 2.0, 1.5 ] },
						"west": { "texture": "#iron", "uv": [ 0.0, 0.0, 1.0, 1.5 ] },
						"up": { "texture": "#iron", "uv": [ 0.0, 0.0, 2.0, 1.0 ] },
						"down": { "texture": "#iron", "uv": [ 0.0, 0.0, 2.0, 1.0 ] }
					}
				},
				{
					"name": "Cube76",
					"from": [ 7.6, 0.0, 12.57 ],
					"to": [ 8.35, 1.6, 13.32 ],
					"rotationOrigin": [ 8.0, 0.0, 12.92 ],
					"rotationY": 45.0,
					"faces": {
						"north": { "texture": "#iron", "uv": [ 0.0, 0.0, 1.0, 1.0 ] },
						"east": { "texture": "#iron", "uv": [ 0.0, 0.0, 1.0, 1.0 ] },
						"south": { "texture": "#iron", "uv": [ 0.0, 0.0, 1.0, 1.0 ] },
						"west": { "texture": "#iron", "uv": [ 0.0, 0.0, 1.0, 1.0 ] },
						"up": { "texture": "#iron", "uv": [ 0.0, 0.0, 1.0, 1.0 ] },
						"down": { "texture": "#iron", "uv": [ 0.0, 0.0, 1.0, 1.0 ] }
					}
				},
				{
					"name": "Cube77",
					"from": [ 7.5, 0.0, 1.8 ],
					"to": [ 8.5, 1.6, 2.8 ],
					"rotationOrigin": [ 8.0, 0.0, 2.3 ],
					"rotationY": 45.0,
					"faces": {
						"north": { "texture": "#iron", "uv": [ 0.0, 0.0, 1.0, 1.0 ] },
						"east": { "texture": "#iron", "uv": [ 0.0, 0.0, 1.0, 1.0 ] },
						"south": { "texture": "#iron", "uv": [ 0.0, 0.0, 1.0, 1.0 ] },
						"west": { "texture": "#iron", "uv": [ 0.0, 0.0, 1.0, 1.0 ] },
						"up": { "texture": "#iron", "uv": [ 0.0, 0.0, 1.0, 1.0 ] },
						"down": { "texture": "#iron", "uv": [ 0.0, 0.0, 1.0, 1.0 ] }
					}
				},
				{
					"name": "Cube84",
					"from": [ 5.9, 0.0, 6.0 ],
					"to": [ 8.9, 1.9, 9.0 ],
					"rotationOrigin": [ 6.0, 0.0, 6.0 ],
					"rotationY": 45.0,
					"faces": {
						"north": { "texture": "#gold", "uv": [ 0.0, 0.0, 3.0, 1.0 ] },
						"east": { "texture": "#gold", "uv": [ 0.0, 0.0, 3.0, 1.0 ] },
						"south": { "texture": "#gold", "uv": [ 0.0, 0.0, 3.0, 1.0 ] },
						"west": { "texture": "#gold", "uv": [ 0.0, 0.0, 3.0, 1.0 ] },
						"up": { "texture": "#gold", "uv": [ 0.0, 0.0, 3.0, 3.0 ] },
						"down": { "texture": "#gold", "uv": [ 0.0, 0.0, 3.0, 3.0 ] }
					}
				},
				{
					"name": "Cube33",
					"from": [ 0.4, 0.0, 0.0 ],
					"to": [ 0.4, 0.0, 0.0 ],
					"rotationOrigin": [ 8.0, 0.5, 8.0 ],
					"rotationZ": 165.0,
					"faces": {
						"north": { "texture": "#iron", "uv": [ 0.0, 0.0, 1.0, 1.0 ] },
						"east": { "texture": "#iron", "uv": [ 0.0, 0.0, 1.0, 1.0 ] },
						"south": { "texture": "#iron", "uv": [ 0.0, 0.0, 1.0, 1.0 ] },
						"west": { "texture": "#iron", "uv": [ 0.0, 0.0, 1.0, 1.0 ] },
						"up": { "texture": "#iron", "uv": [ 0.0, 0.0, 1.0, 1.0 ] },
						"down": { "texture": "#iron", "uv": [ 0.0, 0.0, 1.0, 1.0 ] }
					},
					"children": [
						{
							"name": "Cube35",
							"from": [ 0.0, -0.06, 11.0 ],
							"to": [ 22.0, 1.06, 12.0 ],
							"rotationOrigin": [ 0.0, 0.0, 11.0 ],
							"rotationY": -70.0,
							"faces": {
								"north": { "texture": "#iron", "uv": [ 0.0, 0.0, 22.0, 1.0 ] },
								"east": { "texture": "#iron", "uv": [ 0.0, 0.0, 1.0, 1.0 ] },
								"south": { "texture": "#iron", "uv": [ 3.0, 11.0, 25.0, 12.0 ] },
								"west": { "texture": "#iron", "uv": [ 0.0, 0.0, 1.0, 1.0 ] },
								"up": { "texture": "#iron", "uv": [ 3.0, 11.0, 25.0, 12.0 ] },
								"down": { "texture": "#iron", "uv": [ 3.0, 11.0, 25.0, 12.0 ] }
							}
						},
						{
							"name": "Cube44",
							"from": [ -0.95, -0.05, 11.36 ],
							"to": [ 3.05, 1.01, 12.36 ],
							"rotationOrigin": [ -0.95, 0.0, 11.36 ],
							"rotationY": 55.0,
							"faces": {
								"north": { "texture": "#iron", "uv": [ 0.0, 0.0, 4.0, 1.0 ] },
								"east": { "texture": "#iron", "uv": [ 0.0, 0.0, 1.0, 1.0 ] },
								"south": { "texture": "#iron", "uv": [ 0.0, 0.0, 4.0, 1.0 ] },
								"west": { "texture": "#iron", "uv": [ 0.0, 0.0, 1.0, 1.0 ] },
								"up": { "texture": "#iron", "uv": [ 0.0, 0.0, 4.0, 1.0 ] },
								"down": { "texture": "#iron", "uv": [ 0.0, 0.0, 4.0, 1.0 ] }
							}
						},
						{
							"name": "Cube45",
							"from": [ 1.3, -0.04, 6.7 ],
							"to": [ 2.8, 1.02, 8.7 ],
							"rotationOrigin": [ 1.3, 0.0, 9.14 ],
							"faces": {
								"north": { "texture": "#iron", "uv": [ 0.0, 0.0, 1.0, 1.0 ] },
								"east": { "texture": "#iron", "uv": [ 0.0, 0.0, 2.0, 1.0 ] },
								"south": { "texture": "#iron", "uv": [ 0.0, 0.0, 1.0, 1.0 ] },
								"west": { "texture": "#iron", "uv": [ 0.0, 0.0, 2.0, 1.0 ] },
								"up": { "texture": "#iron", "uv": [ 0.0, 0.0, 1.0, 2.0 ] },
								"down": { "texture": "#iron", "uv": [ 0.0, 0.0, 1.0, 2.0 ] }
							}
						},
						{
							"name": "Cube46",
							"from": [ 1.3, -0.05, 4.9 ],
							"to": [ 2.3, 1.01, 7.9 ],
							"rotationOrigin": [ 1.3, 0.0, 6.7 ],
							"rotationY": 45.0,
							"faces": {
								"north": { "texture": "#iron", "uv": [ 0.0, 0.0, 1.0, 1.0 ] },
								"east": { "texture": "#iron", "uv": [ 0.0, 0.0, 3.0, 1.0 ] },
								"south": { "texture": "#iron", "uv": [ 0.0, 0.0, 1.0, 1.0 ] },
								"west": { "texture": "#iron", "uv": [ 0.0, 0.0, 3.0, 1.0 ] },
								"up": { "texture": "#iron", "uv": [ 0.0, 0.0, 1.0, 3.0 ] },
								"down": { "texture": "#iron", "uv": [ 0.0, 0.0, 1.0, 3.0 ] }
							}
						},
						{
							"name": "Cube47",
							"from": [ -0.6, -0.04, 5.0 ],
							"to": [ 0.4, 1.02, 7.5 ],
							"rotationOrigin": [ 0.4, 0.0, 5.8 ],
							"rotationY": -67.5,
							"faces": {
								"north": { "texture": "#iron", "uv": [ 0.0, 0.0, 1.0, 1.0 ] },
								"east": { "texture": "#iron", "uv": [ 0.0, 0.0, 2.0, 1.0 ] },
								"south": { "texture": "#iron", "uv": [ 0.0, 0.0, 1.0, 1.0 ] },
								"west": { "texture": "#iron", "uv": [ 0.0, 0.0, 2.0, 1.0 ] },
								"up": { "texture": "#iron", "uv": [ 0.0, 0.0, 1.0, 2.0 ] },
								"down": { "texture": "#iron", "uv": [ 0.0, 0.0, 1.0, 2.0 ] }
							}
						},
						{
							"name": "Cube48",
							"from": [ -2.0, -0.05, 5.2 ],
							"to": [ -1.0, 1.01, 8.7 ],
							"rotationOrigin": [ -1.3, 0.0, 5.2 ],
							"faces": {
								"north": { "texture": "#iron", "uv": [ 0.0, 0.0, 1.0, 1.0 ] },
								"east": { "texture": "#iron", "uv": [ 0.0, 0.0, 3.0, 1.0 ] },
								"south": { "texture": "#iron", "uv": [ 0.0, 0.0, 1.0, 1.0 ] },
								"west": { "texture": "#iron", "uv": [ 0.0, 0.0, 3.0, 1.0 ] },
								"up": { "texture": "#iron", "uv": [ 0.0, 0.0, 1.0, 3.0 ] },
								"down": { "texture": "#iron", "uv": [ 0.0, 0.0, 1.0, 3.0 ] }
							}
						},
						{
							"name": "Cube49",
							"from": [ -2.0, 0.0, 5.2 ],
							"to": [ -1.0, 1.0, 8.7 ],
							"rotationOrigin": [ -2.0, 0.0, 5.2 ],
							"faces": {
								"north": { "texture": "#iron", "uv": [ 0.0, 0.0, 1.0, 1.0 ] },
								"east": { "texture": "#iron", "uv": [ 0.0, 0.0, 3.0, 1.0 ] },
								"south": { "texture": "#iron", "uv": [ 0.0, 0.0, 1.0, 1.0 ] },
								"west": { "texture": "#iron", "uv": [ 0.0, 0.0, 3.0, 1.0 ] },
								"up": { "texture": "#iron", "uv": [ 0.0, 0.0, 1.0, 3.0 ] },
								"down": { "texture": "#iron", "uv": [ 0.0, 0.0, 1.0, 3.0 ] }
							}
						},
						{
							"name": "Cube50",
							"from": [ -2.0, -0.04, -1.3 ],
							"to": [ -1.0, 1.02, 5.2 ],
							"rotationOrigin": [ -2.0, 0.0, 5.2 ],
							"rotationY": -22.5,
							"faces": {
								"north": { "texture": "#iron", "uv": [ 0.0, 0.0, 1.0, 1.0 ] },
								"east": { "texture": "#iron", "uv": [ 0.0, 0.0, 6.0, 1.0 ] },
								"south": { "texture": "#iron", "uv": [ 0.0, 0.0, 1.0, 1.0 ] },
								"west": { "texture": "#iron", "uv": [ 0.0, 0.0, 6.0, 1.0 ] },
								"up": { "texture": "#iron", "uv": [ 0.0, 0.0, 1.0, 6.0 ] },
								"down": { "texture": "#iron", "uv": [ 0.0, 0.0, 1.0, 6.0 ] }
							}
						},
						{
							"name": "Cube51",
							"from": [ 0.49, -0.05, -8.7 ],
							"to": [ 1.49, 1.01, -0.8 ],
							"rotationOrigin": [ 0.49, 0.0, -0.8 ],
							"rotationY": -55.0,
							"faces": {
								"north": { "texture": "#iron", "uv": [ 0.0, 0.0, 1.0, 1.0 ] },
								"east": { "texture": "#iron", "uv": [ 0.0, 0.0, 7.0, 1.0 ] },
								"south": { "texture": "#iron", "uv": [ 0.0, 0.0, 1.0, 1.0 ] },
								"west": { "texture": "#iron", "uv": [ 0.0, 0.0, 7.0, 1.0 ] },
								"up": { "texture": "#iron", "uv": [ 0.0, 0.0, 1.0, 7.0 ] },
								"down": { "texture": "#iron", "uv": [ 0.0, 0.0, 1.0, 7.0 ] }
							}
						}
					]
				}
			]
		}
	]}