{
	"editor": {
		"collapsedPaths": "Root/origin/handle,Root/Spear/Head/Blade/Cube12,Root/Spear/Dec/Cube27,Root/Spear/Head/Blade/blade_13,Root/Sowrd/Metal/Guard/ring_24,Root/origin/Large gear 2,Root/origin/Large gear 1,Root/Sowrd/Blade/Guard,Root/Sowrd/Metal/Blade/blade_3,Root/Spear/Dec/Cube10/Cube12,Root/Sowrd/Cube6/Cube19,Root/Spear/Head/Blade/blade_2/blade_8,Root/Spear/Head/Blade/blade_2/blade_3,Root/Sowrd/Cube6/Cube15,Root/Spear/Head/Blade/blade_2/blade_14,Root/Sowrd/Cube6/Cube11,Root/Sowrd/Cube6/Cube10,Root/Spear/Head/Blade/Cube7,Root/Spear/Head/Blade/Cube5,Root/Spear/Head/Blade/Cube4,Root/origin,Root/Spear/Dec/Cube35,Root/Sowrd/Metal/Guard/ring_17,Root/Spear/Head/Blade/blade_2,Root/Sowrd/Blade/blade_3,Root/Sowrd/Blade/tong,Root/Sowrd/Blade/blade_1,Root/Sowrd/Metal/Guard/ring_11,Root/Sowrd/Metal/blade_1/blade_11,Root/Sowrd/Cube6/Cube27,Root/origin/segment end,Root/Sowrd/Blade/blade_6",
		"allAngles": false,
		"entityTextureMode": false
	},
	"textureWidth": 16,
	"textureHeight": 16,
	"textureSizes": {
		"iron": [32,16],
		"brass": [32,16],
		"brown": [16,16]
	},
	"textures": {
	},
	"elements": [
		{
			"name": "Sowrd",
			"from": [ 8.1, 0.0, 8.0 ],
			"to": [ 8.1, 0.0, 8.0 ],
			"rotationOrigin": [ 8.1, 0.0, 8.0 ],
			"rotationY": -90.0,
			"faces": {
				"north": { "texture": "#blade", "uv": [ 0.0, 0.0, 0.5, 0.5 ] },
				"east": { "texture": "#blade", "uv": [ 0.0, 0.0, 0.5, 0.5 ] },
				"south": { "texture": "#blade", "uv": [ 0.0, 0.0, 0.5, 0.5 ] },
				"west": { "texture": "#blade", "uv": [ 0.0, 0.0, 0.5, 0.5 ] },
				"up": { "texture": "#blade", "uv": [ 0.0, 0.0, 0.5, 0.5 ] },
				"down": { "texture": "#blade", "uv": [ 0.0, 0.0, 0.5, 0.5 ] }
			},
			"children": [
				{
					"name": "Metal",
					"from": [ 0.0, 0.0, 0.0 ],
					"to": [ 0.0, 0.0, 0.0 ],
					"faces": {
						"north": { "texture": "#blade", "uv": [ 0.0, 0.0, 0.5, 0.5 ] },
						"east": { "texture": "#blade", "uv": [ 0.0, 0.0, 0.5, 0.5 ] },
						"south": { "texture": "#blade", "uv": [ 0.0, 0.0, 0.5, 0.5 ] },
						"west": { "texture": "#blade", "uv": [ 0.0, 0.0, 0.5, 0.5 ] },
						"up": { "texture": "#blade", "uv": [ 0.0, 0.0, 0.5, 0.5 ] },
						"down": { "texture": "#blade", "uv": [ 0.0, 0.0, 0.5, 0.5 ] }
					}
				},
				{
					"name": "Handle",
					"from": [ 0.0, 0.0, 0.0 ],
					"to": [ 0.0, 0.0, 1.0 ],
					"faces": {
						"north": { "texture": "#brown", "uv": [ 0.0, 0.0, 0.5, 0.5 ] },
						"east": { "texture": "#brown", "uv": [ 0.0, 0.0, 1.0, 0.5 ] },
						"south": { "texture": "#brown", "uv": [ 0.0, 0.0, 0.5, 0.5 ] },
						"west": { "texture": "#brown", "uv": [ 0.0, 0.0, 1.0, 0.5 ] },
						"up": { "texture": "#brown", "uv": [ 0.0, 0.0, 0.5, 1.0 ] },
						"down": { "texture": "#brown", "uv": [ 0.0, 0.0, 0.5, 1.0 ] }
					}
				},
				{
					"name": "Cube2",
					"from": [ -4.0, 0.0, 0.5 ],
					"to": [ -4.0, 0.0, 0.5 ],
					"rotationOrigin": [ -4.0, 0.0, 0.0 ],
					"rotationY": -67.5,
					"faces": {
						"north": { "texture": "#iron", "uv": [ 0.0, 0.0, 0.5, 0.5 ] },
						"east": { "texture": "#iron", "uv": [ 0.0, 0.0, 0.5, 0.5 ] },
						"south": { "texture": "#iron", "uv": [ 0.0, 0.0, 0.5, 0.5 ] },
						"west": { "texture": "#iron", "uv": [ 0.0, 0.0, 0.5, 0.5 ] },
						"up": { "texture": "#iron", "uv": [ 0.0, 0.0, 0.5, 0.5 ] },
						"down": { "texture": "#iron", "uv": [ 0.0, 0.0, 0.5, 0.5 ] }
					},
					"children": [
						{
							"name": "Cube3",
							"from": [ -6.0, -0.5, -1.0 ],
							"to": [ 6.0, 0.5, 0.0 ],
							"rotationOrigin": [ -6.0, -1.0, -1.0 ],
							"faces": {
								"north": { "texture": "#iron", "uv": [ 1.0, 5.5, 13.0, 6.5 ] },
								"east": { "texture": "#iron", "uv": [ 9.5, 5.5, 10.5, 6.5 ] },
								"south": { "texture": "#iron", "uv": [ 17.5, 5.5, 29.5, 6.5 ] },
								"west": { "texture": "#iron", "uv": [ 24.5, 4.5, 25.5, 5.5 ] },
								"up": { "texture": "#iron", "uv": [ 1.0, 5.0, 13.0, 6.0 ] },
								"down": { "texture": "#iron", "uv": [ 18.0, 4.5, 30.0, 5.5 ] }
							}
						},
						{
							"name": "Cube4",
							"from": [ -7.5, -0.75, -1.25 ],
							"to": [ -6.0, 0.75, 0.25 ],
							"rotationOrigin": [ -7.5, 0.0, -0.5 ],
							"faces": {
								"north": { "texture": "#brass", "uv": [ 0.0, 1.5, 1.5, 3.0 ] },
								"east": { "texture": "#brass", "uv": [ 1.5, 1.5, 3.0, 3.0 ] },
								"south": { "texture": "#brass", "uv": [ 3.0, 1.5, 4.5, 3.0 ] },
								"west": { "texture": "#brass", "uv": [ 4.5, 1.5, 6.0, 3.0 ] },
								"up": { "texture": "#brass", "uv": [ 0.0, 0.0, 1.5, 1.5 ] },
								"down": { "texture": "#brass", "uv": [ 1.5, 0.0, 3.0, 1.5 ] }
							}
						},
						{
							"name": "Cube5",
							"from": [ 6.0, -0.75, -1.25 ],
							"to": [ 7.5, 0.75, 0.25 ],
							"rotationOrigin": [ 7.0, 0.0, -0.5 ],
							"faces": {
								"north": { "texture": "#brass", "uv": [ 0.0, 1.5, 1.5, 3.0 ] },
								"east": { "texture": "#brass", "uv": [ 1.5, 1.5, 3.0, 3.0 ] },
								"south": { "texture": "#brass", "uv": [ 3.0, 1.5, 4.5, 3.0 ] },
								"west": { "texture": "#brass", "uv": [ 4.5, 1.5, 6.0, 3.0 ] },
								"up": { "texture": "#brass", "uv": [ 0.0, 0.0, 1.5, 1.5 ] },
								"down": { "texture": "#brass", "uv": [ 1.5, 0.0, 3.0, 1.5 ] }
							}
						}
					]
				},
				{
					"name": "Cube6",
					"from": [ 5.0, 0.0, 5.0 ],
					"to": [ 5.0, 0.0, 5.0 ],
					"rotationOrigin": [ 6.0, 0.0, 0.0 ],
					"rotationY": -22.5,
					"faces": {
						"north": { "texture": "#iron", "uv": [ 0.0, 0.0, 0.5, 0.5 ] },
						"east": { "texture": "#iron", "uv": [ 0.0, 0.0, 0.5, 0.5 ] },
						"south": { "texture": "#iron", "uv": [ 0.0, 0.0, 0.5, 0.5 ] },
						"west": { "texture": "#iron", "uv": [ 0.0, 0.0, 0.5, 0.5 ] },
						"up": { "texture": "#iron", "uv": [ 0.0, 0.0, 0.5, 0.5 ] },
						"down": { "texture": "#iron", "uv": [ 0.0, 0.0, 0.5, 0.5 ] }
					},
					"children": [
						{
							"name": "Cube10",
							"from": [ 0.0, 0.0, 0.0 ],
							"to": [ 0.0, 0.0, 0.0 ],
							"faces": {
								"north": { "texture": "#iron", "uv": [ 0.0, 0.0, 0.5, 0.5 ] },
								"east": { "texture": "#iron", "uv": [ 0.0, 0.0, 0.5, 0.5 ] },
								"south": { "texture": "#iron", "uv": [ 0.0, 0.0, 0.5, 0.5 ] },
								"west": { "texture": "#iron", "uv": [ 0.0, 0.0, 0.5, 0.5 ] },
								"up": { "texture": "#iron", "uv": [ 0.0, 0.0, 0.5, 0.5 ] },
								"down": { "texture": "#iron", "uv": [ 0.0, 0.0, 0.5, 0.5 ] }
							},
							"children": [
								{
									"name": "Cube7",
									"from": [ -0.5, -0.15, -16.0 ],
									"to": [ 0.5, 0.15, 0.0 ],
									"faces": {
										"north": { "texture": "#iron", "uv": [ 9.0, 6.0, 10.0, 6.5 ] },
										"east": { "texture": "#iron", "uv": [ 0.0, 6.0, 16.0, 6.5 ] },
										"south": { "texture": "#iron", "uv": [ 10.0, 5.5, 11.0, 6.0 ] },
										"west": { "texture": "#iron", "uv": [ 0.0, 5.5, 16.0, 6.0 ] },
										"up": { "texture": "#iron", "uv": [ 0.5, 4.5, 16.5, 5.5 ], "rotation": 90 },
										"down": { "texture": "#iron", "uv": [ 0.0, 15.0, 16.0, 16.0 ], "rotation": 90 }
									}
								},
								{
									"name": "Cube8",
									"from": [ -0.5, -0.15, -32.0 ],
									"to": [ 0.5, 0.15, -16.0 ],
									"rotationOrigin": [ 0.0, 0.0, -16.0 ],
									"faces": {
										"north": { "texture": "#iron", "uv": [ 0.0, 0.0, 1.0, 0.5 ] },
										"east": { "texture": "#iron", "uv": [ 0.0, 0.0, 16.0, 0.5 ] },
										"south": { "texture": "#iron", "uv": [ 0.0, 0.0, 1.0, 0.5 ] },
										"west": { "texture": "#iron", "uv": [ 0.0, 0.0, 16.0, 0.5 ] },
										"up": { "texture": "#iron", "uv": [ 0.0, 4.5, 16.0, 5.5 ], "rotation": 90, "windMode": [-1,-1,-1,-1] },
										"down": { "texture": "#iron", "uv": [ 0.0, 5.5, 16.0, 6.5 ], "rotation": 90 }
									}
								},
								{
									"name": "Cube9",
									"from": [ -0.5, -0.15, -48.0 ],
									"to": [ 0.5, 0.15, -32.0 ],
									"rotationOrigin": [ 0.0, 0.0, -32.0 ],
									"faces": {
										"north": { "texture": "#iron", "uv": [ 0.0, 0.0, 1.0, 0.5 ] },
										"east": { "texture": "#iron", "uv": [ 0.0, 5.0, 16.0, 5.5 ] },
										"south": { "texture": "#iron", "uv": [ 0.0, 0.0, 1.0, 0.5 ] },
										"west": { "texture": "#iron", "uv": [ 0.0, 0.0, 16.0, 0.5 ] },
										"up": { "texture": "#iron", "uv": [ 0.0, 4.5, 16.0, 5.5 ], "rotation": 90 },
										"down": { "texture": "#iron", "uv": [ 17.0, 0.0, 18.0, 16.0 ] }
									}
								}
							]
						},
						{
							"name": "Cube11",
							"from": [ 4.5, 0.0, 0.0 ],
							"to": [ 4.5, 0.0, 0.0 ],
							"rotationOrigin": [ 5.0, 0.0, 0.0 ],
							"faces": {
								"north": { "texture": "#iron", "uv": [ 0.0, 0.0, 0.5, 0.5 ] },
								"east": { "texture": "#iron", "uv": [ 0.0, 0.0, 0.5, 0.5 ] },
								"south": { "texture": "#iron", "uv": [ 0.0, 0.0, 0.5, 0.5 ] },
								"west": { "texture": "#iron", "uv": [ 0.0, 0.0, 0.5, 0.5 ] },
								"up": { "texture": "#iron", "uv": [ 0.0, 0.0, 0.5, 0.5 ] },
								"down": { "texture": "#iron", "uv": [ 0.0, 0.0, 0.5, 0.5 ] }
							},
							"children": [
								{
									"name": "Cube12",
									"from": [ -4.0, -0.2, -16.0 ],
									"to": [ -3.0, 0.2, 0.0 ],
									"rotationOrigin": [ -3.0, 0.0, 0.0 ],
									"faces": {
										"north": { "texture": "#iron", "uv": [ 0.0, 0.0, 1.0, 0.5 ] },
										"east": { "texture": "#iron", "uv": [ 0.0, 12.0, 16.0, 12.5 ] },
										"south": { "texture": "#iron", "uv": [ 0.0, 0.0, 1.0, 0.5 ] },
										"west": { "texture": "#iron", "uv": [ 0.0, 5.5, 16.0, 6.0 ] },
										"up": { "texture": "#iron", "uv": [ 3.5, 0.5, 4.5, 16.5 ] },
										"down": { "texture": "#iron", "uv": [ 6.0, 0.0, 7.0, 16.0 ] }
									}
								},
								{
									"name": "Cube13",
									"from": [ -4.0, -0.2, -32.0 ],
									"to": [ -3.0, 0.2, -16.0 ],
									"rotationOrigin": [ -3.0, 0.0, -16.0 ],
									"faces": {
										"north": { "texture": "#iron", "uv": [ 0.0, 0.0, 1.0, 0.5 ] },
										"east": { "texture": "#iron", "uv": [ 0.0, 4.5, 16.0, 5.0 ] },
										"south": { "texture": "#iron", "uv": [ 0.0, 0.0, 1.0, 0.5 ] },
										"west": { "texture": "#iron", "uv": [ 0.0, 12.0, 16.0, 12.5 ] },
										"up": { "texture": "#iron", "uv": [ 2.0, 0.0, 3.0, 16.0 ] },
										"down": { "texture": "#iron", "uv": [ 10.5, 0.0, 11.5, 16.0 ] }
									}
								},
								{
									"name": "Cube14",
									"from": [ -4.0, -0.2, -45.0 ],
									"to": [ -3.0, 0.2, -32.0 ],
									"rotationOrigin": [ -3.0, 0.0, -29.0 ],
									"faces": {
										"north": { "texture": "#iron", "uv": [ 0.0, 0.0, 1.0, 0.5 ] },
										"east": { "texture": "#iron", "uv": [ 0.0, 3.5, 13.0, 4.0 ] },
										"south": { "texture": "#iron", "uv": [ 0.0, 0.0, 1.0, 0.5 ] },
										"west": { "texture": "#iron", "uv": [ 0.0, 3.5, 13.0, 4.0 ] },
										"up": { "texture": "#iron", "uv": [ 10.5, 0.0, 11.5, 13.0 ] },
										"down": { "texture": "#iron", "uv": [ 3.5, 0.0, 4.5, 13.0 ] }
									}
								}
							]
						},
						{
							"name": "Cube15",
							"from": [ -3.5, 0.0, 0.0 ],
							"to": [ -3.5, 0.0, 0.0 ],
							"rotationOrigin": [ -2.0, 0.0, 0.0 ],
							"faces": {
								"north": { "texture": "#iron", "uv": [ 0.0, 0.0, 0.5, 0.5 ] },
								"east": { "texture": "#iron", "uv": [ 0.0, 0.0, 0.5, 0.5 ] },
								"south": { "texture": "#iron", "uv": [ 0.0, 0.0, 0.5, 0.5 ] },
								"west": { "texture": "#iron", "uv": [ 0.0, 0.0, 0.5, 0.5 ] },
								"up": { "texture": "#iron", "uv": [ 0.0, 0.0, 0.5, 0.5 ] },
								"down": { "texture": "#iron", "uv": [ 0.0, 0.0, 0.5, 0.5 ] }
							},
							"children": [
								{
									"name": "Cube16",
									"from": [ 2.0, -0.2, -16.0 ],
									"to": [ 3.0, 0.2, 0.0 ],
									"rotationOrigin": [ 1.0, 0.0, 0.0 ],
									"faces": {
										"north": { "texture": "#iron", "uv": [ 0.0, 0.0, 1.0, 0.5 ] },
										"east": { "texture": "#iron", "uv": [ 0.0, 3.5, 16.0, 4.0 ] },
										"south": { "texture": "#iron", "uv": [ 0.0, 0.0, 1.0, 0.5 ] },
										"west": { "texture": "#iron", "uv": [ 0.0, 12.0, 16.0, 12.5 ] },
										"up": { "texture": "#iron", "uv": [ 4.5, 0.0, 5.5, 16.0 ] },
										"down": { "texture": "#iron", "uv": [ 0.0, 0.0, 1.0, 16.0 ] }
									}
								},
								{
									"name": "Cube17",
									"from": [ 2.0, -0.2, -32.0 ],
									"to": [ 3.0, 0.2, -16.0 ],
									"rotationOrigin": [ 0.0, 0.0, -16.0 ],
									"faces": {
										"north": { "texture": "#iron", "uv": [ 0.0, 0.0, 1.0, 0.5 ] },
										"east": { "texture": "#iron", "uv": [ 0.0, 12.5, 16.0, 13.0 ] },
										"south": { "texture": "#iron", "uv": [ 0.0, 0.0, 1.0, 0.5 ] },
										"west": { "texture": "#iron", "uv": [ 0.0, 3.0, 16.0, 3.5 ] },
										"up": { "texture": "#iron", "uv": [ 9.5, 0.0, 10.5, 16.0 ] },
										"down": { "texture": "#iron", "uv": [ 6.0, 0.0, 7.0, 16.0 ] }
									}
								},
								{
									"name": "Cube18",
									"from": [ 2.0, -0.2, -45.0 ],
									"to": [ 3.0, 0.2, -32.0 ],
									"rotationOrigin": [ 0.0, 0.0, -29.0 ],
									"faces": {
										"north": { "texture": "#iron", "uv": [ 0.0, 0.0, 1.0, 0.5 ] },
										"east": { "texture": "#iron", "uv": [ 0.0, 5.5, 13.0, 6.0 ] },
										"south": { "texture": "#iron", "uv": [ 0.0, 0.0, 1.0, 0.5 ] },
										"west": { "texture": "#iron", "uv": [ 0.0, 10.5, 13.0, 11.0 ] },
										"up": { "texture": "#iron", "uv": [ 5.0, 0.0, 6.0, 13.0 ] },
										"down": { "texture": "#iron", "uv": [ 4.5, 0.0, 5.5, 13.0 ] }
									}
								},
								{
									"name": "Cube23",
									"from": [ 2.0, -0.2, -49.73 ],
									"to": [ 3.0, 0.2, -48.0 ],
									"rotationOrigin": [ 2.0, 0.0, -48.0 ],
									"rotationY": -60.0,
									"faces": {
										"north": { "texture": "#iron", "uv": [ 0.0, 0.0, 1.0, 0.5 ] },
										"east": { "texture": "#iron", "uv": [ 0.0, 5.5, 1.5, 6.0 ] },
										"south": { "texture": "#iron", "uv": [ 0.0, 0.0, 1.0, 0.5 ] },
										"west": { "texture": "#iron", "uv": [ 0.0, 10.5, 1.5, 11.0 ] },
										"up": { "texture": "#iron", "uv": [ 5.0, 0.0, 6.0, 1.5 ] },
										"down": { "texture": "#iron", "uv": [ 4.5, 0.0, 5.5, 1.5 ] }
									}
								},
								{
									"name": "Cube24",
									"from": [ 4.0, -0.2, -49.73 ],
									"to": [ 5.0, 0.2, -48.0 ],
									"rotationOrigin": [ 5.0, 0.0, -48.0 ],
									"rotationY": 60.0,
									"faces": {
										"north": { "texture": "#iron", "uv": [ 0.0, 0.0, 1.0, 0.5 ] },
										"east": { "texture": "#iron", "uv": [ 0.0, 5.5, 1.5, 6.0 ] },
										"south": { "texture": "#iron", "uv": [ 0.0, 0.0, 1.0, 0.5 ] },
										"west": { "texture": "#iron", "uv": [ 0.0, 10.5, 1.5, 11.0 ] },
										"up": { "texture": "#iron", "uv": [ 5.0, 0.0, 6.0, 1.5 ] },
										"down": { "texture": "#iron", "uv": [ 4.5, 0.0, 5.5, 1.5 ] }
									}
								}
							]
						},
						{
							"name": "Cube19",
							"from": [ 4.0, 0.0, 0.0 ],
							"to": [ 4.0, 0.0, 0.0 ],
							"rotationOrigin": [ 4.0, 0.0, 0.0 ],
							"faces": {
								"north": { "texture": "#iron", "uv": [ 0.0, 0.0, 0.5, 0.5 ] },
								"east": { "texture": "#iron", "uv": [ 0.0, 0.0, 0.5, 0.5 ] },
								"south": { "texture": "#iron", "uv": [ 0.0, 0.0, 0.5, 0.5 ] },
								"west": { "texture": "#iron", "uv": [ 0.0, 0.0, 0.5, 0.5 ] },
								"up": { "texture": "#iron", "uv": [ 0.0, 0.0, 0.5, 0.5 ] },
								"down": { "texture": "#iron", "uv": [ 0.0, 0.0, 0.5, 0.5 ] }
							},
							"children": [
								{
									"name": "Cube20",
									"from": [ -2.5, -0.1, -16.0 ],
									"to": [ -1.5, 0.1, 0.0 ],
									"faces": {
										"north": { "texture": "#iron", "uv": [ 0.0, 0.0, 1.0, 0.5 ] },
										"east": { "texture": "#iron", "uv": [ 0.0, 0.0, 16.0, 0.5 ] },
										"south": { "texture": "#iron", "uv": [ 0.0, 0.0, 1.0, 0.5 ] },
										"west": { "texture": "#iron", "uv": [ 0.0, 0.0, 16.0, 0.5 ] },
										"up": { "texture": "#iron", "uv": [ 0.0, 0.0, 1.0, 16.0 ] },
										"down": { "texture": "#iron", "uv": [ 0.0, 0.0, 1.0, 16.0 ] }
									}
								},
								{
									"name": "Cube21",
									"from": [ -2.5, -0.1, -32.0 ],
									"to": [ -1.5, 0.1, -16.0 ],
									"rotationOrigin": [ 0.0, 0.0, -16.0 ],
									"faces": {
										"north": { "texture": "#iron", "uv": [ 0.0, 0.0, 1.0, 0.5 ] },
										"east": { "texture": "#iron", "uv": [ 0.0, 0.0, 16.0, 0.5 ] },
										"south": { "texture": "#iron", "uv": [ 0.0, 0.0, 1.0, 0.5 ] },
										"west": { "texture": "#iron", "uv": [ 0.0, 0.0, 16.0, 0.5 ] },
										"up": { "texture": "#iron", "uv": [ 0.0, 0.0, 1.0, 16.0 ] },
										"down": { "texture": "#iron", "uv": [ 0.0, 0.0, 1.0, 16.0 ] }
									}
								},
								{
									"name": "Cube22",
									"from": [ -2.5, -0.1, -48.0 ],
									"to": [ -1.5, 0.1, -32.0 ],
									"rotationOrigin": [ 0.0, 0.0, -32.0 ],
									"faces": {
										"north": { "texture": "#iron", "uv": [ 0.0, 0.0, 1.0, 0.5 ] },
										"east": { "texture": "#iron", "uv": [ 0.0, 0.0, 16.0, 0.5 ] },
										"south": { "texture": "#iron", "uv": [ 0.0, 0.0, 1.0, 0.5 ] },
										"west": { "texture": "#iron", "uv": [ 0.0, 0.0, 16.0, 0.5 ] },
										"up": { "texture": "#iron", "uv": [ 0.0, 0.0, 1.0, 16.0 ] },
										"down": { "texture": "#iron", "uv": [ 0.0, 0.0, 1.0, 16.0 ] }
									}
								}
							]
						},
						{
							"name": "Cube27",
							"from": [ -4.0, 0.0, 0.0 ],
							"to": [ -4.0, 0.0, 0.0 ],
							"rotationOrigin": [ -4.0, 0.0, 0.0 ],
							"faces": {
								"north": { "texture": "#iron", "uv": [ 0.0, 0.0, 0.5, 0.5 ] },
								"east": { "texture": "#iron", "uv": [ 0.0, 0.0, 0.5, 0.5 ] },
								"south": { "texture": "#iron", "uv": [ 0.0, 0.0, 0.5, 0.5 ] },
								"west": { "texture": "#iron", "uv": [ 0.0, 0.0, 0.5, 0.5 ] },
								"up": { "texture": "#iron", "uv": [ 0.0, 0.0, 0.5, 0.5 ] },
								"down": { "texture": "#iron", "uv": [ 0.0, 0.0, 0.5, 0.5 ] }
							},
							"children": [
								{
									"name": "Cube28",
									"from": [ 1.5, -0.1, -16.0 ],
									"to": [ 2.5, 0.1, 0.0 ],
									"faces": {
										"north": { "texture": "#iron", "uv": [ 0.0, 0.0, 1.0, 0.5 ] },
										"east": { "texture": "#iron", "uv": [ 0.0, 5.0, 16.0, 5.5 ] },
										"south": { "texture": "#iron", "uv": [ 0.0, 0.0, 1.0, 0.5 ] },
										"west": { "texture": "#iron", "uv": [ 0.0, 12.0, 16.0, 12.5 ] },
										"up": { "texture": "#iron", "uv": [ 3.5, 0.0, 4.5, 16.0 ] },
										"down": { "texture": "#iron", "uv": [ 0.0, 0.0, 1.0, 16.0 ] }
									}
								},
								{
									"name": "Cube29",
									"from": [ 1.5, -0.1, -32.0 ],
									"to": [ 2.5, 0.1, -16.0 ],
									"rotationOrigin": [ 0.0, 0.0, -16.0 ],
									"faces": {
										"north": { "texture": "#iron", "uv": [ 0.0, 0.0, 1.0, 0.5 ] },
										"east": { "texture": "#iron", "uv": [ 0.0, 3.5, 16.0, 4.0 ] },
										"south": { "texture": "#iron", "uv": [ 0.0, 0.0, 1.0, 0.5 ] },
										"west": { "texture": "#iron", "uv": [ 0.0, 12.0, 16.0, 12.5 ] },
										"up": { "texture": "#iron", "uv": [ 1.5, 0.0, 2.5, 16.0 ] },
										"down": { "texture": "#iron", "uv": [ 5.0, 0.0, 6.0, 16.0 ] }
									}
								},
								{
									"name": "Cube30",
									"from": [ 1.5, -0.1, -48.0 ],
									"to": [ 2.5, 0.1, -32.0 ],
									"rotationOrigin": [ 0.0, 0.0, -32.0 ],
									"faces": {
										"north": { "texture": "#iron", "uv": [ 0.0, 0.0, 1.0, 0.5 ] },
										"east": { "texture": "#iron", "uv": [ 0.0, 12.5, 16.0, 13.0 ] },
										"south": { "texture": "#iron", "uv": [ 0.0, 0.0, 1.0, 0.5 ] },
										"west": { "texture": "#iron", "uv": [ 0.0, 5.0, 16.0, 5.5 ] },
										"up": { "texture": "#iron", "uv": [ 0.0, 0.0, 1.0, 16.0 ] },
										"down": { "texture": "#iron", "uv": [ 0.0, 0.0, 1.0, 16.0 ] }
									}
								}
							]
						},
						{
							"name": "Cube31",
							"from": [ 0.5, -0.1, -50.9 ],
							"to": [ 2.5, 0.1, -48.0 ],
							"rotationOrigin": [ 2.5, 0.0, -48.0 ],
							"rotationY": 60.0,
							"faces": {
								"north": { "texture": "#iron", "uv": [ 0.0, 0.0, 2.0, 0.5 ] },
								"east": { "texture": "#iron", "uv": [ 0.0, 0.0, 2.5, 0.5 ] },
								"south": { "texture": "#iron", "uv": [ 0.0, 0.0, 2.0, 0.5 ] },
								"west": { "texture": "#iron", "uv": [ 0.0, 0.0, 2.5, 0.5 ] },
								"up": { "texture": "#iron", "uv": [ 2.5, 4.5, 4.5, 7.0 ] },
								"down": { "texture": "#iron", "uv": [ 3.0, 5.5, 5.0, 8.0 ] }
							}
						},
						{
							"name": "Cube32",
							"from": [ -2.5, -0.1, -50.9 ],
							"to": [ -0.5, 0.1, -48.0 ],
							"rotationOrigin": [ -2.5, 0.0, -48.0 ],
							"rotationY": -60.0,
							"faces": {
								"north": { "texture": "#iron", "uv": [ 0.0, 0.0, 2.0, 0.5 ] },
								"east": { "texture": "#iron", "uv": [ 0.0, 0.0, 2.5, 0.5 ] },
								"south": { "texture": "#iron", "uv": [ 0.0, 0.0, 2.0, 0.5 ] },
								"west": { "texture": "#iron", "uv": [ 0.0, 0.0, 2.5, 0.5 ] },
								"up": { "texture": "#iron", "uv": [ 5.0, 4.5, 7.0, 7.0 ] },
								"down": { "texture": "#iron", "uv": [ 2.0, 4.5, 4.0, 7.0 ] }
							}
						},
						{
							"name": "tong",
							"from": [ -0.6, -0.4, 0.0 ],
							"to": [ 0.6, 0.4, 13.0 ],
							"rotationOrigin": [ -0.6, -0.4, 0.0 ],
							"faces": {
								"north": { "texture": "#iron", "uv": [ 0.0, 0.0, 1.0, 0.5 ] },
								"east": { "texture": "#iron", "uv": [ 0.0, 0.0, 13.0, 0.5 ] },
								"south": { "texture": "#iron", "uv": [ 0.0, 0.0, 1.0, 0.5 ] },
								"west": { "texture": "#iron", "uv": [ 0.0, 0.0, 13.0, 0.5 ] },
								"up": { "texture": "#iron", "uv": [ 0.0, 0.0, 1.0, 13.0 ] },
								"down": { "texture": "#iron", "uv": [ 0.0, 0.0, 1.0, 13.0 ] }
							},
							"children": [
								{
									"name": "tong2",
									"from": [ -0.6, -0.6, 14.0 ],
									"to": [ 1.8, 1.4, 15.4 ],
									"rotationOrigin": [ -0.6, -0.6, 14.0 ],
									"faces": {
										"north": { "texture": "#brass", "uv": [ 0.0, 0.0, 2.0, 2.0 ] },
										"east": { "texture": "#brass", "uv": [ 0.0, 0.0, 1.0, 2.0 ] },
										"south": { "texture": "#brass", "uv": [ 0.0, 0.0, 2.0, 2.0 ] },
										"west": { "texture": "#brass", "uv": [ 0.0, 0.0, 1.0, 2.0 ] },
										"up": { "texture": "#brass", "uv": [ 0.0, 0.0, 2.0, 1.0 ] },
										"down": { "texture": "#brass", "uv": [ 0.0, 0.0, 2.0, 1.0 ] }
									}
								},
								{
									"name": "tong3",
									"from": [ -0.4, -0.3, 12.4 ],
									"to": [ 1.6, 1.1, 14.0 ],
									"rotationOrigin": [ -0.4, -0.3, 12.4 ],
									"faces": {
										"north": { "texture": "#iron", "uv": [ 8.5, 9.5, 10.5, 10.5 ] },
										"east": { "texture": "#iron", "uv": [ 8.5, 9.0, 10.0, 10.0 ] },
										"south": { "texture": "#iron", "uv": [ 8.0, 8.5, 10.0, 9.5 ] },
										"west": { "texture": "#iron", "uv": [ 8.0, 9.5, 9.5, 10.5 ] },
										"up": { "texture": "#iron", "uv": [ 8.5, 9.5, 10.5, 11.0 ] },
										"down": { "texture": "#iron", "uv": [ 8.5, 9.5, 10.5, 11.0 ] }
									}
								},
								{
									"name": "handle_2",
									"from": [ -0.4, -0.2, 6.3 ],
									"to": [ 1.6, 1.0, 7.0 ],
									"rotationOrigin": [ -0.4, -0.2, 6.3 ],
									"faces": {
										"north": { "texture": "#iron", "uv": [ 0.0, 0.0, 2.0, 1.0 ] },
										"east": { "texture": "#iron", "uv": [ 0.0, 0.0, 0.5, 1.0 ] },
										"south": { "texture": "#iron", "uv": [ 0.0, 0.0, 2.0, 1.0 ] },
										"west": { "texture": "#iron", "uv": [ 0.0, 0.0, 0.5, 1.0 ] },
										"up": { "texture": "#iron", "uv": [ 0.0, 0.0, 2.0, 0.5 ] },
										"down": { "texture": "#iron", "uv": [ 0.0, 0.0, 2.0, 0.5 ] }
									}
								}
							]
						}
					]
				}
			]
		}
	]}