{
	"editor": {
		"collapsedPaths": "Root/origin/handle,Root/Spear/Head/Blade/Cube12,Root/Spear/Dec/Cube27,Root/Sowrd/Metal/tong/Cube5,Root/Spear/Head/Blade/blade_13,Root/Sowrd/Metal/tong/Cube4,Root/Sowrd/Metal/Guard/ring_24,Root/origin/Large gear 2,Root/origin/Large gear 1,Root/Sowrd/Blade/Guard,Root/Sowrd/Metal/Blade/blade_3,Root/Spear/Dec/Cube10/Cube12,Root/Spear/Head/Blade/blade_2/blade_8,Root/Spear/Head/Blade/blade_2/blade_3,Root/Spear/Head/Blade/blade_2/blade_14,Root/Spear/Head/Blade/Cube7,Root/Spear/Head/Blade/Cube5,Root/Spear/Head/Blade/Cube4,Root/origin,Root/Spear/Dec/Cube35,Root/Sowrd/Metal/Guard/ring_17,Root/Spear/Head/Blade/blade_2,Root/Sowrd/Blade/blade_3,Root/Sowrd/Blade/tong,Root/Sowrd/Blade/blade_1,Root/Sowrd/Metal/Guard/ring_11,Root/Sowrd/Metal/blade_1/blade_11,Root/origin/segment end,Root/Sowrd/Blade/blade_6",
		"allAngles": false,
		"entityTextureMode": false
	},
	"textureWidth": 16,
	"textureHeight": 16,
	"textureSizes": {
		"iron": [32,16],
		"brass": [32,16],
		"brown": [16,16],
		"gold": [32,16],
		"black": [16,16],
		"meteoriciron1": [16,16]
	},
	"textures": {
		"meteoriciron1": "/Users/th350/AppData/Roaming/Vintagestory/assets/survival/textures/block/metal/sheet/meteoriciron1",
		"iron": "/Users/th350/AppData/Roaming/Vintagestory/assets/survival/textures/item/tool/material/iron"
	},
	"elements": [
		{
			"name": "Sowrd",
			"from": [ 8.1, 0.0, 8.0 ],
			"to": [ 8.1, 0.0, 8.0 ],
			"rotationOrigin": [ 8.1, 0.0, 8.0 ],
			"rotationY": -90.0,
			"rotationZ": -90.0,
			"faces": {
				"north": { "texture": "#blade", "uv": [ 0.0, 0.0, 0.5, 0.5 ] },
				"east": { "texture": "#blade", "uv": [ 0.0, 0.0, 0.5, 0.5 ] },
				"south": { "texture": "#blade", "uv": [ 0.0, 0.0, 0.5, 0.5 ] },
				"west": { "texture": "#blade", "uv": [ 0.0, 0.0, 0.5, 0.5 ] },
				"up": { "texture": "#blade", "uv": [ 0.0, 0.0, 0.5, 0.5 ] },
				"down": { "texture": "#blade", "uv": [ 0.0, 0.0, 0.5, 0.5 ] }
			},
			"children": [
				{
					"name": "Metal",
					"from": [ 0.0, 0.0, 0.0 ],
					"to": [ 0.0, 0.0, 0.0 ],
					"faces": {
						"north": { "texture": "#meteoriciron1", "uv": [ 0.0, 0.0, 0.5, 0.5 ] },
						"east": { "texture": "#meteoriciron1", "uv": [ 0.0, 0.0, 0.5, 0.5 ] },
						"south": { "texture": "#meteoriciron1", "uv": [ 0.0, 0.0, 0.5, 0.5 ] },
						"west": { "texture": "#meteoriciron1", "uv": [ 0.0, 0.0, 0.5, 0.5 ] },
						"up": { "texture": "#meteoriciron1", "uv": [ 0.0, 0.0, 0.5, 0.5 ] },
						"down": { "texture": "#meteoriciron1", "uv": [ 0.0, 0.0, 0.5, 0.5 ] }
					}
				},
				{
					"name": "Handle",
					"from": [ 0.0, 0.0, 0.0 ],
					"to": [ 0.0, 0.0, 1.0 ],
					"faces": {
						"north": { "texture": "#brown", "uv": [ 0.0, 0.0, 0.5, 0.5 ] },
						"east": { "texture": "#brown", "uv": [ 0.0, 0.0, 1.0, 0.5 ] },
						"south": { "texture": "#brown", "uv": [ 0.0, 0.0, 0.5, 0.5 ] },
						"west": { "texture": "#brown", "uv": [ 0.0, 0.0, 1.0, 0.5 ] },
						"up": { "texture": "#brown", "uv": [ 0.0, 0.0, 0.5, 1.0 ] },
						"down": { "texture": "#brown", "uv": [ 0.0, 0.0, 0.5, 1.0 ] }
					}
				},
				{
					"name": "Cube2",
					"from": [ 0.0, 0.0, 0.5 ],
					"to": [ 0.0, 0.0, 0.5 ],
					"rotationOrigin": [ 0.0, 0.0, 0.0 ],
					"rotationX": 45.0,
					"faces": {
						"north": { "texture": "#iron", "uv": [ 0.0, 0.0, 0.5, 0.5 ] },
						"east": { "texture": "#iron", "uv": [ 0.0, 0.0, 0.5, 0.5 ] },
						"south": { "texture": "#iron", "uv": [ 0.0, 0.0, 0.5, 0.5 ] },
						"west": { "texture": "#iron", "uv": [ 0.0, 0.0, 0.5, 0.5 ] },
						"up": { "texture": "#iron", "uv": [ 0.0, 0.0, 0.5, 0.5 ] },
						"down": { "texture": "#iron", "uv": [ 0.0, 0.0, 0.5, 0.5 ] }
					}
				},
				{
					"name": "Cube6",
					"from": [ 0.0, -8.0, 21.0 ],
					"to": [ 0.0, -8.0, 21.0 ],
					"rotationOrigin": [ 0.0, -8.0, 21.0 ],
					"rotationX": 22.5,
					"rotationZ": 90.0,
					"faces": {
						"north": { "texture": "#meteoriciron1", "uv": [ 0.0, 0.0, 0.5, 0.5 ] },
						"east": { "texture": "#meteoriciron1", "uv": [ 0.0, 0.0, 0.5, 0.5 ] },
						"south": { "texture": "#meteoriciron1", "uv": [ 0.0, 0.0, 0.5, 0.5 ] },
						"west": { "texture": "#meteoriciron1", "uv": [ 0.0, 0.0, 0.5, 0.5 ] },
						"up": { "texture": "#meteoriciron1", "uv": [ 0.0, 0.0, 0.5, 0.5 ] },
						"down": { "texture": "#meteoriciron1", "uv": [ 0.0, 0.0, 0.5, 0.5 ] }
					},
					"children": [
						{
							"name": "Cube10",
							"from": [ 0.0, 0.0, 0.0 ],
							"to": [ 0.0, 0.0, 0.0 ],
							"faces": {
								"north": { "texture": "#meteoriciron1", "uv": [ 0.0, 0.0, 0.5, 0.5 ] },
								"east": { "texture": "#meteoriciron1", "uv": [ 0.0, 0.0, 0.5, 0.5 ] },
								"south": { "texture": "#meteoriciron1", "uv": [ 0.0, 0.0, 0.5, 0.5 ] },
								"west": { "texture": "#meteoriciron1", "uv": [ 0.0, 0.0, 0.5, 0.5 ] },
								"up": { "texture": "#meteoriciron1", "uv": [ 0.0, 0.0, 0.5, 0.5 ] },
								"down": { "texture": "#meteoriciron1", "uv": [ 0.0, 0.0, 0.5, 0.5 ] }
							},
							"children": [
								{
									"name": "Cube8",
									"from": [ -0.25, -0.15, -29.5 ],
									"to": [ 0.25, 0.15, -15.5 ],
									"rotationOrigin": [ 0.0, 0.0, -14.0 ],
									"faces": {
										"north": { "texture": "#meteoriciron1", "uv": [ 0.0, 0.0, 0.5, 0.5 ] },
										"east": { "texture": "#meteoriciron1", "uv": [ 0.0, 0.0, 14.0, 0.5 ] },
										"south": { "texture": "#meteoriciron1", "uv": [ 0.0, 0.0, 0.5, 0.5 ] },
										"west": { "texture": "#meteoriciron1", "uv": [ 0.0, 0.0, 14.0, 0.5 ] },
										"up": { "texture": "#meteoriciron1", "uv": [ 2.0, 0.0, 16.0, 0.5 ], "rotation": 90, "windMode": [-1,-1,-1,-1] },
										"down": { "texture": "#meteoriciron1", "uv": [ 2.0, 0.0, 16.0, 0.5 ], "rotation": 90 }
									}
								},
								{
									"name": "Cube16",
									"from": [ -0.25, -0.15, -15.5 ],
									"to": [ 0.25, 0.15, -11.0 ],
									"rotationOrigin": [ 0.0, 0.0, 1.0 ],
									"faces": {
										"north": { "texture": "#meteoriciron1", "uv": [ 9.0, 6.0, 9.5, 6.5 ] },
										"east": { "texture": "#meteoriciron1", "uv": [ 0.0, 6.0, 4.5, 6.5 ] },
										"south": { "texture": "#meteoriciron1", "uv": [ 10.0, 5.5, 10.5, 6.0 ] },
										"west": { "texture": "#meteoriciron1", "uv": [ 0.0, 5.5, 4.5, 6.0 ] },
										"up": { "texture": "#meteoriciron1", "uv": [ 1.0, 0.0, 5.5, 0.5 ], "rotation": 90 },
										"down": { "texture": "#meteoriciron1", "uv": [ 1.0, 0.0, 5.5, 0.5 ], "rotation": 90 }
									}
								}
							]
						},
						{
							"name": "Cube11",
							"from": [ 4.5, 0.0, 0.0 ],
							"to": [ 4.5, 0.0, 0.0 ],
							"rotationOrigin": [ 5.0, 0.0, 0.0 ],
							"faces": {
								"north": { "texture": "#meteoriciron1", "uv": [ 0.0, 0.0, 0.5, 0.5 ] },
								"east": { "texture": "#meteoriciron1", "uv": [ 0.0, 0.0, 0.5, 0.5 ] },
								"south": { "texture": "#meteoriciron1", "uv": [ 0.0, 0.0, 0.5, 0.5 ] },
								"west": { "texture": "#meteoriciron1", "uv": [ 0.0, 0.0, 0.5, 0.5 ] },
								"up": { "texture": "#meteoriciron1", "uv": [ 0.0, 0.0, 0.5, 0.5 ] },
								"down": { "texture": "#meteoriciron1", "uv": [ 0.0, 0.0, 0.5, 0.5 ] }
							},
							"children": [
								{
									"name": "Cube13",
									"from": [ -4.25, -0.2, -25.0 ],
									"to": [ -3.75, 0.2, -16.0 ],
									"rotationOrigin": [ -3.0, 0.0, -9.0 ],
									"faces": {
										"north": { "texture": "#meteoriciron1", "uv": [ 0.0, 0.0, 0.5, 0.5 ] },
										"east": { "texture": "#meteoriciron1", "uv": [ 0.0, 4.5, 9.0, 5.0 ] },
										"south": { "texture": "#meteoriciron1", "uv": [ 0.0, 0.0, 0.5, 0.5 ] },
										"west": { "texture": "#meteoriciron1", "uv": [ 0.0, 12.0, 9.0, 12.5 ] },
										"up": { "texture": "#meteoriciron1", "uv": [ 8.0, 4.5, 8.5, 13.5 ] },
										"down": { "texture": "#meteoriciron1", "uv": [ 12.0, 7.0, 12.5, 16.0 ] }
									}
								},
								{
									"name": "Cube24",
									"from": [ -4.25, -0.2, -16.0 ],
									"to": [ -3.75, 0.2, -13.0 ],
									"rotationOrigin": [ -3.0, 0.0, 0.0 ],
									"faces": {
										"north": { "texture": "#meteoriciron1", "uv": [ 0.0, 0.0, 0.5, 0.5 ] },
										"east": { "texture": "#meteoriciron1", "uv": [ 0.0, 12.0, 3.0, 12.5 ] },
										"south": { "texture": "#meteoriciron1", "uv": [ 0.0, 0.0, 0.5, 0.5 ] },
										"west": { "texture": "#meteoriciron1", "uv": [ 0.0, 5.5, 3.0, 6.0 ] },
										"up": { "texture": "#meteoriciron1", "uv": [ 12.0, 0.5, 12.5, 3.5 ] },
										"down": { "texture": "#meteoriciron1", "uv": [ 12.0, 0.5, 12.5, 3.5 ] }
									}
								}
							]
						},
						{
							"name": "Cube15",
							"from": [ -3.5, 0.0, 0.0 ],
							"to": [ -3.5, 0.0, 0.0 ],
							"rotationOrigin": [ -2.0, 0.0, 0.0 ],
							"faces": {
								"north": { "texture": "#meteoriciron1", "uv": [ 0.0, 0.0, 0.5, 0.5 ] },
								"east": { "texture": "#meteoriciron1", "uv": [ 0.0, 0.0, 0.5, 0.5 ] },
								"south": { "texture": "#meteoriciron1", "uv": [ 0.0, 0.0, 0.5, 0.5 ] },
								"west": { "texture": "#meteoriciron1", "uv": [ 0.0, 0.0, 0.5, 0.5 ] },
								"up": { "texture": "#meteoriciron1", "uv": [ 0.0, 0.0, 0.5, 0.5 ] },
								"down": { "texture": "#meteoriciron1", "uv": [ 0.0, 0.0, 0.5, 0.5 ] }
							},
							"children": [
								{
									"name": "Cube17",
									"from": [ 2.75, -0.2, -25.0 ],
									"to": [ 3.25, 0.2, -16.0 ],
									"rotationOrigin": [ 2.0, 0.0, -9.0 ],
									"faces": {
										"north": { "texture": "#meteoriciron1", "uv": [ 0.0, 0.0, 0.5, 0.5 ] },
										"east": { "texture": "#meteoriciron1", "uv": [ 0.0, 12.5, 9.0, 13.0 ] },
										"south": { "texture": "#meteoriciron1", "uv": [ 0.0, 0.0, 0.5, 0.5 ] },
										"west": { "texture": "#meteoriciron1", "uv": [ 0.0, 3.0, 9.0, 3.5 ] },
										"up": { "texture": "#meteoriciron1", "uv": [ 8.0, 2.5, 8.5, 11.5 ] },
										"down": { "texture": "#meteoriciron1", "uv": [ 6.0, 0.0, 6.5, 9.0 ] }
									}
								},
								{
									"name": "Cube18",
									"from": [ 2.75, -0.2, -34.0 ],
									"to": [ 3.25, 0.2, -25.0 ],
									"rotationOrigin": [ 2.75, 0.0, -25.0 ],
									"rotationY": -3.0,
									"faces": {
										"north": { "texture": "#meteoriciron1", "uv": [ 6.5, 3.5, 7.0, 4.0 ] },
										"east": { "texture": "#meteoriciron1", "uv": [ 0.0, 12.5, 9.0, 13.0 ] },
										"south": { "texture": "#meteoriciron1", "uv": [ 5.0, 3.0, 5.5, 3.5 ] },
										"west": { "texture": "#meteoriciron1", "uv": [ 0.0, 3.0, 9.0, 3.5 ] },
										"up": { "texture": "#meteoriciron1", "uv": [ 8.0, 0.5, 8.5, 9.5 ] },
										"down": { "texture": "#meteoriciron1", "uv": [ 10.0, 5.0, 10.5, 14.0 ] }
									}
								},
								{
									"name": "Cube22",
									"from": [ 3.75, -0.2, -34.0 ],
									"to": [ 4.25, 0.2, -25.0 ],
									"rotationOrigin": [ 4.25, 0.0, -25.0 ],
									"rotationY": 3.0,
									"faces": {
										"north": { "texture": "#meteoriciron1", "uv": [ 3.5, 2.5, 4.0, 3.0 ] },
										"east": { "texture": "#meteoriciron1", "uv": [ 0.0, 12.5, 9.0, 13.0 ] },
										"south": { "texture": "#meteoriciron1", "uv": [ 2.5, 3.0, 3.0, 3.5 ] },
										"west": { "texture": "#meteoriciron1", "uv": [ 0.0, 3.0, 9.0, 3.5 ] },
										"up": { "texture": "#meteoriciron1", "uv": [ 8.0, 5.0, 8.5, 14.0 ] },
										"down": { "texture": "#meteoriciron1", "uv": [ 11.0, 3.5, 11.5, 12.5 ] }
									}
								},
								{
									"name": "Cube23",
									"from": [ 2.75, -0.2, -16.0 ],
									"to": [ 3.25, 0.2, -8.0 ],
									"rotationOrigin": [ 2.0, 0.0, 0.0 ],
									"faces": {
										"north": { "texture": "#meteoriciron1", "uv": [ 0.0, 0.0, 0.5, 0.5 ] },
										"east": { "texture": "#meteoriciron1", "uv": [ 0.0, 3.5, 8.0, 4.0 ] },
										"south": { "texture": "#meteoriciron1", "uv": [ 0.0, 0.0, 0.5, 0.5 ] },
										"west": { "texture": "#meteoriciron1", "uv": [ 0.0, 12.0, 8.0, 12.5 ] },
										"up": { "texture": "#meteoriciron1", "uv": [ 8.0, 0.0, 8.5, 8.0 ] },
										"down": { "texture": "#meteoriciron1", "uv": [ 8.0, 0.0, 8.5, 8.0 ] }
									}
								}
							]
						},
						{
							"name": "Cube19",
							"from": [ 4.0, 0.0, 0.0 ],
							"to": [ 4.0, 0.0, 0.0 ],
							"rotationOrigin": [ 4.0, 0.0, 0.0 ],
							"faces": {
								"north": { "texture": "#meteoriciron1", "uv": [ 0.0, 0.0, 0.5, 0.5 ] },
								"east": { "texture": "#meteoriciron1", "uv": [ 0.0, 0.0, 0.5, 0.5 ] },
								"south": { "texture": "#meteoriciron1", "uv": [ 0.0, 0.0, 0.5, 0.5 ] },
								"west": { "texture": "#meteoriciron1", "uv": [ 0.0, 0.0, 0.5, 0.5 ] },
								"up": { "texture": "#meteoriciron1", "uv": [ 0.0, 0.0, 0.5, 0.5 ] },
								"down": { "texture": "#meteoriciron1", "uv": [ 0.0, 0.0, 0.5, 0.5 ] }
							},
							"children": [
								{
									"name": "Cube21",
									"from": [ -3.25, -0.1, -25.0 ],
									"to": [ -2.75, 0.1, -16.0 ],
									"rotationOrigin": [ -2.75, 0.0, -25.0 ],
									"faces": {
										"north": { "texture": "#meteoriciron1", "uv": [ 0.0, 0.0, 0.5, 0.5 ] },
										"east": { "texture": "#meteoriciron1", "uv": [ 7.0, 0.0, 16.0, 0.5 ] },
										"south": { "texture": "#meteoriciron1", "uv": [ 0.0, 0.0, 0.5, 0.5 ] },
										"west": { "texture": "#meteoriciron1", "uv": [ 5.0, 0.0, 14.0, 0.5 ] },
										"up": { "texture": "#meteoriciron1", "uv": [ 8.5, 5.5, 9.0, 14.5 ] },
										"down": { "texture": "#meteoriciron1", "uv": [ 10.5, 7.0, 11.0, 16.0 ] }
									}
								},
								{
									"name": "Cube25",
									"from": [ -3.25, -0.1, -16.0 ],
									"to": [ -2.75, 0.1, -15.0 ],
									"faces": {
										"north": { "texture": "#meteoriciron1", "uv": [ 0.0, 0.0, 0.5, 0.5 ] },
										"east": { "texture": "#meteoriciron1", "uv": [ 0.0, 0.0, 1.0, 0.5 ] },
										"south": { "texture": "#meteoriciron1", "uv": [ 0.0, 0.0, 0.5, 0.5 ] },
										"west": { "texture": "#meteoriciron1", "uv": [ 0.0, 0.0, 1.0, 0.5 ] },
										"up": { "texture": "#meteoriciron1", "uv": [ 13.5, 0.0, 14.0, 1.0 ] },
										"down": { "texture": "#meteoriciron1", "uv": [ 13.5, 0.0, 14.0, 1.0 ] }
									}
								}
							]
						},
						{
							"name": "Cube27",
							"from": [ -4.0, 0.0, 0.0 ],
							"to": [ -4.0, 0.0, 0.0 ],
							"rotationOrigin": [ -4.0, 0.0, 0.0 ],
							"faces": {
								"north": { "texture": "#meteoriciron1", "uv": [ 0.0, 0.0, 0.5, 0.5 ] },
								"east": { "texture": "#meteoriciron1", "uv": [ 0.0, 0.0, 0.5, 0.5 ] },
								"south": { "texture": "#meteoriciron1", "uv": [ 0.0, 0.0, 0.5, 0.5 ] },
								"west": { "texture": "#meteoriciron1", "uv": [ 0.0, 0.0, 0.5, 0.5 ] },
								"up": { "texture": "#meteoriciron1", "uv": [ 0.0, 0.0, 0.5, 0.5 ] },
								"down": { "texture": "#meteoriciron1", "uv": [ 0.0, 0.0, 0.5, 0.5 ] }
							},
							"children": [
								{
									"name": "Cube29",
									"from": [ 2.75, -0.1, -25.0 ],
									"to": [ 3.25, 0.1, -16.0 ],
									"rotationOrigin": [ 2.75, 0.0, -25.0 ],
									"faces": {
										"north": { "texture": "#meteoriciron1", "uv": [ 0.0, 0.0, 0.5, 0.5 ] },
										"east": { "texture": "#meteoriciron1", "uv": [ 0.0, 3.5, 9.0, 4.0 ] },
										"south": { "texture": "#meteoriciron1", "uv": [ 0.0, 0.0, 0.5, 0.5 ] },
										"west": { "texture": "#meteoriciron1", "uv": [ 4.5, 0.0, 13.5, 0.5 ] },
										"up": { "texture": "#meteoriciron1", "uv": [ 12.0, 3.0, 12.5, 12.0 ] },
										"down": { "texture": "#meteoriciron1", "uv": [ 13.0, 7.0, 13.5, 16.0 ] }
									}
								},
								{
									"name": "Cube30",
									"from": [ 2.75, -0.1, -38.0 ],
									"to": [ 3.75, 0.1, -25.0 ],
									"rotationOrigin": [ 2.75, 0.0, -25.0 ],
									"rotationY": -3.0,
									"faces": {
										"north": { "texture": "#meteoriciron1", "uv": [ 0.0, 0.0, 1.0, 0.5 ] },
										"east": { "texture": "#meteoriciron1", "uv": [ 0.0, 3.5, 13.0, 4.0 ] },
										"south": { "texture": "#meteoriciron1", "uv": [ 0.0, 0.0, 1.0, 0.5 ] },
										"west": { "texture": "#meteoriciron1", "uv": [ 3.0, 0.0, 16.0, 0.5 ] },
										"up": { "texture": "#meteoriciron1", "uv": [ 1.5, 0.0, 14.5, 1.0 ], "rotation": 90 },
										"down": { "texture": "#meteoriciron1", "uv": [ 7.5, 2.0, 8.5, 15.0 ] }
									}
								},
								{
									"name": "Cube31",
									"from": [ 4.25, -0.1, -38.0 ],
									"to": [ 5.25, 0.1, -25.0 ],
									"rotationOrigin": [ 5.25, 0.0, -25.0 ],
									"rotationY": 3.0,
									"faces": {
										"north": { "texture": "#meteoriciron1", "uv": [ 0.0, 0.0, 1.0, 0.5 ] },
										"east": { "texture": "#meteoriciron1", "uv": [ 0.0, 3.5, 13.0, 4.0 ] },
										"south": { "texture": "#meteoriciron1", "uv": [ 0.0, 0.0, 1.0, 0.5 ] },
										"west": { "texture": "#meteoriciron1", "uv": [ 0.0, 12.0, 13.0, 12.5 ] },
										"up": { "texture": "#meteoriciron1", "uv": [ 11.5, 0.0, 12.5, 13.0 ] },
										"down": { "texture": "#meteoriciron1", "uv": [ 8.0, 1.5, 9.0, 14.5 ] }
									}
								},
								{
									"name": "Cube32",
									"from": [ 3.42, -0.1, -38.8 ],
									"to": [ 3.92, 0.1, -38.0 ],
									"rotationOrigin": [ 3.42, 0.0, -37.99 ],
									"rotationY": -45.0,
									"faces": {
										"north": { "texture": "#meteoriciron1", "uv": [ 0.0, 0.0, 0.5, 0.5 ] },
										"east": { "texture": "#meteoriciron1", "uv": [ 0.0, 3.5, 0.5, 4.0 ] },
										"south": { "texture": "#meteoriciron1", "uv": [ 0.0, 0.0, 0.5, 0.5 ] },
										"west": { "texture": "#meteoriciron1", "uv": [ 0.0, 12.0, 0.5, 12.5 ] },
										"up": { "texture": "#meteoriciron1", "uv": [ 1.5, 0.0, 2.0, 0.5 ] },
										"down": { "texture": "#meteoriciron1", "uv": [ 5.0, 0.0, 5.5, 0.5 ] }
									}
								},
								{
									"name": "Cube33",
									"from": [ 4.09, -0.1, -38.8 ],
									"to": [ 4.59, 0.1, -38.0 ],
									"rotationOrigin": [ 4.59, 0.0, -37.99 ],
									"rotationY": 45.0,
									"faces": {
										"north": { "texture": "#meteoriciron1", "uv": [ 0.0, 0.0, 0.5, 0.5 ] },
										"east": { "texture": "#meteoriciron1", "uv": [ 0.0, 3.5, 0.5, 4.0 ] },
										"south": { "texture": "#meteoriciron1", "uv": [ 0.0, 0.0, 0.5, 0.5 ] },
										"west": { "texture": "#meteoriciron1", "uv": [ 0.0, 12.0, 0.5, 12.5 ] },
										"up": { "texture": "#meteoriciron1", "uv": [ 1.5, 0.0, 2.0, 0.5 ] },
										"down": { "texture": "#meteoriciron1", "uv": [ 5.0, 0.0, 5.5, 0.5 ] }
									}
								},
								{
									"name": "Cube34",
									"from": [ 2.75, -0.1, -16.0 ],
									"to": [ 3.25, 0.1, -6.0 ],
									"faces": {
										"north": { "texture": "#meteoriciron1", "uv": [ 0.0, 0.0, 0.5, 0.5 ] },
										"east": { "texture": "#meteoriciron1", "uv": [ 0.0, 4.5, 10.0, 5.0 ] },
										"south": { "texture": "#meteoriciron1", "uv": [ 0.0, 0.0, 0.5, 0.5 ] },
										"west": { "texture": "#meteoriciron1", "uv": [ 0.0, 5.5, 10.0, 6.0 ] },
										"up": { "texture": "#meteoriciron1", "uv": [ 12.0, 0.0, 12.5, 10.0 ] },
										"down": { "texture": "#meteoriciron1", "uv": [ 12.0, 0.0, 12.5, 10.0 ] }
									}
								}
							]
						}
					]
				}
			]
		}
	]}