{
  "code": "cuttings",
  "variantgroups": [
    {
      "code": "flower",
      "states": [
        "lupine-blue",
        "lupine-orange",
        "lupine-purple",
        "lupine-red",
        "lupine-white",
        "basil",
        "chamomile",
        "cilantro",
        "lavender",
        "marjoram",
        "mint",
        "saffron",
        "sage",
        "thyme"
      ],
      "loadFromProperties": "block/flower"
    },
    {
      "code": "stage",
      "states": [
        "raw",
        "dried",
        "cooked"
      ]
    }
  ],
  "attributes": {
    "herbrackable": true,
    "herbRackTransform": {
      "translation": {
        "x": 0,
        "y": 0,
        "z": 0
      },
      "rotation": {
        "x": 0,
        "y": 0,
        "z": 0
      },
      "origin": {
        "x": 0,
        "y": 0,
        "z": 0
      },
      "scale": 1
    },
    "meathookable": true,
    "meatHookTransform": {
      "translation": {
        "x": -0.02,
        "y": -0.52,
        "z": 0
      },
      "rotation": {
        "x": 0,
        "y": 0,
        "z": 0
      },
      "origin": {
        "x": 0.5,
        "y": 0,
        "z": 0.5
      },
      "scale": 1
    }
  },
  "creativeinventory": {
    "general": [
      "*"
    ],
    "items": [
      "*"
    ],
    "alchemy": [
      "*"
    ]
  },
  "maxstacksize": 64,
  "transitionablePropsByType": {
    "*-raw": [
      {
        "type": "Perish",
        "freshHours": {
          "avg": 480
        },
        "transitionHours": {
          "avg": 86
        },
        "transitionedStack": {
          "type": "item",
          "code": "game:rot"
        },
        "transitionRatio": 1
      },
      {
        "type": "Dry",
        "freshHours": {
          "avg": 6
        },
        "transitionHours": {
          "avg": 64
        },
        "transitionedStack": {
          "type": "item",
          "code": "alchemy:cuttings-{flower}-dried"
        },
        "transitionRatio": 1
      }
    ]
  },
  "combustiblePropsByType": {
    "*-dried": {
      "meltingPoint": 100,
      "meltingDuration": 30,
      "smeltedRatio": 1,
      "smeltingType": "convert",
      "smeltedStack": {
        "type": "item",
        "code": "alchemy:cuttings-{flower}-cooked"
      },
      "requiresContainer": false
    }
  },
  "shapeByType": {
    "*-wilddaisy-*": {
      "base": "alchemy:item/cut_white_herb_bundle"
    },
    "*-lupine-*": {
      "base": "alchemy:item/cut_stacked_herb_bundle"
    },
    "*": {
      "base": "alchemy:item/cut_blue_herb_bundle"
    }
  },
  "texturesByType": {
    "*-wilddaisy-raw": {
      "flower": {
        "base": "game:block/plant/flower/petal/lupine/white3-a"
      }
    },
    "*-wilddaisy-dried": {
      "normal7": {
        "base": "game:block/soil/flooring/strawbedding1*"
      },
      "flower": {
        "base": "game:block/plant/flower/petal/lupine/white3-a"
      }
    },
    "*-wilddaisy-cooked": {
      "normal7": {
        "base": "game:block/wood-generic"
      },
      "flower": {
        "base": "game:block/plant/flower/petal/lupine/white3-a"
      }
    },
    "*-lupine-blue-raw": {
      "flower": {
        "base": "game:block/plant/flower/petal/lupine/blue1-a"
      }
    },
    "*-lupine-blue-dried": {
      "normal7": {
        "base": "game:block/soil/flooring/strawbedding1*"
      },
      "flower": {
        "base": "game:block/plant/flower/petal/lupine/blue1-a"
      }
    },
    "*-lupine-blue-cooked": {
      "normal7": {
        "base": "game:block/wood-generic"
      },
      "flower": {
        "base": "game:block/plant/flower/petal/lupine/blue1-a"
      }
    },
    "*-lupine-orange-raw": {
      "flower": {
        "base": "game:block/plant/flower/petal/lupine/orange1-a"
      }
    },
    "*-lupine-orange-dried": {
      "normal7": {
        "base": "game:block/soil/flooring/strawbedding1*"
      },
      "flower": {
        "base": "game:block/plant/flower/petal/lupine/orange1-a"
      }
    },
    "*-lupine-orange-cooked": {
      "normal7": {
        "base": "game:block/wood-generic"
      },
      "flower": {
        "base": "game:block/plant/flower/petal/lupine/orange1-a"
      }
    },
    "*-lupine-purple-raw": {
      "flower": {
        "base": "game:block/plant/flower/petal/lupine/purple1-a"
      }
    },
    "*-lupine-purple-dried": {
      "normal7": {
        "base": "game:block/soil/flooring/strawbedding1*"
      },
      "flower": {
        "base": "game:block/plant/flower/petal/lupine/purple1-a"
      }
    },
    "*-lupine-purple-cooked": {
      "normal7": {
        "base": "game:block/wood-generic"
      },
      "flower": {
        "base": "game:block/plant/flower/petal/lupine/purple1-a"
      }
    },
    "*-lupine-red-raw": {
      "flower": {
        "base": "game:block/plant/flower/petal/lupine/red1-a"
      }
    },
    "*-lupine-red-dried": {
      "normal7": {
        "base": "game:block/soil/flooring/strawbedding1*"
      },
      "flower": {
        "base": "game:block/plant/flower/petal/lupine/red1-a"
      }
    },
    "*-lupine-red-cooked": {
      "normal7": {
        "base": "game:block/wood-generic"
      },
      "flower": {
        "base": "game:block/plant/flower/petal/lupine/red1-a"
      }
    },
    "*-lupine-white-raw": {
      "flower": {
        "base": "game:block/plant/flower/petal/lupine/white1-a"
      }
    },
    "*-lupine-white-dried": {
      "normal7": {
        "base": "game:block/soil/flooring/strawbedding1*"
      },
      "flower": {
        "base": "game:block/plant/flower/petal/lupine/white1-a"
      }
    },
    "*-lupine-white-cooked": {
      "normal7": {
        "base": "game:block/wood-generic"
      },
      "flower": {
        "base": "game:block/plant/flower/petal/lupine/white1-a"
      }
    },
    "*-lilyofthevalley-raw": {
      "flower": {
        "base": "game:block/plant/flower/petal/lilyofthevalley2"
      }
    },
    "*-lilyofthevalley-dried": {
      "normal7": {
        "base": "game:block/soil/flooring/strawbedding1*"
      },
      "flower": {
        "base": "game:block/plant/flower/petal/lilyofthevalley2"
      }
    },
    "*-lilyofthevalley-cooked": {
      "normal7": {
        "base": "game:block/wood-generic"
      },
      "flower": {
        "base": "game:block/plant/flower/petal/lilyofthevalley2"
      }
    },
    "@.*-(basil|chamomile|cilantro|lavender|marjoram|mint|saffron|sage|thyme)-raw": {
      "flower": {
        "base": "game:block/plant/herb/petal/{flower}"
      }
    },
    "@.*-(basil|chamomile|cilantro|lavender|marjoram|mint|saffron|sage|thyme)-dried": {
      "normal7": {
        "base": "game:block/soil/flooring/strawbedding1*"
      },
      "flower": {
        "base": "game:block/plant/herb/petal/{flower}"
      }
    },
    "@.*-(basil|chamomile|cilantro|lavender|marjoram|mint|saffron|sage|thyme)-cooked": {
      "normal7": {
        "base": "game:block/wood-generic"
      },
      "flower": {
        "base": "game:block/plant/herb/petal/{flower}"
      }
    },
    "*-dried": {
      "normal7": {
        "base": "game:block/soil/flooring/strawbedding1*"
      },
      "flower": {
        "base": "game:block/plant/potted/{flower}"
      }
    },
    "*-cooked": {
      "normal7": {
        "base": "game:block/wood-generic"
      },
      "flower": {
        "base": "game:block/plant/potted/{flower}"
      }
    },
    "*": {
      "flower": {
        "base": "game:block/plant/potted/{flower}"
      }
    }
  },
  "guiTransformByType": {
    "*-cooked": {
        "translation": {
          "x": 3,
          "y": 0,
          "z": 0
        },
        "origin": {
          "x": 0.5,
          "y": 0.25,
          "z": 0.5
        },
        "scale": 3
    },
    "*": {
      "translation": {
        "x": 3,
        "y": 0,
        "z": 0
      },
      "rotation": {
        "x": 0,
        "y": 0,
        "z": -180
      },
      "origin": {
        "x": 0.5,
        "y": 0.3,
        "z": 0.5
      },
      "scale": 3
    }
  },
  "fpHandTransform": {
    "translation": {
      "x": 0,
      "y": 0.24,
      "z": 0.3
    },
    "origin": {
      "x": 0.5,
      "y": 0.1,
      "z": 0.5
    },
    "scale": 2
  }
}