﻿{
  "code": "woodchip",
  "maxstacksize": 128,
  "dimensions": {
    "width": 0.0625,
    "height": 0.0625,
    "length": 0.0625
  },
  "creativeinventory": {
    "general": [ "*" ],
    "items": [ "*" ]
  },
  "shape": { "base": "game:item/nugget" },
  "textures": {
    "ore": { "base": "game:block/wood/firewood/bark" }
  },
  "behaviors": [
    {
      "name": "GroundStorable",
      "properties": {
        "layout": "Quadrants",
        "placeRemoveSound": "game:block/planks",
        "collisionBox": {
          "x1": 0,
          "y1": 0,
          "z1": 0,
          "x2": 1,
          "y2": 0.125,
          "z2": 1
        }
      }
    }
  ],
  "attributes": {
    "displaycaseable": true,
    "shelvable": true,
    "placeSound": "game:block/planks"
  },
  "grindingProps": {
    "groundStack": {
      "type": "item",
      "code": "sawdust"
    }
  },
  "combustibleProps": {
    "burnTemperature": 700,
    "burnDuration": 3
  },
  "guiTransform": {
    "translation": {
      "x": 0,
      "y": 0,
      "z": 0
    },
    "rotation": {
      "x": 176,
      "y": 132,
      "z": -21
    },
    "origin": {
      "x": 0.5,
      "y": 0.07,
      "z": 0.5
    },
    "scale": 5.61
  },
  "fpHandTransform": {
    "translation": {
      "x": 0,
      "y": 0.2,
      "z": 0
    },
    "rotation": {
      "x": 0,
      "y": 24,
      "z": 20
    },
    "origin": {
      "x": 0.5,
      "y": 0.1,
      "z": 0.5
    },
    "scale": 2.68
  },
  "groundTransform": {
    "translation": {
      "x": 0,
      "y": 0,
      "z": 0
    },
    "rotation": {
      "x": 0,
      "y": 0,
      "z": 0
    },
    "origin": {
      "x": 0.5,
      "y": 0,
      "z": 0.5
    },
    "scale": 5
  },
  "tpHandTransform": {
    "translation": {
      "x": -0.8,
      "y": -0.1,
      "z": -0.7
    },
    "rotation": {
      "x": 5,
      "y": 82,
      "z": 16
    },
    "origin": {
      "x": 0.5,
      "y": 0.1,
      "z": 0.5
    },
    "scale": 0.7
  }
}