{
    "ingredient": {
        "type": "item",
        "code": "game:clay-*",
        "name": "type",
        "allowedVariants": [
            "blue",
            "fire",
            "red"
        ]
    },
    "pattern": [
        [
            "##############",
            "##############",
            "##############",
            "##############",
            "##############",
            "##############",
            "##############",
            "##############",
            "##############",
            "##############",
            "##############",
            "##############",
            "##############",
            "##############"
        ],
        [
            "##############",
            "##############",
            "#_###_##_###_#",
            "#__#__##__#__#",
            "##_#_####_#_##",
            "#__#__##__#__#",
            "##############",
            "##############",
            "#__#__##__#__#",
            "##_#_####_#_##",
            "#__#__##__#__#",
            "#_###_##_###_#",
            "##############",
            "##############"
        ]
    ],
    "name": "herb rack hook mold",
    "output": {
        "type": "block",
        "code": "alchemy:herbrackmold-raw-herbrackhook",
        "stacksize": 1
    }
}