{
  "textureWidth":16,
  "textureHeight":16,
  "textures":{
    "material":"game:block/metal/ingot/copper"
  },
  "textureSizes":{
    "material":[
      32,
      32
    ]
  },
  "elements":[
    {
      "name":"origin",
      "from":[
        11.0,
        0.5481293797492981,
        7.699999988079071
      ],
      "to":[
        11.0,
        0.5481293797492981,
        7.699999988079071
      ],
      "rotationOrigin":[
        8.0,
        0.0,
        8.0
      ],
      "group":"simple_head",
      "faces":{
        "north":{
          "texture":"#0",
          "uv":[
            0,
            0,
            4,
            4
          ],
          "autoUv":false
        },
        "east":{
          "texture":"#0",
          "uv":[
            0,
            0,
            4,
            4
          ],
          "autoUv":false
        },
        "south":{
          "texture":"#0",
          "uv":[
            0,
            0,
            4,
            4
          ],
          "autoUv":false
        },
        "west":{
          "texture":"#0",
          "uv":[
            0,
            0,
            4,
            4
          ],
          "autoUv":false
        },
        "up":{
          "texture":"#material",
          "uv":[
            0.0,
            0.0,
            1.0,
            1.0
          ],
          "autoUv":false,
          "rotation":180
        },
        "down":{
          "texture":"#0",
          "uv":[
            0,
            0,
            4,
            4
          ],
          "autoUv":false
        }
      },
      "children":[
        {
          "name":"simple_head 01",
          "from":[
            -3.920060634613037,
            0.44056999683380127,
            0.07241785526275635
          ],
          "to":[
            4.219856262207031,
            1.2275414168834686,
            0.5275840759277344
          ],
          "rotationOrigin":[
            -1.5151824951171875,
            0.8879137635231018,
            0.30000096559524536
          ],
          "group":"simple_head",
          "faces":{
            "north":{
              "texture":"#material",
              "uv":[
                28.0,
                21.0,
                5.0,
                24.0
              ],
              "autoUv":false
            },
            "east":{
              "texture":"#material",
              "uv":[
                0.0,
                32.0,
                0.0,
                32.0
              ],
              "autoUv":false
            },
            "south":{
              "texture":"#material",
              "uv":[
                5.0,
                21.0,
                28.0,
                24.0
              ],
              "autoUv":false
            },
            "west":{
              "texture":"#material",
              "uv":[
                0.0,
                32.0,
                0.0,
                32.0
              ],
              "autoUv":false
            },
            "up":{
              "texture":"#material",
              "uv":[
                5.0,
                24.0,
                29.0,
                25.0
              ],
              "autoUv":false
            },
            "down":{
              "texture":"#material",
              "uv":[
                0.0,
                32.0,
                0.0,
                32.0
              ],
              "autoUv":false
            }
          },
          "children":[]
        },
        {
          "name":"simple_head 02",
          "from":[
            -4.16539654135704,
            0.30692148208618164,
            -0.03962665796279907
          ],
          "to":[
            -3.711499363183975,
            1.0990042090415955,
            0.6396285891532898
          ],
          "rotationOrigin":[
            -3.938447952270508,
            0.7029628157615662,
            0.30000096559524536
          ],
          "rotationX":90.00000933466734,
          "rotationY":46.97486507338365,
          "rotationZ":-90.00000933466734,
          "group":"simple_head",
          "faces":{
            "north":{
              "texture":"#material",
              "uv":[
                4.0,
                24.0,
                5.0,
                25.0
              ],
              "autoUv":false,
              "rotation":270
            },
            "east":{
              "texture":"#material",
              "uv":[
                10.0,
                21.0,
                8.0,
                23.000003814697266
              ],
              "autoUv":false,
              "rotation":90
            },
            "south":{
              "texture":"#material",
              "uv":[
                0.0,
                32.0,
                0.0,
                32.0
              ],
              "autoUv":false,
              "rotation":270
            },
            "west":{
              "texture":"#material",
              "uv":[
                8.0,
                21.0,
                10.0,
                23.000003814697266
              ],
              "autoUv":false,
              "rotation":270
            },
            "up":{
              "texture":"#material",
              "uv":[
                0.0,
                32.0,
                0.0,
                32.0
              ],
              "autoUv":false
            },
            "down":{
              "texture":"#material",
              "uv":[
                0.0,
                32.0,
                0.0,
                32.0
              ],
              "autoUv":false,
              "rotation":180
            }
          },
          "children":[]
        },
        {
          "name":"simple_head 03",
          "from":[
            -4.4430453181266785,
            0.2122810184955597,
            -0.03962665796279907
          ],
          "to":[
            -4.1273606568574905,
            0.6670759618282318,
            0.6396285891532898
          ],
          "rotationOrigin":[
            -4.285202980041504,
            0.43967849016189575,
            0.30000096559524536
          ],
          "rotationX":90.00000933466734,
          "rotationY":27.108144844019556,
          "rotationZ":-2.5431641953002417e-06,
          "group":"simple_head",
          "faces":{
            "north":{
              "texture":"#material",
              "uv":[
                9.0,
                9.999998092651367,
                9.0,
                11.0
              ],
              "autoUv":false,
              "rotation":270
            },
            "east":{
              "texture":"#material",
              "uv":[
                0.0,
                32.0,
                0.0,
                32.0
              ],
              "autoUv":false,
              "rotation":90
            },
            "south":{
              "texture":"#material",
              "uv":[
                0.0,
                32.0,
                0.0,
                32.0
              ],
              "autoUv":false
            },
            "west":{
              "texture":"#material",
              "uv":[
                0.0,
                32.0,
                0.0,
                32.0
              ],
              "autoUv":false,
              "rotation":270
            },
            "up":{
              "texture":"#material",
              "uv":[
                7.0,
                9.000001907348633,
                8.0,
                11.000003814697266
              ],
              "autoUv":false
            },
            "down":{
              "texture":"#material",
              "uv":[
                7.0,
                11.000003814697266,
                8.0,
                9.000001907348633
              ],
              "autoUv":false,
              "rotation":180
            }
          },
          "children":[]
        },
        {
          "name":"simple_head 04",
          "from":[
            -3.920060634613037,
            -0.3464012145996094,
            0.07241785526275635
          ],
          "to":[
            4.219856262207031,
            0.44057002663612366,
            0.5275840759277344
          ],
          "rotationOrigin":[
            -1.5151824951171875,
            -0.006773531436920166,
            0.30000096559524536
          ],
          "group":"simple_head",
          "faces":{
            "north":{
              "texture":"#material",
              "uv":[
                28.0,
                24.0,
                5.0,
                27.0
              ],
              "autoUv":false
            },
            "east":{
              "texture":"#material",
              "uv":[
                0.0,
                32.0,
                0.0,
                32.0
              ],
              "autoUv":false,
              "rotation":270
            },
            "south":{
              "texture":"#material",
              "uv":[
                5.0,
                24.0,
                28.0,
                27.0
              ],
              "autoUv":false
            },
            "west":{
              "texture":"#material",
              "uv":[
                0.0,
                32.0,
                0.0,
                32.0
              ],
              "autoUv":false,
              "rotation":270
            },
            "up":{
              "texture":"#material",
              "uv":[
                0.0,
                32.0,
                0.0,
                32.0
              ],
              "autoUv":false,
              "rotation":270
            },
            "down":{
              "texture":"#material",
              "uv":[
                5.0,
                25.0,
                29.0,
                24.0
              ],
              "autoUv":false,
              "rotation":180
            }
          },
          "children":[]
        },
        {
          "name":"simple_head 05",
          "from":[
            -4.165275558829308,
            -0.21786397695541382,
            -0.03962668776512146
          ],
          "to":[
            -3.711620345711708,
            0.5742187798023224,
            0.6396286189556122
          ],
          "rotationOrigin":[
            -3.938447952270508,
            0.17817741632461548,
            0.30000096559524536
          ],
          "rotationX":90.00000933466734,
          "rotationY":-46.97487190357282,
          "rotationZ":90.00000933466734,
          "group":"simple_head",
          "faces":{
            "north":{
              "texture":"#material",
              "uv":[
                0.0,
                32.0,
                0.0,
                32.0
              ],
              "autoUv":false
            },
            "east":{
              "texture":"#material",
              "uv":[
                8.0,
                25.000003814697266,
                10.0,
                27.0
              ],
              "autoUv":false,
              "rotation":90
            },
            "south":{
              "texture":"#material",
              "uv":[
                5.0,
                24.0,
                4.0,
                25.0
              ],
              "autoUv":false,
              "rotation":270
            },
            "west":{
              "texture":"#material",
              "uv":[
                10.0,
                25.000003814697266,
                8.0,
                27.0
              ],
              "autoUv":false,
              "rotation":270
            },
            "up":{
              "texture":"#material",
              "uv":[
                0.0,
                32.0,
                0.0,
                32.0
              ],
              "autoUv":false,
              "rotation":270
            },
            "down":{
              "texture":"#material",
              "uv":[
                0.0,
                32.0,
                0.0,
                32.0
              ],
              "autoUv":false,
              "rotation":90
            }
          },
          "children":[]
        },
        {
          "name":"simple_head 06",
          "from":[
            -4.44304533302784,
            0.21417832374572754,
            -0.03962671756744385
          ],
          "to":[
            -4.127360627055168,
            0.6687451601028442,
            0.6396286487579346
          ],
          "rotationOrigin":[
            -4.285202980041504,
            0.4414617419242859,
            0.30000096559524536
          ],
          "rotationX":-89.999995674289,
          "rotationY":-152.89185845738947,
          "rotationZ":5.274586287307183e-06,
          "group":"simple_head",
          "faces":{
            "north":{
              "texture":"#material",
              "uv":[
                0.0,
                32.0,
                0.0,
                32.0
              ],
              "autoUv":false,
              "rotation":270
            },
            "east":{
              "texture":"#material",
              "uv":[
                0.0,
                32.0,
                0.0,
                32.0
              ],
              "autoUv":false
            },
            "south":{
              "texture":"#material",
              "uv":[
                9.0,
                9.999998092651367,
                9.0,
                11.0
              ],
              "autoUv":false
            },
            "west":{
              "texture":"#material",
              "uv":[
                0.0,
                32.0,
                0.0,
                32.0
              ],
              "autoUv":false,
              "rotation":180
            },
            "up":{
              "texture":"#material",
              "uv":[
                8.0,
                13.000003814697266,
                7.0,
                15.000001907348633
              ],
              "autoUv":false
            },
            "down":{
              "texture":"#material",
              "uv":[
                8.0,
                15.000001907348633,
                7.0,
                13.000003814697266
              ],
              "autoUv":false,
              "rotation":180
            }
          },
          "children":[]
        },
        {
          "name":"simple_head 07",
          "from":[
            -5.524381875991821,
            0.11106717586517334,
            0.07213310897350311
          ],
          "to":[
            -3.6668107509613037,
            0.7700730562210083,
            0.5278688222169876
          ],
          "rotationOrigin":[
            -4.5955963134765625,
            0.4405701160430908,
            0.30000096559524536
          ],
          "group":"simple_head",
          "faces":{
            "north":{
              "texture":"#material",
              "uv":[
                9.999999046325684,
                11.000003814697266,
                6.0,
                13.000003814697266
              ],
              "autoUv":false
            },
            "east":{
              "texture":"#material",
              "uv":[
                13.97318172454834,
                17.97318172454834,
                18.026817321777344,
                22.02681827545166
              ],
              "autoUv":false,
              "rotation":270
            },
            "south":{
              "texture":"#material",
              "uv":[
                6.0,
                11.000003814697266,
                9.999999046325684,
                13.000003814697266
              ],
              "autoUv":false
            },
            "west":{
              "texture":"#material",
              "uv":[
                15.0,
                6.0,
                17.0,
                8.0
              ],
              "autoUv":false,
              "rotation":270
            },
            "up":{
              "texture":"#material",
              "uv":[
                8.0,
                9.999998092651367,
                10.0,
                11.0
              ],
              "autoUv":false
            },
            "down":{
              "texture":"#material",
              "uv":[
                8.0,
                11.0,
                10.0,
                9.999998092651367
              ],
              "autoUv":false,
              "rotation":180
            }
          },
          "children":[]
        },
        {
          "name":"simple_head 08",
          "from":[
            4.058899685740471,
            -0.34596163034439087,
            0.13904421031475067
          ],
          "to":[
            4.380814507603645,
            1.227101743221283,
            0.46095772087574005
          ],
          "rotationOrigin":[
            4.219857215881348,
            0.3405699133872986,
            0.30000096559524536
          ],
          "rotationY":45.00000125223908,
          "group":"simple_head",
          "faces":{
            "north":{
              "texture":"#material",
              "uv":[
                0.0,
                32.0,
                0.0,
                32.0
              ],
              "autoUv":false
            },
            "east":{
              "texture":"#material",
              "uv":[
                30.0,
                21.000001907348633,
                29.0,
                27.0
              ],
              "autoUv":false
            },
            "south":{
              "texture":"#material",
              "uv":[
                29.0,
                21.000001907348633,
                30.0,
                27.0
              ],
              "autoUv":false
            },
            "west":{
              "texture":"#material",
              "uv":[
                0.0,
                20.8421049118042,
                0.0,
                20.8421049118042
              ],
              "autoUv":false
            },
            "up":{
              "texture":"#material",
              "uv":[
                28.0,
                24.0,
                30.000377655029297,
                25.0
              ],
              "autoUv":false
            },
            "down":{
              "texture":"#material",
              "uv":[
                28.0,
                25.0,
                30.000377655029297,
                24.0
              ],
              "autoUv":false,
              "rotation":180
            }
          },
          "children":[]
        }
      ]
    }
  ],
  "groups":[]
}