{
	"editor": {
		"collapsedPaths": "",
		"allAngles": false,
		"entityTextureMode": false
	},
	"textureWidth": 16,
	"textureHeight": 16,
	"textureSizes": {
	},
	"textures": {
		"oak": "game:block/wood/debarked/oak"
	},
	"elements": [
		{
			"name": "origin",
			"from": [ 8.0, 0.0, 8.0 ],
			"to": [ 8.0, 0.0, 8.0 ],
			"rotationOrigin": [ 8.0, 0.75, 8.0 ],
			"faces": {
				"north": { "texture": "#null", "uv": [ 0.0, 0.0, 0.5, 0.5 ] },
				"east": { "texture": "#null", "uv": [ 0.0, 0.0, 0.5, 0.5 ] },
				"south": { "texture": "#null", "uv": [ 0.0, 0.0, 0.5, 0.5 ] },
				"west": { "texture": "#null", "uv": [ 0.0, 0.0, 0.5, 0.5 ] },
				"up": { "texture": "#null", "uv": [ 0.0, 0.0, 0.5, 0.5 ] },
				"down": { "texture": "#null", "uv": [ 0.0, 0.0, 0.5, 0.5 ] }
			},
			"children": [
				{
					"name": "ShaftN",
					"from": [ -6.5, 0.25, -0.7 ],
					"to": [ 6.5, 1.25, -0.45 ],
					"faces": {
						"north": { "texture": "#oak", "uv": [ 0.0, 2.0, 13.0, 4.0 ], "autoUv": false, "windMode": [-1,-1,-1,-1] },
						"east": { "texture": "#oak", "uv": [ 12.5, 0.5, 13.0, 2.0 ], "autoUv": false, "windMode": [-1,-1,-1,-1] },
						"west": { "texture": "#oak", "uv": [ 15.0, 2.5, 15.5, 4.0 ], "autoUv": false, "windMode": [-1,-1,-1,-1] }
					}
				},
				{
					"name": "ShaftS",
					"from": [ -6.5, 0.25, 0.55 ],
					"to": [ 6.5, 1.25, 0.8 ],
					"rotationOrigin": [ 0.0, 0.0, 1.0 ],
					"faces": {
						"east": { "texture": "#oak", "uv": [ 0.0, 0.0, 0.5, 1.0 ], "windMode": [-1,-1,-1,-1] },
						"south": { "texture": "#oak", "uv": [ 0.0, 6.0, 13.0, 8.0 ], "autoUv": false, "windMode": [-1,-1,-1,-1] },
						"west": { "texture": "#oak", "uv": [ 0.0, 0.0, 0.5, 1.0 ], "windMode": [-1,-1,-1,-1] }
					}
				},
				{
					"name": "Shaft",
					"from": [ -6.5, 0.0, -0.45 ],
					"to": [ 6.5, 1.5, 0.55 ],
					"rotationOrigin": [ 0.0, 0.0, 0.0 ],
					"faces": {
						"east": { "texture": "#oak", "uv": [ 13.0, 0.0, 15.0, 2.5 ], "autoUv": false, "windMode": [-1,-1,-1,-1] },
						"west": { "texture": "#oak", "uv": [ 13.0, 2.0, 15.0, 4.5 ], "autoUv": false, "windMode": [-1,-1,-1,-1] },
						"up": { "texture": "#oak", "uv": [ 0.0, 0.0, 13.0, 2.0 ], "autoUv": false, "windMode": [-1,-1,-1,-1] },
						"down": { "texture": "#oak", "uv": [ 0.0, 4.0, 13.0, 6.0 ], "autoUv": false, "windMode": [-1,-1,-1,-1] }
					}
				},
				{
					"name": "ShaftCurveDN",
					"from": [ -6.5, -0.1, -0.14 ],
					"to": [ 6.5, 0.15, 0.21 ],
					"rotationOrigin": [ 0.0, 0.75, 0.0 ],
					"rotationX": 45.0,
					"faces": {
						"east": { "texture": "#oak", "uv": [ 1.0, 1.0, 1.5, 1.5 ], "autoUv": false, "windMode": [-1,-1,-1,-1] },
						"west": { "texture": "#oak", "uv": [ 1.0, 1.0, 1.5, 1.5 ], "autoUv": false, "windMode": [-1,-1,-1,-1] },
						"down": { "texture": "#oak", "uv": [ 0.0, 8.0, 13.0, 8.5 ], "autoUv": false, "windMode": [-1,-1,-1,-1] }
					}
				},
				{
					"name": "ShaftCurveUN",
					"from": [ -6.5, -0.1, -0.21 ],
					"to": [ 6.5, 0.15, 0.14 ],
					"rotationOrigin": [ 0.0, 0.75, 0.0 ],
					"rotationX": 135.0,
					"faces": {
						"east": { "texture": "#oak", "uv": [ 1.0, 0.0, 1.5, 0.5 ], "autoUv": false, "windMode": [-1,-1,-1,-1] },
						"west": { "texture": "#oak", "uv": [ 1.0, 0.0, 1.5, 0.5 ], "autoUv": false, "windMode": [-1,-1,-1,-1] },
						"down": { "texture": "#oak", "uv": [ 0.0, 8.5, 13.0, 9.0 ], "autoUv": false, "windMode": [-1,-1,-1,-1] }
					}
				},
				{
					"name": "ShaftCurveUS",
					"from": [ -6.5, -0.17, -0.21 ],
					"to": [ 6.5, 0.08, 0.14 ],
					"rotationOrigin": [ 0.0, 0.75, 0.0 ],
					"rotationX": -135.0,
					"faces": {
						"east": { "texture": "#oak", "uv": [ 0.0, 0.0, 0.5, 0.5 ], "windMode": [-1,-1,-1,-1] },
						"west": { "texture": "#oak", "uv": [ 0.0, 0.0, 0.5, 0.5 ], "windMode": [-1,-1,-1,-1] },
						"down": { "texture": "#oak", "uv": [ 0.0, 9.0, 13.0, 9.5 ], "windMode": [-1,-1,-1,-1] }
					}
				},
				{
					"name": "ShaftCurveDS",
					"from": [ -6.5, -0.17, -0.14 ],
					"to": [ 6.5, 0.08, 0.21 ],
					"rotationOrigin": [ 0.0, 0.75, 0.0 ],
					"rotationX": -45.0,
					"faces": {
						"east": { "texture": "#oak", "uv": [ 0.0, 1.0, 0.5, 1.5 ], "autoUv": false, "windMode": [-1,-1,-1,-1] },
						"west": { "texture": "#oak", "uv": [ 0.0, 1.0, 0.5, 1.5 ], "autoUv": false, "windMode": [-1,-1,-1,-1] },
						"down": { "texture": "#oak", "uv": [ 0.0, 9.5, 13.0, 10.0 ], "autoUv": false, "windMode": [-1,-1,-1,-1] }
					}
				}
			]
		}
	]}