[
  {
    "op": "replace",
    "path": "0/value/weight",
    "value": 5,
    "file": "worldgen/landforms.json",
    "condition": { "when": "mountains", "useValue": true }
  },
  {
    "op": "replace",
    "path": "0/value/mutations/0/chance",
    "value": 0.25,
    "file": "worldgen/landforms.json",
    "condition": { "when": "mountains-mut1", "useValue": true }
  },
  {
    "op": "replace",
    "path": "0/value/mutations/1/chance",
    "value": 0.5,
    "file": "worldgen/landforms.json",
    "condition": { "when": "mountains-mut2", "useValue": true }
  },
  {
    "op": "replace",
    "path": "0/value/mutations/2/chance",
    "value": 0.25,
    "file": "worldgen/landforms.json",
    "condition": { "when": "mountains-mut3", "useValue": true }
  },
  {
    "op": "replace",
    "path": "0/value/mutations/3/chance",
    "value": 0.5,
    "file": "worldgen/landforms.json",
    "condition": { "when": "mountains-mut4", "useValue": true }
  },
  {
    "op": "replace",
    "path": "0/value/mutations/4/chance",
    "value": 0.5,
    "file": "worldgen/landforms.json",
    "condition": { "when": "mountains-mut5", "useValue": true }
  },
  {
    "op": "replace",
    "path": "0/value/mutations/5/chance",
    "value": 0.75,
    "file": "worldgen/landforms.json",
    "condition": { "when": "mountains-mut6", "useValue": true }
  }
]