{
    "code": "pekin-duck-baby",
    "class": "EntityAgent",
	tags: ["animal", "huntable", "habitat-land"],		
 "hitboxSize": {
        "x": 0.4,
        "y": 0.3
    },
    "deadHitboxSize": {
        "x": 0.4,
        "y": 0.4
    },
    "eyeHeight": 0.25,
    "weight": 0.22,
    "attributes": {
        "creatureDiet": {
            "foodCategories": [
                "Grain",
                "Fruit",
                "Vegetable"
            ],
            "skipFoodTags": [
                "honeycomb"
            ],
            "foodTags": [
                "fruitmash"
            ]
        },
        "basketCatchable": true,
        "trapChance": 0.9,
        "trapDestroyChance": 0,
        "handbook": {
            "groupcode": "thecritterpack:creaturegroup-pekinduck"
        }
    },
    "client": {
        "renderer": "Shape",
        "shape": {
            "base": "entity/land/duck/duck-baby"
        },
        "texture": {
            "base": "entity/duck/pekin-duckling-1",
            "alternates": [
                {
                    "base": "entity/duck/pekin-duckling-1"
                }
            ]
        },
        "sizeGrowthFactor": 0.4,
        "size": 0.9,
        "behaviors": [
            {
                "code": "controlledphysics",
                "stepHeight": 1.1251
            },
            {
                "code": "floatupwhenstuck",
                "onlyWhenDead": true
            },
            {
                "code": "interpolateposition"
            },
            {
                "code": "harvestable"
            },
            {
                "code": "despawn",
                "minPlayerDistance": 8,
                "belowLightLevel": 8,
                "minSeconds": 300
            },
            {
                "code": "pettable",
                "minGeneration": 0
            }
        ],
        "animations": [
            {
                "code": "hurt",
                "animation": "hurt",
                "animationSpeed": 2.2,
                "weight": 10,
                "blendMode": "AddAverage"
            },
            {
                "code": "swim",
                "animation": "walk2",
                "animationSpeed": 0.45,
                "supressDefaultAnimation": true,
                "blendMode": "Average"
            },
            {
                "code": "wander",
                "animation": "Walk",
                "easeInSpeed": 1,
                "supressDefaultAnimation": true,
                "blendMode": "Average"
            },
            {
                "code": "die",
                "animation": "death",
                "animationSpeed": 1.25,
                "weight": 10,
                "blendMode": "Average",
                "triggeredBy": {
                    "onControls": [
                        "dead"
                    ]
                }
            },
            {
                "code": "idle",
                "animation": "idle",
                "blendMode": "AddAverage",
                "easeOutSpeed": 4,
                "triggeredBy": {
                    "defaultAnim": true
                }
            },
            {
                "code": "sleep",
                "animation": "sleep",
                "easeInSpeed": 4,
                "easeOutSpeed": 4,
                "blendMode": "Average"
            },
            {
                "code": "sit",
                "animation": "sit",
                "easeInSpeed": 4,
                "easeOutSpeed": 4,
                "blendMode": "Average"
            },
            {
                "code": "eat",
                "animation": "eat",
                "animationSpeed": 1,
                "weight": 4,
                "easeOutSpeed": 8,
                "easeInSpeed": 5,
                "blendMode": "AddAverage"
            }
        ]
    },
    "server": {
        "attributes": {
            "pathfinder": {
                "minTurnAnglePerSec": 440,
                "maxTurnAnglePerSec": 2880
            }
        },
        "behaviors": [
            {
                "code": "repulseagents"
            },
            {
                "code": "controlledphysics",
                "stepHeight": 1.1251
            },
            {
                "code": "despawn",
                "minPlayerDistance": 8,
                "belowLightLevel": 8,
                "minSeconds": 300
            },
            {
                "code": "health",
                "currenthealth": 1.5,
                "maxhealth": 1.5
            },
            {
                "code": "deaddecay",
                "hoursToDecay": 12
            },
            {
                "code": "floatupwhenstuck",
                "onlyWhenDead": true
            },
            {
                "code": "harvestable",
                "drops": []
            },
            {
                "code": "grow",
                "hoursToGrow": 125,
                "adultEntityCodes": [
                    "thecritterpack:pekin-duck-female-young",
                    "thecritterpack:pekin-duck-female-young",
                    "thecritterpack:pekin-duck-male-young",
                    "thecritterpack:pekin-duck-male-young",
                    "thecritterpack:pekin-duck-male-young"
                ]
            },
            {
                "code": "emotionstates",
                "states": [
                    {
                        "code": "alarmherdondamage",
                        "chance": 0.44,
                        "slot": 1,
                        "priority": 1,
                        "accumType": "max"
                    }
                ]
            },
            {
                "code": "taskai",
                "aiCreatureType": "SeaCreature",
                "aitasks": [
                    {
                        "code": "fleeentity",
                        "entityCodes": [
                            "player",
                            "wolf-male",
                            "wolf-female",
                            "fox-*",
                            "hedgehog-*",
                            "bear-*",
                            "*-owl-*"
                        ],
                        "priority": 1.7,
                        "movespeed": 0.022,
                        "animationSpeed": 1.6,
                        "seekingRange": 3,
                        "animation": "walk",
                        "instafleeOnDamageChance": 1
                    },
                    {
                        "code": "seekfoodandeat",
                        "priority": 1.32,
                        "seekingRange": 9,
                        "eatSound": "game:creature/animal-eat-small",
                        "eatTime": 1.5,
                        "eatAnimation": "Eat",
                        "eatLooseItems": true,
                        "eatItemCategories": [
                            "Grain",
                            "Fruit",
                            "Vegetable"
                        ],
                        "movespeed": 0.012,
                        "animation": "Walk",
                        "mincooldownHours": 3,
                        "maxcooldownHours": 5
                    },
                    {
                        "code": "idle",
                        "priority": 1.1,
                        "minduration": 1000,
                        "maxduration": 3000,
                        "mincooldown": 2000,
                        "maxcooldown": 30000,
                        "priorityForCancel": 1.28,
                        "animation": "Idle"
                    },
                    {
                        "code": "wander",
                        "priority": 1,
                        "priorityForCancel": 1.35,
                        "movespeed": 0.007,
                        "animation": "Walk",
                        "stopOnNearbyEntityCodes": [
                            "player"
                        ],
                        "preferredLightLevel": 20
                    },
                    {
                        "code": "idle",
                        "priority": 2.95,
                        "minduration": 5000000,
                        "maxduration": 5000000,
                        "mincooldown": 5000,
                        "maxcooldown": 15000,
                        "priorityForCancel": 2.33,
                        "animation": "Sleep",
                        "whenNotInEmotionState": "aggressiveondamage",
                        "duringDayTimeFrames": [
                            {
                                "fromHour": 20,
                                "toHour": 24
                            },
                            {
                                "fromHour": 0,
                                "toHour": 6
                            }
                        ],
                        "stopOnNearbyEntityCodes": [
                            "player",
                            "wolf-male",
                            "wolf-female",
                            "fox-*",
                            "hedgehog-*"
                        ],
                        "stopRange": 8,
                        "stopOnHurt": true
                    },
                    {
                        "code": "idle",
                        "priority": 0.9,
                        "minduration": 6000,
                        "maxduration": 40000,
                        "mincooldown": 2000,
                        "maxcooldown": 120000,
                        "priorityForCancel": 1.28,
                        "animation": "Sit",
                        "stopRange": 5,
                        "stopOnNearbyEntityCodes": [
                            "fox-*",
                            "wolf-*",
                            "bear-*"
                        ]
                    },
                    {
                        "code": "wander",
                        "priority": 0.8,
                        "movespeed": 0.008,
                        "animation": "walk",
                        "whenSwimming": "true",
                        "animationSpeed": 0.72
                    },
                    {
                        "code": "lookaround",
                        "priority": 0.5
                    },
                    {
                        "code": "stayclosetoentity",
                        "priority": 2.6,
                        "entityCode": "mallard-duck-female",
                        "movespeed": 0.017,
                        "maxDistance": 2,
                        "searchRange": 14,
                        "animation": "walk"
                    },
                    {
                        "code": "stayclosetoentity",
                        "priority": 2.6,
                        "entityCode": "call-duck-female-adult",
                        "movespeed": 0.017,
                        "maxDistance": 2,
                        "searchRange": 14,
                        "animation": "walk"
                    },
                    {
                        "code": "stayclosetoentity",
                        "priority": 2.6,
                        "entityCode": "pekin-duck-female-adult",
                        "movespeed": 0.017,
                        "maxDistance": 2,
                        "searchRange": 14,
                        "animation": "walk"
                    }
                ]
            },
            {
                "code": "pettable",
                "minGeneration": 0
            }
        ]
    },
    "sounds": {
        "hurt": "creature/duck/duckling-chirp-*",
        "death": "creature/duck/duckling-chirp-*",
        "idle": "creature/duck/duckling-chirp-*"
    },
    "idleSoundRange": 12,
    "idleSoundChance": 0.75
}