{
  "textureWidth":16,
  "textureHeight":16,
  "textures":{
    "material":"game:block/metal/ingot/copper"
  },
  "textureSizes":{
    "material":[
      32,
      32
    ]
  },
  "elements":[
    {
      "name":"origin",
      "from":[
        10.79720687866211,
        0.493141233921051,
        8.155803859233856
      ],
      "to":[
        10.79720687866211,
        0.493141233921051,
        8.155803859233856
      ],
      "rotationOrigin":[
        8.0,
        0.0,
        8.0
      ],
      "group":"fine_metal_metalhead",
      "faces":{
        "north":{
          "texture":"#0",
          "uv":[
            0,
            0,
            4,
            4
          ],
          "autoUv":false
        },
        "east":{
          "texture":"#0",
          "uv":[
            0,
            0,
            4,
            4
          ],
          "autoUv":false
        },
        "south":{
          "texture":"#0",
          "uv":[
            0,
            0,
            4,
            4
          ],
          "autoUv":false
        },
        "west":{
          "texture":"#0",
          "uv":[
            0,
            0,
            4,
            4
          ],
          "autoUv":false
        },
        "up":{
          "texture":"#material",
          "uv":[
            0.0,
            0.0,
            1.0,
            1.0
          ],
          "autoUv":false,
          "rotation":180
        },
        "down":{
          "texture":"#0",
          "uv":[
            0,
            0,
            4,
            4
          ],
          "autoUv":false
        }
      },
      "children":[
        {
          "name":"fine_metal_metalhead 01",
          "from":[
            14.449511289596558,
            -0.805171012878418,
            1.7996049523353577
          ],
          "to":[
            14.981595277786255,
            1.3188886642456055,
            2.331688940525055
          ],
          "rotationOrigin":[
            14.715553283691406,
            0.25685882568359375,
            2.0656469464302063
          ],
          "rotationX":-3.920034421406392e-12,
          "rotationY":27.888782532185946,
          "rotationZ":-9.334666014167418e-06,
          "group":"fine_metal_metalhead",
          "faces":{
            "north":{
              "texture":"#material",
              "uv":[
                4.999997615814209,
                18.000000953674316,
                1.0000009536743164,
                19.000000953674316
              ],
              "autoUv":false,
              "rotation":90
            },
            "east":{
              "texture":"#material",
              "uv":[
                5.000001430511475,
                18.000000953674316,
                1.0000009536743164,
                19.000000953674316
              ],
              "autoUv":false,
              "rotation":90
            },
            "south":{
              "texture":"#material",
              "uv":[
                0.9999990463256836,
                18.000000953674316,
                4.999997615814209,
                19.000000953674316
              ],
              "autoUv":false,
              "rotation":270
            },
            "west":{
              "texture":"#material",
              "uv":[
                1.0000009536743164,
                18.000000953674316,
                5.000001430511475,
                19.000000953674316
              ],
              "autoUv":false,
              "rotation":270
            },
            "up":{
              "texture":"#material",
              "uv":[
                1.0,
                18.0,
                2.0,
                19.0
              ],
              "autoUv":false
            },
            "down":{
              "texture":"#material",
              "uv":[
                1.0,
                19.0,
                2.0,
                18.0
              ],
              "autoUv":false,
              "rotation":180
            }
          },
          "children":[]
        },
        {
          "name":"fine_metal_metalhead 02",
          "from":[
            -9.417349606752396,
            -0.7126398086547852,
            -1.079749882221222
          ],
          "to":[
            -8.650462359189987,
            1.1450457572937012,
            0.885921061038971
          ],
          "rotationOrigin":[
            -9.033905982971191,
            0.216202974319458,
            -0.09691447019577026
          ],
          "group":"fine_metal_metalhead",
          "faces":{
            "north":{
              "texture":"#material",
              "uv":[
                13.006097793579102,
                14.855228424072266,
                15.706338882446289,
                17.38801383972168
              ],
              "autoUv":false,
              "rotation":270
            },
            "east":{
              "texture":"#material",
              "uv":[
                10.370741844177246,
                8.895145416259766,
                11.24145221710205,
                9.718021392822266
              ],
              "autoUv":false
            },
            "south":{
              "texture":"#material",
              "uv":[
                13.492855072021484,
                10.637243270874023,
                15.219583511352539,
                12.272279739379883
              ],
              "autoUv":false,
              "rotation":270
            },
            "west":{
              "texture":"#material",
              "uv":[
                13.492855072021484,
                7.8965911865234375,
                15.219583511352539,
                10.637243270874023
              ],
              "autoUv":false,
              "rotation":270
            },
            "up":{
              "texture":"#material",
              "uv":[
                16.0,
                14.0,
                20.0,
                16.0
              ],
              "autoUv":false,
              "rotation":90
            },
            "down":{
              "texture":"#material",
              "uv":[
                16.0,
                16.0,
                20.0,
                14.0
              ],
              "autoUv":false,
              "rotation":90
            }
          },
          "children":[]
        },
        {
          "name":"fine_metal_metalhead 03",
          "from":[
            -9.41734954714775,
            -0.4030255079269409,
            0.8859222084283829
          ],
          "to":[
            -8.650462418794632,
            0.8354314565658569,
            1.195536494255066
          ],
          "rotationOrigin":[
            -9.033905982971191,
            0.216202974319458,
            1.0407293438911438
          ],
          "group":"fine_metal_metalhead",
          "faces":{
            "north":{
              "texture":"#material",
              "uv":[
                12.955451011657715,
                14.669601440429688,
                14.900117874145508,
                16.480610847473145
              ],
              "autoUv":false,
              "rotation":270
            },
            "east":{
              "texture":"#material",
              "uv":[
                11.378400802612305,
                10.939441680908203,
                11.54886245727539,
                11.280364990234375
              ],
              "autoUv":false
            },
            "south":{
              "texture":"#material",
              "uv":[
                19.0,
                16.0,
                20.0,
                18.0
              ],
              "autoUv":false
            },
            "west":{
              "texture":"#material",
              "uv":[
                13.807250022888184,
                11.329252243041992,
                14.048318862915039,
                11.570322036743164
              ],
              "autoUv":false,
              "rotation":270
            },
            "up":{
              "texture":"#material",
              "uv":[
                14.80517864227295,
                12.316686630249023,
                15.769455909729004,
                13.229757308959961
              ],
              "autoUv":false,
              "rotation":270
            },
            "down":{
              "texture":"#material",
              "uv":[
                13.050390243530273,
                13.229757308959961,
                12.086113929748535,
                12.316686630249023
              ],
              "autoUv":false,
              "rotation":270
            }
          },
          "children":[]
        },
        {
          "name":"fine_metal_metalhead 04",
          "from":[
            -9.41734954714775,
            0.6615810394287109,
            0.7758225649595261
          ],
          "to":[
            -8.650462418794632,
            1.101232886314392,
            1.085436537861824
          ],
          "rotationOrigin":[
            -9.033905982971191,
            0.8814069628715515,
            0.930629551410675
          ],
          "rotationX":-45.00000125223908,
          "group":"fine_metal_metalhead",
          "faces":{
            "north":{
              "texture":"#material",
              "uv":[
                13.182514190673828,
                14.48731803894043,
                14.337764739990234,
                15.563167572021484
              ],
              "autoUv":false,
              "rotation":270
            },
            "east":{
              "texture":"#material",
              "uv":[
                11.8837890625,
                11.62109375,
                12.026998519897461,
                11.764303207397461
              ],
              "autoUv":false
            },
            "south":{
              "texture":"#material",
              "uv":[
                20.0,
                14.000001907348633,
                21.0,
                16.0
              ],
              "autoUv":false,
              "rotation":90
            },
            "west":{
              "texture":"#material",
              "uv":[
                13.6885347366333,
                11.932256698608398,
                13.831744194030762,
                12.07546615600586
              ],
              "autoUv":false,
              "rotation":270
            },
            "up":{
              "texture":"#material",
              "uv":[
                14.275144577026367,
                12.517955780029297,
                15.236577033996582,
                13.42833137512207
              ],
              "autoUv":false,
              "rotation":270
            },
            "down":{
              "texture":"#material",
              "uv":[
                13.245133399963379,
                13.42833137512207,
                12.28370189666748,
                12.517955780029297
              ],
              "autoUv":false,
              "rotation":270
            }
          },
          "children":[]
        },
        {
          "name":"fine_metal_metalhead 05",
          "from":[
            -9.41734954714775,
            -0.6675600372254848,
            0.7770909518003464
          ],
          "to":[
            -8.650462418794632,
            -0.2279081903398037,
            1.0867049247026443
          ],
          "rotationOrigin":[
            -9.033905982971191,
            -0.44773411378264427,
            0.9318979382514954
          ],
          "rotationX":45.00000125223908,
          "group":"fine_metal_metalhead",
          "faces":{
            "north":{
              "texture":"#material",
              "uv":[
                13.474359512329102,
                14.049551010131836,
                14.629610061645508,
                15.12540054321289
              ],
              "autoUv":false,
              "rotation":270
            },
            "east":{
              "texture":"#material",
              "uv":[
                12.424565315246582,
                11.183324813842773,
                12.56777572631836,
                11.326534271240234
              ],
              "autoUv":false
            },
            "south":{
              "texture":"#material",
              "uv":[
                21.0,
                14.000001907348633,
                20.0,
                16.0
              ],
              "autoUv":false,
              "rotation":90
            },
            "west":{
              "texture":"#material",
              "uv":[
                13.980380058288574,
                11.494487762451172,
                14.123589515686035,
                11.637699127197266
              ],
              "autoUv":false,
              "rotation":270
            },
            "up":{
              "texture":"#material",
              "uv":[
                14.566990852355957,
                12.080188751220703,
                15.528422355651855,
                12.990564346313477
              ],
              "autoUv":false,
              "rotation":270
            },
            "down":{
              "texture":"#material",
              "uv":[
                13.536978721618652,
                12.990564346313477,
                12.575547218322754,
                12.080188751220703
              ],
              "autoUv":false,
              "rotation":270
            }
          },
          "children":[]
        },
        {
          "name":"fine_metal_metalhead 06",
          "from":[
            -9.211189448833466,
            -0.7991846203804016,
            0.1885467767715454
          ],
          "to":[
            -8.84078198671341,
            1.2307612299919128,
            0.5589542388916016
          ],
          "rotationOrigin":[
            -9.025985717773438,
            0.21578830480575562,
            0.3737505078315735
          ],
          "rotationX":4.191129341342083e-12,
          "rotationY":-153.75188855692082,
          "rotationZ":-9.33467089949941e-06,
          "group":"fine_metal_metalhead",
          "faces":{
            "north":{
              "texture":"#material",
              "uv":[
                17.999996185302734,
                12.000005722045898,
                14.000000953674316,
                13.000001907348633
              ],
              "autoUv":false,
              "rotation":90
            },
            "east":{
              "texture":"#material",
              "uv":[
                18.000003814697266,
                11.999996185302734,
                14.00000286102295,
                13.0
              ],
              "autoUv":false,
              "rotation":90
            },
            "south":{
              "texture":"#material",
              "uv":[
                13.999998092651367,
                12.000001907348633,
                17.999996185302734,
                13.000001907348633
              ],
              "autoUv":false,
              "rotation":270
            },
            "west":{
              "texture":"#material",
              "uv":[
                13.999999046325684,
                11.999996185302734,
                18.000003814697266,
                12.999998092651367
              ],
              "autoUv":false,
              "rotation":270
            },
            "up":{
              "texture":"#material",
              "uv":[
                15.0,
                12.0,
                16.0,
                13.0
              ],
              "autoUv":false
            },
            "down":{
              "texture":"#material",
              "uv":[
                15.0,
                13.0,
                16.0,
                12.0
              ],
              "autoUv":false,
              "rotation":180
            }
          },
          "children":[]
        },
        {
          "name":"fine_metal_metalhead 07",
          "from":[
            -20.4552361369133,
            -0.7126398086547852,
            0.20889699459075928
          ],
          "to":[
            -19.688349068164825,
            1.1450457572937012,
            2.1745675802230835
          ],
          "rotationOrigin":[
            -20.071792602539062,
            0.216202974319458,
            1.1917322278022766
          ],
          "rotationY":7.5122185633580205,
          "group":"fine_metal_metalhead",
          "faces":{
            "north":{
              "texture":"#material",
              "uv":[
                13.006097793579102,
                14.855228424072266,
                15.706338882446289,
                17.38801383972168
              ],
              "autoUv":false,
              "rotation":270
            },
            "east":{
              "texture":"#material",
              "uv":[
                10.370741844177246,
                8.895145416259766,
                11.24145221710205,
                9.718021392822266
              ],
              "autoUv":false
            },
            "south":{
              "texture":"#material",
              "uv":[
                13.492855072021484,
                10.637243270874023,
                15.219583511352539,
                12.272279739379883
              ],
              "autoUv":false,
              "rotation":270
            },
            "west":{
              "texture":"#material",
              "uv":[
                13.492855072021484,
                7.8965911865234375,
                15.219583511352539,
                10.637243270874023
              ],
              "autoUv":false,
              "rotation":270
            },
            "up":{
              "texture":"#material",
              "uv":[
                16.0,
                14.0,
                20.0,
                16.0
              ],
              "autoUv":false,
              "rotation":90
            },
            "down":{
              "texture":"#material",
              "uv":[
                16.0,
                16.0,
                20.0,
                14.0
              ],
              "autoUv":false,
              "rotation":90
            }
          },
          "children":[]
        },
        {
          "name":"fine_metal_metalhead 08",
          "from":[
            -20.3065048456192,
            -0.4030255079269409,
            2.1648033261299133
          ],
          "to":[
            -19.539617896080017,
            0.8354314565658569,
            2.474417522549629
          ],
          "rotationOrigin":[
            -19.92306137084961,
            0.216202974319458,
            2.3196104168891907
          ],
          "rotationY":7.5122185633580205,
          "group":"fine_metal_metalhead",
          "faces":{
            "north":{
              "texture":"#material",
              "uv":[
                12.955451011657715,
                14.669601440429688,
                14.900117874145508,
                16.480610847473145
              ],
              "autoUv":false,
              "rotation":270
            },
            "east":{
              "texture":"#material",
              "uv":[
                11.378400802612305,
                10.939441680908203,
                11.54886245727539,
                11.280364990234375
              ],
              "autoUv":false
            },
            "south":{
              "texture":"#material",
              "uv":[
                19.0,
                16.0,
                20.0,
                18.0
              ],
              "autoUv":false
            },
            "west":{
              "texture":"#material",
              "uv":[
                13.807250022888184,
                11.329252243041992,
                14.048318862915039,
                11.570322036743164
              ],
              "autoUv":false,
              "rotation":270
            },
            "up":{
              "texture":"#material",
              "uv":[
                14.80517864227295,
                12.316686630249023,
                15.769455909729004,
                13.229757308959961
              ],
              "autoUv":false,
              "rotation":270
            },
            "down":{
              "texture":"#material",
              "uv":[
                13.050390243530273,
                13.229757308959961,
                12.086113929748535,
                12.316686630249023
              ],
              "autoUv":false,
              "rotation":270
            }
          },
          "children":[]
        },
        {
          "name":"fine_metal_metalhead 09",
          "from":[
            -20.320897698402405,
            0.6615809947252274,
            2.0556496381759644
          ],
          "to":[
            -19.55401074886322,
            1.1012329310178757,
            2.3652637004852295
          ],
          "rotationOrigin":[
            -19.937454223632812,
            0.8814069628715515,
            2.210456669330597
          ],
          "rotationX":-45.24695698696465,
          "rotationY":5.304307407072154,
          "rotationZ":5.327185979470758,
          "group":"fine_metal_metalhead",
          "faces":{
            "north":{
              "texture":"#material",
              "uv":[
                13.182514190673828,
                14.48731803894043,
                14.337764739990234,
                15.563167572021484
              ],
              "autoUv":false,
              "rotation":270
            },
            "east":{
              "texture":"#material",
              "uv":[
                11.8837890625,
                11.62109375,
                12.026998519897461,
                11.764303207397461
              ],
              "autoUv":false
            },
            "south":{
              "texture":"#material",
              "uv":[
                20.0,
                14.000001907348633,
                21.0,
                16.0
              ],
              "autoUv":false,
              "rotation":90
            },
            "west":{
              "texture":"#material",
              "uv":[
                13.6885347366333,
                11.932256698608398,
                13.831744194030762,
                12.07546615600586
              ],
              "autoUv":false,
              "rotation":270
            },
            "up":{
              "texture":"#material",
              "uv":[
                14.275144577026367,
                12.517955780029297,
                15.236577033996582,
                13.42833137512207
              ],
              "autoUv":false,
              "rotation":270
            },
            "down":{
              "texture":"#material",
              "uv":[
                13.245133399963379,
                13.42833137512207,
                12.28370189666748,
                12.517955780029297
              ],
              "autoUv":false,
              "rotation":270
            }
          },
          "children":[]
        },
        {
          "name":"fine_metal_metalhead 10",
          "from":[
            -20.320733666419983,
            -0.6675600819289684,
            2.056906580924988
          ],
          "to":[
            -19.5538467168808,
            -0.22790814563632011,
            2.366520643234253
          ],
          "rotationOrigin":[
            -19.93729019165039,
            -0.44773411378264427,
            2.2117136120796204
          ],
          "rotationX":45.24695698696465,
          "rotationY":5.304307407072154,
          "rotationZ":-5.327185979470758,
          "group":"fine_metal_metalhead",
          "faces":{
            "north":{
              "texture":"#material",
              "uv":[
                13.474359512329102,
                14.049551010131836,
                14.629610061645508,
                15.12540054321289
              ],
              "autoUv":false,
              "rotation":270
            },
            "east":{
              "texture":"#material",
              "uv":[
                12.424565315246582,
                11.183324813842773,
                12.56777572631836,
                11.326534271240234
              ],
              "autoUv":false
            },
            "south":{
              "texture":"#material",
              "uv":[
                21.0,
                14.000001907348633,
                20.0,
                16.0
              ],
              "autoUv":false,
              "rotation":90
            },
            "west":{
              "texture":"#material",
              "uv":[
                13.980380058288574,
                11.494487762451172,
                14.123589515686035,
                11.637699127197266
              ],
              "autoUv":false,
              "rotation":270
            },
            "up":{
              "texture":"#material",
              "uv":[
                14.566990852355957,
                12.080188751220703,
                15.528422355651855,
                12.990564346313477
              ],
              "autoUv":false,
              "rotation":270
            },
            "down":{
              "texture":"#material",
              "uv":[
                13.536978721618652,
                12.990564346313477,
                12.575547218322754,
                12.080188751220703
              ],
              "autoUv":false,
              "rotation":270
            }
          },
          "children":[]
        },
        {
          "name":"fine_metal_metalhead 11",
          "from":[
            -20.1876108199358,
            -0.7991846203804016,
            1.472118005156517
          ],
          "to":[
            -19.81720332801342,
            1.2307612299919128,
            1.8425254970788956
          ],
          "rotationOrigin":[
            -20.00240707397461,
            0.21578830480575562,
            1.6573217511177063
          ],
          "rotationX":7.134914400646788e-12,
          "rotationY":-146.23971865866062,
          "rotationZ":-9.33466519994542e-06,
          "group":"fine_metal_metalhead",
          "faces":{
            "north":{
              "texture":"#material",
              "uv":[
                17.999996185302734,
                12.000005722045898,
                14.000000953674316,
                13.000001907348633
              ],
              "autoUv":false,
              "rotation":90
            },
            "east":{
              "texture":"#material",
              "uv":[
                18.000003814697266,
                11.999996185302734,
                14.00000286102295,
                13.0
              ],
              "autoUv":false,
              "rotation":90
            },
            "south":{
              "texture":"#material",
              "uv":[
                13.999998092651367,
                12.000001907348633,
                17.999996185302734,
                13.000001907348633
              ],
              "autoUv":false,
              "rotation":270
            },
            "west":{
              "texture":"#material",
              "uv":[
                13.999999046325684,
                11.999996185302734,
                18.000003814697266,
                12.999998092651367
              ],
              "autoUv":false,
              "rotation":270
            },
            "up":{
              "texture":"#material",
              "uv":[
                15.0,
                12.0,
                16.0,
                13.0
              ],
              "autoUv":false
            },
            "down":{
              "texture":"#material",
              "uv":[
                15.0,
                13.0,
                16.0,
                12.0
              ],
              "autoUv":false,
              "rotation":180
            }
          },
          "children":[]
        },
        {
          "name":"fine_metal_metalhead 12",
          "from":[
            -9.305040538311005,
            -0.7119222283363342,
            -1.350886195898056
          ],
          "to":[
            -8.762769520282745,
            1.1443281769752502,
            -0.808614045381546
          ],
          "rotationOrigin":[
            -9.033905029296875,
            0.216202974319458,
            -1.0797502398490906
          ],
          "rotationY":44.999994422049916,
          "group":"fine_metal_metalhead",
          "faces":{
            "north":{
              "texture":"#material",
              "uv":[
                13.006097793579102,
                15.597064971923828,
                15.706338882446289,
                17.38801383972168
              ],
              "autoUv":false,
              "rotation":270
            },
            "east":{
              "texture":"#material",
              "uv":[
                11.00124740600586,
                8.895145416259766,
                11.24145221710205,
                9.718021392822266
              ],
              "autoUv":false
            },
            "south":{
              "texture":"#material",
              "uv":[
                13.492855072021484,
                8.652658462524414,
                15.219583511352539,
                11.212116241455078
              ],
              "autoUv":false,
              "rotation":270
            },
            "west":{
              "texture":"#material",
              "uv":[
                13.492855072021484,
                7.8965911865234375,
                15.219583511352539,
                8.652658462524414
              ],
              "autoUv":false,
              "rotation":270
            },
            "up":{
              "texture":"#material",
              "uv":[
                16.0,
                14.585786819458008,
                17.103485107421875,
                16.0
              ],
              "autoUv":false,
              "rotation":90
            },
            "down":{
              "texture":"#material",
              "uv":[
                16.0,
                16.0,
                17.103485107421875,
                14.585786819458008
              ],
              "autoUv":false,
              "rotation":90
            }
          },
          "children":[]
        },
        {
          "name":"fine_metal_metalhead 13",
          "from":[
            -20.471423089504242,
            -0.7119222283363342,
            -0.05380257964134216
          ],
          "to":[
            -19.929150640964508,
            1.1443281769752502,
            0.4884679317474365
          ],
          "rotationOrigin":[
            -20.200286865234375,
            0.216202974319458,
            0.217332661151886
          ],
          "rotationY":52.512212131634286,
          "group":"fine_metal_metalhead",
          "faces":{
            "north":{
              "texture":"#material",
              "uv":[
                13.006097793579102,
                14.855228424072266,
                15.706338882446289,
                16.6461820602417
              ],
              "autoUv":false,
              "rotation":270
            },
            "east":{
              "texture":"#material",
              "uv":[
                10.370741844177246,
                8.895145416259766,
                10.610944747924805,
                9.718023300170898
              ],
              "autoUv":false
            },
            "south":{
              "texture":"#material",
              "uv":[
                13.492855072021484,
                11.116130828857422,
                15.219583511352539,
                12.272279739379883
              ],
              "autoUv":false,
              "rotation":270
            },
            "west":{
              "texture":"#material",
              "uv":[
                13.492855072021484,
                9.881179809570312,
                15.219583511352539,
                11.116130828857422
              ],
              "autoUv":false,
              "rotation":270
            },
            "up":{
              "texture":"#material",
              "uv":[
                18.89651870727539,
                14.0,
                20.0,
                15.414216995239258
              ],
              "autoUv":false,
              "rotation":90
            },
            "down":{
              "texture":"#material",
              "uv":[
                18.89651870727539,
                15.414216995239258,
                20.0,
                14.0
              ],
              "autoUv":false,
              "rotation":90
            }
          },
          "children":[]
        },
        {
          "name":"fine_metal_metalhead 14",
          "from":[
            8.183063566684723,
            -0.12863361835479736,
            1.5386243164539337
          ],
          "to":[
            8.985130250453949,
            0.6734333634376526,
            1.9394541233778
          ],
          "rotationOrigin":[
            8.6175537109375,
            0.3058564066886902,
            1.7390392422676086
          ],
          "rotationX":-3.8943123719726016e-07,
          "rotationY":-7.915320106472894,
          "rotationZ":45.00000466733367,
          "group":"fine_metal_metalhead",
          "faces":{
            "north":{
              "texture":"#material",
              "uv":[
                16.143753051757812,
                13.389986038208008,
                15.017492294311523,
                15.664178848266602
              ],
              "autoUv":false
            },
            "east":{
              "texture":"#material",
              "uv":[
                16.286832809448242,
                14.451202392578125,
                15.71993637084961,
                16.719931602478027
              ],
              "autoUv":false
            },
            "south":{
              "texture":"#material",
              "uv":[
                24.0,
                26.154004096984863,
                25.845996856689453,
                28.0
              ],
              "autoUv":false
            },
            "west":{
              "texture":"#material",
              "uv":[
                17.0,
                18.0,
                16.0,
                18.922998428344727
              ],
              "autoUv":false,
              "rotation":180
            },
            "up":{
              "texture":"#material",
              "uv":[
                16.0,
                18.07700252532959,
                17.0,
                18.922998428344727
              ],
              "autoUv":false,
              "rotation":90
            },
            "down":{
              "texture":"#material",
              "uv":[
                18.11077308654785,
                20.266915321350098,
                19.237035751342773,
                19.141220092773438
              ],
              "autoUv":false,
              "rotation":180
            }
          },
          "children":[]
        },
        {
          "name":"fine_metal_metalhead 15",
          "from":[
            13.096579670906067,
            0.07182587683200836,
            2.4734850227832794
          ],
          "to":[
            13.490898966789246,
            0.4807228595018387,
            2.8823820054531097
          ],
          "rotationOrigin":[
            13.293739318847656,
            0.2762743830680847,
            2.6779335141181946
          ],
          "rotationX":-66.61569557896978,
          "rotationY":62.84069100583876,
          "rotationZ":64.08026105716935,
          "group":"fine_metal_metalhead",
          "faces":{
            "north":{
              "texture":"#material",
              "uv":[
                2.000000238418579,
                18.000001907348633,
                1.0,
                19.000000953674316
              ],
              "autoUv":false,
              "rotation":90
            },
            "east":{
              "texture":"#material",
              "uv":[
                2.000000238418579,
                18.000001907348633,
                1.0,
                19.000000953674316
              ],
              "autoUv":false,
              "rotation":90
            },
            "south":{
              "texture":"#material",
              "uv":[
                1.0,
                18.000001907348633,
                2.000000238418579,
                19.000000953674316
              ],
              "autoUv":false,
              "rotation":270
            },
            "west":{
              "texture":"#material",
              "uv":[
                1.0,
                18.000001907348633,
                2.000000238418579,
                19.000000953674316
              ],
              "autoUv":false,
              "rotation":270
            },
            "up":{
              "texture":"#material",
              "uv":[
                1.0,
                18.000001907348633,
                2.000000238418579,
                19.000000953674316
              ],
              "autoUv":false
            },
            "down":{
              "texture":"#material",
              "uv":[
                1.0,
                19.000000953674316,
                2.000000238418579,
                18.000001907348633
              ],
              "autoUv":false,
              "rotation":180
            }
          },
          "children":[]
        },
        {
          "name":"fine_metal_metalhead 16",
          "from":[
            8.83128273487091,
            0.07182587683200836,
            1.7392826229333878
          ],
          "to":[
            9.22560203075409,
            0.4807228595018387,
            2.1481796354055405
          ],
          "rotationOrigin":[
            9.0284423828125,
            0.2762743830680847,
            1.9437311291694641
          ],
          "rotationX":-71.78645613918208,
          "rotationY":63.82770798241896,
          "rotationZ":69.86524686906256,
          "group":"fine_metal_metalhead",
          "faces":{
            "north":{
              "texture":"#material",
              "uv":[
                2.000000238418579,
                18.000001907348633,
                1.0,
                19.000000953674316
              ],
              "autoUv":false,
              "rotation":90
            },
            "east":{
              "texture":"#material",
              "uv":[
                2.000000238418579,
                18.000001907348633,
                1.0,
                19.000000953674316
              ],
              "autoUv":false,
              "rotation":90
            },
            "south":{
              "texture":"#material",
              "uv":[
                1.0,
                18.000001907348633,
                2.000000238418579,
                19.000000953674316
              ],
              "autoUv":false,
              "rotation":270
            },
            "west":{
              "texture":"#material",
              "uv":[
                1.0,
                18.000001907348633,
                2.000000238418579,
                19.000000953674316
              ],
              "autoUv":false,
              "rotation":270
            },
            "up":{
              "texture":"#material",
              "uv":[
                1.0,
                18.000001907348633,
                2.000000238418579,
                19.000000953674316
              ],
              "autoUv":false
            },
            "down":{
              "texture":"#material",
              "uv":[
                1.0,
                19.000000953674316,
                2.000000238418579,
                18.000001907348633
              ],
              "autoUv":false,
              "rotation":180
            }
          },
          "children":[]
        },
        {
          "name":"fine_metal_metalhead 17",
          "from":[
            10.419483423233032,
            -0.3074471950531006,
            1.8128315806388855
          ],
          "to":[
            12.441486120223999,
            0.824529767036438,
            2.3819655776023865
          ],
          "rotationOrigin":[
            11.430484771728516,
            0.2585412859916687,
            2.097398579120636
          ],
          "rotationY":-9.228484592336729,
          "group":"fine_metal_metalhead",
          "faces":{
            "north":{
              "texture":"#material",
              "uv":[
                27.0,
                13.000005722045898,
                29.0,
                15.999996185302734
              ],
              "autoUv":false,
              "rotation":180
            },
            "east":{
              "texture":"#material",
              "uv":[
                0.0,
                32.0,
                0.0,
                32.0
              ],
              "autoUv":false
            },
            "south":{
              "texture":"#material",
              "uv":[
                13.0,
                14.001379013061523,
                10.0,
                15.99862289428711
              ],
              "autoUv":false
            },
            "west":{
              "texture":"#material",
              "uv":[
                0.0,
                32.0,
                0.0,
                32.0
              ],
              "autoUv":false,
              "rotation":180
            },
            "up":{
              "texture":"#material",
              "uv":[
                27.0,
                12.946937561035156,
                29.0,
                14.000003814697266
              ],
              "autoUv":false
            },
            "down":{
              "texture":"#material",
              "uv":[
                27.0,
                14.000003814697266,
                29.0,
                12.946937561035156
              ],
              "autoUv":false,
              "rotation":180
            }
          },
          "children":[]
        },
        {
          "name":"fine_metal_metalhead 18",
          "from":[
            8.622707784175873,
            -0.3086053729057312,
            1.512518733739853
          ],
          "to":[
            10.460055887699127,
            0.8256879448890686,
            2.08165243268013
          ],
          "rotationOrigin":[
            9.5413818359375,
            0.2585412859916687,
            1.7970855832099915
          ],
          "rotationX":6.487967079274048e-13,
          "rotationY":-8.812920515307521,
          "rotationZ":-179.99995036744298,
          "group":"fine_metal_metalhead",
          "faces":{
            "north":{
              "texture":"#material",
              "uv":[
                26.0,
                13.000005722045898,
                27.0,
                15.999996185302734
              ],
              "autoUv":false
            },
            "east":{
              "texture":"#material",
              "uv":[
                0.0,
                32.0,
                0.0,
                32.0
              ],
              "autoUv":false
            },
            "south":{
              "texture":"#material",
              "uv":[
                16.0,
                13.999311447143555,
                13.0,
                16.000690460205078
              ],
              "autoUv":false,
              "rotation":180
            },
            "west":{
              "texture":"#material",
              "uv":[
                0.0,
                32.0,
                0.0,
                32.0
              ],
              "autoUv":false,
              "rotation":180
            },
            "up":{
              "texture":"#material",
              "uv":[
                27.0,
                12.946937561035156,
                26.0,
                14.000003814697266
              ],
              "autoUv":false
            },
            "down":{
              "texture":"#material",
              "uv":[
                26.999998092651367,
                14.000003814697266,
                26.0,
                12.946937561035156
              ],
              "autoUv":false,
              "rotation":180
            }
          },
          "children":[]
        },
        {
          "name":"fine_metal_metalhead 19",
          "from":[
            12.72576105594635,
            -0.6780980825424194,
            2.1491077542304993
          ],
          "to":[
            13.86005437374115,
            1.195180594921112,
            2.718241512775421
          ],
          "rotationOrigin":[
            13.29290771484375,
            0.2585412859916687,
            2.43367463350296
          ],
          "rotationX":-3.529054164576463e-07,
          "rotationY":-11.25169505374758,
          "rotationZ":-90.00000933466734,
          "group":"fine_metal_metalhead",
          "faces":{
            "north":{
              "texture":"#material",
              "uv":[
                29.0,
                13.000005722045898,
                30.0,
                15.999996185302734
              ],
              "autoUv":false,
              "rotation":270
            },
            "east":{
              "texture":"#material",
              "uv":[
                30.0,
                12.946935653686523,
                29.000001907348633,
                14.000003814697266
              ],
              "autoUv":false,
              "rotation":90
            },
            "south":{
              "texture":"#material",
              "uv":[
                10.0,
                13.999311447143555,
                7.0,
                16.000690460205078
              ],
              "autoUv":false,
              "rotation":270
            },
            "west":{
              "texture":"#material",
              "uv":[
                29.0,
                12.946935653686523,
                30.0,
                14.000003814697266
              ],
              "autoUv":false,
              "rotation":270
            },
            "up":{
              "texture":"#material",
              "uv":[
                0.0,
                32.0,
                0.0,
                32.0
              ],
              "autoUv":false,
              "rotation":270
            },
            "down":{
              "texture":"#material",
              "uv":[
                0.0,
                32.0,
                0.0,
                32.0
              ],
              "autoUv":false,
              "rotation":90
            }
          },
          "children":[]
        }
      ]
    }
  ],
  "groups":[]
}