{
  "textureWidth":16,
  "textureHeight":16,
  "textures":{
    "material":"game:item/tool/material/string"
  },
  "textureSizes":{
    "material":[
      32,
      32
    ]
  },
  "elements":[
    {
      "name":"origin",
      "from":[
        10.79720687866211,
        0.5,
        8.21067351102829
      ],
      "to":[
        10.79720687866211,
        0.5,
        8.21067351102829
      ],
      "rotationOrigin":[
        8.0,
        0.0,
        8.0
      ],
      "group":"fine_string_metalhead",
      "faces":{
        "north":{
          "texture":"#0",
          "uv":[
            0,
            0,
            4,
            4
          ],
          "autoUv":false
        },
        "east":{
          "texture":"#0",
          "uv":[
            0,
            0,
            4,
            4
          ],
          "autoUv":false
        },
        "south":{
          "texture":"#0",
          "uv":[
            0,
            0,
            4,
            4
          ],
          "autoUv":false
        },
        "west":{
          "texture":"#0",
          "uv":[
            0,
            0,
            4,
            4
          ],
          "autoUv":false
        },
        "up":{
          "texture":"#material",
          "uv":[
            0.0,
            0.0,
            1.0,
            1.0
          ],
          "autoUv":false,
          "rotation":180
        },
        "down":{
          "texture":"#0",
          "uv":[
            0,
            0,
            4,
            4
          ],
          "autoUv":false
        }
      },
      "children":[
        {
          "name":"fine_string_metalhead 01",
          "from":[
            13.314201444387436,
            -0.5999999642372131,
            0.7189597487449646
          ],
          "to":[
            13.814201265573502,
            1.1000009179115295,
            2.6965787410736084
          ],
          "rotationOrigin":[
            13.564201354980469,
            0.2500004768371582,
            1.7077692151069641
          ],
          "rotationY":-5.785320918049363,
          "group":"fine_string_metalhead",
          "faces":{
            "north":{
              "texture":"#material",
              "uv":[
                17.0,
                1.0,
                20.0,
                2.0
              ],
              "autoUv":false,
              "rotation":90
            },
            "east":{
              "texture":"#material",
              "uv":[
                0.0,
                0.0,
                4.0,
                3.0
              ],
              "autoUv":false
            },
            "south":{
              "texture":"#material",
              "uv":[
                2.0,
                1.0,
                5.0,
                2.0
              ],
              "autoUv":false,
              "rotation":90
            },
            "west":{
              "texture":"#material",
              "uv":[
                4.0,
                5.0,
                8.0,
                8.0
              ],
              "autoUv":false
            },
            "up":{
              "texture":"#material",
              "uv":[
                0.0,
                0.0,
                1.0,
                4.0
              ],
              "autoUv":false
            },
            "down":{
              "texture":"#material",
              "uv":[
                1.0,
                4.0,
                0.0,
                0.0
              ],
              "autoUv":false,
              "rotation":180
            }
          },
          "children":[]
        },
        {
          "name":"fine_string_metalhead 02",
          "from":[
            12.437024980783463,
            -0.5878381133079529,
            0.5821492671966553
          ],
          "to":[
            12.937025159597397,
            1.1121627688407898,
            2.5298269391059875
          ],
          "rotationOrigin":[
            12.68702507019043,
            0.26216232776641846,
            1.5559881329536438
          ],
          "rotationX":1.932604373532635,
          "rotationY":-21.54578221793374,
          "rotationZ":-0.16705792938268904,
          "group":"fine_string_metalhead",
          "faces":{
            "north":{
              "texture":"#material",
              "uv":[
                0.0,
                1.0,
                3.0,
                2.0
              ],
              "autoUv":false,
              "rotation":90
            },
            "east":{
              "texture":"#material",
              "uv":[
                0.0,
                0.0,
                4.0,
                3.0
              ],
              "autoUv":false
            },
            "south":{
              "texture":"#material",
              "uv":[
                4.0,
                1.0,
                7.0,
                2.0
              ],
              "autoUv":false,
              "rotation":90
            },
            "west":{
              "texture":"#material",
              "uv":[
                0.0,
                8.0,
                4.0,
                11.0
              ],
              "autoUv":false
            },
            "up":{
              "texture":"#material",
              "uv":[
                6.0,
                1.0000019073486328,
                10.0,
                2.0
              ],
              "autoUv":false,
              "rotation":90
            },
            "down":{
              "texture":"#material",
              "uv":[
                17.0,
                2.0,
                13.0,
                1.0000019073486328
              ],
              "autoUv":false,
              "rotation":270
            }
          },
          "children":[]
        },
        {
          "name":"fine_string_metalhead 03",
          "from":[
            12.428056627511978,
            -0.5533729195594788,
            0.5567294955253601
          ],
          "to":[
            12.928056806325912,
            1.0705201029777527,
            2.5567306876182556
          ],
          "rotationOrigin":[
            12.678056716918945,
            0.25857359170913696,
            1.5567300915718079
          ],
          "rotationX":1.0099750566496137,
          "rotationY":8.058777130931611,
          "rotationZ":-0.14160160090263996,
          "group":"fine_string_metalhead",
          "faces":{
            "north":{
              "texture":"#material",
              "uv":[
                2.0,
                1.0000019073486328,
                5.0,
                2.0
              ],
              "autoUv":false,
              "rotation":90
            },
            "east":{
              "texture":"#material",
              "uv":[
                0.0,
                4.0,
                4.0,
                7.0
              ],
              "autoUv":false
            },
            "south":{
              "texture":"#material",
              "uv":[
                0.0,
                5.000001907348633,
                3.0,
                6.0
              ],
              "autoUv":false,
              "rotation":90
            },
            "west":{
              "texture":"#material",
              "uv":[
                4.0,
                5.0,
                8.0,
                8.0
              ],
              "autoUv":false
            },
            "up":{
              "texture":"#material",
              "uv":[
                9.0,
                0.0,
                13.0,
                1.0
              ],
              "autoUv":false,
              "rotation":90
            },
            "down":{
              "texture":"#material",
              "uv":[
                9.0,
                5.0,
                5.0,
                4.0
              ],
              "autoUv":false,
              "rotation":270
            }
          },
          "children":[]
        },
        {
          "name":"fine_string_metalhead 04",
          "from":[
            -10.200171828269958,
            0.025868773460388184,
            -0.9438760876655579
          ],
          "to":[
            -7.700180649757385,
            0.5258650034666061,
            0.8823198676109314
          ],
          "rotationOrigin":[
            -8.950176239013672,
            0.27586692571640015,
            -0.030778110027313232
          ],
          "rotationX":93.51181256813193,
          "rotationY":0.8490762903716234,
          "rotationZ":-131.58553413401992,
          "group":"fine_string_metalhead",
          "faces":{
            "north":{
              "texture":"#material",
              "uv":[
                16.997467041015625,
                7.996482849121094,
                21.997467041015625,
                8.996480941772461
              ],
              "autoUv":false
            },
            "east":{
              "texture":"#material",
              "uv":[
                15.0,
                2.0,
                18.0,
                3.0
              ],
              "autoUv":false,
              "rotation":180
            },
            "south":{
              "texture":"#material",
              "uv":[
                5.0,
                4.0,
                10.007146835327148,
                5.0
              ],
              "autoUv":false,
              "rotation":180
            },
            "west":{
              "texture":"#material",
              "uv":[
                0.0,
                5.0,
                3.000000238418579,
                5.996486663818359
              ],
              "autoUv":false
            },
            "up":{
              "texture":"#material",
              "uv":[
                0.0,
                4.0,
                5.0,
                7.0
              ],
              "autoUv":false
            },
            "down":{
              "texture":"#material",
              "uv":[
                9.007146835327148,
                8.0,
                3.99515962600708,
                5.0
              ],
              "autoUv":false,
              "rotation":180
            }
          },
          "children":[]
        },
        {
          "name":"fine_string_metalhead 05",
          "from":[
            -10.146319508552551,
            -0.5798179507255554,
            -0.9906032681465149
          ],
          "to":[
            -9.646319270133972,
            1.0853179097175598,
            1.0093979239463806
          ],
          "rotationOrigin":[
            -9.896319389343262,
            0.2527499794960022,
            0.009397327899932861
          ],
          "rotationX":-1.1180544647348827e-15,
          "rotationY":-2.184449669930284,
          "rotationZ":-2.9684651175285487e-08,
          "group":"fine_string_metalhead",
          "faces":{
            "north":{
              "texture":"#material",
              "uv":[
                0.0,
                1.0,
                2.9643847942352295,
                2.000001907348633
              ],
              "autoUv":false,
              "rotation":90
            },
            "east":{
              "texture":"#material",
              "uv":[
                0.0,
                0.0,
                4.0,
                2.964384078979492
              ],
              "autoUv":false
            },
            "south":{
              "texture":"#material",
              "uv":[
                4.025911331176758,
                1.0,
                6.964385032653809,
                2.000001907348633
              ],
              "autoUv":false,
              "rotation":90
            },
            "west":{
              "texture":"#material",
              "uv":[
                0.0,
                8.0,
                4.0,
                10.964385986328125
              ],
              "autoUv":false
            },
            "up":{
              "texture":"#material",
              "uv":[
                6.0,
                1.0,
                10.0,
                2.0
              ],
              "autoUv":false,
              "rotation":90
            },
            "down":{
              "texture":"#material",
              "uv":[
                17.0,
                2.0,
                13.0,
                1.0
              ],
              "autoUv":false,
              "rotation":270
            }
          },
          "children":[]
        },
        {
          "name":"fine_string_metalhead 06",
          "from":[
            -11.408268332481384,
            0.019062191247940063,
            -0.8643380999565125
          ],
          "to":[
            -9.408267498016357,
            0.519061878323555,
            0.9281709790229797
          ],
          "rotationOrigin":[
            -10.408267974853516,
            0.2690620422363281,
            0.03191643953323364
          ],
          "rotationX":91.2947263333566,
          "rotationY":-2.1880805558043805,
          "rotationZ":-81.01371385878915,
          "group":"fine_string_metalhead",
          "faces":{
            "north":{
              "texture":"#material",
              "uv":[
                13.001031875610352,
                0.0,
                17.00103187561035,
                1.0
              ],
              "autoUv":false
            },
            "east":{
              "texture":"#material",
              "uv":[
                8.000000953674316,
                0.0,
                11.040260314941406,
                1.0
              ],
              "autoUv":false,
              "rotation":180
            },
            "south":{
              "texture":"#material",
              "uv":[
                5.000000476837158,
                4.001991271972656,
                9.000787734985352,
                5.0
              ],
              "autoUv":false,
              "rotation":180
            },
            "west":{
              "texture":"#material",
              "uv":[
                0.0,
                5.0,
                3.040261745452881,
                6.0
              ],
              "autoUv":false
            },
            "up":{
              "texture":"#material",
              "uv":[
                0.0,
                4.052745819091797,
                3.9992122650146484,
                7.0
              ],
              "autoUv":false
            },
            "down":{
              "texture":"#material",
              "uv":[
                8.000787734985352,
                8.0,
                4.001031875610352,
                5.0
              ],
              "autoUv":false,
              "rotation":180
            }
          },
          "children":[]
        },
        {
          "name":"fine_string_metalhead 07",
          "from":[
            -20.427190870046616,
            -0.5722646117210388,
            -0.6177745461463928
          ],
          "to":[
            -19.92719069123268,
            1.1277346014976501,
            2.7701318860054016
          ],
          "rotationOrigin":[
            -20.17719078063965,
            0.27773499488830566,
            0.6322258114814758
          ],
          "rotationX":1.3593634585229784,
          "rotationY":48.71771078351746,
          "rotationZ":-0.009238711306514942,
          "group":"fine_string_metalhead",
          "faces":{
            "north":{
              "texture":"#material",
              "uv":[
                15.0,
                2.0,
                18.0,
                3.0
              ],
              "autoUv":false,
              "rotation":90
            },
            "east":{
              "texture":"#material",
              "uv":[
                0.0,
                4.0,
                7.0,
                7.0
              ],
              "autoUv":false
            },
            "south":{
              "texture":"#material",
              "uv":[
                0.0,
                5.000001907348633,
                3.0,
                6.0
              ],
              "autoUv":false,
              "rotation":90
            },
            "west":{
              "texture":"#material",
              "uv":[
                4.0,
                5.000001907348633,
                11.0,
                8.0
              ],
              "autoUv":false
            },
            "up":{
              "texture":"#material",
              "uv":[
                17.0,
                8.000003814697266,
                23.999998092651367,
                9.0
              ],
              "autoUv":false,
              "rotation":90
            },
            "down":{
              "texture":"#material",
              "uv":[
                12.0,
                5.000001907348633,
                5.0,
                4.0
              ],
              "autoUv":false,
              "rotation":270
            }
          },
          "children":[]
        },
        {
          "name":"fine_string_metalhead 08",
          "from":[
            -19.33793067932129,
            -0.5631991028785706,
            -0.3257957696914673
          ],
          "to":[
            -18.83793067932129,
            1.1368017792701721,
            2.0940991044044495
          ],
          "rotationOrigin":[
            -19.08793067932129,
            0.2868013381958008,
            0.6742036938667297
          ],
          "rotationX":-2.4085827544310754,
          "rotationY":7.891189901908885,
          "rotationZ":-0.024641925138070928,
          "group":"fine_string_metalhead",
          "faces":{
            "north":{
              "texture":"#material",
              "uv":[
                0.0,
                1.0,
                3.0,
                2.0
              ],
              "autoUv":false,
              "rotation":90
            },
            "east":{
              "texture":"#material",
              "uv":[
                0.0,
                0.0,
                5.0,
                3.0
              ],
              "autoUv":false
            },
            "south":{
              "texture":"#material",
              "uv":[
                4.0,
                1.0,
                7.0,
                2.0
              ],
              "autoUv":false,
              "rotation":90
            },
            "west":{
              "texture":"#material",
              "uv":[
                0.0,
                8.0,
                5.0,
                11.000001907348633
              ],
              "autoUv":false
            },
            "up":{
              "texture":"#material",
              "uv":[
                6.0,
                0.9999942779541016,
                11.0,
                2.0
              ],
              "autoUv":false,
              "rotation":90
            },
            "down":{
              "texture":"#material",
              "uv":[
                18.0,
                2.0,
                13.0,
                1.0
              ],
              "autoUv":false,
              "rotation":270
            }
          },
          "children":[]
        },
        {
          "name":"fine_string_metalhead 09",
          "from":[
            -21.600520879030228,
            -0.5946959853172302,
            -0.27089768648147583
          ],
          "to":[
            -21.10052129626274,
            1.205303132534027,
            2.699700653553009
          ],
          "rotationOrigin":[
            -21.350521087646484,
            0.30530357360839844,
            0.7291029095649719
          ],
          "rotationX":-1.5171912009954018,
          "rotationY":-15.357712792172228,
          "rotationZ":-2.483338107679807,
          "group":"fine_string_metalhead",
          "faces":{
            "north":{
              "texture":"#material",
              "uv":[
                8.0,
                0.0,
                11.0,
                1.0
              ],
              "autoUv":false,
              "rotation":90
            },
            "east":{
              "texture":"#material",
              "uv":[
                0.0,
                4.0,
                6.0,
                7.0
              ],
              "autoUv":false
            },
            "south":{
              "texture":"#material",
              "uv":[
                0.0,
                5.0,
                3.0,
                6.0
              ],
              "autoUv":false,
              "rotation":90
            },
            "west":{
              "texture":"#material",
              "uv":[
                4.0,
                5.0,
                10.0,
                7.999998092651367
              ],
              "autoUv":false
            },
            "up":{
              "texture":"#material",
              "uv":[
                13.0,
                1.9073486328125e-06,
                18.999998092651367,
                1.0
              ],
              "autoUv":false,
              "rotation":90
            },
            "down":{
              "texture":"#material",
              "uv":[
                11.0,
                5.0,
                5.0,
                4.0
              ],
              "autoUv":false,
              "rotation":270
            }
          },
          "children":[]
        },
        {
          "name":"fine_string_metalhead 10",
          "from":[
            -18.8747156560421,
            -0.6529272794723511,
            -0.3902605175971985
          ],
          "to":[
            -18.374715954065323,
            1.1470718383789062,
            2.0396259427070618
          ],
          "rotationOrigin":[
            -18.62471580505371,
            0.2470722794532776,
            0.6097400784492493
          ],
          "rotationX":-1.5144627538653932,
          "rotationY":14.977365170503605,
          "rotationZ":-1.6899524050361177,
          "group":"fine_string_metalhead",
          "faces":{
            "north":{
              "texture":"#material",
              "uv":[
                8.0,
                0.0,
                11.0,
                1.0
              ],
              "autoUv":false,
              "rotation":90
            },
            "east":{
              "texture":"#material",
              "uv":[
                0.0,
                3.999998092651367,
                5.0,
                7.0
              ],
              "autoUv":false
            },
            "south":{
              "texture":"#material",
              "uv":[
                0.0,
                5.0,
                3.0,
                6.0
              ],
              "autoUv":false,
              "rotation":90
            },
            "west":{
              "texture":"#material",
              "uv":[
                4.0,
                5.0,
                9.0,
                8.0
              ],
              "autoUv":false
            },
            "up":{
              "texture":"#material",
              "uv":[
                13.0,
                0.0,
                18.0,
                1.0
              ],
              "autoUv":false,
              "rotation":90
            },
            "down":{
              "texture":"#material",
              "uv":[
                10.0,
                5.0,
                5.0,
                3.999998092651367
              ],
              "autoUv":false,
              "rotation":270
            }
          },
          "children":[]
        },
        {
          "name":"fine_string_metalhead 11",
          "from":[
            14.519433051347733,
            -0.692506730556488,
            0.5233526825904846
          ],
          "to":[
            15.153952568769455,
            1.2154098153114319,
            3.4312501549720764
          ],
          "rotationOrigin":[
            14.836692810058594,
            0.2614515423774719,
            1.9773014187812805
          ],
          "rotationY":-64.2752424674057,
          "group":"fine_string_metalhead",
          "faces":{
            "north":{
              "texture":"#material",
              "uv":[
                23.0,
                3.999998092651367,
                26.0,
                5.0
              ],
              "autoUv":false,
              "rotation":90
            },
            "east":{
              "texture":"#material",
              "uv":[
                5.999999523162842,
                2.999998092651367,
                10.0,
                6.000001907348633
              ],
              "autoUv":false
            },
            "south":{
              "texture":"#material",
              "uv":[
                8.0,
                2.999998092651367,
                11.06613826751709,
                4.0
              ],
              "autoUv":false,
              "rotation":90
            },
            "west":{
              "texture":"#material",
              "uv":[
                9.0,
                7.999998092651367,
                14.0,
                11.0
              ],
              "autoUv":false
            },
            "up":{
              "texture":"#material",
              "uv":[
                5.999999523162842,
                2.000001907348633,
                7.0,
                7.0
              ],
              "autoUv":false
            },
            "down":{
              "texture":"#material",
              "uv":[
                7.0,
                7.0,
                5.999999523162842,
                2.000001907348633
              ],
              "autoUv":false,
              "rotation":180
            }
          },
          "children":[]
        },
        {
          "name":"fine_string_metalhead 12",
          "from":[
            14.535670340061188,
            -0.7359083294868469,
            0.44356364011764526
          ],
          "to":[
            15.170189797878265,
            1.262135922908783,
            3.327215015888214
          ],
          "rotationOrigin":[
            14.852930068969727,
            0.263113796710968,
            1.9283187985420227
          ],
          "rotationY":-128.21146166516866,
          "group":"fine_string_metalhead",
          "faces":{
            "north":{
              "texture":"#material",
              "uv":[
                24.0,
                2.999998092651367,
                26.999998092651367,
                4.000001907348633
              ],
              "autoUv":false,
              "rotation":90
            },
            "east":{
              "texture":"#material",
              "uv":[
                5.999999523162842,
                1.9999961853027344,
                11.0,
                5.000003814697266
              ],
              "autoUv":false
            },
            "south":{
              "texture":"#material",
              "uv":[
                9.0,
                2.999998092651367,
                12.0,
                4.000001907348633
              ],
              "autoUv":false,
              "rotation":90
            },
            "west":{
              "texture":"#material",
              "uv":[
                10.0,
                7.000001907348633,
                15.0,
                9.999998092651367
              ],
              "autoUv":false
            },
            "up":{
              "texture":"#material",
              "uv":[
                5.999999523162842,
                1.0,
                7.0,
                6.0
              ],
              "autoUv":false
            },
            "down":{
              "texture":"#material",
              "uv":[
                7.0,
                6.0,
                5.999999523162842,
                1.0
              ],
              "autoUv":false,
              "rotation":180
            }
          },
          "children":[]
        },
        {
          "name":"fine_string_metalhead 13",
          "from":[
            14.822074323892593,
            -0.023900210857391357,
            -4.2631983160972595
          ],
          "to":[
            15.473339647054672,
            0.5725359320640564,
            -1.3915680050849915
          ],
          "rotationOrigin":[
            15.147706985473633,
            0.2743178606033325,
            -2.8273832201957703
          ],
          "rotationY":-103.19499224502651,
          "group":"fine_string_metalhead",
          "faces":{
            "north":{
              "texture":"#material",
              "uv":[
                20.661415100097656,
                4.250005722045898,
                21.469480514526367,
                5.25
              ],
              "autoUv":false,
              "rotation":90
            },
            "east":{
              "texture":"#material",
              "uv":[
                2.0,
                5.0,
                6.0,
                6.000003814697266
              ],
              "autoUv":false
            },
            "south":{
              "texture":"#material",
              "uv":[
                5.0,
                4.0,
                6.0,
                5.0
              ],
              "autoUv":false,
              "rotation":90
            },
            "west":{
              "texture":"#material",
              "uv":[
                6.0,
                9.0,
                10.0,
                10.0
              ],
              "autoUv":false
            },
            "up":{
              "texture":"#material",
              "uv":[
                2.0,
                3.0,
                3.0,
                7.0
              ],
              "autoUv":false
            },
            "down":{
              "texture":"#material",
              "uv":[
                3.0,
                7.0,
                2.0,
                3.0
              ],
              "autoUv":false,
              "rotation":180
            }
          },
          "children":[]
        },
        {
          "name":"fine_string_metalhead 14",
          "from":[
            14.776061534881592,
            -0.08723071217536926,
            -3.9497271180152893
          ],
          "to":[
            15.427326679229736,
            0.6358663141727448,
            -1.078097641468048
          ],
          "rotationOrigin":[
            15.101694107055664,
            0.27431780099868774,
            -2.5139123797416687
          ],
          "rotationY":-86.7369411002071,
          "group":"fine_string_metalhead",
          "faces":{
            "north":{
              "texture":"#material",
              "uv":[
                23.700613021850586,
                3.9375038146972656,
                24.680282592773438,
                4.9375
              ],
              "autoUv":false,
              "rotation":90
            },
            "east":{
              "texture":"#material",
              "uv":[
                5.0,
                4.0,
                10.0,
                5.0
              ],
              "autoUv":false
            },
            "south":{
              "texture":"#material",
              "uv":[
                9.0,
                4.0,
                10.0,
                5.0
              ],
              "autoUv":false,
              "rotation":90
            },
            "west":{
              "texture":"#material",
              "uv":[
                9.0,
                9.0,
                13.0,
                10.0
              ],
              "autoUv":false
            },
            "up":{
              "texture":"#material",
              "uv":[
                5.0,
                3.0,
                6.0,
                7.0
              ],
              "autoUv":false
            },
            "down":{
              "texture":"#material",
              "uv":[
                6.0,
                7.0,
                5.0,
                3.0
              ],
              "autoUv":false,
              "rotation":180
            }
          },
          "children":[]
        },
        {
          "name":"fine_string_metalhead 15",
          "from":[
            4.4298863261938095,
            -0.5676530003547668,
            -0.6390301585197449
          ],
          "to":[
            4.8891139179468155,
            1.0938807129859924,
            1.581908404827118
          ],
          "rotationOrigin":[
            4.6595001220703125,
            0.2631138563156128,
            0.4714391827583313
          ],
          "rotationY":-154.09260571347772,
          "group":"fine_string_metalhead",
          "faces":{
            "north":{
              "texture":"#material",
              "uv":[
                22.0,
                3.0,
                25.0,
                4.0
              ],
              "autoUv":false,
              "rotation":90
            },
            "east":{
              "texture":"#material",
              "uv":[
                5.0,
                3.0,
                8.0,
                6.000001907348633
              ],
              "autoUv":false
            },
            "south":{
              "texture":"#material",
              "uv":[
                7.0,
                4.0,
                10.0,
                5.0
              ],
              "autoUv":false,
              "rotation":90
            },
            "west":{
              "texture":"#material",
              "uv":[
                9.0,
                8.0,
                12.0,
                11.0
              ],
              "autoUv":false
            },
            "up":{
              "texture":"#material",
              "uv":[
                4.0,
                3.0,
                5.0,
                6.0
              ],
              "autoUv":false
            },
            "down":{
              "texture":"#material",
              "uv":[
                4.0,
                6.0,
                2.999999761581421,
                3.0
              ],
              "autoUv":false,
              "rotation":180
            }
          },
          "children":[]
        },
        {
          "name":"fine_string_metalhead 16",
          "from":[
            4.543995887041092,
            -0.6279032826423645,
            -0.5449541211128235
          ],
          "to":[
            5.178515404462814,
            1.1541308760643005,
            1.455403745174408
          ],
          "rotationOrigin":[
            4.861255645751953,
            0.263113796710968,
            0.45522481203079224
          ],
          "rotationY":157.10547045826206,
          "group":"fine_string_metalhead",
          "faces":{
            "north":{
              "texture":"#material",
              "uv":[
                20.000001907348633,
                3.0,
                22.999998092651367,
                4.0
              ],
              "autoUv":false,
              "rotation":90
            },
            "east":{
              "texture":"#material",
              "uv":[
                2.0,
                3.0,
                6.017972946166992,
                5.0
              ],
              "autoUv":false
            },
            "south":{
              "texture":"#material",
              "uv":[
                5.0,
                3.0,
                8.0,
                4.0
              ],
              "autoUv":false,
              "rotation":90
            },
            "west":{
              "texture":"#material",
              "uv":[
                6.999999523162842,
                8.0,
                11.0,
                11.0
              ],
              "autoUv":false
            },
            "up":{
              "texture":"#material",
              "uv":[
                2.0,
                3.0,
                3.0,
                6.0
              ],
              "autoUv":false
            },
            "down":{
              "texture":"#material",
              "uv":[
                3.0,
                6.0,
                2.0,
                3.0
              ],
              "autoUv":false,
              "rotation":180
            }
          },
          "children":[]
        },
        {
          "name":"fine_string_metalhead 17",
          "from":[
            -8.980207413434982,
            -0.5830680727958679,
            -1.3382341265678406
          ],
          "to":[
            -7.9802084267139435,
            1.116931974887848,
            1.1617658734321594
          ],
          "rotationOrigin":[
            -8.480207920074463,
            0.26693195104599,
            -0.08823412656784058
          ],
          "rotationX":3.143753882688362e-07,
          "rotationY":-21.594691495032908,
          "rotationZ":2.0000008382809127,
          "group":"fine_string_metalhead",
          "faces":{
            "north":{
              "texture":"#material",
              "uv":[
                15.0,
                2.0,
                18.0,
                4.0
              ],
              "autoUv":false,
              "rotation":90
            },
            "east":{
              "texture":"#material",
              "uv":[
                0.0,
                4.0,
                5.0,
                7.0
              ],
              "autoUv":false
            },
            "south":{
              "texture":"#material",
              "uv":[
                12.0,
                7.0,
                15.0,
                9.0
              ],
              "autoUv":false,
              "rotation":90
            },
            "west":{
              "texture":"#material",
              "uv":[
                6.0,
                5.0,
                11.0,
                8.0
              ],
              "autoUv":false
            },
            "up":{
              "texture":"#material",
              "uv":[
                16.0,
                3.0,
                21.0,
                5.0
              ],
              "autoUv":false,
              "rotation":90
            },
            "down":{
              "texture":"#material",
              "uv":[
                19.0,
                6.0,
                14.0,
                4.0
              ],
              "autoUv":false,
              "rotation":270
            }
          },
          "children":[]
        }
      ]
    }
  ],
  "groups":[]
}