{
	"ingredient": { "type": "item", "code": "game:clay-*", "name": "type", "allowedVariants": ["blue", "red", "fire"] },
	"pattern": [[
		"#############",
		"#############",
		"#############",
		"#############",
		"#############",
		"#############",
		"#############",
		"#############",
		"#############",
		"#############",
		"#############",
		"#############",
		"#############"
	],
	[
		"#############",
		"#############",
		"#############",
		"#__#__#__#__#",
		"#__#__#__#__#",
		"#__#__#__#__#",
		"#############",
		"#__#__#__#__#",
		"#__#__#__#__#",
		"#__#__#__#__#",
		"#############",
		"#############",
		"#############"
	],
	[
		"#############",
		"#############",
		"#############",
		"#__#__#__#__#",
		"#__#__#__#__#",
		"#__#__#__#__#",
		"#############",
		"#__#__#__#__#",
		"#__#__#__#__#",
		"#__#__#__#__#",
		"#############",
		"#############",
		"#############"
	]],
	"name": "Firearms slugs mold",
	"output": { "type": "block", "code": "ammomold-slug-raw"  }
}