{
  "textureWidth":16,
  "textureHeight":16,
  "textures":{
    "material":"game:block/metal/ingot/copper"
  },
  "textureSizes":{
    "material":[
      32,
      32
    ]
  },
  "elements":[
    {
      "name":"origin",
      "from":[
        11.0,
        0.5,
        7.699999988079071
      ],
      "to":[
        11.0,
        0.5,
        7.699999988079071
      ],
      "rotationOrigin":[
        8.0,
        0.0,
        8.0
      ],
      "group":"unv_metal_metalhead",
      "faces":{
        "north":{
          "texture":"#0",
          "uv":[
            0,
            0,
            4,
            4
          ],
          "autoUv":false
        },
        "east":{
          "texture":"#0",
          "uv":[
            0,
            0,
            4,
            4
          ],
          "autoUv":false
        },
        "south":{
          "texture":"#0",
          "uv":[
            0,
            0,
            4,
            4
          ],
          "autoUv":false
        },
        "west":{
          "texture":"#0",
          "uv":[
            0,
            0,
            4,
            4
          ],
          "autoUv":false
        },
        "up":{
          "texture":"#material",
          "uv":[
            0.0,
            0.0,
            1.0,
            1.0
          ],
          "autoUv":false,
          "rotation":180
        },
        "down":{
          "texture":"#0",
          "uv":[
            0,
            0,
            4,
            4
          ],
          "autoUv":false
        }
      },
      "children":[
        {
          "name":"unv_metal_metalhead1",
          "from":[
            -9.231753587722778,
            0.05027779936790466,
            0.07213310897350311
          ],
          "to":[
            -8.79188072681427,
            0.9271211922168732,
            0.5278688222169876
          ],
          "rotationOrigin":[
            -8.30296802520752,
            0.4886994957923889,
            0.30000096559524536
          ],
          "group":"unv_metal_metalhead",
          "faces":{
            "north":{
              "texture":"#material",
              "uv":[
                6.947199821472168,
                11.000003814697266,
                6.0,
                13.000003814697266
              ],
              "autoUv":false
            },
            "east":{
              "texture":"#material",
              "uv":[
                13.97318172454834,
                17.97318172454834,
                18.026817321777344,
                22.02681827545166
              ],
              "autoUv":false,
              "rotation":270
            },
            "south":{
              "texture":"#material",
              "uv":[
                6.0,
                11.000003814697266,
                6.947199821472168,
                13.000003814697266
              ],
              "autoUv":false
            },
            "west":{
              "texture":"#material",
              "uv":[
                10.0,
                5.0,
                12.0,
                6.0
              ],
              "autoUv":false,
              "rotation":270
            },
            "up":{
              "texture":"#material",
              "uv":[
                7.710400581359863,
                9.999998092651367,
                8.0,
                11.000003814697266
              ],
              "autoUv":false,
              "rotation":270
            },
            "down":{
              "texture":"#material",
              "uv":[
                8.0,
                11.0,
                8.473600387573242,
                9.999998092651367
              ],
              "autoUv":false,
              "rotation":180
            }
          },
          "children":[]
        },
        {
          "name":"unv_metal_metalhead2",
          "from":[
            -4.630147337913513,
            0.14208945631980896,
            -0.10208487510681152
          ],
          "to":[
            -3.8583544194698334,
            0.8353095352649689,
            0.7020868062973022
          ],
          "rotationOrigin":[
            -4.244250774383545,
            0.4886994957923889,
            0.30000096559524536
          ],
          "group":"unv_metal_metalhead",
          "faces":{
            "north":{
              "texture":"#material",
              "uv":[
                7.0,
                11.0,
                6.0,
                13.0
              ],
              "autoUv":false
            },
            "east":{
              "texture":"#material",
              "uv":[
                13.97318172454834,
                17.97318172454834,
                18.026817321777344,
                22.02681827545166
              ],
              "autoUv":false,
              "rotation":270
            },
            "south":{
              "texture":"#material",
              "uv":[
                6.0,
                11.0,
                8.0,
                13.0
              ],
              "autoUv":false
            },
            "west":{
              "texture":"#material",
              "uv":[
                15.0,
                6.0,
                17.0,
                8.0
              ],
              "autoUv":false,
              "rotation":270
            },
            "up":{
              "texture":"#material",
              "uv":[
                7.710400581359863,
                9.999998092651367,
                8.0,
                11.000003814697266
              ],
              "autoUv":false,
              "rotation":270
            },
            "down":{
              "texture":"#material",
              "uv":[
                8.0,
                11.0,
                8.473600387573242,
                9.999998092651367
              ],
              "autoUv":false,
              "rotation":180
            }
          },
          "children":[]
        },
        {
          "name":"unv_metal_metalhead3",
          "from":[
            -4.1426717936992645,
            0.14257702231407166,
            0.015682965517044067
          ],
          "to":[
            -3.57403627038002,
            0.8348219692707062,
            0.5843189656734467
          ],
          "rotationOrigin":[
            -3.858354091644287,
            0.4886994957923889,
            0.30000096559524536
          ],
          "rotationY":45.00000125223908,
          "group":"unv_metal_metalhead",
          "faces":{
            "north":{
              "texture":"#material",
              "uv":[
                6.69787073135376,
                11.000003814697266,
                6.0,
                13.000003814697266
              ],
              "autoUv":false
            },
            "east":{
              "texture":"#material",
              "uv":[
                8.986590385437012,
                12.0,
                11.0,
                13.0
              ],
              "autoUv":false,
              "rotation":270
            },
            "south":{
              "texture":"#material",
              "uv":[
                6.0,
                11.0,
                7.0,
                13.0
              ],
              "autoUv":false
            },
            "west":{
              "texture":"#material",
              "uv":[
                15.0,
                6.585784912109375,
                17.0,
                8.0
              ],
              "autoUv":false,
              "rotation":270
            },
            "up":{
              "texture":"#material",
              "uv":[
                8.0,
                10.292890548706055,
                7.523403167724609,
                11.000003814697266
              ],
              "autoUv":false
            },
            "down":{
              "texture":"#material",
              "uv":[
                8.0,
                11.0,
                8.348936080932617,
                10.292890548706055
              ],
              "autoUv":false,
              "rotation":180
            }
          },
          "children":[]
        }
      ]
    }
  ],
  "groups":[]
}