{
  "textureWidth":16,
  "textureHeight":16,
  "textures":{
    "bone":"game:block/creature/bone-yellow"
  },
  "textureSizes":{
    "bone":[
      32,
      32
    ]
  },
  "elements":[
    {
      "name":"origin",
      "from":[
        8.0,
        0.0,
        8.0
      ],
      "to":[
        8.0,
        0.0,
        8.0
      ],
      "rotationOrigin":[
        8.0,
        0.0,
        8.0
      ],
      "group":"Bone",
      "faces":{
        "north":{
          "texture":"#0",
          "uv":[
            0,
            0,
            4,
            4
          ],
          "autoUv":false
        },
        "east":{
          "texture":"#0",
          "uv":[
            0,
            0,
            4,
            4
          ],
          "autoUv":false
        },
        "south":{
          "texture":"#0",
          "uv":[
            0,
            0,
            4,
            4
          ],
          "autoUv":false
        },
        "west":{
          "texture":"#0",
          "uv":[
            0,
            0,
            4,
            4
          ],
          "autoUv":false
        },
        "up":{
          "texture":"#bone",
          "uv":[
            0.0,
            0.0,
            1.0,
            1.0
          ],
          "autoUv":false,
          "rotation":180
        },
        "down":{
          "texture":"#0",
          "uv":[
            0,
            0,
            4,
            4
          ],
          "autoUv":false
        }
      },
      "children":[
        {
          "name":"handle_bone 01",
          "from":[
            4.662086009979248,
            0.07582151889801025,
            -0.281627357006073
          ],
          "to":[
            8.822092533111572,
            1.3941617012023926,
            0.18388622999191284
          ],
          "rotationOrigin":[
            6.74208927154541,
            0.7349916100502014,
            -0.04887056350708008
          ],
          "rotationY":1.1227985759591173,
          "group":"Bone",
          "faces":{
            "north":{
              "texture":"#bone",
              "uv":[
                2.0,
                16.0,
                10.320013046264648,
                19.000001907348633
              ],
              "autoUv":false
            },
            "east":{
              "texture":"#bone",
              "uv":[
                23.947078704833984,
                23.0,
                24.87810707092285,
                25.999999046325684
              ],
              "autoUv":false
            },
            "south":{
              "texture":"#bone",
              "uv":[
                17.192880630493164,
                19.68882179260254,
                25.51566505432129,
                22.326379776000977
              ],
              "autoUv":false
            },
            "west":{
              "texture":"#bone",
              "uv":[
                20.121898651123047,
                22.999999046325684,
                21.05292510986328,
                25.999999046325684
              ],
              "autoUv":false
            },
            "up":{
              "texture":"#bone",
              "uv":[
                10.024164199829102,
                0.41720008850097656,
                17.047405242919922,
                1.516714096069336
              ],
              "autoUv":false
            },
            "down":{
              "texture":"#bone",
              "uv":[
                10.024164199829102,
                1.516714096069336,
                17.047405242919922,
                0.41720008850097656
              ],
              "autoUv":false,
              "rotation":180
            }
          },
          "children":[]
        },
        {
          "name":"handle_bone 02",
          "from":[
            -7.333525657653809,
            0.0,
            0.19830989837646484
          ],
          "to":[
            -6.333525657653809,
            1.5,
            1.6983098983764648
          ],
          "rotationOrigin":[
            -6.833525657653809,
            0.75,
            0.9483098983764648
          ],
          "group":"Bone",
          "faces":{
            "north":{
              "texture":"#bone",
              "uv":[
                27.0,
                14.0,
                29.0,
                17.0
              ],
              "autoUv":false
            },
            "east":{
              "texture":"#bone",
              "uv":[
                7.0,
                17.0,
                10.0,
                20.0
              ],
              "autoUv":false
            },
            "south":{
              "texture":"#bone",
              "uv":[
                20.0,
                4.0,
                22.0,
                7.0
              ],
              "autoUv":false
            },
            "west":{
              "texture":"#bone",
              "uv":[
                12.0,
                0.0,
                20.0,
                8.0
              ],
              "autoUv":false,
              "rotation":270
            },
            "up":{
              "texture":"#bone",
              "uv":[
                0.0,
                12.0,
                2.0,
                15.0
              ],
              "autoUv":false
            },
            "down":{
              "texture":"#bone",
              "uv":[
                11.0,
                21.0,
                9.0,
                18.0
              ],
              "autoUv":false,
              "rotation":180
            }
          },
          "children":[]
        },
        {
          "name":"handle_bone 03",
          "from":[
            8.659705638885498,
            0.10425162315368652,
            -0.3223409652709961
          ],
          "to":[
            10.199936389923096,
            1.0,
            1.488652229309082
          ],
          "rotationOrigin":[
            9.429821014404297,
            0.5521258115768433,
            0.583155632019043
          ],
          "group":"Bone",
          "faces":{
            "north":{
              "texture":"#bone",
              "uv":[
                4.919538497924805,
                19.0,
                8.0,
                21.0
              ],
              "autoUv":false
            },
            "east":{
              "texture":"#bone",
              "uv":[
                19.0,
                5.0,
                21.0,
                7.0
              ],
              "autoUv":false
            },
            "south":{
              "texture":"#bone",
              "uv":[
                13.0,
                8.0,
                16.080461502075195,
                10.0
              ],
              "autoUv":false
            },
            "west":{
              "texture":"#bone",
              "uv":[
                12.0,
                0.0,
                20.0,
                8.0
              ],
              "autoUv":false,
              "rotation":270
            },
            "up":{
              "texture":"#bone",
              "uv":[
                21.0,
                23.0,
                24.080461502075195,
                25.0
              ],
              "autoUv":false
            },
            "down":{
              "texture":"#bone",
              "uv":[
                16.53938865661621,
                3.915637969970703,
                19.495729446411133,
                0.3994579315185547
              ],
              "autoUv":false,
              "rotation":180
            }
          },
          "children":[]
        },
        {
          "name":"handle_bone 04",
          "from":[
            8.782341361045837,
            0.9999999701976776,
            -0.3223409652709961
          ],
          "to":[
            10.106479287147522,
            1.4011462032794952,
            1.488652229309082
          ],
          "rotationOrigin":[
            9.44441032409668,
            1.2005730867385864,
            0.583155632019043
          ],
          "group":"Bone",
          "faces":{
            "north":{
              "texture":"#bone",
              "uv":[
                14.351724624633789,
                17.0,
                17.0,
                18.0
              ],
              "autoUv":false
            },
            "east":{
              "texture":"#bone",
              "uv":[
                12.0,
                6.0,
                14.0,
                7.0
              ],
              "autoUv":false
            },
            "south":{
              "texture":"#bone",
              "uv":[
                9.0,
                16.0,
                11.648275375366211,
                17.0
              ],
              "autoUv":false
            },
            "west":{
              "texture":"#bone",
              "uv":[
                12.0,
                0.0,
                20.0,
                8.0
              ],
              "autoUv":false,
              "rotation":270
            },
            "up":{
              "texture":"#bone",
              "uv":[
                16.771099090576172,
                0.3994579315185547,
                19.312671661376953,
                3.915637969970703
              ],
              "autoUv":false
            },
            "down":{
              "texture":"#bone",
              "uv":[
                12.0,
                15.062068939208984,
                4.0,
                8.0
              ],
              "autoUv":false,
              "rotation":270
            }
          },
          "children":[]
        },
        {
          "name":"handle_bone 05",
          "from":[
            9.514115512371063,
            0.5000000298023224,
            1.4664840698242188
          ],
          "to":[
            10.000162899494171,
            1.3437826335430145,
            1.9664840698242188
          ],
          "rotationOrigin":[
            9.757139205932617,
            0.9218913316726685,
            1.7164840698242188
          ],
          "rotationY":8.163758846021999,
          "group":"Bone",
          "faces":{
            "north":{
              "texture":"#bone",
              "uv":[
                12.0,
                24.0,
                20.0,
                27.888379096984863
              ],
              "autoUv":false,
              "rotation":270
            },
            "east":{
              "texture":"#bone",
              "uv":[
                11.0,
                13.0,
                12.0,
                15.0
              ],
              "autoUv":false
            },
            "south":{
              "texture":"#bone",
              "uv":[
                8.027905464172363,
                9.0,
                9.0,
                11.0
              ],
              "autoUv":false
            },
            "west":{
              "texture":"#bone",
              "uv":[
                12.0,
                0.0,
                20.0,
                8.0
              ],
              "autoUv":false,
              "rotation":270
            },
            "up":{
              "texture":"#bone",
              "uv":[
                18.411802291870117,
                8.628154754638672,
                19.384246826171875,
                9.628515243530273
              ],
              "autoUv":false
            },
            "down":{
              "texture":"#bone",
              "uv":[
                8.972094535827637,
                9.0,
                8.0,
                8.0
              ],
              "autoUv":false,
              "rotation":180
            }
          },
          "children":[]
        },
        {
          "name":"handle_bone 06",
          "from":[
            -8.833525657653809,
            0.0,
            0.44830989837646484
          ],
          "to":[
            -7.333525657653809,
            1.5,
            1.4483098983764648
          ],
          "rotationOrigin":[
            -8.083525657653809,
            0.75,
            0.9483098983764648
          ],
          "group":"Bone",
          "faces":{
            "north":{
              "texture":"#bone",
              "uv":[
                12.0,
                24.0,
                20.0,
                32.0
              ],
              "autoUv":false,
              "rotation":270
            },
            "east":{
              "texture":"#bone",
              "uv":[
                12.0,
                16.0,
                20.0,
                24.0
              ],
              "autoUv":false,
              "rotation":270
            },
            "south":{
              "texture":"#bone",
              "uv":[
                12.0,
                8.0,
                20.0,
                16.0
              ],
              "autoUv":false,
              "rotation":270
            },
            "west":{
              "texture":"#bone",
              "uv":[
                7.0,
                18.0,
                9.0,
                21.0
              ],
              "autoUv":false
            },
            "up":{
              "texture":"#bone",
              "uv":[
                20.0,
                8.0,
                23.0,
                10.0
              ],
              "autoUv":false
            },
            "down":{
              "texture":"#bone",
              "uv":[
                11.0,
                13.0,
                8.0,
                11.0
              ],
              "autoUv":false,
              "rotation":180
            }
          },
          "children":[]
        },
        {
          "name":"handle_bone 07",
          "from":[
            -8.773157119750977,
            1.4999999403953552,
            -0.19548112154006958
          ],
          "to":[
            -7.523157119750977,
            2.099999964237213,
            0.6545189023017883
          ],
          "rotationOrigin":[
            -8.148157119750977,
            1.7999999523162842,
            0.22951889038085938
          ],
          "rotationY":-5.999995044323334,
          "group":"Bone",
          "faces":{
            "north":{
              "texture":"#bone",
              "uv":[
                6.0,
                14.0,
                8.0,
                15.0
              ],
              "autoUv":false
            },
            "east":{
              "texture":"#bone",
              "uv":[
                8.0,
                17.0,
                9.0,
                18.0
              ],
              "autoUv":false
            },
            "south":{
              "texture":"#bone",
              "uv":[
                9.0,
                12.0,
                11.0,
                13.0
              ],
              "autoUv":false
            },
            "west":{
              "texture":"#bone",
              "uv":[
                7.0,
                13.0,
                8.0,
                14.0
              ],
              "autoUv":false
            },
            "up":{
              "texture":"#bone",
              "uv":[
                19.0,
                12.0,
                21.0,
                13.0
              ],
              "autoUv":false
            },
            "down":{
              "texture":"#bone",
              "uv":[
                12.0,
                16.0,
                4.0,
                8.0
              ],
              "autoUv":false,
              "rotation":270
            }
          },
          "children":[]
        },
        {
          "name":"handle_bone 08",
          "from":[
            -8.780900001525879,
            0.009999990463256836,
            -0.1726846694946289
          ],
          "to":[
            -7.280900001525879,
            1.4900000095367432,
            0.5773153305053711
          ],
          "rotationOrigin":[
            -8.030900001525879,
            0.75,
            0.2023153305053711
          ],
          "rotationY":-8.999996835353231,
          "group":"Bone",
          "faces":{
            "north":{
              "texture":"#bone",
              "uv":[
                9.0,
                14.0,
                12.0,
                16.0
              ],
              "autoUv":false
            },
            "east":{
              "texture":"#bone",
              "uv":[
                8.0,
                5.0,
                9.0,
                7.0
              ],
              "autoUv":false
            },
            "south":{
              "texture":"#bone",
              "uv":[
                12.0,
                8.0,
                20.0,
                16.0
              ],
              "autoUv":false,
              "rotation":270
            },
            "west":{
              "texture":"#bone",
              "uv":[
                20.0,
                16.0,
                21.0,
                18.0
              ],
              "autoUv":false
            },
            "up":{
              "texture":"#bone",
              "uv":[
                0.0,
                0.0,
                3.0,
                1.0
              ],
              "autoUv":false
            },
            "down":{
              "texture":"#bone",
              "uv":[
                16.0,
                21.0,
                13.0,
                20.0
              ],
              "autoUv":false,
              "rotation":180
            }
          },
          "children":[]
        },
        {
          "name":"handle_bone 09",
          "from":[
            -8.785383224487305,
            0.009999990463256836,
            1.324148178100586
          ],
          "to":[
            -7.285383224487305,
            1.4900000095367432,
            2.074148178100586
          ],
          "rotationOrigin":[
            -8.035383224487305,
            0.75,
            1.699148178100586
          ],
          "rotationY":8.999996835353231,
          "group":"Bone",
          "faces":{
            "north":{
              "texture":"#bone",
              "uv":[
                12.0,
                24.0,
                20.0,
                32.0
              ],
              "autoUv":false,
              "rotation":270
            },
            "east":{
              "texture":"#bone",
              "uv":[
                21.0,
                14.0,
                22.0,
                16.0
              ],
              "autoUv":false
            },
            "south":{
              "texture":"#bone",
              "uv":[
                8.0,
                11.0,
                11.0,
                13.0
              ],
              "autoUv":false
            },
            "west":{
              "texture":"#bone",
              "uv":[
                21.0,
                15.0,
                22.0,
                17.0
              ],
              "autoUv":false
            },
            "up":{
              "texture":"#bone",
              "uv":[
                0.0,
                0.0,
                3.0,
                1.0
              ],
              "autoUv":false
            },
            "down":{
              "texture":"#bone",
              "uv":[
                19.0,
                26.0,
                16.0,
                25.0
              ],
              "autoUv":false,
              "rotation":180
            }
          },
          "children":[]
        },
        {
          "name":"handle_bone 10",
          "from":[
            1.8622522354125977,
            0.0490649938583374,
            1.0548162460327148
          ],
          "to":[
            4.710497856140137,
            1.0390650033950806,
            1.5548162460327148
          ],
          "rotationOrigin":[
            3.286375045776367,
            0.544064998626709,
            1.3048162460327148
          ],
          "rotationX":0.20539339329580375,
          "rotationY":-5.99649841435511,
          "rotationZ":1.9653333593748668,
          "group":"Bone",
          "faces":{
            "north":{
              "texture":"#bone",
              "uv":[
                18.253644943237305,
                19.909757614135742,
                23.95203399658203,
                21.890417098999023
              ],
              "autoUv":false
            },
            "east":{
              "texture":"#bone",
              "uv":[
                12.0,
                16.0,
                20.0,
                24.0
              ],
              "autoUv":false,
              "rotation":270
            },
            "south":{
              "texture":"#bone",
              "uv":[
                20.0,
                22.0,
                25.06805419921875,
                23.999999046325684
              ],
              "autoUv":false
            },
            "west":{
              "texture":"#bone",
              "uv":[
                12.0,
                0.0,
                20.0,
                8.0
              ],
              "autoUv":false,
              "rotation":270
            },
            "up":{
              "texture":"#bone",
              "uv":[
                5.456727981567383,
                8.136960983276367,
                10.082059860229492,
                9.3668212890625
              ],
              "autoUv":false
            },
            "down":{
              "texture":"#bone",
              "uv":[
                5.471170425415039,
                9.36300277709961,
                10.125387191772461,
                8.140777587890625
              ],
              "autoUv":false,
              "rotation":180
            }
          },
          "children":[]
        },
        {
          "name":"handle_bone 11",
          "from":[
            -6.464260578155518,
            0.7585619688034058,
            0.39830970764160156
          ],
          "to":[
            -4.964261531829834,
            1.2585617303848267,
            1.3983097076416016
          ],
          "rotationOrigin":[
            -5.714261054992676,
            1.0085618495941162,
            0.8983097076416016
          ],
          "rotationZ":-20.00000454082772,
          "group":"Bone",
          "faces":{
            "north":{
              "texture":"#bone",
              "uv":[
                0.0,
                0.0,
                3.0,
                1.0
              ],
              "autoUv":false
            },
            "east":{
              "texture":"#bone",
              "uv":[
                12.0,
                16.0,
                20.0,
                24.0
              ],
              "autoUv":false,
              "rotation":270
            },
            "south":{
              "texture":"#bone",
              "uv":[
                0.0,
                0.0,
                3.0,
                1.0
              ],
              "autoUv":false
            },
            "west":{
              "texture":"#bone",
              "uv":[
                12.0,
                0.0,
                20.0,
                8.0
              ],
              "autoUv":false,
              "rotation":270
            },
            "up":{
              "texture":"#bone",
              "uv":[
                9.0,
                6.0,
                12.0,
                8.0
              ],
              "autoUv":false
            },
            "down":{
              "texture":"#bone",
              "uv":[
                12.0,
                16.0,
                4.0,
                8.0
              ],
              "autoUv":false,
              "rotation":270
            }
          },
          "children":[]
        },
        {
          "name":"handle_bone 12",
          "from":[
            -6.399072587490082,
            0.009999990463256836,
            0.30560973286628723
          ],
          "to":[
            -4.899072706699371,
            1.0,
            0.8056096881628036
          ],
          "rotationOrigin":[
            -5.649072647094727,
            0.5049999952316284,
            0.5556097030639648
          ],
          "rotationY":-8.000004206897298,
          "group":"Bone",
          "faces":{
            "north":{
              "texture":"#bone",
              "uv":[
                0.0,
                16.0,
                3.0,
                18.0
              ],
              "autoUv":false
            },
            "east":{
              "texture":"#bone",
              "uv":[
                12.0,
                16.0,
                20.0,
                24.0
              ],
              "autoUv":false,
              "rotation":270
            },
            "south":{
              "texture":"#bone",
              "uv":[
                12.0,
                8.0,
                20.0,
                16.0
              ],
              "autoUv":false,
              "rotation":270
            },
            "west":{
              "texture":"#bone",
              "uv":[
                12.0,
                0.0,
                20.0,
                8.0
              ],
              "autoUv":false,
              "rotation":270
            },
            "up":{
              "texture":"#bone",
              "uv":[
                0.0,
                0.0,
                3.0,
                1.0
              ],
              "autoUv":false
            },
            "down":{
              "texture":"#bone",
              "uv":[
                3.0,
                1.0,
                0.0,
                0.0
              ],
              "autoUv":false,
              "rotation":180
            }
          },
          "children":[]
        },
        {
          "name":"handle_bone 13",
          "from":[
            -6.399602770805359,
            0.009999990463256836,
            1.0506096184253693
          ],
          "to":[
            -4.899603009223938,
            1.0,
            1.5506095588207245
          ],
          "rotationOrigin":[
            -5.649602890014648,
            0.5049999952316284,
            1.3006095886230469
          ],
          "rotationY":11.000003436606256,
          "group":"Bone",
          "faces":{
            "north":{
              "texture":"#bone",
              "uv":[
                12.0,
                24.0,
                20.0,
                32.0
              ],
              "autoUv":false,
              "rotation":270
            },
            "east":{
              "texture":"#bone",
              "uv":[
                12.0,
                16.0,
                20.0,
                24.0
              ],
              "autoUv":false,
              "rotation":270
            },
            "south":{
              "texture":"#bone",
              "uv":[
                10.0,
                15.0,
                13.0,
                17.0
              ],
              "autoUv":false
            },
            "west":{
              "texture":"#bone",
              "uv":[
                12.0,
                0.0,
                20.0,
                8.0
              ],
              "autoUv":false,
              "rotation":270
            },
            "up":{
              "texture":"#bone",
              "uv":[
                0.0,
                0.0,
                3.0,
                1.0
              ],
              "autoUv":false
            },
            "down":{
              "texture":"#bone",
              "uv":[
                3.0,
                1.0,
                0.0,
                0.0
              ],
              "autoUv":false,
              "rotation":180
            }
          },
          "children":[]
        },
        {
          "name":"handle_bone 14",
          "from":[
            -6.333525657653809,
            0.0,
            0.39830970764160156
          ],
          "to":[
            1.8616437911987305,
            1.0,
            1.3983097076416016
          ],
          "rotationOrigin":[
            -2.235940933227539,
            0.5,
            0.8983097076416016
          ],
          "group":"Bone",
          "faces":{
            "north":{
              "texture":"#bone",
              "uv":[
                7.609662055969238,
                13.0,
                24.0,
                15.0
              ],
              "autoUv":false
            },
            "east":{
              "texture":"#bone",
              "uv":[
                12.0,
                16.0,
                20.0,
                24.0
              ],
              "autoUv":false,
              "rotation":270
            },
            "south":{
              "texture":"#bone",
              "uv":[
                0.0,
                4.0,
                16.390338897705078,
                6.0
              ],
              "autoUv":false
            },
            "west":{
              "texture":"#bone",
              "uv":[
                12.0,
                0.0,
                20.0,
                8.0
              ],
              "autoUv":false,
              "rotation":270
            },
            "up":{
              "texture":"#bone",
              "uv":[
                0.0,
                0.0,
                16.390338897705078,
                2.0
              ],
              "autoUv":false
            },
            "down":{
              "texture":"#bone",
              "uv":[
                24.0,
                2.0,
                7.609662055969238,
                0.0
              ],
              "autoUv":false,
              "rotation":180
            }
          },
          "children":[]
        },
        {
          "name":"handle_bone 15",
          "from":[
            -8.784307479858398,
            1.4999999403953552,
            1.287444293498993
          ],
          "to":[
            -7.534307479858398,
            2.099999964237213,
            2.137444317340851
          ],
          "rotationOrigin":[
            -8.159307479858398,
            1.7999999523162842,
            1.7124443054199219
          ],
          "rotationY":5.999995044323334,
          "group":"Bone",
          "faces":{
            "north":{
              "texture":"#bone",
              "uv":[
                8.0,
                14.0,
                10.0,
                15.0
              ],
              "autoUv":false
            },
            "east":{
              "texture":"#bone",
              "uv":[
                22.0,
                23.0,
                23.0,
                24.0
              ],
              "autoUv":false
            },
            "south":{
              "texture":"#bone",
              "uv":[
                6.0,
                16.0,
                8.0,
                17.0
              ],
              "autoUv":false
            },
            "west":{
              "texture":"#bone",
              "uv":[
                9.0,
                14.0,
                10.0,
                15.0
              ],
              "autoUv":false
            },
            "up":{
              "texture":"#bone",
              "uv":[
                11.0,
                12.0,
                13.0,
                13.0
              ],
              "autoUv":false
            },
            "down":{
              "texture":"#bone",
              "uv":[
                12.0,
                16.0,
                4.0,
                8.0
              ],
              "autoUv":false,
              "rotation":270
            }
          },
          "children":[]
        },
        {
          "name":"handle_bone 16",
          "from":[
            9.512266665697098,
            0.1357952505350113,
            1.4405698776245117
          ],
          "to":[
            10.363290280103683,
            0.4999999850988388,
            1.9405698776245117
          ],
          "rotationOrigin":[
            9.93777847290039,
            0.31789761781692505,
            1.6905698776245117
          ],
          "rotationY":8.163758846021999,
          "group":"Bone",
          "faces":{
            "north":{
              "texture":"#bone",
              "uv":[
                12.0,
                21.631452560424805,
                20.0,
                28.43964195251465
              ],
              "autoUv":false,
              "rotation":270
            },
            "east":{
              "texture":"#bone",
              "uv":[
                11.0,
                13.0,
                12.0,
                15.0
              ],
              "autoUv":false
            },
            "south":{
              "texture":"#bone",
              "uv":[
                7.890089511871338,
                9.0,
                9.592137336730957,
                10.999998092651367
              ],
              "autoUv":false
            },
            "west":{
              "texture":"#bone",
              "uv":[
                12.0,
                0.0,
                20.0,
                8.0
              ],
              "autoUv":false,
              "rotation":270
            },
            "up":{
              "texture":"#bone",
              "uv":[
                6.890089988708496,
                11.999998092651367,
                8.592137336730957,
                13.0
              ],
              "autoUv":false
            },
            "down":{
              "texture":"#bone",
              "uv":[
                18.34790802001953,
                9.628515243530273,
                20.050569534301758,
                8.628154754638672
              ],
              "autoUv":false,
              "rotation":180
            }
          },
          "children":[]
        },
        {
          "name":"handle_bone 17",
          "from":[
            1.8214443922042847,
            0.05235326290130615,
            0.059189796447753906
          ],
          "to":[
            4.769257664680481,
            1.0423532724380493,
            0.5591897964477539
          ],
          "rotationOrigin":[
            3.295351028442383,
            0.5473532676696777,
            0.3091897964477539
          ],
          "rotationX":-0.2096142634398865,
          "rotationY":12.966241582602738,
          "rotationZ":1.9909092161653912,
          "group":"Bone",
          "faces":{
            "north":{
              "texture":"#bone",
              "uv":[
                25.245220184326172,
                22.0,
                20.0,
                23.999999046325684
              ],
              "autoUv":false
            },
            "east":{
              "texture":"#bone",
              "uv":[
                20.0,
                16.0,
                12.0,
                24.0
              ],
              "autoUv":false,
              "rotation":90
            },
            "south":{
              "texture":"#bone",
              "uv":[
                23.872114181518555,
                19.914968490600586,
                17.974523544311523,
                21.895627975463867
              ],
              "autoUv":false
            },
            "west":{
              "texture":"#bone",
              "uv":[
                20.0,
                0.0,
                12.0,
                8.0
              ],
              "autoUv":false,
              "rotation":90
            },
            "up":{
              "texture":"#bone",
              "uv":[
                5.2053751945495605,
                0.3878803253173828,
                10.311756134033203,
                1.5460338592529297
              ],
              "autoUv":false
            },
            "down":{
              "texture":"#bone",
              "uv":[
                5.26499080657959,
                1.5460338592529297,
                10.37137222290039,
                0.3878803253173828
              ],
              "autoUv":false,
              "rotation":180
            }
          },
          "children":[]
        },
        {
          "name":"handle_bone 18",
          "from":[
            2.7186840772628784,
            0.2307450771331787,
            1.1005973815917969
          ],
          "to":[
            4.803609013557434,
            1.21240234375,
            1.6005973815917969
          ],
          "rotationOrigin":[
            3.7611465454101562,
            0.7215737104415894,
            1.3505973815917969
          ],
          "rotationX":0.20539289970791452,
          "rotationY":-5.996497560581464,
          "rotationZ":11.28254872577582,
          "group":"Bone",
          "faces":{
            "north":{
              "texture":"#bone",
              "uv":[
                19.75739288330078,
                19.95636558532715,
                23.928630828857422,
                21.92033576965332
              ],
              "autoUv":false
            },
            "east":{
              "texture":"#bone",
              "uv":[
                12.0,
                16.0,
                19.93258285522461,
                24.0
              ],
              "autoUv":false,
              "rotation":270
            },
            "south":{
              "texture":"#bone",
              "uv":[
                21.35822296142578,
                22.016854286193848,
                25.06805419921875,
                23.999999046325684
              ],
              "autoUv":false
            },
            "west":{
              "texture":"#bone",
              "uv":[
                12.0,
                0.0,
                19.93258285522461,
                8.0
              ],
              "autoUv":false,
              "rotation":270
            },
            "up":{
              "texture":"#bone",
              "uv":[
                6.720991134643555,
                4.434051513671875,
                10.092860221862793,
                5.667692184448242
              ],
              "autoUv":false
            },
            "down":{
              "texture":"#bone",
              "uv":[
                7.641777992248535,
                1.0,
                3.9319469928741455,
                1.9073486328125e-06
              ],
              "autoUv":false,
              "rotation":180
            }
          },
          "children":[]
        },
        {
          "name":"handle_bone 19",
          "from":[
            1.890791893005371,
            0.31589508056640625,
            0.0820743590593338
          ],
          "to":[
            4.838604927062988,
            1.1688226461410522,
            0.5550773590803146
          ],
          "rotationOrigin":[
            3.3646984100341797,
            0.7423588633537292,
            0.3185758590698242
          ],
          "rotationX":-1.9486612944976889,
          "rotationY":12.82314741194368,
          "rotationZ":9.77235291915098,
          "group":"Bone",
          "faces":{
            "north":{
              "texture":"#bone",
              "uv":[
                25.245220184326172,
                22.04025173187256,
                19.999998092651367,
                23.763336181640625
              ],
              "autoUv":false
            },
            "east":{
              "texture":"#bone",
              "uv":[
                19.838993072509766,
                16.0,
                12.946649551391602,
                23.56804847717285
              ],
              "autoUv":false,
              "rotation":90
            },
            "south":{
              "texture":"#bone",
              "uv":[
                23.921720504760742,
                20.151552200317383,
                18.02412986755371,
                21.85797691345215
              ],
              "autoUv":false
            },
            "west":{
              "texture":"#bone",
              "uv":[
                19.838993072509766,
                0.43195152282714844,
                12.946650505065918,
                8.0
              ],
              "autoUv":false,
              "rotation":90
            },
            "up":{
              "texture":"#bone",
              "uv":[
                5.324652671813965,
                0.40108299255371094,
                10.247983932495117,
                1.5328311920166016
              ],
              "autoUv":false
            },
            "down":{
              "texture":"#bone",
              "uv":[
                3.7547802925109863,
                1.0,
                9.0,
                0.05399894714355469
              ],
              "autoUv":false
            }
          },
          "children":[]
        },
        {
          "name":"handle_bone 20",
          "from":[
            10.051213055849075,
            0.8976695984601974,
            -0.31122922897338867
          ],
          "to":[
            10.309115618467331,
            1.3968724757432938,
            0.18877077102661133
          ],
          "rotationOrigin":[
            10.180164337158203,
            1.1472710371017456,
            -0.06122922897338867
          ],
          "rotationY":-3.272089633693349,
          "group":"Bone",
          "faces":{
            "north":{
              "texture":"#bone",
              "uv":[
                12.0,
                24.02732563018799,
                20.0,
                26.09054660797119
              ],
              "autoUv":false,
              "rotation":270
            },
            "east":{
              "texture":"#bone",
              "uv":[
                11.0,
                13.0,
                12.0,
                15.0
              ],
              "autoUv":false
            },
            "south":{
              "texture":"#bone",
              "uv":[
                8.477363586425781,
                9.0,
                8.993169784545898,
                10.999998092651367
              ],
              "autoUv":false
            },
            "west":{
              "texture":"#bone",
              "uv":[
                12.0,
                0.0,
                20.0,
                8.0
              ],
              "autoUv":false,
              "rotation":270
            },
            "up":{
              "texture":"#bone",
              "uv":[
                20.664831161499023,
                5.366495132446289,
                21.223546981811523,
                6.289838790893555
              ],
              "autoUv":false
            },
            "down":{
              "texture":"#bone",
              "uv":[
                8.522638320922852,
                8.999996185302734,
                8.006832122802734,
                7.999998092651367
              ],
              "autoUv":false,
              "rotation":180
            }
          },
          "children":[]
        },
        {
          "name":"handle_bone 21",
          "from":[
            10.003390103578568,
            0.8976695984601974,
            0.17548370361328125
          ],
          "to":[
            10.261292666196823,
            1.3968724757432938,
            0.6754837036132812
          ],
          "rotationOrigin":[
            10.132341384887695,
            1.1472710371017456,
            0.42548370361328125
          ],
          "rotationY":-7.950793547701002,
          "group":"Bone",
          "faces":{
            "north":{
              "texture":"#bone",
              "uv":[
                12.0,
                24.02732563018799,
                20.0,
                26.09054660797119
              ],
              "autoUv":false,
              "rotation":270
            },
            "east":{
              "texture":"#bone",
              "uv":[
                11.0,
                13.0,
                12.0,
                15.0
              ],
              "autoUv":false
            },
            "south":{
              "texture":"#bone",
              "uv":[
                8.477363586425781,
                9.0,
                8.993169784545898,
                10.999998092651367
              ],
              "autoUv":false
            },
            "west":{
              "texture":"#bone",
              "uv":[
                12.0,
                0.0,
                20.0,
                8.0
              ],
              "autoUv":false,
              "rotation":270
            },
            "up":{
              "texture":"#bone",
              "uv":[
                20.664831161499023,
                6.1888885498046875,
                21.223546981811523,
                7.111509323120117
              ],
              "autoUv":false
            },
            "down":{
              "texture":"#bone",
              "uv":[
                8.522638320922852,
                8.999996185302734,
                8.006832122802734,
                7.999998092651367
              ],
              "autoUv":false,
              "rotation":180
            }
          },
          "children":[]
        },
        {
          "name":"handle_bone 22",
          "from":[
            4.622131109237671,
            0.10151559114456177,
            1.3444215059280396
          ],
          "to":[
            6.234874963760376,
            1.4059723019599915,
            1.8425883054733276
          ],
          "rotationOrigin":[
            5.428503036499023,
            0.7537439465522766,
            1.5935049057006836
          ],
          "rotationY":-10.9000026369681,
          "group":"Bone",
          "faces":{
            "north":{
              "texture":"#bone",
              "uv":[
                20.216768264770508,
                19.806421279907227,
                23.443330764770508,
                22.41620445251465
              ],
              "autoUv":false
            },
            "east":{
              "texture":"#bone",
              "uv":[
                9.024606704711914,
                7.103803634643555,
                10.397902488708496,
                9.012527465820312
              ],
              "autoUv":false
            },
            "south":{
              "texture":"#bone",
              "uv":[
                20.604209899902344,
                15.058305740356445,
                23.767498016357422,
                17.686553955078125
              ],
              "autoUv":false
            },
            "west":{
              "texture":"#bone",
              "uv":[
                21.602096557617188,
                15.232147216796875,
                22.975391387939453,
                17.14087200164795
              ],
              "autoUv":false
            },
            "up":{
              "texture":"#bone",
              "uv":[
                10.03729248046875,
                4.43596076965332,
                12.653487205505371,
                5.665782928466797
              ],
              "autoUv":false
            },
            "down":{
              "texture":"#bone",
              "uv":[
                10.03729248046875,
                9.366800308227539,
                12.653487205505371,
                8.136978149414062
              ],
              "autoUv":false,
              "rotation":180
            }
          },
          "children":[]
        },
        {
          "name":"handle_bone 23",
          "from":[
            6.173227310180664,
            0.09894120693206787,
            1.2955011129379272
          ],
          "to":[
            9.550949096679688,
            1.40860116481781,
            1.9905763864517212
          ],
          "rotationOrigin":[
            7.862088203430176,
            0.753771185874939,
            1.6430387496948242
          ],
          "group":"Bone",
          "faces":{
            "north":{
              "texture":"#bone",
              "uv":[
                10.464646339416504,
                11.621284484863281,
                23.37529754638672,
                13.004152297973633
              ],
              "autoUv":false
            },
            "east":{
              "texture":"#bone",
              "uv":[
                13.39220905303955,
                15.024646759033203,
                14.776901245117188,
                17.656261444091797
              ],
              "autoUv":false
            },
            "south":{
              "texture":"#bone",
              "uv":[
                23.767498016357422,
                15.05300521850586,
                30.514625549316406,
                17.69173812866211
              ],
              "autoUv":false
            },
            "west":{
              "texture":"#bone",
              "uv":[
                20.659305572509766,
                15.09946060180664,
                22.576066970825195,
                17.01622486114502
              ],
              "autoUv":false
            },
            "up":{
              "texture":"#bone",
              "uv":[
                12.184901237487793,
                8.004304885864258,
                18.621849060058594,
                9.463783264160156
              ],
              "autoUv":false
            },
            "down":{
              "texture":"#bone",
              "uv":[
                12.184901237487793,
                9.463783264160156,
                18.621849060058594,
                8.004304885864258
              ],
              "autoUv":false,
              "rotation":180
            }
          },
          "children":[]
        },
        {
          "name":"handle_bone 24",
          "from":[
            6.268327116966248,
            0.11065524816513062,
            -0.03378790616989136
          ],
          "to":[
            9.646048188209534,
            1.3869269490242004,
            1.5439521670341492
          ],
          "rotationOrigin":[
            7.957187652587891,
            0.7487910985946655,
            0.7550821304321289
          ],
          "rotationY":-8.184147814468133,
          "group":"Bone",
          "faces":{
            "north":{
              "texture":"#bone",
              "uv":[
                10.464646339416504,
                11.621284484863281,
                23.37529754638672,
                13.004152297973633
              ],
              "autoUv":false
            },
            "east":{
              "texture":"#bone",
              "uv":[
                13.39220905303955,
                15.024646759033203,
                16.535301208496094,
                17.656259536743164
              ],
              "autoUv":false
            },
            "south":{
              "texture":"#bone",
              "uv":[
                23.767498016357422,
                15.05300521850586,
                30.514625549316406,
                17.69173812866211
              ],
              "autoUv":false
            },
            "west":{
              "texture":"#bone",
              "uv":[
                21.3310489654541,
                19.59750747680664,
                24.487581253051758,
                22.150901794433594
              ],
              "autoUv":false
            },
            "up":{
              "texture":"#bone",
              "uv":[
                12.875991821289062,
                0.43710899353027344,
                18.54320526123047,
                3.2947349548339844
              ],
              "autoUv":false
            },
            "down":{
              "texture":"#bone",
              "uv":[
                12.875991821289062,
                3.2947349548339844,
                18.54320526123047,
                0.43710899353027344
              ],
              "autoUv":false,
              "rotation":180
            }
          },
          "children":[]
        },
        {
          "name":"handle_bone 25",
          "from":[
            5.893395185470581,
            0.10433304309844971,
            0.916878342628479
          ],
          "to":[
            6.39686131477356,
            1.4023269414901733,
            1.7919152975082397
          ],
          "rotationOrigin":[
            6.14512825012207,
            0.7533299922943115,
            1.3543968200683594
          ],
          "rotationY":-44.06151276971182,
          "group":"Bone",
          "faces":{
            "north":{
              "texture":"#bone",
              "uv":[
                21.45090103149414,
                11.621284484863281,
                23.37529754638672,
                13.004152297973633
              ],
              "autoUv":false
            },
            "east":{
              "texture":"#bone",
              "uv":[
                13.924065589904785,
                15.024646759033203,
                15.667267799377441,
                17.65626049041748
              ],
              "autoUv":false
            },
            "south":{
              "texture":"#bone",
              "uv":[
                23.767498016357422,
                15.05300521850586,
                24.773191452026367,
                17.691739082336426
              ],
              "autoUv":false
            },
            "west":{
              "texture":"#bone",
              "uv":[
                18.745166778564453,
                20.215871810913086,
                21.34202003479004,
                21.966527938842773
              ],
              "autoUv":false,
              "rotation":90
            },
            "up":{
              "texture":"#bone",
              "uv":[
                12.829283714294434,
                8.076375961303711,
                11.390847206115723,
                8.97427749633789
              ],
              "autoUv":false,
              "rotation":270
            },
            "down":{
              "texture":"#bone",
              "uv":[
                14.829283714294434,
                4.646152496337891,
                13.390847206115723,
                3.420125961303711
              ],
              "autoUv":false,
              "rotation":270
            }
          },
          "children":[]
        },
        {
          "name":"handle_bone 26",
          "from":[
            1.7783634662628174,
            0.027189016342163086,
            0.5686897039413452
          ],
          "to":[
            2.5455100536346436,
            0.9912706613540649,
            1.2677837908267975
          ],
          "rotationOrigin":[
            2.1619367599487305,
            0.509229838848114,
            0.9182367324829102
          ],
          "rotationY":32.5737663782486,
          "group":"Bone",
          "faces":{
            "north":{
              "texture":"#bone",
              "uv":[
                20.32634162902832,
                11.621282577514648,
                23.25860023498535,
                13.004152297973633
              ],
              "autoUv":false
            },
            "east":{
              "texture":"#bone",
              "uv":[
                20.218778610229492,
                20.080549240112305,
                22.147584915161133,
                21.479204177856445
              ],
              "autoUv":false,
              "rotation":90
            },
            "south":{
              "texture":"#bone",
              "uv":[
                23.82848358154297,
                15.05300521850586,
                25.360891342163086,
                17.691740036010742
              ],
              "autoUv":false
            },
            "west":{
              "texture":"#bone",
              "uv":[
                19.793777465820312,
                15.09946060180664,
                21.72161865234375,
                17.01622486114502
              ],
              "autoUv":false
            },
            "up":{
              "texture":"#bone",
              "uv":[
                5.132111549377441,
                6.7681121826171875,
                6.664717674255371,
                8.16476058959961
              ],
              "autoUv":false
            },
            "down":{
              "texture":"#bone",
              "uv":[
                5.132111549377441,
                8.16476058959961,
                6.664717674255371,
                6.7681121826171875
              ],
              "autoUv":false,
              "rotation":180
            }
          },
          "children":[]
        }
      ]
    }
  ],
  "groups":[]
}