[
	{
		"op": "addeach",
		"path": "/behaviors/1/properties/textures/0/values/-",
		"file": "toolsmith:itemtypes/handles/handle.json",
		"value": [
			"game:block/wood/debarked/cedar",
			"game:block/wood/debarked/fir",
			"game:block/wood/debarked/spruce",
			"game:block/wood/debarked/douglasfir",
			"game:block/wood/debarked/tuja",
			"game:block/wood/debarked/redcedar",
			"game:block/wood/debarked/yew",
			"game:block/wood/debarked/kauri",
			"game:block/wood/debarked/ginkgo",
			"game:block/wood/debarked/sycamore",
			"game:block/wood/debarked/honeylocust",
			"game:block/wood/debarked/dalbergia",
			"game:block/wood/debarked/umnini",
			"game:block/wood/debarked/banyan",
			"game:block/wood/debarked/elm",
			"game:block/wood/debarked/beech",
			"game:block/wood/debarked/bearnut",
			"game:block/wood/debarked/willow",
			"game:block/wood/debarked/poplar",
			"game:block/wood/debarked/tamanu",
			"game:block/wood/debarked/spurgetree",
			"game:block/wood/debarked/azobe",
			"game:block/wood/debarked/guajacum",
			"game:block/wood/debarked/eucalyptus",
			"game:block/wood/debarked/ghostgum",
			"game:block/wood/debarked/ohia",
			"game:block/wood/debarked/satinash",
			"game:block/wood/debarked/leadwood",
			"game:block/wood/debarked/bluemahoe",
			"game:block/wood/debarked/linden",
			"game:block/wood/debarked/sal",
			"game:block/wood/debarked/horsechestnut",
			"game:block/wood/debarked/tigerwood",
			"game:block/wood/debarked/mahogany",
			"game:block/wood/debarked/sapele",
			"game:block/wood/debarked/saxaul",
			"game:block/wood/debarked/ash",
			"game:block/wood/debarked/catalpa",
			"game:block/wood/debarked/jacaranda",
			"game:block/wood/debarked/mangrove",
			"game:block/wood/debarked/empresstree",
			"game:block/wood/debarked/charred",
			"game:block/wood/debarked/chlorociboria",
			"game:block/wood/debarked/petrified"
		]
	},
	{
		"op": "addeach",
		"path": "/behaviors/1/properties/textures/0/values/-",
		"file": "toolsmith:itemtypes/handles/carpentedhandle.json",
		"value": [
			"game:block/wood/debarked/cedar",
			"game:block/wood/debarked/fir",
			"game:block/wood/debarked/spruce",
			"game:block/wood/debarked/douglasfir",
			"game:block/wood/debarked/tuja",
			"game:block/wood/debarked/redcedar",
			"game:block/wood/debarked/yew",
			"game:block/wood/debarked/kauri",
			"game:block/wood/debarked/ginkgo",
			"game:block/wood/debarked/sycamore",
			"game:block/wood/debarked/honeylocust",
			"game:block/wood/debarked/dalbergia",
			"game:block/wood/debarked/umnini",
			"game:block/wood/debarked/banyan",
			"game:block/wood/debarked/elm",
			"game:block/wood/debarked/beech",
			"game:block/wood/debarked/bearnut",
			"game:block/wood/debarked/willow",
			"game:block/wood/debarked/poplar",
			"game:block/wood/debarked/tamanu",
			"game:block/wood/debarked/spurgetree",
			"game:block/wood/debarked/azobe",
			"game:block/wood/debarked/guajacum",
			"game:block/wood/debarked/eucalyptus",
			"game:block/wood/debarked/ghostgum",
			"game:block/wood/debarked/ohia",
			"game:block/wood/debarked/satinash",
			"game:block/wood/debarked/leadwood",
			"game:block/wood/debarked/bluemahoe",
			"game:block/wood/debarked/linden",
			"game:block/wood/debarked/sal",
			"game:block/wood/debarked/horsechestnut",
			"game:block/wood/debarked/tigerwood",
			"game:block/wood/debarked/mahogany",
			"game:block/wood/debarked/sapele",
			"game:block/wood/debarked/saxaul",
			"game:block/wood/debarked/ash",
			"game:block/wood/debarked/catalpa",
			"game:block/wood/debarked/jacaranda",
			"game:block/wood/debarked/mangrove",
			"game:block/wood/debarked/empresstree",
			"game:block/wood/debarked/charred",
			"game:block/wood/debarked/chlorociboria",
			"game:block/wood/debarked/petrified"
		]
	}
]