{
  "textureWidth":16,
  "textureHeight":16,
  "textures":{
    "wood":"game:block/wood/debarked/oak",
    "linen":"game:item/tool/material/string"
  },
  "textureSizes":{
    "wood":[
      32,
      32
    ],
    "linen":[
      32,
      32
    ]
  },
  "elements":[
    {
      "name":"origin",
      "from":[
        10.79720687866211,
        -6.257323741912842,
        8.21067351102829
      ],
      "to":[
        10.79720687866211,
        -6.257323741912842,
        8.21067351102829
      ],
      "rotationOrigin":[
        8.0,
        0.0,
        8.0
      ],
      "group":"Regular",
      "faces":{
        "north":{
          "texture":"#0",
          "uv":[
            0,
            0,
            4,
            4
          ],
          "autoUv":false
        },
        "east":{
          "texture":"#0",
          "uv":[
            0,
            0,
            4,
            4
          ],
          "autoUv":false
        },
        "south":{
          "texture":"#0",
          "uv":[
            0,
            0,
            4,
            4
          ],
          "autoUv":false
        },
        "west":{
          "texture":"#0",
          "uv":[
            0,
            0,
            4,
            4
          ],
          "autoUv":false
        },
        "up":{
          "texture":"#wood",
          "uv":[
            0.0,
            0.0,
            1.0,
            1.0
          ],
          "autoUv":false,
          "rotation":180
        },
        "down":{
          "texture":"#0",
          "uv":[
            0,
            0,
            4,
            4
          ],
          "autoUv":false
        }
      },
      "children":[
        {
          "name":"handle_regular1",
          "from":[
            -9.79720687866211,
            6.5,
            -5.21067351102829
          ],
          "to":[
            -8.79720687866211,
            7.5,
            1.7893264889717102
          ],
          "rotationOrigin":[
            -9.29720687866211,
            7.0,
            -1.7106735110282898
          ],
          "group":"Regular",
          "faces":{
            "north":{
              "texture":"#wood",
              "uv":[
                19.0,
                16.0,
                21.0,
                20.0
              ],
              "autoUv":false
            },
            "east":{
              "texture":"#wood",
              "uv":[
                5.5,
                1.0,
                19.5,
                5.0
              ],
              "autoUv":false
            },
            "south":{
              "texture":"#wood",
              "uv":[
                14.0,
                18.0,
                16.0,
                22.0
              ],
              "autoUv":false
            },
            "west":{
              "texture":"#wood",
              "uv":[
                6.0,
                8.0,
                20.0,
                12.0
              ],
              "autoUv":false
            },
            "up":{
              "texture":"#wood",
              "uv":[
                0.0,
                17.0,
                14.0,
                21.0
              ],
              "autoUv":false,
              "rotation":90
            },
            "down":{
              "texture":"#wood",
              "uv":[
                29.5,
                13.0,
                15.5,
                9.0
              ],
              "autoUv":false,
              "rotation":270
            }
          },
          "children":[]
        },
        {
          "name":"handle_regular2",
          "from":[
            2.7027931213378906,
            6.5,
            -5.21067351102829
          ],
          "to":[
            3.7027931213378906,
            7.5,
            1.7893264889717102
          ],
          "rotationOrigin":[
            3.2027931213378906,
            7.0,
            -1.7106735110282898
          ],
          "group":"Regular",
          "faces":{
            "north":{
              "texture":"#wood",
              "uv":[
                23.0,
                17.0,
                25.0,
                21.0
              ],
              "autoUv":false
            },
            "east":{
              "texture":"#wood",
              "uv":[
                8.0,
                13.0,
                22.0,
                17.0
              ],
              "autoUv":false
            },
            "south":{
              "texture":"#wood",
              "uv":[
                15.0,
                5.0,
                17.0,
                9.0
              ],
              "autoUv":false
            },
            "west":{
              "texture":"#wood",
              "uv":[
                8.0,
                14.0,
                22.0,
                18.0
              ],
              "autoUv":false
            },
            "up":{
              "texture":"#wood",
              "uv":[
                11.0,
                22.0,
                25.0,
                26.0
              ],
              "autoUv":false,
              "rotation":90
            },
            "down":{
              "texture":"#wood",
              "uv":[
                22.0,
                10.0,
                8.0,
                6.0
              ],
              "autoUv":false,
              "rotation":270
            }
          },
          "children":[]
        },
        {
          "name":"handle_regular3",
          "from":[
            -8.79720687866211,
            6.5,
            -2.21067351102829
          ],
          "to":[
            2.7027931213378906,
            7.5,
            -1.2106735110282898
          ],
          "rotationOrigin":[
            -3.0472068786621094,
            7.0,
            -1.7106735110282898
          ],
          "group":"Regular",
          "faces":{
            "north":{
              "texture":"#wood",
              "uv":[
                8.0,
                23.0,
                31.0,
                27.0
              ],
              "autoUv":false
            },
            "east":{
              "texture":"#wood",
              "uv":[
                12.0,
                16.0,
                20.0,
                24.0
              ],
              "autoUv":false,
              "rotation":270
            },
            "south":{
              "texture":"#wood",
              "uv":[
                5.5,
                23.0,
                28.5,
                27.0
              ],
              "autoUv":false
            },
            "west":{
              "texture":"#wood",
              "uv":[
                12.0,
                0.0,
                20.0,
                8.0
              ],
              "autoUv":false,
              "rotation":270
            },
            "up":{
              "texture":"#wood",
              "uv":[
                3.0,
                23.0,
                26.0,
                27.0
              ],
              "autoUv":false
            },
            "down":{
              "texture":"#wood",
              "uv":[
                30.5,
                10.0,
                7.5,
                6.0
              ],
              "autoUv":false,
              "rotation":180
            }
          },
          "children":[]
        },
        {
          "name":"handle_regular4",
          "from":[
            -3.2972068786621094,
            6.5,
            -5.21067351102829
          ],
          "to":[
            -2.2972068786621094,
            7.5,
            -2.21067351102829
          ],
          "rotationOrigin":[
            -2.7972068786621094,
            7.0,
            -3.71067351102829
          ],
          "group":"Regular",
          "faces":{
            "north":{
              "texture":"#wood",
              "uv":[
                0.0,
                11.0,
                2.0,
                15.0
              ],
              "autoUv":false
            },
            "east":{
              "texture":"#wood",
              "uv":[
                19.5,
                14.0,
                25.5,
                18.0
              ],
              "autoUv":false
            },
            "south":{
              "texture":"#wood",
              "uv":[
                12.0,
                8.0,
                20.0,
                16.0
              ],
              "autoUv":false,
              "rotation":270
            },
            "west":{
              "texture":"#wood",
              "uv":[
                12.0,
                4.0,
                18.0,
                8.0
              ],
              "autoUv":false
            },
            "up":{
              "texture":"#wood",
              "uv":[
                10.5,
                6.0,
                16.5,
                10.0
              ],
              "autoUv":false,
              "rotation":90
            },
            "down":{
              "texture":"#wood",
              "uv":[
                13.5,
                23.0,
                7.5,
                19.0
              ],
              "autoUv":false,
              "rotation":270
            }
          },
          "children":[]
        },
        {
          "name":"handle_regular5",
          "from":[
            -8.79720687866211,
            6.599999904632568,
            -4.21067351102829
          ],
          "to":[
            2.7027931213378906,
            7.099999904632568,
            -3.71067351102829
          ],
          "rotationOrigin":[
            -3.0472068786621094,
            6.849999904632568,
            -3.96067351102829
          ],
          "group":"Regular",
          "faces":{
            "north":{
              "texture":"#linen",
              "uv":[
                4.0,
                5.0,
                27.0,
                7.0
              ],
              "autoUv":false
            },
            "east":{
              "texture":"#linen",
              "uv":[
                12.0,
                16.0,
                20.0,
                24.0
              ],
              "autoUv":false,
              "rotation":270
            },
            "south":{
              "texture":"#linen",
              "uv":[
                6.0,
                24.0,
                29.0,
                26.0
              ],
              "autoUv":false
            },
            "west":{
              "texture":"#linen",
              "uv":[
                12.0,
                0.0,
                20.0,
                8.0
              ],
              "autoUv":false,
              "rotation":270
            },
            "up":{
              "texture":"#linen",
              "uv":[
                4.0,
                20.0,
                27.0,
                22.0
              ],
              "autoUv":false
            },
            "down":{
              "texture":"#linen",
              "uv":[
                31.0,
                24.0,
                8.0,
                22.0
              ],
              "autoUv":false,
              "rotation":180
            }
          },
          "children":[]
        }
      ]
    }
  ],
  "groups":[]
}