{
  "textureWidth":16,
  "textureHeight":16,
  "textures":{
    "grip":"game:block/leather/plain"
  },
  "textureSizes":{
    "grip":[
      32,
      32
    ]
  },
  "elements":[
    {
      "name":"origin",
      "from":[
        11.0,
        0.5,
        7.699999988079071
      ],
      "to":[
        11.0,
        0.5,
        7.699999988079071
      ],
      "rotationOrigin":[
        8.0,
        0.0,
        8.0
      ],
      "group":"fine_fabric",
      "faces":{
        "north":{
          "texture":"#0",
          "uv":[
            0,
            0,
            4,
            4
          ],
          "autoUv":false
        },
        "east":{
          "texture":"#0",
          "uv":[
            0,
            0,
            4,
            4
          ],
          "autoUv":false
        },
        "south":{
          "texture":"#0",
          "uv":[
            0,
            0,
            4,
            4
          ],
          "autoUv":false
        },
        "west":{
          "texture":"#0",
          "uv":[
            0,
            0,
            4,
            4
          ],
          "autoUv":false
        },
        "up":{
          "texture":"#grip",
          "uv":[
            0.0,
            0.0,
            1.0,
            1.0
          ],
          "autoUv":false,
          "rotation":180
        },
        "down":{
          "texture":"#0",
          "uv":[
            0,
            0,
            4,
            4
          ],
          "autoUv":false
        }
      },
      "children":[
        {
          "name":"fine_fabric1",
          "from":[
            -7.103439427893463,
            -0.4221429228782654,
            -0.18338619782439025
          ],
          "to":[
            -5.353195868428273,
            0.9347545504570007,
            1.5212237502975121
          ],
          "rotationOrigin":[
            -4.728124618530273,
            0.0,
            0.9642952084541321
          ],
          "rotationY":3.461172108364339,
          "group":"fine_fabric",
          "faces":{
            "north":{
              "texture":"#grip",
              "uv":[
                22.0,
                13.0,
                18.0,
                16.0
              ],
              "autoUv":false
            },
            "east":{
              "texture":"#grip",
              "uv":[
                19.40999412536621,
                12.764394760131836,
                22.124401092529297,
                16.174386978149414
              ],
              "autoUv":false,
              "rotation":90
            },
            "south":{
              "texture":"#grip",
              "uv":[
                18.0,
                13.0,
                22.0,
                16.0
              ],
              "autoUv":false
            },
            "west":{
              "texture":"#grip",
              "uv":[
                19.0,
                20.0,
                22.0,
                23.0
              ],
              "autoUv":false,
              "rotation":90
            },
            "up":{
              "texture":"#grip",
              "uv":[
                15.0,
                17.0,
                18.0,
                21.0
              ],
              "autoUv":false,
              "rotation":90
            },
            "down":{
              "texture":"#grip",
              "uv":[
                14.996386528015137,
                21.0,
                18.003612518310547,
                17.0
              ],
              "autoUv":false,
              "rotation":90
            }
          },
          "children":[]
        },
        {
          "name":"fine_fabric2",
          "from":[
            -5.370319366455078,
            -0.4221429228782654,
            -0.3720375895500183
          ],
          "to":[
            -3.287187397480011,
            0.9347545504570007,
            1.3325728178024292
          ],
          "rotationOrigin":[
            -2.4358692169189453,
            0.0,
            0.7756441235542297
          ],
          "rotationY":4.43748724573219,
          "group":"fine_fabric",
          "faces":{
            "north":{
              "texture":"#grip",
              "uv":[
                26.0,
                13.0,
                22.0,
                16.0
              ],
              "autoUv":false
            },
            "east":{
              "texture":"#grip",
              "uv":[
                19.0,
                16.0,
                22.0,
                19.0
              ],
              "autoUv":false,
              "rotation":90
            },
            "south":{
              "texture":"#grip",
              "uv":[
                22.0,
                13.0,
                26.0,
                16.0
              ],
              "autoUv":false
            },
            "west":{
              "texture":"#grip",
              "uv":[
                16.695581436157227,
                10.786666870117188,
                19.409992218017578,
                14.196659088134766
              ],
              "autoUv":false,
              "rotation":90
            },
            "up":{
              "texture":"#grip",
              "uv":[
                15.0,
                13.0,
                18.0,
                17.0
              ],
              "autoUv":false,
              "rotation":90
            },
            "down":{
              "texture":"#grip",
              "uv":[
                15.003613471984863,
                17.0,
                17.99638557434082,
                13.0
              ],
              "autoUv":false,
              "rotation":90
            }
          },
          "children":[]
        }
      ]
    }
  ],
  "groups":[]
}