{
  "textureWidth":16,
  "textureHeight":16,
  "textures":{
    "material":"game:item/tool/material/string"
  },
  "textureSizes":{
    "material":[
      32,
      32
    ]
  },
  "elements":[
    {
      "name":"origin",
      "from":[
        10.79720687866211,
        0.5,
        8.21067351102829
      ],
      "to":[
        10.79720687866211,
        0.5,
        8.21067351102829
      ],
      "rotationOrigin":[
        8.0,
        0.0,
        8.0
      ],
      "group":"bone_string_metalhead",
      "faces":{
        "north":{
          "texture":"#0",
          "uv":[
            0,
            0,
            4,
            4
          ],
          "autoUv":false
        },
        "east":{
          "texture":"#0",
          "uv":[
            0,
            0,
            4,
            4
          ],
          "autoUv":false
        },
        "south":{
          "texture":"#0",
          "uv":[
            0,
            0,
            4,
            4
          ],
          "autoUv":false
        },
        "west":{
          "texture":"#0",
          "uv":[
            0,
            0,
            4,
            4
          ],
          "autoUv":false
        },
        "up":{
          "texture":"#material",
          "uv":[
            0.0,
            0.0,
            1.0,
            1.0
          ],
          "autoUv":false,
          "rotation":180
        },
        "down":{
          "texture":"#0",
          "uv":[
            0,
            0,
            4,
            4
          ],
          "autoUv":false
        }
      },
      "children":[
        {
          "name":"bone_string_metalhead 1",
          "from":[
            -3.2148956060409546,
            -0.5571866035461426,
            -0.9418696761131287
          ],
          "to":[
            -2.6777616441249847,
            0.8201016187667847,
            0.4228006601333618
          ],
          "rotationOrigin":[
            -2.946328639984131,
            0.01253962516784668,
            -0.26832741498947144
          ],
          "rotationY":21.299999568198125,
          "group":"bone_string_metalhead",
          "faces":{
            "north":{
              "texture":"#material",
              "uv":[
                17.000001907348633,
                2.0,
                19.999998092651367,
                2.999998092651367
              ],
              "autoUv":false,
              "rotation":90
            },
            "east":{
              "texture":"#material",
              "uv":[
                5.0190839767456055,
                4.000001907348633,
                8.0,
                7.0
              ],
              "autoUv":false
            },
            "south":{
              "texture":"#material",
              "uv":[
                17.0,
                2.0,
                20.0,
                2.999998092651367
              ],
              "autoUv":false,
              "rotation":90
            },
            "west":{
              "texture":"#material",
              "uv":[
                5.0190839767456055,
                4.000001907348633,
                8.0,
                7.0
              ],
              "autoUv":false
            },
            "up":{
              "texture":"#material",
              "uv":[
                3.0,
                1.0381698608398438,
                4.0,
                3.999998092651367
              ],
              "autoUv":false
            },
            "down":{
              "texture":"#material",
              "uv":[
                4.0,
                4.0,
                3.0,
                1.038167953491211
              ],
              "autoUv":false,
              "rotation":180
            }
          },
          "children":[
            {
              "name":"bone_string_metalhead 01",
              "from":[
                5.086707562208176,
                -0.3113226145505905,
                3.1434371173381805
              ],
              "to":[
                5.409847527742386,
                -0.012131929397583008,
                3.790685385465622
              ],
              "rotationOrigin":[
                5.248277544975281,
                -0.16172724962234497,
                3.4670612812042236
              ],
              "rotationX":61.394828751006266,
              "rotationY":-11.575289779828921,
              "rotationZ":-48.446466896103324,
              "group":"bone_string_metalhead",
              "faces":{
                "north":{
                  "texture":"#material",
                  "uv":[
                    10.0,
                    6.0,
                    10.999999046325684,
                    7.0
                  ],
                  "autoUv":false,
                  "rotation":90
                },
                "east":{
                  "texture":"#material",
                  "uv":[
                    12.000000953674316,
                    7.999998092651367,
                    13.0,
                    9.0
                  ],
                  "autoUv":false,
                  "rotation":270
                },
                "south":{
                  "texture":"#material",
                  "uv":[
                    9.0,
                    6.0,
                    10.0,
                    7.0
                  ],
                  "autoUv":false,
                  "rotation":90
                },
                "west":{
                  "texture":"#material",
                  "uv":[
                    10.999998092651367,
                    7.999998092651367,
                    12.0,
                    9.0
                  ],
                  "autoUv":false,
                  "rotation":90
                },
                "up":{
                  "texture":"#material",
                  "uv":[
                    10.0,
                    8.0,
                    10.999999046325684,
                    9.0
                  ],
                  "autoUv":false,
                  "rotation":180
                },
                "down":{
                  "texture":"#material",
                  "uv":[
                    10.0,
                    9.0,
                    9.0,
                    8.0
                  ],
                  "autoUv":false
                }
              },
              "children":[]
            },
            {
              "name":"bone_string_metalhead 02",
              "from":[
                4.361205041408539,
                0.5450425148010254,
                1.8059873580932617
              ],
              "to":[
                6.028742671012878,
                1.0450425744056702,
                3.4850191473960876
              ],
              "rotationOrigin":[
                5.194973826408386,
                0.7950425744056702,
                2.645503282546997
              ],
              "rotationX":90.95594212033481,
              "rotationY":0.16894751722482892,
              "rotationZ":-77.38677412648566,
              "group":"bone_string_metalhead",
              "faces":{
                "north":{
                  "texture":"#material",
                  "uv":[
                    2.0,
                    3.999958038330078,
                    5.0,
                    5.0
                  ],
                  "autoUv":false
                },
                "east":{
                  "texture":"#material",
                  "uv":[
                    5.999999523162842,
                    7.000093460083008,
                    9.0,
                    7.999822616577148
                  ],
                  "autoUv":false
                },
                "south":{
                  "texture":"#material",
                  "uv":[
                    2.0,
                    4.000041961669922,
                    5.0,
                    5.0
                  ],
                  "autoUv":false,
                  "rotation":180
                },
                "west":{
                  "texture":"#material",
                  "uv":[
                    6.0,
                    6.999906539916992,
                    9.0,
                    8.000179290771484
                  ],
                  "autoUv":false,
                  "rotation":180
                },
                "up":{
                  "texture":"#material",
                  "uv":[
                    8.0,
                    2.000001907348633,
                    11.0,
                    5.0
                  ],
                  "autoUv":false,
                  "rotation":180
                },
                "down":{
                  "texture":"#material",
                  "uv":[
                    11.0,
                    5.0,
                    8.0,
                    2.0000038146972656
                  ],
                  "autoUv":false
                }
              },
              "children":[]
            },
            {
              "name":"bone_string_metalhead 02.001",
              "from":[
                4.948485314846039,
                0.5450425148010254,
                2.015500545501709
              ],
              "to":[
                6.616022944450378,
                1.0450425744056702,
                3.694532334804535
              ],
              "rotationOrigin":[
                5.782254099845886,
                0.7950425744056702,
                2.8550164699554443
              ],
              "rotationX":90.89745521047199,
              "rotationY":0.3700718688666028,
              "rotationZ":-65.00099104785458,
              "group":"bone_string_metalhead",
              "faces":{
                "north":{
                  "texture":"#material",
                  "uv":[
                    12.0,
                    3.999958038330078,
                    9.0,
                    5.0
                  ],
                  "autoUv":false
                },
                "east":{
                  "texture":"#material",
                  "uv":[
                    8.0,
                    7.000093460083008,
                    5.000000476837158,
                    7.999822616577148
                  ],
                  "autoUv":false
                },
                "south":{
                  "texture":"#material",
                  "uv":[
                    12.0,
                    4.000041961669922,
                    9.0,
                    5.0
                  ],
                  "autoUv":false,
                  "rotation":180
                },
                "west":{
                  "texture":"#material",
                  "uv":[
                    8.0,
                    6.999906539916992,
                    5.000000476837158,
                    8.000179290771484
                  ],
                  "autoUv":false,
                  "rotation":180
                },
                "up":{
                  "texture":"#material",
                  "uv":[
                    6.0,
                    2.000001907348633,
                    3.0,
                    5.0
                  ],
                  "autoUv":false,
                  "rotation":180
                },
                "down":{
                  "texture":"#material",
                  "uv":[
                    3.0,
                    5.0,
                    6.0,
                    2.0000038146972656
                  ],
                  "autoUv":false
                }
              },
              "children":[]
            },
            {
              "name":"bone_string_metalhead 02.002",
              "from":[
                5.165881872177124,
                0.5050288140773773,
                2.416016638278961
              ],
              "to":[
                8.012015700340271,
                1.0850231647491455,
                4.321399569511414
              ],
              "rotationOrigin":[
                6.962065577507019,
                0.7950425744056702,
                3.389845609664917
              ],
              "rotationX":89.68119659477865,
              "rotationY":0.928317370357761,
              "rotationZ":21.535308122841524,
              "group":"bone_string_metalhead",
              "faces":{
                "north":{
                  "texture":"#material",
                  "uv":[
                    1.0005548000335693,
                    3.9999847412109375,
                    7.0,
                    5.000030517578125
                  ],
                  "autoUv":false
                },
                "east":{
                  "texture":"#material",
                  "uv":[
                    4.999975681304932,
                    7.000091552734375,
                    8.999975204467773,
                    7.999883651733398
                  ],
                  "autoUv":false
                },
                "south":{
                  "texture":"#material",
                  "uv":[
                    0.9994450807571411,
                    4.000005722045898,
                    7.0,
                    4.999975204467773
                  ],
                  "autoUv":false,
                  "rotation":180
                },
                "west":{
                  "texture":"#material",
                  "uv":[
                    5.000565528869629,
                    6.999906539916992,
                    9.000563621520996,
                    8.000116348266602
                  ],
                  "autoUv":false,
                  "rotation":180
                },
                "up":{
                  "texture":"#material",
                  "uv":[
                    7.0,
                    1.9999980926513672,
                    12.0,
                    5.0
                  ],
                  "autoUv":false,
                  "rotation":180
                },
                "down":{
                  "texture":"#material",
                  "uv":[
                    11.0,
                    5.0,
                    6.0,
                    2.0
                  ],
                  "autoUv":false
                }
              },
              "children":[]
            },
            {
              "name":"bone_string_metalhead 06",
              "from":[
                0.6711847931146622,
                0.02046942710876465,
                0.3465120196342468
              ],
              "to":[
                1.171180710196495,
                1.4080810546875,
                1.577545940876007
              ],
              "rotationOrigin":[
                0.9211827516555786,
                0.5876770615577698,
                0.962028980255127
              ],
              "rotationY":-21.730006080227323,
              "group":"bone_string_metalhead",
              "faces":{
                "north":{
                  "texture":"#material",
                  "uv":[
                    3.0,
                    4.0,
                    6.0,
                    5.0
                  ],
                  "autoUv":false,
                  "rotation":270
                },
                "east":{
                  "texture":"#material",
                  "uv":[
                    15.0,
                    1.0,
                    18.0,
                    4.000001907348633
                  ],
                  "autoUv":false,
                  "rotation":180
                },
                "south":{
                  "texture":"#material",
                  "uv":[
                    3.0,
                    4.0,
                    6.0,
                    5.0
                  ],
                  "autoUv":false,
                  "rotation":270
                },
                "west":{
                  "texture":"#material",
                  "uv":[
                    15.0,
                    1.0,
                    18.0,
                    4.000001907348633
                  ],
                  "autoUv":false,
                  "rotation":180
                },
                "up":{
                  "texture":"#material",
                  "uv":[
                    20.0,
                    3.0,
                    21.0,
                    6.0
                  ],
                  "autoUv":false,
                  "rotation":180
                },
                "down":{
                  "texture":"#material",
                  "uv":[
                    21.0,
                    6.0,
                    20.0,
                    3.0
                  ],
                  "autoUv":false
                }
              },
              "children":[]
            }
          ]
        }
      ]
    }
  ],
  "groups":[]
}