{
	"code": "custompane",
	"class": "BlockGlassPane",
	"behaviors": [
		{ "name": "UnleadedWindows.BlockName",
			"properties": { "parts": ["apewindows:custompane-{frame}", " (", "game:block-glass-{glass}", ")", " (", "game:material-{wood}", ")"] }
		}
	],
	"variantgroups": [
		{ "code": "frame", "states": ["slim","slim-cross", "slim-diagonal"] },
		{ "code": "glass", "states": ["leaded","plain","green","blue","violet","red","yellow","brown","smoky","pink","quartz"] },
		{ "code": "wood", "states": ["aged"], "loadFromProperties": "block/wood" },
		{ "code": "type", "states": ["ns", "ew"] }
	],
	"skipVariants": [
		"*-slim-diagonal-leaded-*",
	],
	"attributesByType": {
		"*-ns": {
			"handbook": { "exclude": true }
		},
		"*-ew": {
			"handbook": { "groupBy": ["custompane-{frame}-*"] }
		}
	},
	"shapebytype": {
		"*-ew": { "base": "block/glass/pane-{frame}", "rotateY": 0 },
		"*-ns": { "base": "block/glass/pane-{frame}", "rotateY": 90 }
	},
	"textures": {
		"frame": { "base": "game:block/wood/debarked/{wood}", "overlays": ["game:block/slightlydarker"] },
		"glass": { "base": "game:block/glass/{glass}" },
		"putty": { "base": "game:block/glass/frame" }
	},
	"drawtype": "json",
	"creativeinventory": { "general": ["*-ew"], "construction": ["*-ew"] },
	"blockmaterial": "Glass",
	"replaceable": 900,
	"lightAbsorption": 0,
	"resistance": 0.2,
	"sidesolid": {
		"all": false
	},
	"sideopaque": {
		"all": false
	},
	"sounds": {
		"place": "game:player/buildhigh",
		"break": "game:block/glass",
		"hit": "game:block/glass",
		"walk": "game:walk/wood",
		"ambient": "game:environment/rainwindow",
		"ambientBlockCount": 4,
		"ambientSoundType": "Weather",
		"ambientMaxDistanceMerge": 1
	},
	"collisionselectionboxByType": {
		"*-ns": { "x1": 0, "y1": 0, "z1": 0.425, "x2": 1, "y2": 1, "z2": 0.575 },
		"*-ew": { "x1": 0.425, "y1": 0, "z1": 0, "x2": 0.575, "y2": 1, "z2": 1 }
	},
	"groundTransform": {
		"origin": { "x": 0.5, "y": -0.01, "z": 0.5 },
	},
	"heldTpIdleAnimation": "holdbothhandslarge", "heldRightReadyAnimation": "heldblockready", "heldTpUseAnimation": "twohandplaceblock",
	"tpHandTransform": {
		"translation": { "x": -1.23, "y": -0.91, "z": -0.8 },
		"rotation": { "x": -2, "y": 25, "z": -78 },
		"scale": 0.4
	}
}