{
  "textureWidth":16,
  "textureHeight":16,
  "textures":{
    "wood":"game:block/wood/debarked/oak"
  },
  "textureSizes":{
    "wood":[
      32,
      32
    ]
  },
  "elements":[
    {
      "name":"origin",
      "from":[
        10.79720687866211,
        0.5,
        8.21067351102829
      ],
      "to":[
        10.79720687866211,
        0.5,
        8.21067351102829
      ],
      "rotationOrigin":[
        8.0,
        0.0,
        8.0
      ],
      "group":"Stick",
      "faces":{
        "north":{
          "texture":"#0",
          "uv":[
            0,
            0,
            4,
            4
          ],
          "autoUv":false
        },
        "east":{
          "texture":"#0",
          "uv":[
            0,
            0,
            4,
            4
          ],
          "autoUv":false
        },
        "south":{
          "texture":"#0",
          "uv":[
            0,
            0,
            4,
            4
          ],
          "autoUv":false
        },
        "west":{
          "texture":"#0",
          "uv":[
            0,
            0,
            4,
            4
          ],
          "autoUv":false
        },
        "up":{
          "texture":"#wood",
          "uv":[
            0.0,
            0.0,
            1.0,
            1.0
          ],
          "autoUv":false,
          "rotation":180
        },
        "down":{
          "texture":"#0",
          "uv":[
            0,
            0,
            4,
            4
          ],
          "autoUv":false
        }
      },
      "children":[
        {
          "name":"handle_stick 01",
          "from":[
            -3.6401593685150146,
            -0.24254459142684937,
            -0.7737380862236023
          ],
          "to":[
            3.279355764389038,
            0.7574554085731506,
            0.2262619137763977
          ],
          "rotationOrigin":[
            -0.18040180206298828,
            0.25745540857315063,
            -0.2737380862236023
          ],
          "group":"Stick",
          "faces":{
            "north":{
              "texture":"#wood",
              "uv":[
                5.000000953674316,
                12.999998092651367,
                20.701539993286133,
                16.0
              ],
              "autoUv":false
            },
            "east":{
              "texture":"#wood",
              "uv":[
                6.0,
                0.0,
                8.0,
                4.0
              ],
              "autoUv":false
            },
            "south":{
              "texture":"#wood",
              "uv":[
                10.298460006713867,
                22.0,
                25.999998092651367,
                24.999999523162842
              ],
              "autoUv":false
            },
            "west":{
              "texture":"#wood",
              "uv":[
                8.0,
                0.0,
                11.0,
                3.0
              ],
              "autoUv":false
            },
            "up":{
              "texture":"#wood",
              "uv":[
                16.0,
                9.0,
                31.0,
                12.0
              ],
              "autoUv":false
            },
            "down":{
              "texture":"#wood",
              "uv":[
                16.701539993286133,
                24.0,
                1.0000003576278687,
                20.999999046325684
              ],
              "autoUv":false,
              "rotation":180
            }
          },
          "children":[]
        },
        {
          "name":"handle_stick 02",
          "from":[
            3.083371251821518,
            -0.2432268261909485,
            -0.7594550848007202
          ],
          "to":[
            3.416821390390396,
            0.7581376433372498,
            0.24190902709960938
          ],
          "rotationOrigin":[
            3.250096321105957,
            0.25745540857315063,
            -0.2587730288505554
          ],
          "rotationY":-4.600274132428866,
          "group":"Stick",
          "faces":{
            "north":{
              "texture":"#wood",
              "uv":[
                25.000001907348633,
                12.997270584106445,
                26.000452041625977,
                16.000000953674316
              ],
              "autoUv":false
            },
            "east":{
              "texture":"#wood",
              "uv":[
                5.9986348152160645,
                -0.002727508544921875,
                9.0,
                3.0
              ],
              "autoUv":false
            },
            "south":{
              "texture":"#wood",
              "uv":[
                1.999545693397522,
                21.997270584106445,
                2.999999523162842,
                25.000000476837158
              ],
              "autoUv":false
            },
            "west":{
              "texture":"#wood",
              "uv":[
                7.998635292053223,
                -0.002727508544921875,
                10.001364707946777,
                4.0
              ],
              "autoUv":false
            },
            "up":{
              "texture":"#wood",
              "uv":[
                14.0,
                8.997272491455078,
                16.0,
                12.0
              ],
              "autoUv":false
            },
            "down":{
              "texture":"#wood",
              "uv":[
                22.00045394897461,
                23.0,
                21.0,
                19.99727153778076
              ],
              "autoUv":false,
              "rotation":180
            }
          },
          "children":[]
        },
        {
          "name":"handle_stick 03",
          "from":[
            -7.24719500541687,
            -0.2424091398715973,
            -0.7183137834072113
          ],
          "to":[
            -3.6251347064971924,
            0.7573199570178986,
            0.281415194272995
          ],
          "rotationOrigin":[
            -5.436164855957031,
            0.25745540857315063,
            -0.21844929456710815
          ],
          "rotationY":1.7557700288690645,
          "group":"Stick",
          "faces":{
            "north":{
              "texture":"#wood",
              "uv":[
                5.000000953674316,
                12.999998092651367,
                13.221290588378906,
                15.999998092651367
              ],
              "autoUv":false
            },
            "east":{
              "texture":"#wood",
              "uv":[
                6.0,
                0.0,
                8.0,
                4.0
              ],
              "autoUv":false
            },
            "south":{
              "texture":"#wood",
              "uv":[
                17.778711318969727,
                21.999999046325684,
                25.999998092651367,
                24.999999523162842
              ],
              "autoUv":false
            },
            "west":{
              "texture":"#wood",
              "uv":[
                8.0,
                0.0,
                11.0,
                3.0
              ],
              "autoUv":false
            },
            "up":{
              "texture":"#wood",
              "uv":[
                23.0,
                9.0,
                31.0,
                12.0
              ],
              "autoUv":false
            },
            "down":{
              "texture":"#wood",
              "uv":[
                9.221290588378906,
                24.0,
                1.0000003576278687,
                20.999999046325684
              ],
              "autoUv":false,
              "rotation":180
            }
          },
          "children":[]
        },
        {
          "name":"handle_stick 04",
          "from":[
            -0.8662325739860535,
            0.2499999701976776,
            -1.0714035779237747
          ],
          "to":[
            0.10531872510910034,
            0.5738504230976105,
            -0.7475531548261642
          ],
          "rotationOrigin":[
            -0.38045692443847656,
            0.41192519664764404,
            -0.9094783663749695
          ],
          "rotationY":-129.07472927436658,
          "group":"Stick",
          "faces":{
            "north":{
              "texture":"#wood",
              "uv":[
                3.0,
                11.0,
                6.0,
                12.0
              ],
              "autoUv":false
            },
            "east":{
              "texture":"#wood",
              "uv":[
                12.0,
                16.0,
                20.0,
                24.000000953674316
              ],
              "autoUv":false,
              "rotation":270
            },
            "south":{
              "texture":"#wood",
              "uv":[
                0.0,
                21.0,
                3.0,
                22.0
              ],
              "autoUv":false
            },
            "west":{
              "texture":"#wood",
              "uv":[
                28.0,
                19.0,
                29.0,
                20.0
              ],
              "autoUv":false
            },
            "up":{
              "texture":"#wood",
              "uv":[
                0.0,
                17.0,
                3.0,
                18.0
              ],
              "autoUv":false
            },
            "down":{
              "texture":"#wood",
              "uv":[
                3.0,
                11.0,
                1.0,
                10.0
              ],
              "autoUv":false,
              "rotation":180
            }
          },
          "children":[]
        },
        {
          "name":"handle_stick 05",
          "from":[
            -0.8063733875751495,
            -0.07385042309761047,
            -0.9456969052553177
          ],
          "to":[
            -0.1586725413799286,
            0.2500000298023224,
            -0.6218464821577072
          ],
          "rotationOrigin":[
            -0.48252296447753906,
            0.08807480335235596,
            -0.7837716937065125
          ],
          "rotationY":-129.07472927436658,
          "group":"Stick",
          "faces":{
            "north":{
              "texture":"#wood",
              "uv":[
                3.0,
                13.0,
                5.0,
                14.0
              ],
              "autoUv":false
            },
            "east":{
              "texture":"#wood",
              "uv":[
                12.0,
                16.0,
                20.0,
                24.000000953674316
              ],
              "autoUv":false,
              "rotation":270
            },
            "south":{
              "texture":"#wood",
              "uv":[
                9.0,
                22.0,
                11.0,
                23.0
              ],
              "autoUv":false
            },
            "west":{
              "texture":"#wood",
              "uv":[
                28.0,
                20.0,
                29.0,
                21.0
              ],
              "autoUv":false
            },
            "up":{
              "texture":"#wood",
              "uv":[
                20.0,
                8.0,
                28.0,
                16.0
              ],
              "autoUv":false,
              "rotation":270
            },
            "down":{
              "texture":"#wood",
              "uv":[
                6.0,
                14.0,
                4.0,
                13.0
              ],
              "autoUv":false,
              "rotation":180
            }
          },
          "children":[]
        },
        {
          "name":"handle_stick 06",
          "from":[
            -7.599737048149109,
            0.04597353935241699,
            0.22308576107025146
          ],
          "to":[
            -6.927963376045227,
            0.3818603754043579,
            0.5589725971221924
          ],
          "rotationOrigin":[
            -7.263850212097168,
            0.21391695737838745,
            0.3910291790962219
          ],
          "rotationY":72.25904375804444,
          "group":"Stick",
          "faces":{
            "north":{
              "texture":"#wood",
              "uv":[
                3.4058103561401367,
                11.0,
                5.405810356140137,
                11.999996185302734
              ],
              "autoUv":false
            },
            "east":{
              "texture":"#wood",
              "uv":[
                12.000003814697266,
                -3.814697265625e-06,
                19.99999237060547,
                8.000003814697266
              ],
              "autoUv":false,
              "rotation":270
            },
            "south":{
              "texture":"#wood",
              "uv":[
                11.0,
                21.999998092651367,
                13.000001907348633,
                23.000000953674316
              ],
              "autoUv":false
            },
            "west":{
              "texture":"#wood",
              "uv":[
                23.99999237060547,
                20.0,
                25.00000762939453,
                21.000001907348633
              ],
              "autoUv":false
            },
            "up":{
              "texture":"#wood",
              "uv":[
                5.694443702697754,
                23.69444465637207,
                7.6944451332092285,
                24.69443702697754
              ],
              "autoUv":false
            },
            "down":{
              "texture":"#wood",
              "uv":[
                3.9999983310699463,
                16.999996185302734,
                2.0000014305114746,
                16.000003814697266
              ],
              "autoUv":false,
              "rotation":180
            }
          },
          "children":[]
        },
        {
          "name":"handle_stick 07",
          "from":[
            -7.7864930331707,
            0.21140438318252563,
            -0.6545495092868805
          ],
          "to":[
            -7.253292351961136,
            0.757319986820221,
            -0.11650800704956055
          ],
          "rotationOrigin":[
            -7.519892692565918,
            0.4843621850013733,
            -0.3855287432670593
          ],
          "rotationY":1.755766827217891,
          "group":"Stick",
          "faces":{
            "north":{
              "texture":"#wood",
              "uv":[
                5.000000953674316,
                12.999998092651367,
                6.210249900817871,
                14.638189315795898
              ],
              "autoUv":false
            },
            "east":{
              "texture":"#wood",
              "uv":[
                6.9236249923706055,
                0.0,
                8.0,
                2.184253692626953
              ],
              "autoUv":false
            },
            "south":{
              "texture":"#wood",
              "uv":[
                24.789752960205078,
                21.999999046325684,
                26.0,
                23.6381893157959
              ],
              "autoUv":false
            },
            "west":{
              "texture":"#wood",
              "uv":[
                8.0,
                0.0,
                9.614562034606934,
                1.6381893157958984
              ],
              "autoUv":false
            },
            "up":{
              "texture":"#wood",
              "uv":[
                30.0,
                8.999996185302734,
                31.0,
                10.614559173583984
              ],
              "autoUv":false
            },
            "down":{
              "texture":"#wood",
              "uv":[
                2.210249900817871,
                22.614561080932617,
                1.0000003576278687,
                20.999999046325684
              ],
              "autoUv":false,
              "rotation":180
            }
          },
          "children":[]
        },
        {
          "name":"handle_stick 08",
          "from":[
            -8.09948119521141,
            -0.2424091398715973,
            -0.1117120087146759
          ],
          "to":[
            -7.237900227308273,
            0.7573199570178986,
            0.34997573494911194
          ],
          "rotationOrigin":[
            -7.6686906814575195,
            0.25745540857315063,
            0.11913186311721802
          ],
          "rotationY":1.755766827217891,
          "group":"Stick",
          "faces":{
            "north":{
              "texture":"#wood",
              "uv":[
                5.000000953674316,
                12.999998092651367,
                6.955600738525391,
                16.0
              ],
              "autoUv":false
            },
            "east":{
              "texture":"#wood",
              "uv":[
                6.0,
                0.0,
                6.923625946044922,
                4.0
              ],
              "autoUv":false
            },
            "south":{
              "texture":"#wood",
              "uv":[
                24.04439926147461,
                21.999999046325684,
                25.999998092651367,
                24.999999523162842
              ],
              "autoUv":false
            },
            "west":{
              "texture":"#wood",
              "uv":[
                9.614561080932617,
                0.0,
                11.0,
                3.0
              ],
              "autoUv":false
            },
            "up":{
              "texture":"#wood",
              "uv":[
                30.0,
                10.614559173583984,
                31.0,
                12.0
              ],
              "autoUv":false
            },
            "down":{
              "texture":"#wood",
              "uv":[
                2.955601215362549,
                24.0,
                0.9999999403953552,
                22.614561080932617
              ],
              "autoUv":false,
              "rotation":180
            }
          },
          "children":[]
        },
        {
          "name":"handle_stick 09",
          "from":[
            3.3989908695220947,
            -0.2432268261909485,
            -0.31553155183792114
          ],
          "to":[
            3.5960919857025146,
            0.22120684385299683,
            0.26250308752059937
          ],
          "rotationOrigin":[
            3.4975414276123047,
            -0.01100999116897583,
            -0.02651423215866089
          ],
          "rotationY":-4.600274132428866,
          "group":"Stick",
          "faces":{
            "north":{
              "texture":"#wood",
              "uv":[
                25.409088134765625,
                14.607330322265625,
                26.000452041625977,
                16.000000953674316
              ],
              "autoUv":false
            },
            "east":{
              "texture":"#wood",
              "uv":[
                5.998635292053223,
                1.6073341369628906,
                7.731164932250977,
                3.0
              ],
              "autoUv":false
            },
            "south":{
              "texture":"#wood",
              "uv":[
                1.9995455741882324,
                23.60733127593994,
                2.5909101963043213,
                25.0
              ],
              "autoUv":false
            },
            "west":{
              "texture":"#wood",
              "uv":[
                8.845294952392578,
                2.1435317993164062,
                10.001364707946777,
                4.0
              ],
              "autoUv":false
            },
            "up":{
              "texture":"#wood",
              "uv":[
                9.99954605102539,
                10.266683578491211,
                10.590909957885742,
                12.0
              ],
              "autoUv":false
            },
            "down":{
              "texture":"#wood",
              "uv":[
                22.00045394897461,
                23.0,
                21.409090042114258,
                21.26668357849121
              ],
              "autoUv":false,
              "rotation":180
            }
          },
          "children":[]
        },
        {
          "name":"handle_stick 10",
          "from":[
            3.438991367816925,
            -0.2432268261909485,
            -0.7333485186100006
          ],
          "to":[
            3.733329951763153,
            0.22120684385299683,
            -0.31001922488212585
          ],
          "rotationOrigin":[
            3.586160659790039,
            -0.01100999116897583,
            -0.5216838717460632
          ],
          "rotationY":-4.600274132428866,
          "group":"Stick",
          "faces":{
            "north":{
              "texture":"#wood",
              "uv":[
                25.117345809936523,
                14.607330322265625,
                26.000452041625977,
                16.000000953674316
              ],
              "autoUv":false
            },
            "east":{
              "texture":"#wood",
              "uv":[
                7.731164932250977,
                1.6073341369628906,
                9.0,
                3.0
              ],
              "autoUv":false
            },
            "south":{
              "texture":"#wood",
              "uv":[
                1.9995455741882324,
                23.60733127593994,
                2.882652759552002,
                25.000000476837158
              ],
              "autoUv":false
            },
            "west":{
              "texture":"#wood",
              "uv":[
                7.998635292053223,
                2.1435317993164062,
                8.845293998718262,
                4.000001907348633
              ],
              "autoUv":false
            },
            "up":{
              "texture":"#wood",
              "uv":[
                9.999545097351074,
                8.997272491455078,
                10.88265323638916,
                10.266683578491211
              ],
              "autoUv":false
            },
            "down":{
              "texture":"#wood",
              "uv":[
                22.00045394897461,
                21.266682624816895,
                21.117347717285156,
                19.99727153778076
              ],
              "autoUv":false,
              "rotation":180
            }
          },
          "children":[]
        },
        {
          "name":"handle_stick 11",
          "from":[
            3.3988969326019287,
            0.22120696306228638,
            -0.31319791078567505
          ],
          "to":[
            3.6541826725006104,
            0.7581376433372498,
            0.26483672857284546
          ],
          "rotationOrigin":[
            3.5265398025512695,
            0.48967230319976807,
            -0.024180591106414795
          ],
          "rotationY":-4.600274132428866,
          "group":"Stick",
          "faces":{
            "north":{
              "texture":"#wood",
              "uv":[
                25.23451805114746,
                12.997270584106445,
                26.000452041625977,
                14.607332229614258
              ],
              "autoUv":false
            },
            "east":{
              "texture":"#wood",
              "uv":[
                5.9986348152160645,
                -0.002727508544921875,
                7.731164932250977,
                1.6073322296142578
              ],
              "autoUv":false
            },
            "south":{
              "texture":"#wood",
              "uv":[
                1.999545693397522,
                21.997270584106445,
                2.7654824256896973,
                23.60733127593994
              ],
              "autoUv":false
            },
            "west":{
              "texture":"#wood",
              "uv":[
                8.845294952392578,
                -0.002727508544921875,
                10.001364707946777,
                2.1435317993164062
              ],
              "autoUv":false
            },
            "up":{
              "texture":"#wood",
              "uv":[
                14.0,
                10.266683578491211,
                15.0,
                12.0
              ],
              "autoUv":false
            },
            "down":{
              "texture":"#wood",
              "uv":[
                22.00045394897461,
                23.0,
                21.23451805114746,
                21.266682624816895
              ],
              "autoUv":false,
              "rotation":180
            }
          },
          "children":[]
        },
        {
          "name":"handle_stick 12",
          "from":[
            3.4392522424459457,
            0.2212069034576416,
            -0.7398625910282135
          ],
          "to":[
            3.571156144142151,
            0.7581376433372498,
            -0.31653329730033875
          ],
          "rotationOrigin":[
            3.505204200744629,
            0.48967230319976807,
            -0.5281979441642761
          ],
          "rotationY":-4.600274132428866,
          "group":"Stick",
          "faces":{
            "north":{
              "texture":"#wood",
              "uv":[
                25.60470199584961,
                12.997270584106445,
                26.000450134277344,
                14.60733413696289
              ],
              "autoUv":false
            },
            "east":{
              "texture":"#wood",
              "uv":[
                7.731164932250977,
                -0.00272369384765625,
                9.0,
                1.6073341369628906
              ],
              "autoUv":false
            },
            "south":{
              "texture":"#wood",
              "uv":[
                1.999545693397522,
                21.997270584106445,
                2.395298480987549,
                23.607332229614258
              ],
              "autoUv":false
            },
            "west":{
              "texture":"#wood",
              "uv":[
                7.998635292053223,
                -0.002727508544921875,
                8.845293998718262,
                2.143533706665039
              ],
              "autoUv":false
            },
            "up":{
              "texture":"#wood",
              "uv":[
                14.0,
                8.997272491455078,
                15.0,
                10.266685485839844
              ],
              "autoUv":false
            },
            "down":{
              "texture":"#wood",
              "uv":[
                22.00045394897461,
                21.266682624816895,
                21.60470199584961,
                19.99727153778076
              ],
              "autoUv":false,
              "rotation":180
            }
          },
          "children":[]
        }
      ]
    }
  ],
  "groups":[]
}