{
  "textureWidth":16,
  "textureHeight":16,
  "textures":{
    "wood":"game:block/wood/debarked/oak"
  },
  "textureSizes":{
    "wood":[
      32,
      32
    ]
  },
  "elements":[
    {
      "name":"origin",
      "from":[
        11.085155487060547,
        -6.890839099884033,
        8.280232340097427
      ],
      "to":[
        11.085155487060547,
        -6.890839099884033,
        8.280232340097427
      ],
      "rotationOrigin":[
        8.0,
        0.0,
        8.0
      ],
      "group":"Stick",
      "faces":{
        "north":{
          "texture":"#0",
          "uv":[
            0,
            0,
            4,
            4
          ],
          "autoUv":false
        },
        "east":{
          "texture":"#0",
          "uv":[
            0,
            0,
            4,
            4
          ],
          "autoUv":false
        },
        "south":{
          "texture":"#0",
          "uv":[
            0,
            0,
            4,
            4
          ],
          "autoUv":false
        },
        "west":{
          "texture":"#0",
          "uv":[
            0,
            0,
            4,
            4
          ],
          "autoUv":false
        },
        "up":{
          "texture":"#wood",
          "uv":[
            0.0,
            0.0,
            1.0,
            1.0
          ],
          "autoUv":false,
          "rotation":180
        },
        "down":{
          "texture":"#0",
          "uv":[
            0,
            0,
            4,
            4
          ],
          "autoUv":false
        }
      },
      "children":[
        {
          "name":"handle_stick 01",
          "from":[
            -10.085155010223389,
            7.133515357971191,
            -2.9184397757053375
          ],
          "to":[
            -9.085155010223389,
            8.133515357971191,
            1.719768613576889
          ],
          "rotationOrigin":[
            -9.585155010223389,
            7.633515357971191,
            -0.5993355810642242
          ],
          "group":"Stick",
          "faces":{
            "north":{
              "texture":"#wood",
              "uv":[
                19.0,
                16.0,
                21.0,
                20.0
              ],
              "autoUv":false
            },
            "east":{
              "texture":"#wood",
              "uv":[
                6.0,
                1.0,
                15.0,
                4.999998092651367
              ],
              "autoUv":false
            },
            "south":{
              "texture":"#wood",
              "uv":[
                14.0,
                18.0,
                16.0,
                22.0
              ],
              "autoUv":false
            },
            "west":{
              "texture":"#wood",
              "uv":[
                11.0,
                8.0,
                20.0,
                12.0
              ],
              "autoUv":false
            },
            "up":{
              "texture":"#wood",
              "uv":[
                5.000000476837158,
                17.0,
                14.0,
                21.0
              ],
              "autoUv":false,
              "rotation":90
            },
            "down":{
              "texture":"#wood",
              "uv":[
                29.0,
                13.0,
                20.0,
                9.0
              ],
              "autoUv":false,
              "rotation":270
            }
          },
          "children":[]
        },
        {
          "name":"handle_stick 02",
          "from":[
            2.414844512939453,
            7.133515357971191,
            -2.9184397757053375
          ],
          "to":[
            3.414844512939453,
            8.133515357971191,
            1.719768613576889
          ],
          "rotationOrigin":[
            2.914844512939453,
            7.633515357971191,
            -0.5993355810642242
          ],
          "group":"Stick",
          "faces":{
            "north":{
              "texture":"#wood",
              "uv":[
                23.0,
                17.0,
                25.0,
                21.0
              ],
              "autoUv":false
            },
            "east":{
              "texture":"#wood",
              "uv":[
                8.0,
                13.0,
                17.276416778564453,
                16.999999046325684
              ],
              "autoUv":false
            },
            "south":{
              "texture":"#wood",
              "uv":[
                15.0,
                5.0,
                17.0,
                9.0
              ],
              "autoUv":false
            },
            "west":{
              "texture":"#wood",
              "uv":[
                12.723583221435547,
                14.0,
                22.0,
                18.0
              ],
              "autoUv":false
            },
            "up":{
              "texture":"#wood",
              "uv":[
                15.723584175109863,
                22.0,
                25.0,
                25.999999523162842
              ],
              "autoUv":false,
              "rotation":90
            },
            "down":{
              "texture":"#wood",
              "uv":[
                22.0,
                10.0,
                12.723583221435547,
                6.0
              ],
              "autoUv":false,
              "rotation":270
            }
          },
          "children":[]
        },
        {
          "name":"handle_stick 03",
          "from":[
            -9.085155010223389,
            7.133515357971191,
            -2.280231386423111
          ],
          "to":[
            2.4148449897766113,
            8.133515357971191,
            -1.280231386423111
          ],
          "rotationOrigin":[
            -3.3351550102233887,
            7.633515357971191,
            -1.780231386423111
          ],
          "group":"Stick",
          "faces":{
            "north":{
              "texture":"#wood",
              "uv":[
                8.0,
                23.0,
                31.0,
                27.0
              ],
              "autoUv":false
            },
            "east":{
              "texture":"#wood",
              "uv":[
                12.0,
                16.0,
                20.0,
                24.0
              ],
              "autoUv":false,
              "rotation":270
            },
            "south":{
              "texture":"#wood",
              "uv":[
                5.5,
                23.0,
                28.5,
                27.0
              ],
              "autoUv":false
            },
            "west":{
              "texture":"#wood",
              "uv":[
                12.0,
                0.0,
                20.0,
                8.0
              ],
              "autoUv":false,
              "rotation":270
            },
            "up":{
              "texture":"#wood",
              "uv":[
                3.0,
                23.0,
                26.0,
                27.0
              ],
              "autoUv":false
            },
            "down":{
              "texture":"#wood",
              "uv":[
                30.5,
                10.0,
                7.5,
                6.0
              ],
              "autoUv":false,
              "rotation":180
            }
          },
          "children":[]
        },
        {
          "name":"handle_stick 04",
          "from":[
            -10.085155010223389,
            7.480949580669403,
            -3.5084246695041656
          ],
          "to":[
            -9.55271577835083,
            8.133515179157257,
            -2.9184397757053375
          ],
          "rotationOrigin":[
            -9.81893539428711,
            7.80723237991333,
            -3.2134322226047516
          ],
          "group":"Stick",
          "faces":{
            "north":{
              "texture":"#wood",
              "uv":[
                19.935121536254883,
                16.0,
                21.0,
                18.5
              ],
              "autoUv":false
            },
            "east":{
              "texture":"#wood",
              "uv":[
                5.0,
                1.0,
                7.0,
                4.0
              ],
              "autoUv":false
            },
            "south":{
              "texture":"#wood",
              "uv":[
                14.0,
                18.0,
                15.0,
                20.5
              ],
              "autoUv":false
            },
            "west":{
              "texture":"#wood",
              "uv":[
                19.0,
                8.0,
                20.0,
                10.610261917114258
              ],
              "autoUv":false
            },
            "up":{
              "texture":"#wood",
              "uv":[
                13.0,
                19.0,
                14.0,
                21.0
              ],
              "autoUv":false,
              "rotation":90
            },
            "down":{
              "texture":"#wood",
              "uv":[
                29.5,
                11.0,
                27.999998092651367,
                9.0
              ],
              "autoUv":false,
              "rotation":270
            }
          },
          "children":[]
        },
        {
          "name":"handle_stick 05",
          "from":[
            -9.55271577835083,
            7.133515477180481,
            -3.684150844812393
          ],
          "to":[
            -9.085155010223389,
            7.621488451957703,
            -2.9184395372867584
          ],
          "rotationOrigin":[
            -9.31893539428711,
            7.377501964569092,
            -3.301295191049576
          ],
          "group":"Stick",
          "faces":{
            "north":{
              "texture":"#wood",
              "uv":[
                19.0,
                18.000000953674316,
                19.935121536254883,
                20.0
              ],
              "autoUv":false
            },
            "east":{
              "texture":"#wood",
              "uv":[
                5.0,
                3.0,
                7.0,
                5.0
              ],
              "autoUv":false
            },
            "south":{
              "texture":"#wood",
              "uv":[
                15.0,
                20.000000953674316,
                16.0,
                22.0
              ],
              "autoUv":false
            },
            "west":{
              "texture":"#wood",
              "uv":[
                19.0,
                10.0,
                20.0,
                12.0
              ],
              "autoUv":false
            },
            "up":{
              "texture":"#wood",
              "uv":[
                13.0,
                17.0,
                14.0,
                19.0
              ],
              "autoUv":false,
              "rotation":90
            },
            "down":{
              "texture":"#wood",
              "uv":[
                29.5,
                13.0,
                28.0,
                11.0
              ],
              "autoUv":false,
              "rotation":270
            }
          },
          "children":[]
        },
        {
          "name":"handle_stick 06",
          "from":[
            -10.085155010223389,
            7.1335155963897705,
            -3.8368188440799713
          ],
          "to":[
            -9.55271577835083,
            7.480950117111206,
            -2.9184395372867584
          ],
          "rotationOrigin":[
            -9.81893539428711,
            7.307232856750488,
            -3.377629190683365
          ],
          "group":"Stick",
          "faces":{
            "north":{
              "texture":"#wood",
              "uv":[
                19.935121536254883,
                18.5,
                21.0,
                20.0
              ],
              "autoUv":false
            },
            "east":{
              "texture":"#wood",
              "uv":[
                5.0,
                3.999998092651367,
                8.0,
                5.0
              ],
              "autoUv":false
            },
            "south":{
              "texture":"#wood",
              "uv":[
                14.0,
                20.5,
                15.0,
                22.0
              ],
              "autoUv":false
            },
            "west":{
              "texture":"#wood",
              "uv":[
                18.0,
                10.610261917114258,
                20.0,
                12.0
              ],
              "autoUv":false
            },
            "up":{
              "texture":"#wood",
              "uv":[
                12.000000953674316,
                19.0,
                14.0,
                21.0
              ],
              "autoUv":false,
              "rotation":90
            },
            "down":{
              "texture":"#wood",
              "uv":[
                29.5,
                11.0,
                27.0,
                9.0
              ],
              "autoUv":false,
              "rotation":270
            }
          },
          "children":[]
        },
        {
          "name":"handle_stick 07",
          "from":[
            -9.55271577835083,
            7.621488571166992,
            -3.9877873957157135
          ],
          "to":[
            -9.085155010223389,
            8.133515357971191,
            -2.9184395372867584
          ],
          "rotationOrigin":[
            -9.31893539428711,
            7.877501964569092,
            -3.453113466501236
          ],
          "group":"Stick",
          "faces":{
            "north":{
              "texture":"#wood",
              "uv":[
                19.0,
                16.0,
                19.935121536254883,
                18.0
              ],
              "autoUv":false
            },
            "east":{
              "texture":"#wood",
              "uv":[
                5.0,
                1.0,
                7.999999523162842,
                3.0
              ],
              "autoUv":false
            },
            "south":{
              "texture":"#wood",
              "uv":[
                15.0,
                18.0,
                16.0,
                20.0
              ],
              "autoUv":false
            },
            "west":{
              "texture":"#wood",
              "uv":[
                17.861303329467773,
                8.0,
                20.0,
                10.0
              ],
              "autoUv":false
            },
            "up":{
              "texture":"#wood",
              "uv":[
                12.0,
                17.0,
                14.0,
                19.0
              ],
              "autoUv":false,
              "rotation":90
            },
            "down":{
              "texture":"#wood",
              "uv":[
                29.5,
                13.0,
                27.0,
                11.0
              ],
              "autoUv":false,
              "rotation":270
            }
          },
          "children":[]
        },
        {
          "name":"handle_stick 08",
          "from":[
            2.4148449897766113,
            7.480949580669403,
            -3.7783192694187164
          ],
          "to":[
            2.94728422164917,
            8.133515179157257,
            -2.9184397757053375
          ],
          "rotationOrigin":[
            2.6810646057128906,
            7.80723237991333,
            -3.348379522562027
          ],
          "group":"Stick",
          "faces":{
            "north":{
              "texture":"#wood",
              "uv":[
                19.935121536254883,
                16.0,
                21.0,
                18.610261917114258
              ],
              "autoUv":false
            },
            "east":{
              "texture":"#wood",
              "uv":[
                5.5,
                1.0,
                7.219760417938232,
                3.610261917114258
              ],
              "autoUv":false
            },
            "south":{
              "texture":"#wood",
              "uv":[
                14.0,
                18.0,
                15.064878463745117,
                20.610261917114258
              ],
              "autoUv":false
            },
            "west":{
              "texture":"#wood",
              "uv":[
                18.28023910522461,
                8.0,
                20.0,
                10.610261917114258
              ],
              "autoUv":false
            },
            "up":{
              "texture":"#wood",
              "uv":[
                12.280241012573242,
                18.870243072509766,
                14.0,
                21.0
              ],
              "autoUv":false,
              "rotation":90
            },
            "down":{
              "texture":"#wood",
              "uv":[
                29.5,
                11.129756927490234,
                27.780241012573242,
                9.0
              ],
              "autoUv":false,
              "rotation":270
            }
          },
          "children":[]
        },
        {
          "name":"handle_stick 09",
          "from":[
            2.94728422164917,
            7.133515477180481,
            -4.067938715219498
          ],
          "to":[
            3.4148449897766113,
            7.621488451957703,
            -2.9184397757053375
          ],
          "rotationOrigin":[
            3.1810646057128906,
            7.377501964569092,
            -3.4931892454624176
          ],
          "group":"Stick",
          "faces":{
            "north":{
              "texture":"#wood",
              "uv":[
                19.0,
                18.048108100891113,
                19.935121536254883,
                20.0
              ],
              "autoUv":false
            },
            "east":{
              "texture":"#wood",
              "uv":[
                5.5,
                3.048107147216797,
                7.798997402191162,
                5.000003814697266
              ],
              "autoUv":false
            },
            "south":{
              "texture":"#wood",
              "uv":[
                15.064878463745117,
                20.048108100891113,
                16.0,
                22.0
              ],
              "autoUv":false
            },
            "west":{
              "texture":"#wood",
              "uv":[
                17.701000213623047,
                10.048107147216797,
                20.0,
                12.0
              ],
              "autoUv":false
            },
            "up":{
              "texture":"#wood",
              "uv":[
                11.70100212097168,
                17.0,
                14.0,
                18.870243072509766
              ],
              "autoUv":false,
              "rotation":90
            },
            "down":{
              "texture":"#wood",
              "uv":[
                29.5,
                13.0,
                27.201000213623047,
                11.129756927490234
              ],
              "autoUv":false,
              "rotation":270
            }
          },
          "children":[]
        },
        {
          "name":"handle_stick 10",
          "from":[
            2.4148449897766113,
            7.1335155963897705,
            -3.657792717218399
          ],
          "to":[
            2.94728422164917,
            7.480950117111206,
            -2.9184397757053375
          ],
          "rotationOrigin":[
            2.6810646057128906,
            7.307232856750488,
            -3.288116365671158
          ],
          "group":"Stick",
          "faces":{
            "north":{
              "texture":"#wood",
              "uv":[
                19.935121536254883,
                18.610261917114258,
                21.0,
                20.0
              ],
              "autoUv":false
            },
            "east":{
              "texture":"#wood",
              "uv":[
                5.5,
                3.610261917114258,
                6.978705883026123,
                5.0
              ],
              "autoUv":false
            },
            "south":{
              "texture":"#wood",
              "uv":[
                14.0,
                20.610261917114258,
                15.064878463745117,
                22.0
              ],
              "autoUv":false
            },
            "west":{
              "texture":"#wood",
              "uv":[
                18.52129364013672,
                10.610260009765625,
                20.0,
                12.0
              ],
              "autoUv":false
            },
            "up":{
              "texture":"#wood",
              "uv":[
                12.521294593811035,
                18.870243072509766,
                14.0,
                21.0
              ],
              "autoUv":false,
              "rotation":90
            },
            "down":{
              "texture":"#wood",
              "uv":[
                29.5,
                11.129756927490234,
                28.02129364013672,
                9.0
              ],
              "autoUv":false,
              "rotation":270
            }
          },
          "children":[]
        },
        {
          "name":"handle_stick 11",
          "from":[
            2.94728422164917,
            7.621488571166992,
            -3.5986620485782623
          ],
          "to":[
            3.4148449897766113,
            8.133515357971191,
            -2.9184397757053375
          ],
          "rotationOrigin":[
            3.1810646057128906,
            7.877501964569092,
            -3.2585510313510895
          ],
          "group":"Stick",
          "faces":{
            "north":{
              "texture":"#wood",
              "uv":[
                19.0,
                16.0,
                19.935121536254883,
                18.048107147216797
              ],
              "autoUv":false
            },
            "east":{
              "texture":"#wood",
              "uv":[
                5.5,
                1.0,
                6.860445022583008,
                3.048107147216797
              ],
              "autoUv":false
            },
            "south":{
              "texture":"#wood",
              "uv":[
                15.064878463745117,
                18.0,
                16.0,
                20.048107147216797
              ],
              "autoUv":false
            },
            "west":{
              "texture":"#wood",
              "uv":[
                18.639554977416992,
                8.0,
                20.0,
                10.048107147216797
              ],
              "autoUv":false
            },
            "up":{
              "texture":"#wood",
              "uv":[
                12.639554977416992,
                17.0,
                14.0,
                18.870243072509766
              ],
              "autoUv":false,
              "rotation":90
            },
            "down":{
              "texture":"#wood",
              "uv":[
                29.5,
                13.0,
                28.139554977416992,
                11.129756927490234
              ],
              "autoUv":false,
              "rotation":270
            }
          },
          "children":[]
        },
        {
          "name":"handle_stick 12",
          "from":[
            -10.32171106338501,
            7.331815242767334,
            -2.2007133066654205
          ],
          "to":[
            -9.854150295257568,
            7.843842029571533,
            -1.1313654482364655
          ],
          "rotationOrigin":[
            -10.087930679321289,
            7.587828636169434,
            -1.666039377450943
          ],
          "rotationY":24.74376557979292,
          "group":"Stick",
          "faces":{
            "north":{
              "texture":"#wood",
              "uv":[
                19.0,
                16.0,
                19.935121536254883,
                18.048107147216797
              ],
              "autoUv":false
            },
            "east":{
              "texture":"#wood",
              "uv":[
                5.5,
                1.0,
                7.638696193695068,
                3.048107147216797
              ],
              "autoUv":false
            },
            "south":{
              "texture":"#wood",
              "uv":[
                15.064878463745117,
                18.0,
                16.0,
                20.048107147216797
              ],
              "autoUv":false
            },
            "west":{
              "texture":"#wood",
              "uv":[
                17.861303329467773,
                8.0,
                20.0,
                10.048107147216797
              ],
              "autoUv":false
            },
            "up":{
              "texture":"#wood",
              "uv":[
                11.861303329467773,
                17.0,
                14.0,
                18.870243072509766
              ],
              "autoUv":false,
              "rotation":90
            },
            "down":{
              "texture":"#wood",
              "uv":[
                29.5,
                13.0,
                27.361303329467773,
                11.129756927490234
              ],
              "autoUv":false,
              "rotation":270
            }
          },
          "children":[]
        },
        {
          "name":"handle_stick 13",
          "from":[
            3.1259207725524902,
            7.473660945892334,
            -1.1505471765995026
          ],
          "to":[
            3.5934815406799316,
            7.985687732696533,
            -0.08119931817054749
          ],
          "rotationOrigin":[
            3.359701156616211,
            7.729674339294434,
            -0.615873247385025
          ],
          "rotationY":21.41538878403632,
          "group":"Stick",
          "faces":{
            "north":{
              "texture":"#wood",
              "uv":[
                19.0,
                16.0,
                19.935121536254883,
                18.048107147216797
              ],
              "autoUv":false
            },
            "east":{
              "texture":"#wood",
              "uv":[
                5.5,
                1.0,
                7.638696193695068,
                3.048107147216797
              ],
              "autoUv":false
            },
            "south":{
              "texture":"#wood",
              "uv":[
                15.064878463745117,
                18.0,
                16.0,
                20.048107147216797
              ],
              "autoUv":false
            },
            "west":{
              "texture":"#wood",
              "uv":[
                17.861303329467773,
                8.0,
                20.0,
                10.048107147216797
              ],
              "autoUv":false
            },
            "up":{
              "texture":"#wood",
              "uv":[
                11.861303329467773,
                17.0,
                14.0,
                18.870243072509766
              ],
              "autoUv":false,
              "rotation":90
            },
            "down":{
              "texture":"#wood",
              "uv":[
                29.5,
                13.0,
                27.361303329467773,
                11.129756927490234
              ],
              "autoUv":false,
              "rotation":270
            }
          },
          "children":[]
        },
        {
          "name":"handle_stick 14",
          "from":[
            2.882406711578369,
            7.480949580669403,
            1.719769448041916
          ],
          "to":[
            3.4148459434509277,
            8.133515179157257,
            2.3410083949565887
          ],
          "rotationOrigin":[
            3.1486263275146484,
            7.80723237991333,
            2.0303889214992523
          ],
          "rotationY":-179.99988206555128,
          "group":"Stick",
          "faces":{
            "north":{
              "texture":"#wood",
              "uv":[
                19.935121536254883,
                16.0,
                21.0,
                18.610261917114258
              ],
              "autoUv":false
            },
            "east":{
              "texture":"#wood",
              "uv":[
                5.5,
                1.0,
                7.560960292816162,
                3.610261917114258
              ],
              "autoUv":false
            },
            "south":{
              "texture":"#wood",
              "uv":[
                14.0,
                18.0,
                15.064878463745117,
                20.610261917114258
              ],
              "autoUv":false
            },
            "west":{
              "texture":"#wood",
              "uv":[
                17.93903923034668,
                8.000001907348633,
                20.0,
                10.610261917114258
              ],
              "autoUv":false
            },
            "up":{
              "texture":"#wood",
              "uv":[
                11.939041137695312,
                18.870243072509766,
                14.0,
                21.0
              ],
              "autoUv":false,
              "rotation":90
            },
            "down":{
              "texture":"#wood",
              "uv":[
                29.5,
                11.129758834838867,
                27.43903923034668,
                9.0
              ],
              "autoUv":false,
              "rotation":270
            }
          },
          "children":[]
        },
        {
          "name":"handle_stick 15",
          "from":[
            2.4148459434509277,
            7.133515477180481,
            1.719769448041916
          ],
          "to":[
            2.882406711578369,
            7.621488451957703,
            2.412760943174362
          ],
          "rotationOrigin":[
            2.6486263275146484,
            7.377501964569092,
            2.066265195608139
          ],
          "rotationY":-179.99988206555128,
          "group":"Stick",
          "faces":{
            "north":{
              "texture":"#wood",
              "uv":[
                19.0,
                18.048108100891113,
                19.935121536254883,
                20.0
              ],
              "autoUv":false
            },
            "east":{
              "texture":"#wood",
              "uv":[
                5.5,
                3.048107147216797,
                7.798997402191162,
                5.000003814697266
              ],
              "autoUv":false
            },
            "south":{
              "texture":"#wood",
              "uv":[
                15.064878463745117,
                20.048108100891113,
                16.0,
                22.0
              ],
              "autoUv":false
            },
            "west":{
              "texture":"#wood",
              "uv":[
                17.701000213623047,
                10.048107147216797,
                20.0,
                12.0
              ],
              "autoUv":false
            },
            "up":{
              "texture":"#wood",
              "uv":[
                11.70100212097168,
                17.0,
                14.0,
                18.870243072509766
              ],
              "autoUv":false,
              "rotation":90
            },
            "down":{
              "texture":"#wood",
              "uv":[
                29.5,
                13.0,
                27.201000213623047,
                11.129756927490234
              ],
              "autoUv":false,
              "rotation":270
            }
          },
          "children":[]
        },
        {
          "name":"handle_stick 16",
          "from":[
            2.882406711578369,
            7.1335155963897705,
            1.7197691649198532
          ],
          "to":[
            3.4148459434509277,
            7.480950117111206,
            2.1654984205961227
          ],
          "rotationOrigin":[
            3.1486263275146484,
            7.307232856750488,
            1.942633718252182
          ],
          "rotationY":-179.99988206555128,
          "group":"Stick",
          "faces":{
            "north":{
              "texture":"#wood",
              "uv":[
                19.935121536254883,
                18.610261917114258,
                21.0,
                20.0
              ],
              "autoUv":false
            },
            "east":{
              "texture":"#wood",
              "uv":[
                5.5,
                3.610261917114258,
                6.978705883026123,
                5.0
              ],
              "autoUv":false
            },
            "south":{
              "texture":"#wood",
              "uv":[
                14.0,
                20.610261917114258,
                15.064878463745117,
                22.0
              ],
              "autoUv":false
            },
            "west":{
              "texture":"#wood",
              "uv":[
                18.52129364013672,
                10.610260009765625,
                20.0,
                12.0
              ],
              "autoUv":false
            },
            "up":{
              "texture":"#wood",
              "uv":[
                12.521294593811035,
                18.870243072509766,
                14.0,
                21.0
              ],
              "autoUv":false,
              "rotation":90
            },
            "down":{
              "texture":"#wood",
              "uv":[
                29.5,
                11.129756927490234,
                28.02129364013672,
                9.0
              ],
              "autoUv":false,
              "rotation":270
            }
          },
          "children":[]
        },
        {
          "name":"handle_stick 17",
          "from":[
            2.4148459434509277,
            7.621488571166992,
            1.7197698205709457
          ],
          "to":[
            2.882406711578369,
            8.133515357971191,
            2.1298513263463974
          ],
          "rotationOrigin":[
            2.6486263275146484,
            7.877501964569092,
            1.9248104989528656
          ],
          "rotationY":-179.99988206555128,
          "group":"Stick",
          "faces":{
            "north":{
              "texture":"#wood",
              "uv":[
                19.0,
                16.0,
                19.935121536254883,
                18.048107147216797
              ],
              "autoUv":false
            },
            "east":{
              "texture":"#wood",
              "uv":[
                5.5,
                1.0,
                6.860445022583008,
                3.048107147216797
              ],
              "autoUv":false
            },
            "south":{
              "texture":"#wood",
              "uv":[
                15.064878463745117,
                18.0,
                16.0,
                20.048107147216797
              ],
              "autoUv":false
            },
            "west":{
              "texture":"#wood",
              "uv":[
                18.639554977416992,
                8.0,
                20.0,
                10.048107147216797
              ],
              "autoUv":false
            },
            "up":{
              "texture":"#wood",
              "uv":[
                12.639554977416992,
                17.0,
                14.0,
                18.870243072509766
              ],
              "autoUv":false,
              "rotation":90
            },
            "down":{
              "texture":"#wood",
              "uv":[
                29.5,
                13.0,
                28.139554977416992,
                11.129756927490234
              ],
              "autoUv":false,
              "rotation":270
            }
          },
          "children":[]
        },
        {
          "name":"handle_stick 18",
          "from":[
            -9.617594242095947,
            7.480949580669403,
            1.7197695970535278
          ],
          "to":[
            -9.085155010223389,
            8.133515179157257,
            2.503695696592331
          ],
          "rotationOrigin":[
            -9.351374626159668,
            7.80723237991333,
            2.1117325723171234
          ],
          "rotationY":-179.99988206555128,
          "group":"Stick",
          "faces":{
            "north":{
              "texture":"#wood",
              "uv":[
                19.935121536254883,
                16.0,
                21.0,
                18.610261917114258
              ],
              "autoUv":false
            },
            "east":{
              "texture":"#wood",
              "uv":[
                5.5,
                1.0,
                8.100675582885742,
                3.610260009765625
              ],
              "autoUv":false
            },
            "south":{
              "texture":"#wood",
              "uv":[
                14.0,
                18.0,
                15.064878463745117,
                20.610261917114258
              ],
              "autoUv":false
            },
            "west":{
              "texture":"#wood",
              "uv":[
                17.399324417114258,
                8.000003814697266,
                20.0,
                10.610261917114258
              ],
              "autoUv":false
            },
            "up":{
              "texture":"#wood",
              "uv":[
                11.39932632446289,
                18.870243072509766,
                14.0,
                21.0
              ],
              "autoUv":false,
              "rotation":90
            },
            "down":{
              "texture":"#wood",
              "uv":[
                29.5,
                11.129758834838867,
                26.899324417114258,
                9.0
              ],
              "autoUv":false,
              "rotation":270
            }
          },
          "children":[]
        },
        {
          "name":"handle_stick 19",
          "from":[
            -10.085155010223389,
            7.133515477180481,
            1.7197691202163696
          ],
          "to":[
            -9.617594242095947,
            7.621488451957703,
            2.329728811979294
          ],
          "rotationOrigin":[
            -9.851374626159668,
            7.377501964569092,
            2.0247488915920258
          ],
          "rotationY":-179.99988206555128,
          "group":"Stick",
          "faces":{
            "north":{
              "texture":"#wood",
              "uv":[
                19.0,
                18.048108100891113,
                19.935121536254883,
                20.0
              ],
              "autoUv":false
            },
            "east":{
              "texture":"#wood",
              "uv":[
                5.5,
                3.048107147216797,
                7.5235395431518555,
                5.000003814697266
              ],
              "autoUv":false
            },
            "south":{
              "texture":"#wood",
              "uv":[
                15.064878463745117,
                20.048108100891113,
                16.0,
                22.0
              ],
              "autoUv":false
            },
            "west":{
              "texture":"#wood",
              "uv":[
                17.976457595825195,
                10.048107147216797,
                20.0,
                12.0
              ],
              "autoUv":false
            },
            "up":{
              "texture":"#wood",
              "uv":[
                11.976460456848145,
                17.0,
                14.0,
                18.870243072509766
              ],
              "autoUv":false,
              "rotation":90
            },
            "down":{
              "texture":"#wood",
              "uv":[
                29.5,
                13.0,
                27.476457595825195,
                11.129756927490234
              ],
              "autoUv":false,
              "rotation":270
            }
          },
          "children":[]
        },
        {
          "name":"handle_stick 20",
          "from":[
            -9.617594242095947,
            7.1335155963897705,
            1.7197690308094025
          ],
          "to":[
            -9.085155010223389,
            7.480950117111206,
            2.584216743707657
          ],
          "rotationOrigin":[
            -9.351374626159668,
            7.307232856750488,
            2.1519928872585297
          ],
          "rotationY":-179.99988206555128,
          "group":"Stick",
          "faces":{
            "north":{
              "texture":"#wood",
              "uv":[
                19.935121536254883,
                18.610261917114258,
                21.0,
                20.0
              ],
              "autoUv":false
            },
            "east":{
              "texture":"#wood",
              "uv":[
                5.5,
                3.610261917114258,
                8.367804527282715,
                5.000001907348633
              ],
              "autoUv":false
            },
            "south":{
              "texture":"#wood",
              "uv":[
                14.0,
                20.610261917114258,
                15.064878463745117,
                22.0
              ],
              "autoUv":false
            },
            "west":{
              "texture":"#wood",
              "uv":[
                17.13219451904297,
                10.610260009765625,
                20.0,
                12.0
              ],
              "autoUv":false
            },
            "up":{
              "texture":"#wood",
              "uv":[
                11.132196426391602,
                18.870243072509766,
                14.0,
                21.0
              ],
              "autoUv":false,
              "rotation":90
            },
            "down":{
              "texture":"#wood",
              "uv":[
                29.5,
                11.129755020141602,
                26.632198333740234,
                9.0
              ],
              "autoUv":false,
              "rotation":270
            }
          },
          "children":[]
        },
        {
          "name":"handle_stick 21",
          "from":[
            -10.085155010223389,
            7.621488571166992,
            1.7197698205709457
          ],
          "to":[
            -9.617594242095947,
            8.133515357971191,
            2.1298513263463974
          ],
          "rotationOrigin":[
            -9.851374626159668,
            7.877501964569092,
            1.9248104989528656
          ],
          "rotationY":-179.99988206555128,
          "group":"Stick",
          "faces":{
            "north":{
              "texture":"#wood",
              "uv":[
                19.0,
                16.0,
                19.935121536254883,
                18.048107147216797
              ],
              "autoUv":false
            },
            "east":{
              "texture":"#wood",
              "uv":[
                5.5,
                1.0,
                6.860445022583008,
                3.048107147216797
              ],
              "autoUv":false
            },
            "south":{
              "texture":"#wood",
              "uv":[
                15.064878463745117,
                18.0,
                16.0,
                20.048107147216797
              ],
              "autoUv":false
            },
            "west":{
              "texture":"#wood",
              "uv":[
                18.639554977416992,
                8.0,
                20.0,
                10.048107147216797
              ],
              "autoUv":false
            },
            "up":{
              "texture":"#wood",
              "uv":[
                12.639554977416992,
                17.0,
                14.0,
                18.870243072509766
              ],
              "autoUv":false,
              "rotation":90
            },
            "down":{
              "texture":"#wood",
              "uv":[
                29.5,
                13.0,
                28.139554977416992,
                11.129756927490234
              ],
              "autoUv":false,
              "rotation":270
            }
          },
          "children":[]
        }
      ]
    }
  ],
  "groups":[]
}