{
  "textureWidth":16,
  "textureHeight":16,
  "textures":{
    "material":"game:block/metal/ingot/copper"
  },
  "textureSizes":{
    "material":[
      32,
      32
    ]
  },
  "elements":[
    {
      "name":"origin",
      "from":[
        10.79720687866211,
        0.5,
        8.21067351102829
      ],
      "to":[
        10.79720687866211,
        0.5,
        8.21067351102829
      ],
      "rotationOrigin":[
        8.0,
        0.0,
        8.0
      ],
      "group":"unv_metal_metalhead",
      "faces":{
        "north":{
          "texture":"#0",
          "uv":[
            0,
            0,
            4,
            4
          ],
          "autoUv":false
        },
        "east":{
          "texture":"#0",
          "uv":[
            0,
            0,
            4,
            4
          ],
          "autoUv":false
        },
        "south":{
          "texture":"#0",
          "uv":[
            0,
            0,
            4,
            4
          ],
          "autoUv":false
        },
        "west":{
          "texture":"#0",
          "uv":[
            0,
            0,
            4,
            4
          ],
          "autoUv":false
        },
        "up":{
          "texture":"#material",
          "uv":[
            0.0,
            0.0,
            1.0,
            1.0
          ],
          "autoUv":false,
          "rotation":180
        },
        "down":{
          "texture":"#0",
          "uv":[
            0,
            0,
            4,
            4
          ],
          "autoUv":false
        }
      },
      "children":[
        {
          "name":"unv_metal_metalhead 01",
          "from":[
            -9.013339042663574,
            -0.7019587755203247,
            -0.08600062131881714
          ],
          "to":[
            -8.596501350402832,
            1.2019588351249695,
            0.33083707094192505
          ],
          "rotationOrigin":[
            -8.804920196533203,
            0.25,
            0.12241822481155396
          ],
          "rotationX":-3.1356543887969457e-12,
          "rotationY":57.66232844508023,
          "rotationZ":-9.334666828389418e-06,
          "group":"unv_metal_metalhead",
          "faces":{
            "north":{
              "texture":"#material",
              "uv":[
                16.999998092651367,
                12.000001907348633,
                14.000000953674316,
                13.0
              ],
              "autoUv":false,
              "rotation":90
            },
            "east":{
              "texture":"#material",
              "uv":[
                17.000001907348633,
                12.0,
                14.000000953674316,
                13.0
              ],
              "autoUv":false,
              "rotation":90
            },
            "south":{
              "texture":"#material",
              "uv":[
                13.999999046325684,
                12.000001907348633,
                16.999998092651367,
                13.0
              ],
              "autoUv":false,
              "rotation":270
            },
            "west":{
              "texture":"#material",
              "uv":[
                14.000000953674316,
                12.0,
                17.000003814697266,
                13.0
              ],
              "autoUv":false,
              "rotation":270
            },
            "up":{
              "texture":"#material",
              "uv":[
                16.0,
                11.0,
                17.0,
                12.0
              ],
              "autoUv":false
            },
            "down":{
              "texture":"#material",
              "uv":[
                16.0,
                12.0,
                17.0,
                11.0
              ],
              "autoUv":false,
              "rotation":180
            }
          },
          "children":[]
        },
        {
          "name":"unv_metal_metalhead 02",
          "from":[
            -20.405749320983887,
            -0.7019587159156799,
            0.478257954120636
          ],
          "to":[
            -19.988911628723145,
            1.2019588947296143,
            0.8950956463813782
          ],
          "rotationOrigin":[
            -20.197330474853516,
            0.2500000596046448,
            0.6866768002510071
          ],
          "rotationX":5.803056739532636e-12,
          "rotationY":137.70052053566232,
          "rotationZ":-9.334673342165405e-06,
          "group":"unv_metal_metalhead",
          "faces":{
            "north":{
              "texture":"#material",
              "uv":[
                16.999998092651367,
                12.000001907348633,
                14.000000953674316,
                13.0
              ],
              "autoUv":false,
              "rotation":90
            },
            "east":{
              "texture":"#material",
              "uv":[
                17.000003814697266,
                12.0,
                14.000000953674316,
                13.0
              ],
              "autoUv":false,
              "rotation":90
            },
            "south":{
              "texture":"#material",
              "uv":[
                13.999999046325684,
                12.000001907348633,
                16.999998092651367,
                13.0
              ],
              "autoUv":false,
              "rotation":270
            },
            "west":{
              "texture":"#material",
              "uv":[
                14.000000953674316,
                12.0,
                17.000003814697266,
                13.0
              ],
              "autoUv":false,
              "rotation":270
            },
            "up":{
              "texture":"#material",
              "uv":[
                16.0,
                11.0,
                17.0,
                12.0
              ],
              "autoUv":false
            },
            "down":{
              "texture":"#material",
              "uv":[
                16.0,
                12.0,
                17.0,
                11.0
              ],
              "autoUv":false,
              "rotation":180
            }
          },
          "children":[]
        },
        {
          "name":"unv_metal_metalhead 03",
          "from":[
            14.449511289596558,
            -0.8120297789573669,
            1.744735300540924
          ],
          "to":[
            14.981595277786255,
            1.3120298981666565,
            2.2768192887306213
          ],
          "rotationOrigin":[
            14.715553283691406,
            0.2500000596046448,
            2.0107772946357727
          ],
          "rotationX":-3.920034421406392e-12,
          "rotationY":27.888782532185946,
          "rotationZ":-9.334666014167418e-06,
          "group":"unv_metal_metalhead",
          "faces":{
            "north":{
              "texture":"#material",
              "uv":[
                4.999997615814209,
                18.000000953674316,
                1.0000009536743164,
                19.000000953674316
              ],
              "autoUv":false,
              "rotation":90
            },
            "east":{
              "texture":"#material",
              "uv":[
                5.000001430511475,
                18.000000953674316,
                1.0000009536743164,
                19.000000953674316
              ],
              "autoUv":false,
              "rotation":90
            },
            "south":{
              "texture":"#material",
              "uv":[
                0.9999990463256836,
                18.000000953674316,
                4.999997615814209,
                19.000000953674316
              ],
              "autoUv":false,
              "rotation":270
            },
            "west":{
              "texture":"#material",
              "uv":[
                1.0000009536743164,
                18.000000953674316,
                5.000001430511475,
                19.000000953674316
              ],
              "autoUv":false,
              "rotation":270
            },
            "up":{
              "texture":"#material",
              "uv":[
                1.0,
                18.0,
                2.0,
                19.0
              ],
              "autoUv":false
            },
            "down":{
              "texture":"#material",
              "uv":[
                1.0,
                19.0,
                2.0,
                18.0
              ],
              "autoUv":false,
              "rotation":180
            }
          },
          "children":[]
        },
        {
          "name":"unv_metal_metalhead 04",
          "from":[
            13.28771123290062,
            0.0649670958518982,
            2.4261102825403214
          ],
          "to":[
            13.682030588388443,
            0.4738641083240509,
            2.835007295012474
          ],
          "rotationOrigin":[
            13.484870910644531,
            0.26941561698913574,
            2.6305587887763977
          ],
          "rotationX":-73.38262353688988,
          "rotationY":64.0724609811372,
          "rotationZ":71.64186786464208,
          "group":"unv_metal_metalhead",
          "faces":{
            "north":{
              "texture":"#material",
              "uv":[
                2.000000238418579,
                18.000001907348633,
                1.0,
                19.000000953674316
              ],
              "autoUv":false,
              "rotation":90
            },
            "east":{
              "texture":"#material",
              "uv":[
                2.000000238418579,
                18.000001907348633,
                1.0,
                19.000000953674316
              ],
              "autoUv":false,
              "rotation":90
            },
            "south":{
              "texture":"#material",
              "uv":[
                1.0,
                18.000001907348633,
                2.000000238418579,
                19.000000953674316
              ],
              "autoUv":false,
              "rotation":270
            },
            "west":{
              "texture":"#material",
              "uv":[
                1.0,
                18.000001907348633,
                2.000000238418579,
                19.000000953674316
              ],
              "autoUv":false,
              "rotation":270
            },
            "up":{
              "texture":"#material",
              "uv":[
                1.0,
                18.000001907348633,
                2.000000238418579,
                19.000000953674316
              ],
              "autoUv":false
            },
            "down":{
              "texture":"#material",
              "uv":[
                1.0,
                19.000000953674316,
                2.000000238418579,
                18.000001907348633
              ],
              "autoUv":false,
              "rotation":180
            }
          },
          "children":[]
        },
        {
          "name":"unv_metal_metalhead 05",
          "from":[
            12.544639647006989,
            -0.3644617795944214,
            2.3037268817424774
          ],
          "to":[
            14.473796784877777,
            0.8644617795944214,
            2.7126244604587555
          ],
          "rotationOrigin":[
            13.509218215942383,
            0.25,
            2.5081756711006165
          ],
          "rotationX":-1.147088234684727e-13,
          "rotationY":-7.915319252699248,
          "rotationZ":2.037362111830605e-12,
          "group":"unv_metal_metalhead",
          "faces":{
            "north":{
              "texture":"#material",
              "uv":[
                16.237712860107422,
                13.200260162353516,
                13.528791427612305,
                16.68476676940918
              ],
              "autoUv":false
            },
            "east":{
              "texture":"#material",
              "uv":[
                16.28915023803711,
                14.261930465698242,
                15.710845947265625,
                17.738070487976074
              ],
              "autoUv":false
            },
            "south":{
              "texture":"#material",
              "uv":[
                26.0,
                26.0,
                30.0,
                29.0
              ],
              "autoUv":false
            },
            "west":{
              "texture":"#material",
              "uv":[
                15.710845947265625,
                14.261930465698242,
                16.28915023803711,
                17.738069534301758
              ],
              "autoUv":false
            },
            "up":{
              "texture":"#material",
              "uv":[
                17.0,
                18.0,
                16.0,
                22.0
              ],
              "autoUv":false,
              "rotation":270
            },
            "down":{
              "texture":"#material",
              "uv":[
                17.0,
                22.0,
                16.0,
                18.0
              ],
              "autoUv":false,
              "rotation":270
            }
          },
          "children":[]
        },
        {
          "name":"unv_metal_metalhead 06",
          "from":[
            12.11936765909195,
            -0.18448996543884277,
            2.1747231781482697
          ],
          "to":[
            12.988347947597504,
            0.6844900846481323,
            2.575552999973297
          ],
          "rotationOrigin":[
            12.553857803344727,
            0.2500000596046448,
            2.3751381039619446
          ],
          "rotationX":-3.8943123719726016e-07,
          "rotationY":-7.915320106472894,
          "rotationZ":45.00000466733367,
          "group":"unv_metal_metalhead",
          "faces":{
            "north":{
              "texture":"#material",
              "uv":[
                16.237712860107422,
                13.200260162353516,
                15.017492294311523,
                15.664178848266602
              ],
              "autoUv":false
            },
            "east":{
              "texture":"#material",
              "uv":[
                16.286832809448242,
                14.261932373046875,
                15.71993637084961,
                16.719931602478027
              ],
              "autoUv":false
            },
            "south":{
              "texture":"#material",
              "uv":[
                24.0,
                26.0,
                26.0,
                28.0
              ],
              "autoUv":false
            },
            "west":{
              "texture":"#material",
              "uv":[
                17.0,
                18.0,
                16.0,
                19.0
              ],
              "autoUv":false,
              "rotation":180
            },
            "up":{
              "texture":"#material",
              "uv":[
                16.0,
                18.0,
                17.0,
                19.0
              ],
              "autoUv":false,
              "rotation":90
            },
            "down":{
              "texture":"#material",
              "uv":[
                18.11077308654785,
                20.266915321350098,
                19.330995559692383,
                19.141220092773438
              ],
              "autoUv":false,
              "rotation":180
            }
          },
          "children":[]
        },
        {
          "name":"unv_metal_metalhead 07",
          "from":[
            -9.097625970840454,
            0.053248897194862366,
            1.595779925584793
          ],
          "to":[
            -7.81541895866394,
            0.4467505067586899,
            2.3268328607082367
          ],
          "rotationOrigin":[
            -8.456522464752197,
            0.24999970197677612,
            1.961306393146515
          ],
          "rotationY":7.859992159101206,
          "group":"unv_metal_metalhead",
          "faces":{
            "north":{
              "texture":"#material",
              "uv":[
                0.0,
                2.0,
                3.0,
                3.0
              ],
              "autoUv":false
            },
            "east":{
              "texture":"#material",
              "uv":[
                3.000000476837158,
                13.0,
                5.0,
                14.000001907348633
              ],
              "autoUv":false
            },
            "south":{
              "texture":"#material",
              "uv":[
                0.0,
                2.0,
                3.0,
                3.0
              ],
              "autoUv":false
            },
            "west":{
              "texture":"#material",
              "uv":[
                23.000001907348633,
                11.0,
                25.0,
                12.0
              ],
              "autoUv":false
            },
            "up":{
              "texture":"#material",
              "uv":[
                13.0,
                12.0,
                14.000000953674316,
                14.0
              ],
              "autoUv":false,
              "rotation":90
            },
            "down":{
              "texture":"#material",
              "uv":[
                26.000001907348633,
                24.0,
                25.0,
                22.0
              ],
              "autoUv":false,
              "rotation":270
            }
          },
          "children":[]
        },
        {
          "name":"unv_metal_metalhead 08",
          "from":[
            -20.68527388572693,
            0.053248897194862366,
            1.7703070938587189
          ],
          "to":[
            -19.403066873550415,
            0.4467505067586899,
            2.5013600289821625
          ],
          "rotationOrigin":[
            -20.044170379638672,
            0.24999970197677612,
            2.1358335614204407
          ],
          "rotationY":10.53747754016498,
          "group":"unv_metal_metalhead",
          "faces":{
            "north":{
              "texture":"#material",
              "uv":[
                0.0,
                2.0,
                3.0,
                3.0
              ],
              "autoUv":false
            },
            "east":{
              "texture":"#material",
              "uv":[
                3.000000476837158,
                13.0,
                5.0,
                14.000001907348633
              ],
              "autoUv":false
            },
            "south":{
              "texture":"#material",
              "uv":[
                0.0,
                2.0,
                3.0,
                3.0
              ],
              "autoUv":false
            },
            "west":{
              "texture":"#material",
              "uv":[
                23.000001907348633,
                11.0,
                25.0,
                12.0
              ],
              "autoUv":false
            },
            "up":{
              "texture":"#material",
              "uv":[
                13.0,
                12.0,
                14.000000953674316,
                14.0
              ],
              "autoUv":false,
              "rotation":90
            },
            "down":{
              "texture":"#material",
              "uv":[
                26.000001907348633,
                24.0,
                25.0,
                22.0
              ],
              "autoUv":false,
              "rotation":270
            }
          },
          "children":[]
        }
      ]
    }
  ],
  "groups":[]
}