[
	{
		"op": "addmerge",
		"path": "/shapeByType",
		"value": {
			"*-tinbronze": { "base": "toolsmith:item/parts/hammer/heads/normal" },
			"*-bismuthbronze": { "base": "toolsmith:item/parts/hammer/heads/normal" },
			"*-blackbronze": { "base": "toolsmith:item/parts/hammer/heads/normal" },
			"*-gold": { "base": "toolsmith:item/parts/hammer/heads/advanced" },
			"*-silver": { "base": "toolsmith:item/parts/hammer/heads/advanced" },
			"*-iron": { "base": "toolsmith:item/parts/hammer/heads/advanced" },
			"*-steel": { "base": "toolsmith:item/parts/hammer/heads/advanced" },
			"*-meteoriciron": { "base": "toolsmith:item/parts/hammer/heads/advanced" },
			"*": { "base": "toolsmith:item/parts/hammer/heads/simple" },
		},
		"file": "game:itemtypes/toolhead/hammerhead.json"
	},
	{
		"op": "addmerge",
		"path": "/textures",
		"value": {
			"material": { "base": "block/metal/ingot/{metal}" }
		},
		"file": "game:itemtypes/toolhead/hammerhead.json"
	},
	{
		"op": "replace",
		"path": "/shape",
		"value": { "base": "toolsmith:item/parts/hammer/heads/simple" },
		"file": "game:itemtypes/toolhead/hammerhead.json"
	},
	{
		"op": "replace",
		"path": "/groundTransform",
		"value": {
			"translation": { "x": 0, "y": 0, "z": 0 },
			"rotation": { "x": 0, "y": 0, "z": 0 },
			"origin": { "x": 1, "y": 0, "z": 0.5 },
			"scale": 4.5
		},
		"file": "game:itemtypes/toolhead/hammerhead.json"
	},
	{
		"op": "replace",
		"path": "/tpHandTransform",
		"value": {
			"translation": { "x": -0.5, "y": -0.12, "z": 0 },
			"rotation": { "x": 60, "y": -70, "z": -50 },
			"scale": 1.2
		},
		"file": "game:itemtypes/toolhead/hammerhead.json"
	},
	{
		"op": "replace",
		"path": "/guiTransform",
		"value": {
			"translation": { "x": 4, "y": 1, "z": 0 },
			"rotation": { "x": -60, "y": -115, "z": -160 },
			"origin": { "x": 0.84, "y": 0, "z": 0.5 },
			"scale": 4.0
		},
		"file": "game:itemtypes/toolhead/hammerhead.json"
	},
	{
		"op": "replace",
		"path": "/attributes/onTongTransform",
		"value": {
			"translation": { "x": -0.84, "y": -0.7, "z": 0.76 },
			"rotation": { "x": 0, "y": 83, "z": -37 }
		},
		"file": "game:itemtypes/toolhead/hammerhead.json"
	},
	{
		"op": "addmerge",
		"path": "/attributes/inForgeTransform",
		"value": {
			"translation": { "x": 0, "y": -0.1, "z": 0.2 },
			"rotation": { "x": 0, "y": 90, "z": 0 },
			"scale": 0.7
		},
		"file": "game:itemtypes/toolhead/hammerhead.json"
	},
	{
		"op": "replace",
		"path": "/groundTransform",
		"value": {
			"translation": { "x": 0, "y": 0, "z": 0 },
			"rotation": { "x": 0, "y": 0, "z": 0 },
			"origin": { "x": 0.5, "y": 0, "z": 0.5 },
			"scale": 4.5
		},
		"file": "game:itemtypes/tool/hammer.json"
	},
	{
		"op": "replace",
		"path": "/tpHandTransform",
		"value": {
			"translation": { "x": -0.55, "y": -0.42, "z": 0.04 },
			"rotation": { "x": 90, "y": 1, "z": 0 },
			"scale": 1.2
		},
		"file": "game:itemtypes/tool/hammer.json"
	},
	{
		"op": "replace",
		"path": "/guiTransform",
		"value": {
			"translation": { "x": 0, "y": 0, "z": 0 },
			"rotation": { "x": -77, "y": 46, "z": 8 },
			"origin": { "x": 0.7, "y": 0.5, "z": 0.41 },
			"scale": 2.6
		},
		"file": "game:itemtypes/tool/hammer.json"
	},
	{
		"op": "replace",
		"path": "/attributes/toolrackTransform",
		"value": {
			"translation": { "x": -0.2, "y": 0.02, "z": 0 },
			"rotation": { "x": 0, "y": 1, "z": -1 },
			"origin": { "x": 0.5, "y": -0.9, "z": 0.5 },
			"scale": 1.5
		},
		"file": "game:itemtypes/tool/hammer.json"
	},
	{
		"op": "replace",
		"path": "/attributes/groundStorageTransform",
		"value": {
			"translation": { "x": 0, "y": 0.04, "z": -0.05 },
			"rotation": { "x": 26, "y": 88, "z": -95 },
			"scale": 1.01
		},
		"file": "game:itemtypes/tool/hammer.json"
	}
]