[
	{
		"op": "replace",
		"path": "/shapeByType",
		"value": {
			"*-copper": { "base": "toolsmith:item/parts/hoe/heads/simple" },
			"*-tinbronze": { "base": "toolsmith:item/parts/hoe/heads/simple" },
			"*-bismuthbronze": { "base": "toolsmith:item/parts/hoe/heads/simple" },
			"*-blackbronze": { "base": "toolsmith:item/parts/hoe/heads/simple" },
			"*-gold": { "base": "toolsmith:item/parts/hoe/heads/advanced" },
			"*-silver": { "base": "toolsmith:item/parts/hoe/heads/advanced" },
			"*-iron": { "base": "toolsmith:item/parts/hoe/heads/advanced" },
			"*-steel": { "base": "toolsmith:item/parts/hoe/heads/advanced" },
			"*-meteoriciron": { "base": "toolsmith:item/parts/hoe/heads/advanced" },
			"*": { "base": "toolsmith:item/parts/hoe/heads/nonmetal" },
		},
		"file": "game:itemtypes/toolhead/hoehead.json"
	},
	{
		"op": "replace",
		"path": "/guiTransformByType",
		"value": {
			"@*-(gold|silver|iron|meteoriciron|steel)": {
				"translation": { "x": 0, "y": 0, "z": 0 },
				"rotation": { "x": -60, "y": -60, "z": -105 },
				"origin": { "x": 0.95, "y": 0, "z": 0.33 },
				"scale": 2.9
			},
			"@*-(copper|tinbronze|bismuthbronze|blackbronze)": {
				"translation": { "x": 0, "y": 0, "z": 0 },
				"rotation": { "x": -60, "y": -60, "z": -125 },
				"origin": { "x": 0.95, "y": 0, "z": 0.32 },
				"scale": 3.3
			},
			"*": {
				"translation": { "x": 0, "y": 0, "z": 0 },
				"rotation": { "x": -60, "y": -60, "z": -125 },
				"origin": { "x": 0.95, "y": 0, "z": 0.38 },
				"scale": 3.76
			}
		},
		"file": "game:itemtypes/toolhead/hoehead.json"
	},
	{
		"op": "replace",
		"path": "/tpHandTransform",
		"value": {
			"translation": { "x": -0.5, "y": -1, "z": -0.02 },
			"rotation": { "x": 96, "y": -85, "z": -8 },
			"origin": { "x": 0.5, "y": 0.5, "z": 0.5 },
			"scale": 1
		},
		"file": "game:itemtypes/toolhead/hoehead.json"
	}
]