[
	{
		"op": "replace",
		"path": "/shapeByType",
		"value": {
			"*-copper": { "base": "toolsmith:item/parts/shovel/heads/simple" },
			"*-tinbronze": { "base": "toolsmith:item/parts/shovel/heads/simple" },
			"*-bismuthbronze": { "base": "toolsmith:item/parts/shovel/heads/simple" },
			"*-blackbronze": { "base": "toolsmith:item/parts/shovel/heads/simple" },
			"*-gold": { "base": "toolsmith:item/parts/shovel/heads/advanced" },
			"*-silver": { "base": "toolsmith:item/parts/shovel/heads/advanced" },
			"*-iron": { "base": "toolsmith:item/parts/shovel/heads/advanced" },
			"*-steel": { "base": "toolsmith:item/parts/shovel/heads/advanced" },
			"*-meteoriciron": { "base": "toolsmith:item/parts/shovel/heads/advanced" },
			"*": { "base": "toolsmith:item/parts/shovel/heads/nonmetal" },
		},
		"file": "game:itemtypes/toolhead/shovelhead.json"
	},
	{
		"op": "replace",
		"path": "/guiTransformByType",
		"value": {
			"@shovelhead-(chert|flint|granite|andesite|basalt|obsidian|peridotite)": {
				"rotate": false,
				"translation": { "x": 0, "y": 0, "z": 0 },
				"rotation": { "x": -45, "y": -134, "z": -180 },
				"origin": { "x": 1.27, "y": 0.15, "z": 0.5 },
				"scale": 2.75
			},
			"*": {
				"translation": { "x": 0, "y": 0, "z": 0 },
				"rotation": { "x": 141, "y": 33, "z": -38 },
				"origin": { "x": 1.22, "y": 0, "z": 0.6 },
				"scale": 2.45
			}
		},
		"file": "game:itemtypes/toolhead/shovelhead.json"
	},
	{
		"op": "replace",
		"path": "/tpHandTransformByType",
		"value": {
			"@shovelhead-(copper|tinbronze|bismuthbronze|blackbronze|iron|meteoriciron|gold|silver)": {
				"translation": { "x": -0.2, "y": -0.4, "z": -0.15 },
				"rotation": { "x": 90, "y": 20, "z": 0 },
				"scale": 0.85
			},
			"*": {
				"translation": { "x": 0, "y": -0.4, "z": -0.1 },
				"rotation": { "x": 90, "y": 20, "z": 0 },
				"scale": 0.85
			}
		},
		"file": "game:itemtypes/toolhead/shovelhead.json"
	},
	{
		"op": "replace",
		"path": "/attributes/onTongTransform",
		"value": {
			"translation": { "x": -0.2, "y": -0.76, "z": -0.48 },
			"rotation": { "x": 30, "y": -10, "z": 0 }
		},
		"file": "game:itemtypes/toolhead/shovelhead.json"
	},
	{
		"op": "addmerge",
		"path": "/attributes/inForgeTransform",
		"value": {
			"translation": { "x": 0, "y": -0.1, "z": 0.55 },
			"rotation": { "x": 0, "y": 90, "z": 0 },
			"scale": 0.7
		},
		"file": "game:itemtypes/toolhead/shovelhead.json"
	}
]