[
  {
    "op": "replace",
    "path": "/enabled",
    "value": true,
    "file": "butchering:itemtypes/butchercreatures/machairodontinae/machairodontinae.json",
    "dependsOn": [ { "modid": "machairodontinae" } ]
  },
  {
    "op": "add",
    "path": "/server/behaviors/-",
    "value": {
      "code": "butcherable",
      "item": "butchering:deadmachairodontinae-male-dead"
    },
    "file": "machairodontinae:entities/land/machairodontinae-adult.json",
    "dependsOn": [ { "modid": "machairodontinae" } ]
  },
  {
    "op": "add",
    "path": "/client/behaviors/-",
    "value": {
      "code": "butcherable",
      "item": "butchering:deadmachairodontinae-male-dead"
    },
    "file": "machairodontinae:entities/land/machairodontinae-adult.json",
    "dependsOn": [ { "modid": "machairodontinae" } ]
  },
  {
    "op": "add",
    "path": "/server/behaviors/-",
    "value": {
      "code": "butcherable",
      "item": "butchering:deadmachairodontinae-baby-dead"
    },
    "file": "machairodontinae:entities/land/machairodontinae-baby.json",
    "dependsOn": [ { "modid": "machairodontinae" } ]
  },
  {
    "op": "add",
    "path": "/client/behaviors/-",
    "value": {
      "code": "butcherable",
      "item": "butchering:deadmachairodontinae-baby-dead"
    },
    "file": "machairodontinae:entities/land/machairodontinae-baby.json",
    "dependsOn": [ { "modid": "machairodontinae" } ]
  }
]
