{
  "textureWidth":16,
  "textureHeight":16,
  "textures":{
    "bone":"game:block/creature/bone-yellow"
  },
  "textureSizes":{
    "bone":[
      32,
      32
    ]
  },
  "elements":[
    {
      "name":"origin",
      "from":[
        8.0,
        0.0,
        8.0
      ],
      "to":[
        8.0,
        0.0,
        8.0
      ],
      "rotationOrigin":[
        8.0,
        0.0,
        8.0
      ],
      "group":"Bone",
      "faces":{
        "north":{
          "texture":"#0",
          "uv":[
            0,
            0,
            4,
            4
          ],
          "autoUv":false
        },
        "east":{
          "texture":"#0",
          "uv":[
            0,
            0,
            4,
            4
          ],
          "autoUv":false
        },
        "south":{
          "texture":"#0",
          "uv":[
            0,
            0,
            4,
            4
          ],
          "autoUv":false
        },
        "west":{
          "texture":"#0",
          "uv":[
            0,
            0,
            4,
            4
          ],
          "autoUv":false
        },
        "up":{
          "texture":"#bone",
          "uv":[
            0.0,
            0.0,
            1.0,
            1.0
          ],
          "autoUv":false,
          "rotation":180
        },
        "down":{
          "texture":"#0",
          "uv":[
            0,
            0,
            4,
            4
          ],
          "autoUv":false
        }
      },
      "children":[
        {
          "name":"handle_bone 01",
          "from":[
            -4.500001907348633,
            0.25745540857315063,
            -0.5630645751953125
          ],
          "to":[
            6.076562881469727,
            1.2574554085731506,
            0.4369354248046875
          ],
          "rotationOrigin":[
            0.7882804870605469,
            0.7574554085731506,
            -0.0630645751953125
          ],
          "group":"Bone",
          "faces":{
            "north":{
              "texture":"#bone",
              "uv":[
                5.000000953674316,
                12.999998092651367,
                29.0,
                16.0
              ],
              "autoUv":false
            },
            "east":{
              "texture":"#bone",
              "uv":[
                6.0,
                0.0,
                8.0,
                4.0
              ],
              "autoUv":false
            },
            "south":{
              "texture":"#bone",
              "uv":[
                2.0,
                22.0,
                25.999998092651367,
                24.999999523162842
              ],
              "autoUv":false
            },
            "west":{
              "texture":"#bone",
              "uv":[
                8.0,
                0.0,
                11.0,
                3.0
              ],
              "autoUv":false
            },
            "up":{
              "texture":"#bone",
              "uv":[
                7.0,
                9.000001907348633,
                31.0,
                12.0
              ],
              "autoUv":false
            },
            "down":{
              "texture":"#bone",
              "uv":[
                25.0,
                24.0,
                1.0000003576278687,
                20.999999046325684
              ],
              "autoUv":false,
              "rotation":180
            }
          },
          "children":[]
        },
        {
          "name":"handle_bone 02",
          "from":[
            -5.637221992015839,
            0.14390891790390015,
            -0.8950673937797546
          ],
          "to":[
            -4.357213318347931,
            1.3540039658546448,
            0.3150274157524109
          ],
          "rotationOrigin":[
            -4.997217655181885,
            0.7489564418792725,
            -0.2900199890136719
          ],
          "rotationY":-12.2373186717371,
          "group":"Bone",
          "faces":{
            "north":{
              "texture":"#bone",
              "uv":[
                5.000000953674316,
                12.999998092651367,
                6.999999523162842,
                16.0
              ],
              "autoUv":false
            },
            "east":{
              "texture":"#bone",
              "uv":[
                6.0,
                0.0,
                8.0,
                4.0
              ],
              "autoUv":false
            },
            "south":{
              "texture":"#bone",
              "uv":[
                24.000001907348633,
                21.999999046325684,
                25.999998092651367,
                24.999999523162842
              ],
              "autoUv":false
            },
            "west":{
              "texture":"#bone",
              "uv":[
                8.0,
                0.0,
                11.0,
                3.0
              ],
              "autoUv":false
            },
            "up":{
              "texture":"#bone",
              "uv":[
                29.0,
                8.999998092651367,
                31.0,
                12.0
              ],
              "autoUv":false
            },
            "down":{
              "texture":"#bone",
              "uv":[
                2.999999761581421,
                24.0,
                1.0000003576278687,
                20.999999046325684
              ],
              "autoUv":false,
              "rotation":180
            }
          },
          "children":[]
        },
        {
          "name":"handle_bone 03",
          "from":[
            -5.5052449107170105,
            0.3211231827735901,
            -1.3091527819633484
          ],
          "to":[
            -4.232500851154327,
            1.1767895817756653,
            -0.45348626375198364
          ],
          "rotationOrigin":[
            -4.86897087097168,
            0.7489563822746277,
            -0.881319522857666
          ],
          "rotationX":45.6584109976608,
          "rotationY":-8.61992925144058,
          "rotationZ":8.719173607628157,
          "group":"Bone",
          "faces":{
            "north":{
              "texture":"#bone",
              "uv":[
                5.006628513336182,
                12.999998092651367,
                6.999999523162842,
                15.0
              ],
              "autoUv":false
            },
            "east":{
              "texture":"#bone",
              "uv":[
                6.0,
                0.0,
                8.0,
                3.0
              ],
              "autoUv":false
            },
            "south":{
              "texture":"#bone",
              "uv":[
                24.000001907348633,
                21.999999046325684,
                25.993371963500977,
                24.0
              ],
              "autoUv":false
            },
            "west":{
              "texture":"#bone",
              "uv":[
                8.0,
                0.0,
                10.0,
                2.0
              ],
              "autoUv":false
            },
            "up":{
              "texture":"#bone",
              "uv":[
                29.0,
                8.999998092651367,
                30.993371963500977,
                10.999998092651367
              ],
              "autoUv":false
            },
            "down":{
              "texture":"#bone",
              "uv":[
                3.0,
                23.0,
                1.006628155708313,
                20.999999046325684
              ],
              "autoUv":false,
              "rotation":180
            }
          },
          "children":[]
        },
        {
          "name":"handle_bone 04",
          "from":[
            5.937498092651367,
            0.25745540857315063,
            -0.5630645751953125
          ],
          "to":[
            6.348409652709961,
            1.2574554085731506,
            0.4369354248046875
          ],
          "rotationOrigin":[
            6.142953872680664,
            0.7574554085731506,
            -0.0630645751953125
          ],
          "group":"Bone",
          "faces":{
            "north":{
              "texture":"#bone",
              "uv":[
                28.0,
                13.0,
                29.0,
                16.0
              ],
              "autoUv":false
            },
            "east":{
              "texture":"#bone",
              "uv":[
                6.0,
                0.0,
                8.0,
                4.0
              ],
              "autoUv":false
            },
            "south":{
              "texture":"#bone",
              "uv":[
                2.0,
                22.0,
                3.0,
                25.000000476837158
              ],
              "autoUv":false
            },
            "west":{
              "texture":"#bone",
              "uv":[
                8.0,
                0.0,
                11.0,
                3.0
              ],
              "autoUv":false
            },
            "up":{
              "texture":"#bone",
              "uv":[
                7.0,
                9.000001907348633,
                8.0,
                12.000001907348633
              ],
              "autoUv":false
            },
            "down":{
              "texture":"#bone",
              "uv":[
                25.0,
                24.0,
                24.06757354736328,
                21.000001907348633
              ],
              "autoUv":false,
              "rotation":180
            }
          },
          "children":[]
        },
        {
          "name":"handle_bone 05",
          "from":[
            6.245531231164932,
            0.7815679311752319,
            -0.5608105659484863
          ],
          "to":[
            6.412080600857735,
            1.243690848350525,
            0.43468141555786133
          ],
          "rotationOrigin":[
            6.328805923461914,
            1.0126293897628784,
            -0.0630645751953125
          ],
          "rotationX":-5.255035237681875e-15,
          "rotationY":1.1360435997949602e-15,
          "rotationZ":-24.39718641338084,
          "group":"Bone",
          "faces":{
            "north":{
              "texture":"#bone",
              "uv":[
                28.0,
                13.000001907348633,
                29.0,
                15.0
              ],
              "autoUv":false
            },
            "east":{
              "texture":"#bone",
              "uv":[
                6.0,
                0.0,
                8.0,
                1.0
              ],
              "autoUv":false
            },
            "south":{
              "texture":"#bone",
              "uv":[
                2.0,
                22.0,
                3.0,
                24.0
              ],
              "autoUv":false
            },
            "west":{
              "texture":"#bone",
              "uv":[
                8.0,
                0.0,
                11.0,
                1.0
              ],
              "autoUv":false
            },
            "up":{
              "texture":"#bone",
              "uv":[
                7.0,
                9.000001907348633,
                8.0,
                12.000001907348633
              ],
              "autoUv":false
            },
            "down":{
              "texture":"#bone",
              "uv":[
                25.0,
                24.0,
                24.0,
                21.000001907348633
              ],
              "autoUv":false,
              "rotation":180
            }
          },
          "children":[]
        },
        {
          "name":"handle_bone 06",
          "from":[
            6.2455312460660934,
            0.2712199091911316,
            -0.5608105659484863
          ],
          "to":[
            6.412080615758896,
            0.7333428263664246,
            0.43468141555786133
          ],
          "rotationOrigin":[
            6.328805923461914,
            0.5022813677787781,
            -0.0630645751953125
          ],
          "rotationX":-6.304778951873953e-13,
          "rotationY":-179.9999640278213,
          "rotationZ":-24.397194951117303,
          "group":"Bone",
          "faces":{
            "north":{
              "texture":"#bone",
              "uv":[
                3.0,
                22.0,
                2.0,
                24.0
              ],
              "autoUv":false,
              "rotation":180
            },
            "east":{
              "texture":"#bone",
              "uv":[
                11.0,
                0.0,
                8.0,
                1.0
              ],
              "autoUv":false,
              "rotation":180
            },
            "south":{
              "texture":"#bone",
              "uv":[
                29.0,
                13.000001907348633,
                28.0,
                15.0
              ],
              "autoUv":false,
              "rotation":180
            },
            "west":{
              "texture":"#bone",
              "uv":[
                8.0,
                0.0,
                6.0,
                1.0
              ],
              "autoUv":false,
              "rotation":180
            },
            "up":{
              "texture":"#bone",
              "uv":[
                25.0,
                21.000001907348633,
                24.0,
                24.0
              ],
              "autoUv":false,
              "rotation":180
            },
            "down":{
              "texture":"#bone",
              "uv":[
                7.0,
                12.000001907348633,
                8.0,
                9.000001907348633
              ],
              "autoUv":false
            }
          },
          "children":[]
        }
      ]
    }
  ],
  "groups":[]
}