{
	"editor": {
		"backDropShape": "E:/Programs/VSModelCreator/seraph-faceless",
		"collapsedPaths": "Root/GamHelmet",
		"allAngles": true,
		"entityTextureMode": true
	},
	"textureWidth": 64,
	"textureHeight": 64,
	"textureSizes": {
		"material": [64,64],
		"linen": [64,64],
		"bismuthbronze": [64,64]
	},
	"textures": {
	},
	"elements": [
		{
			"name": "ArmorHelmet",
			"stepParentName": "Head",
			"from": [ 0.03, 1.35, -0.525 ],
			"to": [ 4.53, 4.275, 4.275 ],
			"unwrapMode": 1,
			"autoUnwrap": false,
			"uv": [ 36.0, 17.5 ],
			"rotationOrigin": [ 0.0, 1.35, -0.6 ],
			"faces": {
				"north": { "texture": "#material", "uv": [ 42.0, 23.5, 48.0, 27.0 ], "autoUv": false },
				"east": { "texture": "#material", "uv": [ 36.0, 23.5, 42.0, 27.0 ], "autoUv": false },
				"south": { "texture": "#material", "uv": [ 55.0, 23.5, 61.0, 27.0 ], "autoUv": false },
				"west": { "texture": "#material", "uv": [ 48.5, 23.5, 54.5, 27.0 ], "autoUv": false },
				"up": { "texture": "#material", "uv": [ 42.0, 17.5, 48.0, 23.5 ], "rotation": 180, "autoUv": false },
				"down": { "texture": "#material", "uv": [ 42.0, 29.0, 48.0, 35.0 ], "autoUv": false }
			},
			"children": [
				{
					"name": "ArmorHelmetFace",
					"from": [ -0.375, 0.825, 0.0 ],
					"to": [ 0.0, 2.925, 4.8 ],
					"unwrapMode": 1,
					"autoUnwrap": false,
					"uv": [ 32.0, 36.0 ],
					"rotationOrigin": [ -0.525, 0.825, 0.0 ],
					"faces": {
						"north": { "texture": "#material", "uv": [ 32.0, 41.5, 32.5, 44.0 ], "autoUv": false },
						"south": { "texture": "#material", "uv": [ 38.5, 41.5, 39.0, 44.0 ], "autoUv": false },
						"west": { "texture": "#material", "uv": [ 32.5, 41.5, 38.5, 44.0 ], "autoUv": false },
						"up": { "texture": "#material", "uv": [ 32.0, 35.5, 32.5, 41.5 ], "rotation": 180, "autoUv": false },
						"down": { "texture": "#material", "uv": [ 32.0, 44.0, 32.5, 50.0 ], "autoUv": false }
					}
				},
				{
					"name": "ArmorHelmetTop",
					"from": [ 0.375, 2.535, 0.375 ],
					"to": [ 4.125, 3.135, 4.425 ],
					"unwrapMode": 1,
					"autoUnwrap": false,
					"uv": [ 31.0, 30.0 ],
					"rotationOrigin": [ 0.375, 2.625, 0.375 ],
					"faces": {
						"north": { "texture": "#material", "uv": [ 36.0, 35.0, 41.0, 35.5 ], "autoUv": false },
						"east": { "texture": "#material", "uv": [ 31.0, 35.0, 36.0, 35.5 ], "autoUv": false },
						"south": { "texture": "#material", "uv": [ 47.0, 35.0, 52.0, 35.5 ], "autoUv": false },
						"west": { "texture": "#material", "uv": [ 41.5, 35.0, 46.5, 35.5 ], "autoUv": false },
						"up": { "texture": "#material", "uv": [ 36.0, 30.0, 41.0, 35.0 ], "rotation": 180, "autoUv": false }
					}
				}
			]
		}
	]}