{
  "textureWidth":16,
  "textureHeight":16,
  "textures":{
		"bark":"game:block/wood/firewood/bark",
		"side":"game:block/wood/firewood/side",
		"south":"game:block/wood/firewood/south",
		"north":"game:block/wood/firewood/north"
  },
  "textureSizes":{
    "bark":[
      32,
      32
    ],
    "side":[
      32,
      32
    ],
    "south":[
      32,
      32
    ],
    "north":[
      32,
      32
    ]
  },
  "elements":[
    {
      "name":"origin",
      "from":[
        11.0,
        0.5,
        7.699999988079071
      ],
      "to":[
        11.0,
        0.5,
        7.699999988079071
      ],
      "rotationOrigin":[
        8.0,
        0.0,
        8.0
      ],
      "group":"Crude",
      "faces":{
        "north":{
          "texture":"#0",
          "uv":[
            0,
            0,
            4,
            4
          ],
          "autoUv":false
        },
        "east":{
          "texture":"#0",
          "uv":[
            0,
            0,
            4,
            4
          ],
          "autoUv":false
        },
        "south":{
          "texture":"#0",
          "uv":[
            0,
            0,
            4,
            4
          ],
          "autoUv":false
        },
        "west":{
          "texture":"#0",
          "uv":[
            0,
            0,
            4,
            4
          ],
          "autoUv":false
        },
        "up":{
          "texture":"#bark",
          "uv":[
            0.0,
            0.0,
            1.0,
            1.0
          ],
          "autoUv":false,
          "rotation":180
        },
        "down":{
          "texture":"#0",
          "uv":[
            0,
            0,
            4,
            4
          ],
          "autoUv":false
        }
      },
      "children":[
        {
          "name":"handle_crude 01",
          "from":[
            6.858954668045044,
            0.40125441551208496,
            0.10260939598083496
          ],
          "to":[
            7.457394361495972,
            0.9389967918395996,
            1.853902816772461
          ],
          "rotationOrigin":[
            7.158174514770508,
            0.6701256036758423,
            0.9782560467720032
          ],
          "rotationZ":118.16679422645115,
          "group":"Crude",
          "faces":{
            "north":{
              "texture":"#bark",
              "uv":[
                5.508427619934082,
                6.859273910522461,
                6.751767158508301,
                8.24295425415039
              ],
              "autoUv":false,
              "rotation":90
            },
            "east":{
              "texture":"#bark",
              "uv":[
                1.621124267578125,
                0.14445877075195312,
                2.8644628524780273,
                4.193704605102539
              ],
              "autoUv":false,
              "rotation":90
            },
            "south":{
              "texture":"#side",
              "uv":[
                5.508427619934082,
                5.475593566894531,
                6.751767158508301,
                6.859273910522461
              ],
              "autoUv":false,
              "rotation":90
            },
            "west":{
              "texture":"#south",
              "uv":[
                2.8644638061523438,
                0.14445877075195312,
                4.1078033447265625,
                4.193706512451172
              ],
              "autoUv":false,
              "rotation":90
            },
            "up":{
              "texture":"#bark",
              "uv":[
                0.2374429702758789,
                0.14445877075195312,
                1.621124267578125,
                4.193704605102539
              ],
              "autoUv":false
            },
            "down":{
              "texture":"#side",
              "uv":[
                4.388484954833984,
                8.24295425415039,
                3.0048046112060547,
                4.193706512451172
              ],
              "autoUv":false
            }
          },
          "children":[]
        },
        {
          "name":"handle_crude 02",
          "from":[
            6.835429430007935,
            -0.3895513713359833,
            0.10260927677154541
          ],
          "to":[
            7.433869123458862,
            0.09482181072235107,
            1.8539026975631714
          ],
          "rotationOrigin":[
            7.134649276733398,
            -0.1473647654056549,
            0.9782560467720032
          ],
          "rotationX":179.99990938630796,
          "rotationY":-1.1023777483743448e-12,
          "rotationZ":-61.833224442883534,
          "group":"Crude",
          "faces":{
            "north":{
              "texture":"#side",
              "uv":[
                6.446274757385254,
                2.708230972290039,
                5.326333045959473,
                4.091911315917969
              ],
              "autoUv":false,
              "rotation":90
            },
            "east":{
              "texture":"#south",
              "uv":[
                5.326333045959473,
                4.193706512451172,
                4.206391334533691,
                8.24295425415039
              ],
              "autoUv":false,
              "rotation":90
            },
            "south":{
              "texture":"#bark",
              "uv":[
                6.4462738037109375,
                4.091913223266602,
                5.326332092285156,
                5.475593566894531
              ],
              "autoUv":false,
              "rotation":90
            },
            "west":{
              "texture":"#north",
              "uv":[
                5.326333045959473,
                0.14445877075195312,
                4.206391334533691,
                4.193706512451172
              ],
              "autoUv":false,
              "rotation":90
            },
            "up":{
              "texture":"#side",
              "uv":[
                1.4390287399291992,
                4.193706512451172,
                0.05534839630126953,
                8.24295425415039
              ],
              "autoUv":false
            },
            "down":{
              "texture":"#bark",
              "uv":[
                1.4390287399291992,
                8.24295425415039,
                2.822709083557129,
                4.193706512451172
              ],
              "autoUv":false
            }
          },
          "children":[]
        },
        {
          "name":"handle_crude 03",
          "from":[
            0.3622465133666992,
            0.8528943508863449,
            0.621725857257843
          ],
          "to":[
            1.8622465133666992,
            1.0028943568468094,
            1.371725857257843
          ],
          "rotationOrigin":[
            1.1122465133666992,
            0.9278943538665771,
            0.996725857257843
          ],
          "rotationZ":3.999996127033125,
          "group":"Crude",
          "faces":{
            "north":{
              "texture":"#bark",
              "uv":[
                29.0,
                0.0,
                32.0,
                1.0
              ],
              "autoUv":false
            },
            "east":{
              "texture":"#bark",
              "uv":[
                31.0,
                1.0,
                32.0,
                2.0
              ],
              "autoUv":false
            },
            "south":{
              "texture":"#bark",
              "uv":[
                29.0,
                0.0,
                32.0,
                1.0
              ],
              "autoUv":false
            },
            "west":{
              "texture":"#bark",
              "uv":[
                12.0,
                0.0,
                20.0,
                8.0
              ],
              "autoUv":false,
              "rotation":270
            },
            "up":{
              "texture":"#bark",
              "uv":[
                2.0,
                2.0,
                5.0,
                4.0
              ],
              "autoUv":false
            },
            "down":{
              "texture":"#bark",
              "uv":[
                32.0,
                1.0,
                29.0,
                0.0
              ],
              "autoUv":false,
              "rotation":180
            }
          },
          "children":[]
        },
        {
          "name":"handle_crude 04",
          "from":[
            -9.674162834882736,
            0.867282435297966,
            1.2696426510810852
          ],
          "to":[
            -8.674162894487381,
            1.0172824412584305,
            2.019642651081085
          ],
          "rotationOrigin":[
            -9.174162864685059,
            0.9422824382781982,
            1.6446426510810852
          ],
          "rotationX":4.308273459039587e-08,
          "rotationY":-1.3104836366146053,
          "rotationZ":4.000000822788179,
          "group":"Crude",
          "faces":{
            "north":{
              "texture":"#bark",
              "uv":[
                29.0,
                0.0,
                31.0,
                1.0
              ],
              "autoUv":false
            },
            "east":{
              "texture":"#bark",
              "uv":[
                31.0,
                1.0,
                32.0,
                2.0
              ],
              "autoUv":false
            },
            "south":{
              "texture":"#bark",
              "uv":[
                29.0,
                0.0,
                31.0,
                1.0
              ],
              "autoUv":false
            },
            "west":{
              "texture":"#bark",
              "uv":[
                12.0,
                0.0,
                20.0,
                8.0
              ],
              "autoUv":false,
              "rotation":270
            },
            "up":{
              "texture":"#bark",
              "uv":[
                7.0,
                3.0,
                9.0,
                5.0
              ],
              "autoUv":false
            },
            "down":{
              "texture":"#bark",
              "uv":[
                31.0,
                1.0,
                29.0,
                0.0
              ],
              "autoUv":false,
              "rotation":180
            }
          },
          "children":[]
        },
        {
          "name":"handle_crude 05",
          "from":[
            -8.173505306243896,
            0.8780723065137863,
            0.7842167019844055
          ],
          "to":[
            -6.1735053062438965,
            1.0280723124742508,
            1.5342167019844055
          ],
          "rotationOrigin":[
            -7.1735053062438965,
            0.9530723094940186,
            1.1592167019844055
          ],
          "rotationX":5.0221575447917135e-08,
          "rotationY":6.824186714392779,
          "rotationZ":3.9999982614672405,
          "group":"Crude",
          "faces":{
            "north":{
              "texture":"#bark",
              "uv":[
                28.0,
                0.0,
                32.0,
                1.0
              ],
              "autoUv":false
            },
            "east":{
              "texture":"#bark",
              "uv":[
                31.0,
                1.0,
                32.0,
                2.0
              ],
              "autoUv":false
            },
            "south":{
              "texture":"#bark",
              "uv":[
                28.0,
                0.0,
                32.0,
                1.0
              ],
              "autoUv":false
            },
            "west":{
              "texture":"#bark",
              "uv":[
                12.0,
                0.0,
                20.0,
                8.0
              ],
              "autoUv":false,
              "rotation":270
            },
            "up":{
              "texture":"#bark",
              "uv":[
                11.0,
                1.0,
                15.0,
                3.0
              ],
              "autoUv":false
            },
            "down":{
              "texture":"#bark",
              "uv":[
                32.0,
                1.0,
                28.0,
                0.0
              ],
              "autoUv":false,
              "rotation":180
            }
          },
          "children":[]
        },
        {
          "name":"handle_crude 06",
          "from":[
            0.648978590965271,
            0.25676488876342773,
            -0.0712871253490448
          ],
          "to":[
            4.236508011817932,
            1.0067648887634277,
            0.669189065694809
          ],
          "rotationOrigin":[
            2.4427433013916016,
            0.6317648887634277,
            0.2989509701728821
          ],
          "rotationX":-1.2663575658637244e-07,
          "rotationY":4.000001249675003,
          "rotationZ":3.000005206124483,
          "group":"Crude",
          "faces":{
            "north":{
              "texture":"#bark",
              "uv":[
                1.2636816501617432,
                0.0,
                8.207286834716797,
                1.9999961853027344
              ],
              "autoUv":false
            },
            "east":{
              "texture":"#north",
              "uv":[
                7.067813873291016,
                0.0,
                7.958556652069092,
                2.0
              ],
              "autoUv":false
            },
            "south":{
              "texture":"#side",
              "uv":[
                0.12420821189880371,
                0.0,
                7.067812919616699,
                2.0
              ],
              "autoUv":false
            },
            "west":{
              "texture":"#bark",
              "uv":[
                12.0,
                0.10158729553222656,
                20.0,
                8.0
              ],
              "autoUv":false,
              "rotation":270
            },
            "up":{
              "texture":"#bark",
              "uv":[
                15.79271411895752,
                0.025396347045898438,
                22.736318588256836,
                2.0
              ],
              "autoUv":false
            },
            "down":{
              "texture":"#side",
              "uv":[
                26.207286834716797,
                1.9999961853027344,
                19.263681411743164,
                0.025396347045898438
              ],
              "autoUv":false,
              "rotation":180
            }
          },
          "children":[]
        },
        {
          "name":"handle_crude 07",
          "from":[
            -0.11801481246948242,
            0.2542978525161743,
            1.1896294355392456
          ],
          "to":[
            3.874764919281006,
            1.0042978525161743,
            1.939629316329956
          ],
          "rotationOrigin":[
            1.8783750534057617,
            0.6292978525161743,
            1.5646293759346008
          ],
          "rotationX":2.6602878161118866e-08,
          "rotationY":-11.007286125808783,
          "rotationZ":0.9999998855319274,
          "group":"Crude",
          "faces":{
            "north":{
              "texture":"#side",
              "uv":[
                1.6530565023422241,
                4.0,
                9.381016731262207,
                6.000003814697266
              ],
              "autoUv":false
            },
            "east":{
              "texture":"#north",
              "uv":[
                4.0,
                0.0,
                6.0,
                2.0
              ],
              "autoUv":false
            },
            "south":{
              "texture":"#side",
              "uv":[
                0.33945345878601074,
                3.814697265625e-06,
                8.067414283752441,
                2.0
              ],
              "autoUv":false
            },
            "west":{
              "texture":"#side",
              "uv":[
                12.0,
                0.0,
                20.0,
                8.0
              ],
              "autoUv":false,
              "rotation":270
            },
            "up":{
              "texture":"#bark",
              "uv":[
                14.618979454040527,
                2.0000038146972656,
                22.34694480895996,
                4.0
              ],
              "autoUv":false
            },
            "down":{
              "texture":"#side",
              "uv":[
                27.381013870239258,
                6.000005722045898,
                19.65305519104004,
                4.0
              ],
              "autoUv":false,
              "rotation":180
            }
          },
          "children":[]
        },
        {
          "name":"handle_crude 08",
          "from":[
            0.6478269100189209,
            -0.5061542987823486,
            -0.09579914808273315
          ],
          "to":[
            4.665973901748657,
            0.24384570121765137,
            0.6542008519172668
          ],
          "rotationOrigin":[
            2.656900405883789,
            -0.13115429878234863,
            0.27920085191726685
          ],
          "rotationX":6.994696847135463e-08,
          "rotationY":-175.99990472153837,
          "rotationZ":3.000002644803544,
          "group":"Crude",
          "faces":{
            "north":{
              "texture":"#side",
              "uv":[
                7.876463890075684,
                0.0,
                0.09940505027770996,
                2.0
              ],
              "autoUv":false,
              "rotation":180
            },
            "east":{
              "texture":"#bark",
              "uv":[
                20.0,
                0.0,
                12.0,
                8.0
              ],
              "autoUv":false,
              "rotation":270
            },
            "south":{
              "texture":"#bark",
              "uv":[
                8.207286834716797,
                0.0,
                0.43022775650024414,
                1.9999961853027344
              ],
              "autoUv":false,
              "rotation":180
            },
            "west":{
              "texture":"#north",
              "uv":[
                8.0,
                0.0,
                7.876463890075684,
                2.0
              ],
              "autoUv":false,
              "rotation":180
            },
            "up":{
              "texture":"#side",
              "uv":[
                26.207286834716797,
                0.0,
                18.430227279663086,
                1.9999961853027344
              ],
              "autoUv":false,
              "rotation":180
            },
            "down":{
              "texture":"#side",
              "uv":[
                15.79271411895752,
                4.0,
                23.569772720336914,
                2.0
              ],
              "autoUv":false
            }
          },
          "children":[]
        },
        {
          "name":"handle_crude 09",
          "from":[
            0.25558722019195557,
            -0.49309736490249634,
            1.1966237425804138
          ],
          "to":[
            3.568593382835388,
            0.25690263509750366,
            1.99314945936203
          ],
          "rotationOrigin":[
            1.9120903015136719,
            -0.11809736490249634,
            1.594886600971222
          ],
          "rotationX":-4.30641983177123e-08,
          "rotationY":168.99262240672553,
          "rotationZ":1.0000003124187506,
          "group":"Crude",
          "faces":{
            "north":{
              "texture":"#side",
              "uv":[
                20.779298782348633,
                2.0000038146972656,
                14.367027282714844,
                4.0
              ],
              "autoUv":false,
              "rotation":180
            },
            "east":{
              "texture":"#side",
              "uv":[
                20.0,
                0.0,
                12.000000953674316,
                8.496274948120117
              ],
              "autoUv":false,
              "rotation":270
            },
            "south":{
              "texture":"#side",
              "uv":[
                8.647923469543457,
                4.000001907348633,
                2.235652446746826,
                6.0
              ],
              "autoUv":false,
              "rotation":180
            },
            "west":{
              "texture":"#north",
              "uv":[
                6.0,
                -3.814697265625e-06,
                3.8759312629699707,
                2.0
              ],
              "autoUv":false,
              "rotation":180
            },
            "up":{
              "texture":"#side",
              "uv":[
                26.647918701171875,
                4.0,
                20.23565101623535,
                6.124074935913086
              ],
              "autoUv":false,
              "rotation":180
            },
            "down":{
              "texture":"#side",
              "uv":[
                15.35207462310791,
                4.12407112121582,
                21.764345169067383,
                2.0000038146972656
              ],
              "autoUv":false
            }
          },
          "children":[]
        },
        {
          "name":"handle_crude 10",
          "from":[
            -2.6285486221313477,
            -0.40496826171875,
            0.01067429780960083
          ],
          "to":[
            6.5672502517700195,
            0.9168472290039062,
            1.5106742978096008
          ],
          "rotationOrigin":[
            1.969350814819336,
            0.2559394836425781,
            0.7606742978096008
          ],
          "group":"Crude",
          "faces":{
            "north":{
              "texture":"#bark",
              "uv":[
                1.6643924713134766,
                0.03189277648925781,
                21.12613296508789,
                3.9749412536621094
              ],
              "autoUv":false
            },
            "east":{
              "texture":"#bark",
              "uv":[
                14.776901245117188,
                15.023876190185547,
                17.76512908935547,
                17.657135009765625
              ],
              "autoUv":false
            },
            "south":{
              "texture":"#side",
              "uv":[
                9.978012084960938,
                0.038364410400390625,
                31.84615707397461,
                3.9566307067871094
              ],
              "autoUv":false
            },
            "west":{
              "texture":"#bark",
              "uv":[
                27.564403533935547,
                19.739852905273438,
                30.381546020507812,
                22.55699920654297
              ],
              "autoUv":false
            },
            "up":{
              "texture":"#bark",
              "uv":[
                12.357474327087402,
                0.03189277648925781,
                31.92313003540039,
                3.9749412536621094
              ],
              "autoUv":false
            },
            "down":{
              "texture":"#side",
              "uv":[
                19.771738052368164,
                3.9566307067871094,
                0.49224090576171875,
                0.038364410400390625
              ],
              "autoUv":false,
              "rotation":180
            }
          },
          "children":[]
        },
        {
          "name":"handle_crude 11",
          "from":[
            -9.053998947143555,
            -0.4030545949935913,
            0.37403780221939087
          ],
          "to":[
            -2.5199108123779297,
            0.9149335622787476,
            1.874037265777588
          ],
          "rotationOrigin":[
            -5.786954879760742,
            0.2559394836425781,
            1.1240375638008118
          ],
          "rotationY":6.4699999979057745,
          "group":"Crude",
          "faces":{
            "north":{
              "texture":"#bark",
              "uv":[
                12.043451309204102,
                0.03189277648925781,
                25.783891677856445,
                3.9749412536621094
              ],
              "autoUv":false
            },
            "east":{
              "texture":"#bark",
              "uv":[
                1.4350967407226562,
                1.4241218566894531,
                4.251504898071289,
                4.240531921386719
              ],
              "autoUv":false
            },
            "south":{
              "texture":"#side",
              "uv":[
                0.23130035400390625,
                0.038364410400390625,
                15.670720100402832,
                3.9566307067871094
              ],
              "autoUv":false
            },
            "west":{
              "texture":"#bark",
              "uv":[
                27.53781509399414,
                19.792702674865723,
                30.354223251342773,
                22.609110832214355
              ],
              "autoUv":false
            },
            "up":{
              "texture":"#bark",
              "uv":[
                2.4057722091674805,
                0.03189277648925781,
                16.196157455444336,
                3.9749412536621094
              ],
              "autoUv":false
            },
            "down":{
              "texture":"#side",
              "uv":[
                9.349342346191406,
                3.9566307067871094,
                22.944149017333984,
                0.038364410400390625
              ],
              "autoUv":false
            }
          },
          "children":[]
        },
        {
          "name":"handle_crude 12",
          "from":[
            -0.4307591915130615,
            -0.40193235874176025,
            1.1638882160186768
          ],
          "to":[
            3.2890965938568115,
            0.9138113260269165,
            1.8589633703231812
          ],
          "rotationOrigin":[
            1.429168701171875,
            0.2559394836425781,
            1.511425793170929
          ],
          "rotationY":-10.9000026369681,
          "group":"Crude",
          "faces":{
            "north":{
              "texture":"#bark",
              "uv":[
                8.39344596862793,
                11.625862121582031,
                22.170223236083984,
                13.046598434448242
              ],
              "autoUv":false
            },
            "east":{
              "texture":"#bark",
              "uv":[
                9.266541481018066,
                7.103803634643555,
                11.18265438079834,
                9.012527465820312
              ],
              "autoUv":false
            },
            "south":{
              "texture":"#side",
              "uv":[
                15.127581596374512,
                0.038364410400390625,
                23.81372833251953,
                3.9566307067871094
              ],
              "autoUv":false
            },
            "west":{
              "texture":"#bark",
              "uv":[
                20.817344665527344,
                15.232145309448242,
                22.733457565307617,
                17.140871047973633
              ],
              "autoUv":false
            },
            "up":{
              "texture":"#bark",
              "uv":[
                16.651256561279297,
                11.338274002075195,
                24.066444396972656,
                12.372892379760742
              ],
              "autoUv":false
            },
            "down":{
              "texture":"#side",
              "uv":[
                20.446216583251953,
                3.129549026489258,
                10.05499267578125,
                1.7766056060791016
              ],
              "autoUv":false,
              "rotation":180
            }
          },
          "children":[]
        },
        {
          "name":"handle_crude 13",
          "from":[
            3.189528226852417,
            -0.40452897548675537,
            1.510674625635147
          ],
          "to":[
            6.567250490188599,
            0.9164628982543945,
            2.205749958753586
          ],
          "rotationOrigin":[
            4.878389358520508,
            0.2559669613838196,
            1.8582122921943665
          ],
          "group":"Crude",
          "faces":{
            "north":{
              "texture":"#bark",
              "uv":[
                10.464646339416504,
                11.621284484863281,
                23.37529754638672,
                13.004152297973633
              ],
              "autoUv":false
            },
            "east":{
              "texture":"#bark",
              "uv":[
                13.39220905303955,
                15.024646759033203,
                14.776901245117188,
                17.656261444091797
              ],
              "autoUv":false
            },
            "south":{
              "texture":"#side",
              "uv":[
                23.81372833251953,
                0.038364410400390625,
                31.84615707397461,
                3.9566307067871094
              ],
              "autoUv":false
            },
            "west":{
              "texture":"#bark",
              "uv":[
                20.659305572509766,
                15.09946060180664,
                22.576066970825195,
                17.01622486114502
              ],
              "autoUv":false
            },
            "up":{
              "texture":"#bark",
              "uv":[
                12.172677040100098,
                12.019170761108398,
                18.602802276611328,
                13.423486709594727
              ],
              "autoUv":false
            },
            "down":{
              "texture":"#side",
              "uv":[
                21.354827880859375,
                3.093524932861328,
                11.617449760437012,
                1.7817935943603516
              ],
              "autoUv":false,
              "rotation":180
            }
          },
          "children":[]
        },
        {
          "name":"handle_crude 14",
          "from":[
            6.4937784075737,
            -0.11714747548103333,
            0.08737033605575562
          ],
          "to":[
            7.008197605609894,
            0.629081517457962,
            2.291541278362274
          ],
          "rotationOrigin":[
            6.750988006591797,
            0.25596702098846436,
            1.189455807209015
          ],
          "rotationY":-1.8000047885333,
          "group":"Crude",
          "faces":{
            "north":{
              "texture":"#bark",
              "uv":[
                15.364265441894531,
                17.826135635375977,
                16.41282081604004,
                19.347187042236328
              ],
              "autoUv":false
            },
            "east":{
              "texture":"#north",
              "uv":[
                10.335683822631836,
                16.48866081237793,
                15.632749557495117,
                18.28199577331543
              ],
              "autoUv":false
            },
            "south":{
              "texture":"#side",
              "uv":[
                30.197269439697266,
                15.627059936523438,
                31.224838256835938,
                17.11768341064453
              ],
              "autoUv":false
            },
            "west":{
              "texture":"#bark",
              "uv":[
                27.547311782836914,
                20.353158950805664,
                31.686965942382812,
                21.943574905395508
              ],
              "autoUv":false
            },
            "up":{
              "texture":"#bark",
              "uv":[
                30.30306625366211,
                9.07098388671875,
                31.340351104736328,
                13.446447372436523
              ],
              "autoUv":false
            },
            "down":{
              "texture":"#bark",
              "uv":[
                1.696933627128601,
                14.407407760620117,
                0.6596533060073853,
                10.031940460205078
              ],
              "autoUv":false,
              "rotation":180
            }
          },
          "children":[]
        },
        {
          "name":"handle_crude 15",
          "from":[
            6.498291194438934,
            -0.4012683629989624,
            0.08744078874588013
          ],
          "to":[
            7.012710422277451,
            -0.11511367559432983,
            2.0042317509651184
          ],
          "rotationOrigin":[
            6.755500793457031,
            -0.2581910192966461,
            1.0458362698554993
          ],
          "rotationY":-1.8000047885333,
          "group":"Crude",
          "faces":{
            "north":{
              "texture":"#bark",
              "uv":[
                15.364264488220215,
                19.347301483154297,
                16.41282081604004,
                19.933860778808594
              ],
              "autoUv":false
            },
            "east":{
              "texture":"#north",
              "uv":[
                11.026315689086914,
                18.282129287719727,
                15.632752418518066,
                18.973684310913086
              ],
              "autoUv":false
            },
            "south":{
              "texture":"#bark",
              "uv":[
                29.789993286132812,
                21.320322036743164,
                30.763710021972656,
                22.898334503173828
              ],
              "autoUv":false
            },
            "west":{
              "texture":"#bark",
              "uv":[
                26.8100643157959,
                20.35315990447998,
                31.686965942382812,
                21.943574905395508
              ],
              "autoUv":false
            },
            "up":{
              "texture":"#bark",
              "uv":[
                30.30306053161621,
                8.291740417480469,
                31.340349197387695,
                13.44644546508789
              ],
              "autoUv":false
            },
            "down":{
              "texture":"#side",
              "uv":[
                16.03656768798828,
                16.907459259033203,
                19.70871925354004,
                15.921945571899414
              ],
              "autoUv":false,
              "rotation":90
            }
          },
          "children":[]
        },
        {
          "name":"handle_crude 16",
          "from":[
            6.498291194438934,
            0.6269924938678741,
            0.08744078874588013
          ],
          "to":[
            7.012710422277451,
            0.9131471812725067,
            2.0042317509651184
          ],
          "rotationOrigin":[
            6.755500793457031,
            0.7700698375701904,
            1.0458362698554993
          ],
          "rotationY":-1.8000047885333,
          "group":"Crude",
          "faces":{
            "north":{
              "texture":"#bark",
              "uv":[
                15.364264488220215,
                17.239575386047363,
                16.41282081604004,
                17.826133728027344
              ],
              "autoUv":false
            },
            "east":{
              "texture":"#north",
              "uv":[
                11.026315689086914,
                15.797103881835938,
                15.632752418518066,
                16.488659858703613
              ],
              "autoUv":false
            },
            "south":{
              "texture":"#bark",
              "uv":[
                29.789993286132812,
                21.320322036743164,
                30.763710021972656,
                22.898334503173828
              ],
              "autoUv":false
            },
            "west":{
              "texture":"#bark",
              "uv":[
                26.8100643157959,
                20.35315990447998,
                31.686965942382812,
                21.943574905395508
              ],
              "autoUv":false
            },
            "up":{
              "texture":"#bark",
              "uv":[
                16.036569595336914,
                15.921945571899414,
                19.708717346191406,
                16.90746307373047
              ],
              "autoUv":false,
              "rotation":90
            },
            "down":{
              "texture":"#bark",
              "uv":[
                1.6969332695007324,
                14.40740966796875,
                0.65965336561203,
                9.252696990966797
              ],
              "autoUv":false,
              "rotation":180
            }
          },
          "children":[]
        },
        {
          "name":"handle_crude 17",
          "from":[
            6.466574966907501,
            0.42587216198444366,
            1.8012985438108444
          ],
          "to":[
            6.980995833873749,
            0.8322908133268356,
            2.2077171355485916
          ],
          "rotationOrigin":[
            6.723785400390625,
            0.6290814876556396,
            2.004507839679718
          ],
          "rotationX":-45.01414657401018,
          "rotationY":-1.2726878243469877,
          "rotationZ":-1.2730020130488082,
          "group":"Crude",
          "faces":{
            "north":{
              "texture":"#bark",
              "uv":[
                15.593523025512695,
                18.353479385375977,
                16.406478881835938,
                19.382471084594727
              ],
              "autoUv":false,
              "rotation":270
            },
            "east":{
              "texture":"#north",
              "uv":[
                10.518278121948242,
                15.921564102172852,
                11.49498176574707,
                16.89826774597168
              ],
              "autoUv":false,
              "rotation":270
            },
            "south":{
              "texture":"#side",
              "uv":[
                30.19437599182129,
                15.053001403808594,
                31.221954345703125,
                15.627063751220703
              ],
              "autoUv":false
            },
            "west":{
              "texture":"#bark",
              "uv":[
                15.593522071838379,
                3.5935211181640625,
                16.406478881835938,
                4.4064788818359375
              ],
              "autoUv":false,
              "rotation":270
            },
            "up":{
              "texture":"#bark",
              "uv":[
                16.406478881835938,
                15.826164245605469,
                17.21943473815918,
                16.85515785217285
              ],
              "autoUv":false,
              "rotation":270
            },
            "down":{
              "texture":"#bark",
              "uv":[
                15.593522071838379,
                16.85515785217285,
                14.78056526184082,
                15.826164245605469
              ],
              "autoUv":false,
              "rotation":270
            }
          },
          "children":[]
        },
        {
          "name":"handle_crude 18",
          "from":[
            6.466574966907501,
            -0.3203568309545517,
            1.8012985438108444
          ],
          "to":[
            6.980995833873749,
            0.08606182038784027,
            2.2077171355485916
          ],
          "rotationOrigin":[
            6.723785400390625,
            -0.11714750528335571,
            2.004507839679718
          ],
          "rotationX":-45.01414657401018,
          "rotationY":-1.2726878243469877,
          "rotationZ":-1.2730020130488082,
          "group":"Crude",
          "faces":{
            "north":{
              "texture":"#bark",
              "uv":[
                17.989200592041016,
                18.353479385375977,
                18.802160263061523,
                19.382471084594727
              ],
              "autoUv":false,
              "rotation":270
            },
            "east":{
              "texture":"#north",
              "uv":[
                10.454376220703125,
                18.284188270568848,
                11.431079864501953,
                19.260892868041992
              ],
              "autoUv":false,
              "rotation":270
            },
            "south":{
              "texture":"#bark",
              "uv":[
                17.98920440673828,
                15.826162338256836,
                18.802162170410156,
                16.85515785217285
              ],
              "autoUv":false,
              "rotation":270
            },
            "west":{
              "texture":"#bark",
              "uv":[
                15.593522071838379,
                3.5935211181640625,
                16.406478881835938,
                4.4064788818359375
              ],
              "autoUv":false,
              "rotation":270
            },
            "up":{
              "texture":"#bark",
              "uv":[
                18.802162170410156,
                15.826164245605469,
                19.61511993408203,
                16.85515785217285
              ],
              "autoUv":false,
              "rotation":270
            },
            "down":{
              "texture":"#side",
              "uv":[
                31.221954345703125,
                17.691737174987793,
                30.194374084472656,
                17.1176815032959
              ],
              "autoUv":false
            }
          },
          "children":[]
        },
        {
          "name":"handle_crude 19",
          "from":[
            -12.85100507736206,
            -0.4014338254928589,
            0.5150659680366516
          ],
          "to":[
            -8.85100519657135,
            0.9133127927780151,
            2.0150659680366516
          ],
          "rotationOrigin":[
            -10.85100507736206,
            0.2559394836425781,
            1.2650659680366516
          ],
          "rotationY":-6.499991358551301,
          "group":"Crude",
          "faces":{
            "north":{
              "texture":"#bark",
              "uv":[
                19.402671813964844,
                0.03189277648925781,
                27.812641143798828,
                3.9749412536621094
              ],
              "autoUv":false
            },
            "east":{
              "texture":"#bark",
              "uv":[
                1.560099482536316,
                1.4625473022460938,
                4.372938632965088,
                4.260341644287109
              ],
              "autoUv":false
            },
            "south":{
              "texture":"#side",
              "uv":[
                0.2244396209716797,
                0.038364410400390625,
                9.674285888671875,
                3.9566307067871094
              ],
              "autoUv":false
            },
            "west":{
              "texture":"#bark",
              "uv":[
                27.58419418334961,
                19.775800704956055,
                30.397037506103516,
                22.573599815368652
              ],
              "autoUv":false
            },
            "up":{
              "texture":"#bark",
              "uv":[
                0.022068887948989868,
                0.03189277648925781,
                8.384588241577148,
                3.9749412536621094
              ],
              "autoUv":false
            },
            "down":{
              "texture":"#side",
              "uv":[
                22.01942253112793,
                3.9566307067871094,
                30.341808319091797,
                0.038364410400390625
              ],
              "autoUv":false,
              "rotation":180
            }
          },
          "children":[]
        }
      ]
    }
  ],
  "groups":[]
}