{
  "textureWidth":16,
  "textureHeight":16,
  "textures":{
    "material":"game:block/metal/ingot/copper"
  },
  "textureSizes":{
    "material":[
      32,
      32
    ]
  },
  "elements":[
    {
      "name":"origin",
      "from":[
        10.79720687866211,
        -6.257323741912842,
        8.21067351102829
      ],
      "to":[
        10.79720687866211,
        -6.257323741912842,
        8.21067351102829
      ],
      "rotationOrigin":[
        8.0,
        0.0,
        8.0
      ],
      "group":"unv_metal_metalhead",
      "faces":{
        "north":{
          "texture":"#0",
          "uv":[
            0,
            0,
            4,
            4
          ],
          "autoUv":false
        },
        "east":{
          "texture":"#0",
          "uv":[
            0,
            0,
            4,
            4
          ],
          "autoUv":false
        },
        "south":{
          "texture":"#0",
          "uv":[
            0,
            0,
            4,
            4
          ],
          "autoUv":false
        },
        "west":{
          "texture":"#0",
          "uv":[
            0,
            0,
            4,
            4
          ],
          "autoUv":false
        },
        "up":{
          "texture":"#material",
          "uv":[
            0.0,
            0.0,
            1.0,
            1.0
          ],
          "autoUv":false,
          "rotation":180
        },
        "down":{
          "texture":"#0",
          "uv":[
            0,
            0,
            4,
            4
          ],
          "autoUv":false
        }
      },
      "children":[
        {
          "name":"unv_metal_metalhead1",
          "from":[
            -10.250009715557098,
            6.708742320537567,
            0.9309607148170471
          ],
          "to":[
            -9.292718708515167,
            7.2387102246284485,
            1.5589833855628967
          ],
          "rotationOrigin":[
            -9.771364212036133,
            6.973726272583008,
            1.244972050189972
          ],
          "group":"unv_metal_metalhead",
          "faces":{
            "north":{
              "texture":"#material",
              "uv":[
                15.315507888793945,
                16.419838905334473,
                16.684492111206055,
                17.39691734313965
              ],
              "autoUv":false,
              "rotation":270
            },
            "east":{
              "texture":"#material",
              "uv":[
                15.315507888793945,
                15.05085563659668,
                16.684492111206055,
                16.419838905334473
              ],
              "autoUv":false,
              "rotation":270
            },
            "south":{
              "texture":"#material",
              "uv":[
                15.315507888793945,
                14.073776245117188,
                16.684492111206055,
                15.05085563659668
              ],
              "autoUv":false,
              "rotation":270
            },
            "west":{
              "texture":"#material",
              "uv":[
                15.315507888793945,
                12.312887191772461,
                16.684492111206055,
                14.073776245117188
              ],
              "autoUv":false,
              "rotation":270
            },
            "up":{
              "texture":"#material",
              "uv":[
                16.684492111206055,
                14.073776245117188,
                18.053476333618164,
                15.05085563659668
              ],
              "autoUv":false,
              "rotation":270
            },
            "down":{
              "texture":"#material",
              "uv":[
                15.315507888793945,
                15.05085563659668,
                13.946523666381836,
                14.073776245117188
              ],
              "autoUv":false,
              "rotation":270
            }
          },
          "children":[]
        },
        {
          "name":"unv_metal_metalhead2",
          "from":[
            3.198305159807205,
            6.708742320537567,
            0.9309607148170471
          ],
          "to":[
            4.007083863019943,
            7.2387102246284485,
            1.5589833855628967
          ],
          "rotationOrigin":[
            3.602694511413574,
            6.973726272583008,
            1.244972050189972
          ],
          "rotationX":179.99990938630796,
          "group":"unv_metal_metalhead",
          "faces":{
            "north":{
              "texture":"#material",
              "uv":[
                16.684492111206055,
                14.225358963012695,
                15.315507888793945,
                15.05085563659668
              ],
              "autoUv":false,
              "rotation":270
            },
            "east":{
              "texture":"#material",
              "uv":[
                16.684492111206055,
                12.312887191772461,
                15.315507888793945,
                14.225358963012695
              ],
              "autoUv":false,
              "rotation":270
            },
            "south":{
              "texture":"#material",
              "uv":[
                16.684492111206055,
                16.419838905334473,
                15.315507888793945,
                17.245335578918457
              ],
              "autoUv":false,
              "rotation":270
            },
            "west":{
              "texture":"#material",
              "uv":[
                16.684492111206055,
                15.05085563659668,
                15.315507888793945,
                16.419838905334473
              ],
              "autoUv":false,
              "rotation":270
            },
            "up":{
              "texture":"#material",
              "uv":[
                15.315507888793945,
                14.225358963012695,
                13.946523666381836,
                15.05085563659668
              ],
              "autoUv":false,
              "rotation":90
            },
            "down":{
              "texture":"#material",
              "uv":[
                16.684492111206055,
                15.05085563659668,
                18.053476333618164,
                14.225358963012695
              ],
              "autoUv":false,
              "rotation":90
            }
          },
          "children":[]
        },
        {
          "name":"unv_metal_metalhead3",
          "from":[
            -10.09582307934761,
            6.626671493053436,
            0.834168553352356
          ],
          "to":[
            -9.712149828672409,
            7.320781052112579,
            2.0758442878723145
          ],
          "rotationOrigin":[
            -9.90398645401001,
            6.973726272583008,
            1.4550064206123352
          ],
          "group":"unv_metal_metalhead",
          "faces":{
            "north":{
              "texture":"#material",
              "uv":[
                15.236276626586914,
                16.600982666015625,
                16.763723373413086,
                17.691160202026367
              ],
              "autoUv":false,
              "rotation":270
            },
            "east":{
              "texture":"#material",
              "uv":[
                15.236276626586914,
                15.073535919189453,
                16.763723373413086,
                16.600982666015625
              ],
              "autoUv":false,
              "rotation":270
            },
            "south":{
              "texture":"#material",
              "uv":[
                15.236276626586914,
                13.983360290527344,
                16.763723373413086,
                15.073535919189453
              ],
              "autoUv":false,
              "rotation":270
            },
            "west":{
              "texture":"#material",
              "uv":[
                15.236276626586914,
                12.018644332885742,
                16.763723373413086,
                13.983360290527344
              ],
              "autoUv":false,
              "rotation":270
            },
            "up":{
              "texture":"#material",
              "uv":[
                16.763723373413086,
                13.983360290527344,
                18.291170120239258,
                15.073535919189453
              ],
              "autoUv":false,
              "rotation":270
            },
            "down":{
              "texture":"#material",
              "uv":[
                15.236276626586914,
                15.073535919189453,
                13.708830833435059,
                13.983360290527344
              ],
              "autoUv":false,
              "rotation":270
            }
          },
          "children":[]
        },
        {
          "name":"unv_metal_metalhead4",
          "from":[
            -10.095762863755226,
            6.728321447968483,
            1.8304398506879807
          ],
          "to":[
            -9.712210044264793,
            7.219131097197533,
            2.321249395608902
          ],
          "rotationOrigin":[
            -9.90398645401001,
            6.973726272583008,
            2.0758445858955383
          ],
          "rotationX":45.00000125223908,
          "group":"unv_metal_metalhead",
          "faces":{
            "north":{
              "texture":"#material",
              "uv":[
                15.81886100769043,
                15.854707717895508,
                16.437307357788086,
                16.478943824768066
              ],
              "autoUv":false,
              "rotation":270
            },
            "east":{
              "texture":"#material",
              "uv":[
                15.81886100769043,
                15.24454116821289,
                16.701757431030273,
                15.854707717895508
              ],
              "autoUv":false,
              "rotation":270
            },
            "south":{
              "texture":"#material",
              "uv":[
                15.709322929382324,
                14.015703201293945,
                16.701757431030273,
                15.24454116821289
              ],
              "autoUv":false,
              "rotation":270
            },
            "west":{
              "texture":"#material",
              "uv":[
                15.709322929382324,
                13.23086166381836,
                16.437307357788086,
                14.015703201293945
              ],
              "autoUv":false,
              "rotation":270
            },
            "up":{
              "texture":"#material",
              "uv":[
                16.701757431030273,
                14.355857849121094,
                17.31192398071289,
                15.24454116821289
              ],
              "autoUv":false,
              "rotation":270
            },
            "down":{
              "texture":"#material",
              "uv":[
                15.709322929382324,
                14.980093002319336,
                14.68807601928711,
                14.015703201293945
              ],
              "autoUv":false,
              "rotation":270
            }
          },
          "children":[]
        },
        {
          "name":"unv_metal_metalhead5",
          "from":[
            3.8197116553783417,
            6.786354079842567,
            0.9318459630012512
          ],
          "to":[
            4.19445613026619,
            7.161098465323448,
            1.5580981373786926
          ],
          "rotationOrigin":[
            4.007083892822266,
            6.973726272583008,
            1.244972050189972
          ],
          "rotationX":-179.999991348578,
          "rotationY":8.697120744402237e-05,
          "rotationZ":-45.00000125223908,
          "group":"unv_metal_metalhead",
          "faces":{
            "north":{
              "texture":"#material",
              "uv":[
                16.684492111206055,
                14.225358963012695,
                15.716470718383789,
                14.607851028442383
              ],
              "autoUv":false,
              "rotation":270
            },
            "east":{
              "texture":"#material",
              "uv":[
                16.684492111206055,
                12.312887191772461,
                15.716471672058105,
                14.225360870361328
              ],
              "autoUv":false,
              "rotation":270
            },
            "south":{
              "texture":"#material",
              "uv":[
                16.684492111206055,
                16.862844467163086,
                15.716472625732422,
                17.24533462524414
              ],
              "autoUv":false,
              "rotation":270
            },
            "west":{
              "texture":"#material",
              "uv":[
                16.684492111206055,
                14.60784912109375,
                15.716472625732422,
                16.862844467163086
              ],
              "autoUv":false,
              "rotation":270
            },
            "up":{
              "texture":"#material",
              "uv":[
                15.716471672058105,
                14.225360870361328,
                13.946523666381836,
                14.60784912109375
              ],
              "autoUv":false,
              "rotation":90
            },
            "down":{
              "texture":"#material",
              "uv":[
                16.684492111206055,
                14.60784912109375,
                18.053476333618164,
                14.225358963012695
              ],
              "autoUv":false,
              "rotation":90
            }
          },
          "children":[]
        }
      ]
    }
  ],
  "groups":[]
}