{
  "textureWidth":16,
  "textureHeight":16,
  "textures":{
    "material":"game:item/tool/material/string"
  },
  "textureSizes":{
    "material":[
      32,
      32
    ]
  },
  "elements":[
    {
      "name":"origin",
      "from":[
        10.79720687866211,
        -6.257323741912842,
        8.21067351102829
      ],
      "to":[
        10.79720687866211,
        -6.257323741912842,
        8.21067351102829
      ],
      "rotationOrigin":[
        8.0,
        0.0,
        8.0
      ],
      "group":"unv_string_metalhead",
      "faces":{
        "north":{
          "texture":"#0",
          "uv":[
            0,
            0,
            4,
            4
          ],
          "autoUv":false
        },
        "east":{
          "texture":"#0",
          "uv":[
            0,
            0,
            4,
            4
          ],
          "autoUv":false
        },
        "south":{
          "texture":"#0",
          "uv":[
            0,
            0,
            4,
            4
          ],
          "autoUv":false
        },
        "west":{
          "texture":"#0",
          "uv":[
            0,
            0,
            4,
            4
          ],
          "autoUv":false
        },
        "up":{
          "texture":"#material",
          "uv":[
            0.0,
            0.0,
            1.0,
            1.0
          ],
          "autoUv":false,
          "rotation":180
        },
        "down":{
          "texture":"#0",
          "uv":[
            0,
            0,
            4,
            4
          ],
          "autoUv":false
        }
      },
      "children":[
        {
          "name":"unv_string_metalhead1",
          "from":[
            -9.472592666745186,
            6.407478988170624,
            0.9225812554359436
          ],
          "to":[
            -9.107512161135674,
            7.561877548694611,
            2.058760702610016
          ],
          "rotationOrigin":[
            -9.29005241394043,
            6.984678268432617,
            1.4906709790229797
          ],
          "rotationY":-93.93898625920286,
          "group":"unv_string_metalhead",
          "faces":{
            "north":{
              "texture":"#material",
              "uv":[
                19.0,
                5.0,
                22.0,
                6.0
              ],
              "autoUv":false,
              "rotation":90
            },
            "east":{
              "texture":"#material",
              "uv":[
                1.0,
                3.999998092651367,
                6.0,
                7.0
              ],
              "autoUv":false
            },
            "south":{
              "texture":"#material",
              "uv":[
                19.0,
                5.0,
                22.0,
                6.0
              ],
              "autoUv":false,
              "rotation":90
            },
            "west":{
              "texture":"#material",
              "uv":[
                1.0,
                3.999998092651367,
                6.0,
                7.0
              ],
              "autoUv":false
            },
            "up":{
              "texture":"#material",
              "uv":[
                1.0,
                3.999998092651367,
                2.0,
                8.0
              ],
              "autoUv":false
            },
            "down":{
              "texture":"#material",
              "uv":[
                2.0,
                8.0,
                1.0,
                3.999998092651367
              ],
              "autoUv":false,
              "rotation":180
            }
          },
          "children":[]
        },
        {
          "name":"unv_string_metalhead2",
          "from":[
            -9.450044944882393,
            6.407478988170624,
            0.5753465294837952
          ],
          "to":[
            -9.08496443927288,
            7.561877548694611,
            1.7115259766578674
          ],
          "rotationOrigin":[
            -9.267504692077637,
            6.984678268432617,
            1.1434362530708313
          ],
          "rotationY":-79.90419743944477,
          "group":"unv_string_metalhead",
          "faces":{
            "north":{
              "texture":"#material",
              "uv":[
                19.0,
                5.0,
                22.0,
                6.0
              ],
              "autoUv":false,
              "rotation":90
            },
            "east":{
              "texture":"#material",
              "uv":[
                1.0,
                3.999998092651367,
                6.0,
                7.0
              ],
              "autoUv":false
            },
            "south":{
              "texture":"#material",
              "uv":[
                19.0,
                5.0,
                22.0,
                6.0
              ],
              "autoUv":false,
              "rotation":90
            },
            "west":{
              "texture":"#material",
              "uv":[
                1.0,
                3.999998092651367,
                6.0,
                7.0
              ],
              "autoUv":false
            },
            "up":{
              "texture":"#material",
              "uv":[
                1.0,
                3.999998092651367,
                2.0,
                8.0
              ],
              "autoUv":false
            },
            "down":{
              "texture":"#material",
              "uv":[
                2.0,
                8.0,
                1.0,
                3.999998092651367
              ],
              "autoUv":false,
              "rotation":180
            }
          },
          "children":[]
        },
        {
          "name":"unv_string_metalhead3",
          "from":[
            2.9889180213212967,
            6.407478988170624,
            0.9712846279144287
          ],
          "to":[
            3.3539984673261642,
            7.561877548694611,
            2.1074637174606323
          ],
          "rotationOrigin":[
            3.1714582443237305,
            6.984678268432617,
            1.5393741726875305
          ],
          "rotationY":-86.4423891922503,
          "group":"unv_string_metalhead",
          "faces":{
            "north":{
              "texture":"#material",
              "uv":[
                19.0,
                5.0,
                22.0,
                6.0
              ],
              "autoUv":false,
              "rotation":90
            },
            "east":{
              "texture":"#material",
              "uv":[
                1.0,
                3.999998092651367,
                6.0,
                7.0
              ],
              "autoUv":false
            },
            "south":{
              "texture":"#material",
              "uv":[
                19.0,
                5.0,
                22.0,
                6.0
              ],
              "autoUv":false,
              "rotation":90
            },
            "west":{
              "texture":"#material",
              "uv":[
                1.0,
                3.999998092651367,
                6.0,
                7.0
              ],
              "autoUv":false
            },
            "up":{
              "texture":"#material",
              "uv":[
                1.0,
                3.999998092651367,
                2.0,
                8.0
              ],
              "autoUv":false
            },
            "down":{
              "texture":"#material",
              "uv":[
                2.0,
                8.0,
                1.0,
                3.999998092651367
              ],
              "autoUv":false,
              "rotation":180
            }
          },
          "children":[]
        },
        {
          "name":"unv_string_metalhead4",
          "from":[
            3.006054624915123,
            6.407478988170624,
            0.5212324857711792
          ],
          "to":[
            3.3711350113153458,
            7.561877548694611,
            1.6574113368988037
          ],
          "rotationOrigin":[
            3.1885948181152344,
            6.984678268432617,
            1.0893219113349915
          ],
          "rotationY":-94.57986973921433,
          "group":"unv_string_metalhead",
          "faces":{
            "north":{
              "texture":"#material",
              "uv":[
                19.0,
                5.0,
                22.0,
                6.0
              ],
              "autoUv":false,
              "rotation":90
            },
            "east":{
              "texture":"#material",
              "uv":[
                1.0,
                3.999998092651367,
                6.0,
                7.0
              ],
              "autoUv":false
            },
            "south":{
              "texture":"#material",
              "uv":[
                19.0,
                5.0,
                22.0,
                6.0
              ],
              "autoUv":false,
              "rotation":90
            },
            "west":{
              "texture":"#material",
              "uv":[
                1.0,
                3.999998092651367,
                6.0,
                7.0
              ],
              "autoUv":false
            },
            "up":{
              "texture":"#material",
              "uv":[
                1.0,
                3.999998092651367,
                2.0,
                8.0
              ],
              "autoUv":false
            },
            "down":{
              "texture":"#material",
              "uv":[
                2.0,
                8.0,
                1.0,
                3.999998092651367
              ],
              "autoUv":false,
              "rotation":180
            }
          },
          "children":[]
        }
      ]
    }
  ],
  "groups":[]
}