[
  {
    "op": "replace",
    "path": "/enabled",
    "value": true,
    "file": "butchering:itemtypes/butchercreatures/pantherinae/neofelis.json",
    "dependsOn": [ { "modid": "pantherinae" } ]
  },
  {
    "op": "add",
    "path": "/server/behaviors/-",
    "value": {
      "code": "butcherable",
      "itemByType": {
        "pantherinae-neofelis-adult-female-*": "butchering:deadneofelis-female-dead",
        "pantherinae-neofelis-adult-male-*": "butchering:deadneofelis-male-dead"
      }
    },
    "file": "pantherinae:entities/land/pantherinae-neofelis-adult.json",
    "dependsOn": [ { "modid": "pantherinae" } ]
  },
  {
    "op": "add",
    "path": "/client/behaviors/-",
    "value": {
      "code": "butcherable",
      "itemByType": {
        "pantherinae-neofelis-adult-female-*": "butchering:deadneofelis-female-dead",
        "pantherinae-neofelis-adult-male-*": "butchering:deadneofelis-male-dead"
      }
    },
    "file": "pantherinae:entities/land/pantherinae-neofelis-adult.json",
    "dependsOn": [ { "modid": "pantherinae" } ]
  },
  {
    "op": "add",
    "path": "/server/behaviors/-",
    "value": {
      "code": "butcherable",
      "itemByType": {
        "pantherinae-neofelis-baby-*": "butchering:deadneofelis-baby-dead"
      }
    },
    "file": "pantherinae:entities/land/pantherinae-neofelis-baby.json",
    "dependsOn": [ { "modid": "pantherinae" } ]
  },
  {
    "op": "add",
    "path": "/client/behaviors/-",
    "value": {
      "code": "butcherable",
      "itemByType": {
        "pantherinae-neofelis-baby-*": "butchering:deadneofelis-baby-dead"
      }
    },
    "file": "pantherinae:entities/land/pantherinae-neofelis-baby.json",
    "dependsOn": [ { "modid": "pantherinae" } ]
  }
]
