{
  "textureWidth":16,
  "textureHeight":16,
  "textures":{
    "material":"game:block/metal/ingot/copper"
  },
  "textureSizes":{
    "material":[
      32,
      32
    ]
  },
  "elements":[
    {
      "name":"origin",
      "from":[
        10.79720687866211,
        0.5,
        8.21067351102829
      ],
      "to":[
        10.79720687866211,
        0.5,
        8.21067351102829
      ],
      "rotationOrigin":[
        8.0,
        0.0,
        8.0
      ],
      "group":"unv_metal_metalhead",
      "faces":{
        "north":{
          "texture":"#0",
          "uv":[
            0,
            0,
            4,
            4
          ],
          "autoUv":false
        },
        "east":{
          "texture":"#0",
          "uv":[
            0,
            0,
            4,
            4
          ],
          "autoUv":false
        },
        "south":{
          "texture":"#0",
          "uv":[
            0,
            0,
            4,
            4
          ],
          "autoUv":false
        },
        "west":{
          "texture":"#0",
          "uv":[
            0,
            0,
            4,
            4
          ],
          "autoUv":false
        },
        "up":{
          "texture":"#material",
          "uv":[
            0.0,
            0.0,
            1.0,
            1.0
          ],
          "autoUv":false,
          "rotation":180
        },
        "down":{
          "texture":"#0",
          "uv":[
            0,
            0,
            4,
            4
          ],
          "autoUv":false
        }
      },
      "children":[
        {
          "name":"unv_metal_metalhead 01",
          "from":[
            4.009466821038778,
            0.03945854306221008,
            -1.0184842444737683
          ],
          "to":[
            5.484557475227724,
            0.36351463198661804,
            0.5933344498901363
          ],
          "rotationOrigin":[
            4.910867691040039,
            0.20148658752441406,
            -0.18061751127243042
          ],
          "rotationY":-5.19390593687536,
          "group":"unv_metal_metalhead",
          "faces":{
            "north":{
              "texture":"#material",
              "uv":[
                16.0,
                7.999998092651367,
                17.0,
                11.0
              ],
              "autoUv":false,
              "rotation":90
            },
            "east":{
              "texture":"#material",
              "uv":[
                14.0,
                7.999998092651367,
                15.0,
                11.0
              ],
              "autoUv":false,
              "rotation":90
            },
            "south":{
              "texture":"#material",
              "uv":[
                17.0,
                7.999998092651367,
                18.0,
                11.0
              ],
              "autoUv":false,
              "rotation":90
            },
            "west":{
              "texture":"#material",
              "uv":[
                15.0,
                7.999998092651367,
                16.0,
                11.0
              ],
              "autoUv":false,
              "rotation":90
            },
            "up":{
              "texture":"#material",
              "uv":[
                18.0,
                11.0,
                22.0,
                14.0
              ],
              "autoUv":false
            },
            "down":{
              "texture":"#material",
              "uv":[
                18.0,
                14.0,
                14.0,
                11.0
              ],
              "autoUv":false
            }
          },
          "children":[]
        },
        {
          "name":"unv_metal_metalhead 02",
          "from":[
            4.1333969044241154,
            -0.7342343926429749,
            -0.4400609922773686
          ],
          "to":[
            4.491906214996899,
            1.2342341542243958,
            -0.08141816730824658
          ],
          "rotationOrigin":[
            4.312651634216309,
            0.24999988079071045,
            -0.26067274808883667
          ],
          "rotationY":-45.00000125223908,
          "group":"unv_metal_metalhead",
          "faces":{
            "north":{
              "texture":"#material",
              "uv":[
                19.0,
                12.0,
                20.0,
                15.0
              ],
              "autoUv":false
            },
            "east":{
              "texture":"#material",
              "uv":[
                16.0,
                11.000001907348633,
                17.0,
                14.000001907348633
              ],
              "autoUv":false
            },
            "south":{
              "texture":"#material",
              "uv":[
                18.0,
                9.0,
                19.0,
                12.0
              ],
              "autoUv":false
            },
            "west":{
              "texture":"#material",
              "uv":[
                17.0,
                11.0,
                16.0,
                14.0
              ],
              "autoUv":false
            },
            "up":{
              "texture":"#material",
              "uv":[
                17.0,
                12.0,
                16.0,
                13.0
              ],
              "autoUv":false,
              "rotation":90
            },
            "down":{
              "texture":"#material",
              "uv":[
                17.0,
                13.0,
                16.0,
                12.0
              ],
              "autoUv":false,
              "rotation":90
            }
          },
          "children":[]
        },
        {
          "name":"unv_metal_metalhead 03",
          "from":[
            1.5646013617515564,
            -0.490988552570343,
            -1.0964751243591309
          ],
          "to":[
            2.0884867906570435,
            0.9909883141517639,
            0.5751295685768127
          ],
          "rotationOrigin":[
            1.2680683135986328,
            0.24999988079071045,
            -0.26067274808883667
          ],
          "rotationZ":-9.334666828389418e-06,
          "group":"unv_metal_metalhead",
          "faces":{
            "north":{
              "texture":"#material",
              "uv":[
                28.0,
                6.0,
                29.000001907348633,
                10.0
              ],
              "autoUv":false
            },
            "east":{
              "texture":"#material",
              "uv":[
                9.0,
                9.000001907348633,
                13.0,
                13.000001907348633
              ],
              "autoUv":false
            },
            "south":{
              "texture":"#material",
              "uv":[
                27.0,
                2.0,
                28.0,
                6.0
              ],
              "autoUv":false
            },
            "west":{
              "texture":"#material",
              "uv":[
                13.0,
                8.999996185302734,
                9.0,
                13.0
              ],
              "autoUv":false
            },
            "up":{
              "texture":"#material",
              "uv":[
                15.0,
                8.0,
                11.0,
                8.999998092651367
              ],
              "autoUv":false,
              "rotation":90
            },
            "down":{
              "texture":"#material",
              "uv":[
                15.0,
                8.999998092651367,
                11.0,
                8.0
              ],
              "autoUv":false,
              "rotation":90
            }
          },
          "children":[]
        }
      ]
    }
  ],
  "groups":[]
}