{
	"editor": {
		"backDropShape": "C:/Users/Jesus/Documents/VintageMod/MyShapes/CHARmod/dwarf-faceless",
		"collapsedPaths": "Root/ArmorUpperTorso",
		"allAngles": false,
		"entityTextureMode": true
	},
	"textureWidth": 64,
	"textureHeight": 64,
	"textureSizes": {
		"iron": [64,64],
		"steel - Copy": [64,64],
		"steel": [64,64],
		"steel2": [64,64],
		"steel3": [64,64],
		"steel4": [64,64],
		"steel5": [64,64],
		"steel6": [64,64],
		"steel7": [64,64],
		"steel8": [64,64],
		"steel9": [64,64],
		"steel10": [64,64],
		"steel11": [64,64],
		"steel12": [64,64],
		"tailored-red": [64,64],
		"gold": [64,64]
	},
	"textures": {
	},
	"elements": [
		{
			"name": "ArmorUpperArmR",
			"stepParentName": "UpperArmR",
			"from": [ -0.2, -0.2, -0.55 ],
			"to": [ 3.1, 6.2, 2.15 ],
			"autoUnwrap": false,
			"uv": [ 47.0, 34.5 ],
			"rotationOrigin": [ -0.2, -0.2, -0.3 ],
			"faces": {
				"north": { "texture": "#forlornhope-damaged", "uv": [ 45.0, 44.0, 48.0, 50.0 ] },
				"east": { "texture": "#forlornhope-damaged", "uv": [ 43.0, 44.0, 45.5, 51.0 ], "autoUv": false },
				"south": { "texture": "#forlornhope-damaged", "uv": [ 50.0, 44.0, 53.0, 50.0 ] },
				"west": { "texture": "#forlornhope-damaged", "uv": [ 48.0, 44.0, 50.5, 50.0 ] },
				"up": { "texture": "#forlornhope-damaged", "uv": [ 45.0, 42.0, 48.0, 44.5 ], "rotation": 180, "autoUv": false },
				"down": { "texture": "#forlornhope-damaged", "uv": [ 48.0, 51.0, 51.0, 53.5 ] }
			}
		},
		{
			"name": "ArmorUpperArmL",
			"stepParentName": "UpperArmL",
			"from": [ -0.2, -0.2, -0.1 ],
			"to": [ 3.2, 6.2, 2.3 ],
			"autoUnwrap": false,
			"uv": [ 33.0, 37.5 ],
			"rotationOrigin": [ -0.2, -0.2, -0.1 ],
			"faces": {
				"north": { "texture": "#forlornhope-damaged", "uv": [ 39.0, 44.0, 42.0, 50.0 ] },
				"east": { "texture": "#forlornhope-damaged", "uv": [ 37.0, 44.0, 39.0, 50.0 ] },
				"south": { "texture": "#forlornhope-damaged", "uv": [ 34.0, 44.0, 37.0, 50.0 ] },
				"west": { "texture": "#forlornhope-damaged", "uv": [ 32.0, 44.0, 34.0, 50.0 ] },
				"up": { "texture": "#forlornhope-damaged", "uv": [ 34.0, 42.0, 37.0, 44.0 ] },
				"down": { "texture": "#forlornhope-damaged", "uv": [ 37.0, 51.0, 40.0, 53.0 ] }
			}
		},
		{
			"name": "ArmorLowerArmL",
			"stepParentName": "LowerArmL",
			"from": [ -0.2, -0.2, -0.3 ],
			"to": [ 2.7, 6.2, 2.3 ],
			"autoUnwrap": false,
			"uv": [ 32.5, 44.5 ],
			"rotationOrigin": [ -0.2, -0.2, -0.3 ],
			"faces": {
				"north": { "texture": "#forlornhope-damaged", "uv": [ 39.5, 53.5, 42.0, 59.5 ] },
				"east": { "texture": "#forlornhope-damaged", "uv": [ 37.0, 53.5, 39.5, 59.5 ] },
				"south": { "texture": "#forlornhope-damaged", "uv": [ 34.5, 53.5, 37.0, 59.5 ] },
				"west": { "texture": "#forlornhope-damaged", "uv": [ 32.0, 53.5, 34.5, 59.5 ] },
				"up": { "texture": "#forlornhope-damaged", "uv": [ 34.5, 51.0, 37.0, 53.5 ] },
				"down": { "texture": "#forlornhope-damaged", "uv": [ 34.5, 61.5, 37.0, 64.0 ] }
			}
		},
		{
			"name": "ArmorUpperTorso",
			"stepParentName": "UpperTorso",
			"from": [ -0.8, -0.4, -0.5 ],
			"to": [ 5.5, 5.6, 6.6 ],
			"autoUnwrap": false,
			"uv": [ 35.0, 0.0 ],
			"rotationOrigin": [ 2.5, 3.6, 3.0 ],
			"rotationX": -3.0,
			"rotationZ": 5.0,
			"faces": {
				"north": { "texture": "#forlornhope-damaged", "uv": [ 38.0, 6.0, 44.0, 11.5 ], "autoUv": false },
				"east": { "texture": "#forlornhope-damaged", "uv": [ 57.0, 6.0, 64.0, 11.5 ], "autoUv": false },
				"south": { "texture": "#forlornhope-damaged", "uv": [ 51.0, 6.0, 57.0, 11.5 ], "autoUv": false },
				"west": { "texture": "#forlornhope-damaged", "uv": [ 44.0, 6.0, 51.0, 11.5 ], "autoUv": false },
				"up": { "texture": "#forlornhope-damaged", "uv": [ 44.0, 0.0, 51.0, 6.0 ], "rotation": 90 },
				"down": { "texture": "#forlornhope-damaged", "uv": [ 51.0, 0.0, 58.0, 6.0 ], "rotation": 270 }
			},
			"children": [
				{
					"name": "ArmorFauldFront",
					"from": [ 0.0, -1.0, 0.1 ],
					"to": [ 0.6, 0.0, 6.9 ],
					"uv": [ 23.5, 12.5 ],
					"rotationOrigin": [ 0.3, 0.0, 3.5 ],
					"rotationZ": -22.5,
					"faces": {
						"north": { "texture": "#forlornhope-damaged", "uv": [ 23.5, 13.0, 24.0, 14.0 ] },
						"east": { "texture": "#forlornhope-damaged", "uv": [ 24.0, 13.0, 30.5, 14.0 ] },
						"south": { "texture": "#forlornhope-damaged", "uv": [ 30.5, 13.0, 31.0, 14.0 ] },
						"west": { "texture": "#forlornhope-damaged", "uv": [ 31.0, 13.0, 37.5, 14.0 ] },
						"down": { "texture": "#forlornhope-damaged", "uv": [ 23.5, 12.5, 30.0, 13.0 ], "rotation": 90 }
					}
				}
			]
		},
		{
			"name": "ArmorLowerTorso",
			"stepParentName": "LowerTorso",
			"from": [ -0.3, -0.5, -0.35 ],
			"to": [ 5.3, 5.1, 6.35 ],
			"autoUnwrap": false,
			"uv": [ 39.5, 8.0 ],
			"rotationOrigin": [ -0.3, -0.5, -0.3 ],
			"faces": {
				"north": { "texture": "#forlornhope-damaged", "uv": [ 38.5, 12.0, 44.0, 17.5 ] },
				"east": { "texture": "#forlornhope-damaged", "uv": [ 56.0, 12.0, 62.5, 17.5 ] },
				"south": { "texture": "#forlornhope-damaged", "uv": [ 50.5, 12.0, 56.0, 17.5 ] },
				"west": { "texture": "#forlornhope-damaged", "uv": [ 44.0, 12.0, 50.5, 17.5 ] },
				"up": { "texture": "#forlornhope-damaged", "uv": [ 44.0, 17.5, 50.5, 23.0 ], "rotation": 90 },
				"down": { "texture": "#forlornhope-damaged", "uv": [ 56.0, 17.5, 62.5, 23.0 ], "rotation": 90 }
			}
		},
		{
			"name": "ArmorLowerArmR",
			"stepParentName": "LowerArmR",
			"from": [ -0.2, -0.3, -0.27 ],
			"to": [ 2.7, 6.1, 2.33 ],
			"autoUnwrap": false,
			"uv": [ 50.5, 40.0 ],
			"rotationOrigin": [ -0.2, -0.3, -0.4 ],
			"faces": {
				"north": { "texture": "#forlornhope-damaged", "uv": [ 45.5, 53.5, 48.0, 59.5 ] },
				"east": { "texture": "#forlornhope-damaged", "uv": [ 43.0, 53.5, 45.5, 59.5 ] },
				"south": { "texture": "#forlornhope-damaged", "uv": [ 50.5, 53.5, 53.0, 59.5 ] },
				"west": { "texture": "#forlornhope-damaged", "uv": [ 48.0, 53.5, 50.5, 59.5 ] },
				"up": { "texture": "#forlornhope-damaged", "uv": [ 45.5, 51.0, 48.0, 53.5 ] },
				"down": { "texture": "#forlornhope-damaged", "uv": [ 45.5, 61.5, 48.0, 64.0 ] }
			},
			"children": [
				{
					"name": "ArmorBracerR",
					"from": [ -0.2, 2.9, -0.4 ],
					"to": [ 3.1, 6.9, 0.9 ],
					"autoUnwrap": false,
					"uv": [ 48.5, 34.5 ],
					"rotationOrigin": [ 1.5, 2.9, -0.4 ],
					"rotationX": -3.0,
					"rotationY": -6.0,
					"faces": {
						"north": { "texture": "#forlornhope-damaged", "uv": [ 42.0, 31.0, 45.0, 35.0 ] },
						"east": { "texture": "#forlornhope-damaged", "uv": [ 41.0, 31.0, 42.0, 35.0 ] },
						"south": { "texture": "#forlornhope-damaged", "uv": [ 46.0, 31.0, 49.0, 35.0 ] },
						"west": { "texture": "#forlornhope-damaged", "uv": [ 45.0, 31.0, 46.0, 35.0 ] },
						"up": { "texture": "#forlornhope-damaged", "uv": [ 42.0, 30.0, 45.0, 31.0 ], "rotation": 180 },
						"down": { "texture": "#forlornhope-damaged", "uv": [ 42.0, 35.0, 45.0, 36.0 ] }
					}
				},
				{
					"name": "ArmorHandR",
					"stepParentName": "LowerArmR",
					"from": [ -0.5, -0.5, -0.8 ],
					"to": [ 3.0, 2.9, 1.0 ],
					"autoUnwrap": false,
					"uv": [ 32.0, 40.0 ],
					"rotationOrigin": [ 1.2, -0.5, -0.8 ],
					"rotationY": 4.0,
					"faces": {
						"north": { "texture": "#forlornhope-damaged", "uv": [ 12.5, 13.0, 16.0, 16.0 ] },
						"east": { "texture": "#forlornhope-damaged", "uv": [ 11.0, 13.0, 12.5, 16.0 ] },
						"south": { "texture": "#forlornhope-damaged", "uv": [ 17.5, 13.0, 21.0, 16.0 ] },
						"west": { "texture": "#forlornhope-damaged", "uv": [ 16.0, 13.0, 17.5, 16.0 ] },
						"up": { "texture": "#forlornhope-damaged", "uv": [ 12.5, 11.5, 16.0, 13.0 ] },
						"down": { "texture": "#forlornhope-damaged", "uv": [ 12.5, 16.0, 16.0, 17.5 ] }
					}
				}
			]
		},
		{
			"name": "ArmorCoatR",
			"stepParentName": "UpperFootR",
			"from": [ -1.0, 1.2, -0.6 ],
			"to": [ 5.2, 7.2, 2.9 ],
			"autoUnwrap": false,
			"uv": [ 26.0, 21.5 ],
			"rotationOrigin": [ -0.7, 1.2, -0.5 ],
			"faces": {
				"north": { "texture": "#forlornhope-damaged", "uv": [ 18.5, 23.0, 24.5, 29.0 ] },
				"east": { "texture": "#forlornhope-damaged", "uv": [ 33.0, 23.0, 36.5, 29.0 ] },
				"south": { "texture": "#forlornhope-damaged", "uv": [ 27.5, 23.0, 33.5, 29.0 ] },
				"west": { "texture": "#forlornhope-damaged", "uv": [ 24.0, 23.0, 27.5, 29.0 ] },
				"up": { "texture": "#forlornhope-damaged", "uv": [ 24.0, 17.5, 27.5, 23.5 ], "rotation": 90 },
				"down": { "texture": "#forlornhope-damaged", "uv": [ 27.5, 19.5, 33.5, 23.0 ] }
			}
		},
		{
			"name": "ArmorCoatL",
			"stepParentName": "UpperFootL",
			"from": [ -1.0, 1.2, 0.4 ],
			"to": [ 5.2, 7.2, 3.9 ],
			"autoUnwrap": false,
			"uv": [ 0.0, 23.0 ],
			"rotationOrigin": [ -0.7, 0.8, -0.1 ],
			"faces": {
				"north": { "texture": "#forlornhope-damaged", "uv": [ 0.0, 23.0, 6.0, 29.0 ] },
				"east": { "texture": "#forlornhope-damaged", "uv": [ 14.5, 23.0, 18.0, 29.0 ] },
				"south": { "texture": "#forlornhope-damaged", "uv": [ 9.0, 23.0, 15.0, 29.0 ] },
				"west": { "texture": "#forlornhope-damaged", "uv": [ 5.5, 23.0, 9.0, 29.0 ] },
				"up": { "texture": "#forlornhope-damaged", "uv": [ 5.5, 17.5, 9.0, 23.5 ], "rotation": 90 },
				"down": { "texture": "#forlornhope-damaged", "uv": [ 9.0, 19.5, 15.0, 23.0 ] }
			}
		}
	]}