[
  {
    "op": "addmerge",
    "path": "/variants",
    "value": [
		{
			"code":  "cr mountains",
			"comment": "Mountains from sea level to maximum world height.",
			"hexcolor": "#79E02E",
			"weight": 5,
			"terrainOctaves":          [1, 0, 0, 1, 0, 0.15, 0.25, 0.015, 0.045],
			"terrainOctaveThresholds": [0, 0, 0, 0.85, 0, 0, 0.95, 0.6, 0.65],
            "terrainYKeyPositions":    [0.430, 1.000],
            "terrainYKeyThresholds":   [1.000, 0.000],
			"mutations": [
				{
					"code":  "cr mountains-mut1",
					"comment": "Mountains from medium world height to maximum world height.",
					"chance": 0.25,
					"hexcolor": "#79E02E",
                    "terrainYKeyPositions":    [0.750, 1.000],
                    "terrainYKeyThresholds":   [1.000, 0.000]
			    },
				{
					"code":  "cr mountains-mut2",
					"comment": "Mountains from sea level to medium world height.",
					"chance": 0.5,
					"hexcolor": "#79E02E",
                    "terrainYKeyPositions":    [0.430, 0.750],
                    "terrainYKeyThresholds":   [1.000, 0.000]
			    },
				{
					"code":  "cr mountains-mut3",
					"comment": "Mountains from below sea level to maximum world height.",
					"chance": 0.25,
					"hexcolor": "#79E02E",
                    "terrainYKeyPositions":    [0.250, 1.000],
                    "terrainYKeyThresholds":   [1.000, 0.000]
			    },
				{
					"code":  "cr mountains-mut4",
					"comment": "Mountains from below sea level to medium world height.",
					"chance": 0.5,
					"hexcolor": "#79E02E",
                    "terrainYKeyPositions":    [0.250, 0.750],
                    "terrainYKeyThresholds":   [1.000, 0.000]
			    },
				{
					"code":  "cr mountains-mut5",
					"comment": "Mountains from deep sea level to maximum world height.",
					"chance": 0.5,
					"hexcolor": "#79E02E",
                    "terrainYKeyPositions":    [1.000],
                    "terrainYKeyThresholds":   [0.000]
			    },
				{
					"code":  "cr mountains-mut6",
					"comment": "Mountains from deep sea level to medium world height.",
					"chance": 0.75,
					"hexcolor": "#79E02E",
                    "terrainYKeyPositions":    [0.750],
                    "terrainYKeyThresholds":   [0.000]
			    }
			]
		},
		{
			"code":  "cr foothills",
			"comment": "Foothills from slightly above sea level to medium world height.",
			"hexcolor": "#79E02E",
			"weight": 20,
			"terrainOctaves":          [0, 0, 0.5, 0.05, 0.5, 1, 0.65, 0.06, 0.075],
			"terrainOctaveThresholds": [0, 0, 0, 0, 0, 0.05, 0.7, 0.5, 0],
			"terrainYKeyPositions":    [0.453, 0.704],
            "terrainYKeyThresholds":   [1.000, 0.000],
			"mutations": [
				{
					"code":  "cr foothills-mut1",
					"comment": "Foothills from slightly above sea level to medium world height. (Small height increase.)",
					"chance": 0.5,
					"hexcolor": "#79E02E",
                    "terrainYKeyPositions":    [0.453, 0.740],
                    "terrainYKeyThresholds":   [1.000, 0.000]
			    }
			]
		},
		{
			"code":  "cr hills",
			"comment": "Hills from slightly above sea level to slightly below medium world height.",
			"hexcolor": "#79E02E",
			"weight": 10,
			"terrainOctaves":          [0, 0, 0.5, 1, 0.5, 0.25, 0.124, 0.076, 0.02],
			"terrainOctaveThresholds": [0, 0, 0, 0, 0, 0, 0, 0, 0],
            "terrainYKeyPositions":    [0.453, 0.544, 0.634],
            "terrainYKeyThresholds":   [1.000, 0.226, 0.000],
			"mutations": [
				{
					"code":  "cr hills-mut1",
					"comment": "Hills from slightly above sea level to slightly below medium world height. (Slight height increase.)",
					"chance": 0.5,
					"hexcolor": "#79E02E",
                    "terrainYKeyPositions":    [0.453, 0.594, 0.655],
                    "terrainYKeyThresholds":   [1.000, 0.188, 0.000]
			    }
			]
		},
		{
			"code":  "cr smallhills",
			"comment": "Small hills from slightly below sea level to low world height.",
			"hexcolor": "#79E02E",
			"weight": 8,
			"terrainOctaves":          [0, 0, 0.5, 1, 0.5, 0.25, 0.124, 0.075, 0.015],
			"terrainOctaveThresholds": [0, 0, 0, 0, 0, 0, 0, 0, 0],
            "terrainYKeyPositions":    [0.420, 0.467, 0.515],
            "terrainYKeyThresholds":   [1.000, 0.187, 0.000],
			"mutations": [
				{
					"code":  "cr smallhills-mut1",
					"comment": "Small hills from slightly above sea level to low world height.",
					"chance": 0.5,
					"hexcolor": "#79E02E",
					"terrainYKeyPositions":    [0.453, 0.507, 0.555],
                    "terrainYKeyThresholds":   [1.000, 0.177, 0.000]
			    }
			]
		},
		{
			"code":  "cr plains",
			"comment": "Plains from slightly below sea level to low world height.",
			"hexcolor": "#79E02E",
			"weight": 7,
			"terrainOctaves":          [0, 0, 0.5, 1, 0.5, 0.25, 0.124, 0.075, 0.015],
			"terrainOctaveThresholds": [0, 0, 0, 0, 0, 0, 0, 0, 0],
            "terrainYKeyPositions":    [0.420, 0.444, 0.485],
            "terrainYKeyThresholds":   [1.000, 0.200, 0.000],
			"mutations": [
				{
					"code":  "cr plains-mut1",
					"comment": "Plains from slightly above sea level to low world height.",
					"chance": 0.5,
					"hexcolor": "#79E02E",
                    "terrainYKeyPositions":    [0.440, 0.464, 0.528],
                    "terrainYKeyThresholds":   [1.000, 0.263, 0.000]

			    }
			]
		},
		{
			"code":  "cr lake",
			"comment": "Large lake from slightly below water level to low world height.",
			"hexcolor": "#79E02E",
			"weight": 1.5,
			"minTemp": 0,
			"maxTemp": 50,
			"useClimateMap": true,
			"terrainOctaves":          [0, 0, 0.5, 1, 0.5, 0.25, 0.124, 0.075, 0.015],
			"terrainOctaveThresholds": [0, 0, 0, 0, 0, 0, 0, 0, 0],
            "terrainYKeyPositions":    [0.378, 0.400, 0.425, 0.442, 0.517],
            "terrainYKeyThresholds":   [1.000, 0.856, 0.320, 0.207, 0.000]
		},
		{
			"code":  "cr lake1",
			"comment": "Small lake from slightly below water level to low world height.",
			"hexcolor": "#79E02E",
			"weight": 0.5,
			"minTemp": 0,
			"maxTemp": 50,
			"useClimateMap": true,
			"terrainOctaves":          [0, 0, 0.5, 1, 0.5, 0.25, 0.124, 0.075, 0.015],
			"terrainOctaveThresholds": [0, 0, 0, 0, 0, 0, 0, 0, 0],
            "terrainYKeyPositions":    [0.378, 0.400, 0.429, 0.440, 0.457, 0.512],
            "terrainYKeyThresholds":   [1.000, 0.856, 0.544, 0.283, 0.178, 0.000]
		},
		{
			"code":  "cr island",
			"comment": "Island from below sea level to low world height.",
			"hexcolor": "#79E02E",
			"weight": 5,
			"terrainOctaves":          [0, 0, 0.5, 1, 0.5, 0.25, 0.124, 0.076, 0.03],
			"terrainOctaveThresholds": [0, 0, 0, 0, 0, 0, 0, 0, 0],
            "terrainYKeyPositions":    [0.152, 0.312, 0.425, 0.442, 0.517],
            "terrainYKeyThresholds":   [1.000, 0.768, 0.320, 0.207, 0.000],
			"mutations": [
				{
					"code":  "cr island-mut1",
					"comment": "Island from below sea level to low world height. (Larger beaches)",
					"chance": 0.25,
					"hexcolor": "#79E02E",
                    "terrainYKeyPositions":    [0.135, 0.295, 0.430, 0.439, 0.500],
                    "terrainYKeyThresholds":   [1.000, 0.768, 0.412, 0.207, 0.000]
			    },
				{
					"code":  "cr island-mut2",
					"comment": "Island from below sea level to low world height. (Larger beaches with flat top.)",
					"chance": 0.25,
					"hexcolor": "#79E02E",
                    "terrainYKeyPositions":    [0.118, 0.278, 0.430, 0.437, 0.479, 0.484],
                    "terrainYKeyThresholds":   [1.000, 0.768, 0.427, 0.212, 0.067, 0.000]
			    }
			]
		},
		{
			"code":  "cr cliffs",
			"comment": "Double stepped cliff at medium world height.",
			"hexcolor": "#79E02E",
			"weight": 2,
			"terrainOctaves":          [0, 0, 0.5, 0.25, 0.5, 0.15, 0.25, 0.085, 0.28],
			"terrainOctaveThresholds": [0, 0, 0, 0, 0, 0, 0, 0, 0.09],
            "terrainYKeyPositions":    [0.549, 0.596, 0.622, 0.641, 0.667, 0.684, 0.688],
            "terrainYKeyThresholds":   [1.000, 0.054, 0.055, 0.040, 0.032, 0.012, 0.000]
		},
		{
			"code":  "cr cliffs1",
			"comment": "Single step cliff at medium world height.",
			"hexcolor": "#79E02E",
			"weight": 3,
			"terrainOctaves":          [0, 0, 0.5, 0.25, 0.5, 0.15, 0.25, 0.085, 0.28],
			"terrainOctaveThresholds": [0, 0, 0, 0, 0, 0, 0, 0, 0.09],
            "terrainYKeyPositions":    [0.518, 0.579, 0.600, 0.628, 0.642, 0.670, 0.674],
            "terrainYKeyThresholds":   [0.999, 0.072, 0.052, 0.048, 0.017, 0.015, 0.000]
		},
		{
			"code":  "cr cliffs2",
			"comment": "Single step cliff at medium world height. (Slight height reduction.)",
			"hexcolor": "#79E02E",
			"weight": 4,
			"terrainOctaves":          [0, 0, 0.5, 0.25, 0.5, 0.15, 0.25, 0.085, 0.28],
			"terrainOctaveThresholds": [0, 0, 0, 0, 0, 0, 0, 0, 0.09],
            "terrainYKeyPositions":    [0.490, 0.594, 0.632, 0.647, 0.651],
            "terrainYKeyThresholds":   [1.000, 0.050, 0.038, 0.015, 0.000]
		},
		{
			"code":  "cr cliffs3",
			"comment": "Quad stepped cliffs from sea level to medium world height.",
			"hexcolor": "#79E02E",
			"weight": 4,
			"terrainOctaves":          [0, 0, 0.5, 0.25, 0.5, 0.15, 0.25, 0.085, 0.28],
			"terrainOctaveThresholds": [0, 0, 0, 0, 0, 0, 0, 0, 0.09],
            "terrainYKeyPositions":    [0.430, 0.525, 0.544, 0.570, 0.590, 0.629, 0.654, 0.684, 0.694, 0.724, 0.728],
            "terrainYKeyThresholds":   [1.000, 0.190, 0.155, 0.148, 0.103, 0.097, 0.067, 0.060, 0.030, 0.023, 0.000]
		},
		{
			"code":  "cr cliffs4",
			"comment": "Three step cliffs from below sea level to medium world height.",
			"hexcolor": "#79E02E",
			"weight": 4,
			"terrainOctaves":          [0, 0, 0.5, 0.25, 0.5, 0.15, 0.25, 0.085, 0.28],
			"terrainOctaveThresholds": [0, 0, 0, 0, 0, 0, 0, 0, 0.09],
            "terrainYKeyPositions":    [0.250, 0.479, 0.505, 0.545, 0.569, 0.619, 0.659, 0.697, 0.702],
            "terrainYKeyThresholds":   [1.000, 0.120, 0.090, 0.090, 0.060, 0.055, 0.022, 0.022, 0.000]
		},
		{
			"code":  "cr cliffs5",
			"comment": "Double stepped cliff from deep sea level to medium world height.",
			"hexcolor": "#79E02E",
			"weight": 4,
			"terrainOctaves":          [0, 0, 0.5, 0.25, 0.5, 0.15, 0.25, 0.085, 0.28],
			"terrainOctaveThresholds": [0, 0, 0, 0, 0, 0, 0, 0, 0.09],
            "terrainYKeyPositions":    [0.515, 0.550, 0.599, 0.627, 0.694, 0.698],
            "terrainYKeyThresholds":   [0.088, 0.065, 0.070, 0.028, 0.027, 0.000]
		},
		{
			"code":  "cr roughcliffs",
			"comment": "Double stepped rough cliffs at medium world height.",
			"hexcolor": "#79E02E",
			"weight": 1.25,
			"terrainOctaves":          [0, 0, 0.5, 0.25, 1, 0.5, 0.25, 0.0825, 0.24],
			"terrainOctaveThresholds": [0, 0, 0, 0, 0, 0, 0, 0.12, 0.09],
            "terrainYKeyPositions":    [0.632, 0.679, 0.705, 0.724, 0.750, 0.767, 0.797],
            "terrainYKeyThresholds":   [1.000, 0.054, 0.055, 0.040, 0.032, 0.012, 0.000]
		},
		{
			"code":  "cr roughcliffs1",
			"comment": "Single stepped rough cliffs at medium world height.",
			"hexcolor": "#79E02E",
			"weight": 1.3,
			"terrainOctaves":          [0, 0, 0.5, 0.25, 1, 0.5, 0.25, 0.0825, 0.24],
			"terrainOctaveThresholds": [0, 0, 0, 0, 0, 0, 0, 0, 0.12, 0.09],
            "terrainYKeyPositions":    [0.585, 0.646, 0.667, 0.695, 0.709, 0.737, 0.764],
            "terrainYKeyThresholds":   [1.000, 0.072, 0.052, 0.048, 0.017, 0.015, 0.000]
		},
		{
			"code":  "cr roughcliffs2",
			"comment": "Single stepped rough cliffs at medium world height. (Slight height reduction.)",
			"hexcolor": "#79E02E",
			"weight": 2.25,
			"terrainOctaves":          [0, 0, 0.5, 0.25, 1, 0.5, 0.25, 0.0825, 0.24],
			"terrainOctaveThresholds": [0, 0, 0, 0, 0, 0, 0, 0, 0.12, 0.09],
            "terrainYKeyPositions":    [0.540, 0.644, 0.682, 0.697, 0.731],
            "terrainYKeyThresholds":   [1.000, 0.050, 0.038, 0.015, 0.000]
		},
		{
			"code":  "cr roughcliffs3",
			"comment": "Quad stepped rough cliffs from sea level to medium world height.",
			"hexcolor": "#79E02E",
			"weight": 2.5,
			"terrainOctaves":          [0, 0, 0.5, 0.25, 1, 0.5, 0.25, 0.0825, 0.24],
			"terrainOctaveThresholds": [0, 0, 0, 0, 0, 0, 0, 0.12, 0.09],
            "terrainYKeyPositions":    [0.430, 0.525, 0.544, 0.570, 0.590, 0.629, 0.654, 0.684, 0.694, 0.724, 0.750],
            "terrainYKeyThresholds":   [1.000, 0.190, 0.155, 0.148, 0.103, 0.097, 0.067, 0.060, 0.030, 0.023, 0.000]
		},
		{
			"code":  "cr roughcliffs4",
			"comment": "Tri-stepped rough cliffs from below sea level to medium world height.",
			"hexcolor": "#79E02E",
			"weight": 2.5,
			"terrainOctaves":          [0, 0, 0.5, 0.25, 1, 0.5, 0.25, 0.0825, 0.24],
			"terrainOctaveThresholds": [0, 0, 0, 0, 0, 0, 0, 0.12, 0.09],
            "terrainYKeyPositions":    [0.250, 0.479, 0.505, 0.545, 0.569, 0.619, 0.659, 0.697, 0.750],
            "terrainYKeyThresholds":   [1.000, 0.120, 0.090, 0.090, 0.060, 0.055, 0.022, 0.022, 0.000]
		},
		{
			"code":  "cr roughcliffs5",
			"comment": "Double stepped rough cliffs from deep sea level to medium world height.",
			"hexcolor": "#79E02E",
			"weight": 2.5,
			"terrainOctaves":          [0, 0, 0.5, 0.25, 1, 0.5, 0.25, 0.0825, 0.24],
			"terrainOctaveThresholds": [0, 0, 0, 0, 0, 0, 0, 0.12, 0.09],
            "terrainYKeyPositions":    [0.515, 0.550, 0.599, 0.627, 0.694, 0.750],
            "terrainYKeyThresholds":   [0.088, 0.065, 0.070, 0.028, 0.027, 0.000]
		},
		{
			"code":  "cr canyon",
			"comment": "Dual stepped canyons from medium world height to near max height.",
			"hexcolor": "#79E02E",
			"weight": 2.5,
		    "minTemp": 20,
			"minRain": 0,
			"maxRain": 80,
			"useClimateMap": true,
			"terrainOctaves":          [0, 0, 0.5, 0.25, 1, 0.5, 0.25, 0.085, 0.1],
			"terrainOctaveThresholds": [0, 0, 0, 0, 0, 0, 0, 0, 0],
            "terrainYKeyPositions":    [0.632, 0.678, 0.709, 0.742, 0.749, 0.803, 0.810, 0.832, 0.845],
            "terrainYKeyThresholds":   [1.000, 0.259, 0.211, 0.207, 0.175, 0.167, 0.127, 0.093, 0.000]
		},
		{
			"code":  "cr canyon1",
			"comment": "Dual stepped canyons from medium world height to near max height. (Steeper steps.)",
			"hexcolor": "#79E02E",
			"weight": 2.5,
		    "minTemp": 20,
			"minRain": 0,
			"maxRain": 80,
			"useClimateMap": true,
			"terrainOctaves":          [0, 0, 0.5, 0.25, 1, 0.5, 0.25, 0.085, 0.1],
			"terrainOctaveThresholds": [0, 0, 0, 0, 0, 0, 0, 0, 0],
            "terrainYKeyPositions":    [0.632, 0.678, 0.709, 0.713, 0.761, 0.772, 0.798, 0.803, 0.835, 0.845, 0.850],
            "terrainYKeyThresholds":   [1.000, 0.281, 0.211, 0.182, 0.180, 0.157, 0.154, 0.122, 0.118, 0.057, 0.000]
		},
		{
			"code":  "cr canyon2",
			"comment": "Tri-stepped canyons from medium world height to near max height.",
			"hexcolor": "#79E02E",
			"weight": 2.5,
		    "minTemp": 20,
			"minRain": 0,
			"maxRain": 80,
			"useClimateMap": true,
			"terrainOctaves":          [0, 0, 0.5, 0.25, 1, 0.5, 0.25, 0.085, 0.1],
			"terrainOctaveThresholds": [0, 0, 0, 0, 0, 0, 0, 0, 0],
            "terrainYKeyPositions":    [0.632, 0.678, 0.695, 0.714, 0.719, 0.740, 0.764, 0.792, 0.800, 0.820, 0.827, 0.845, 0.850],
            "terrainYKeyThresholds":   [1.000, 0.281, 0.255, 0.253, 0.231, 0.197, 0.193, 0.162, 0.137, 0.130, 0.103, 0.092, 0.000]
		},
		{
			"code":  "cr canyon3",
			"comment": "Dual stepped canyons from medium world height to near max height. (Slight height reduction.)",
			"hexcolor": "#79E02E",
			"weight": 2.5,
		    "minTemp": 20,
			"minRain": 0,
			"maxRain": 80,
			"useClimateMap": true,
			"terrainOctaves":          [0, 0, 0.5, 0.25, 1, 0.5, 0.25, 0.085, 0.1],
			"terrainOctaveThresholds": [0, 0, 0, 0, 0, 0, 0, 0, 0],
            "terrainYKeyPositions":    [0.599, 0.637, 0.668, 0.709, 0.728, 0.749, 0.757, 0.799, 0.829],
            "terrainYKeyThresholds":   [1.000, 0.279, 0.216, 0.207, 0.183, 0.160, 0.122, 0.093, 0.000]
		},
		{
			"code":  "cr canyon4",
			"comment": "Single step canyons from medium world height to near max height. (Slight height reduction.)",
			"hexcolor": "#79E02E",
			"weight": 2.5,
		    "minTemp": 20,
			"minRain": 0,
			"maxRain": 80,
			"useClimateMap": true,
			"terrainOctaves":          [0, 0, 0.5, 0.25, 1, 0.5, 0.25, 0.085, 0.1],
			"terrainOctaveThresholds": [0, 0, 0, 0, 0, 0, 0, 0, 0],
            "terrainYKeyPositions":    [0.599, 0.635, 0.658, 0.697, 0.714, 0.736, 0.760, 0.770, 0.806, 0.817],
            "terrainYKeyThresholds":   [1.000, 0.308, 0.226, 0.204, 0.183, 0.180, 0.142, 0.122, 0.111, 0.000]
		},
		{
			"code":  "cr canyon5",
			"comment": "Tri-stepped canyons from medium world height to near max height. (Slight height reduction.)",
			"hexcolor": "#79E02E",
			"weight": 2.5,
		    "minTemp": 20,
			"minRain": 0,
			"maxRain": 80,
			"useClimateMap": true,
			"terrainOctaves":          [0, 0, 0.5, 0.25, 1, 0.5, 0.25, 0.085, 0.1],
			"terrainOctaveThresholds": [0, 0, 0, 0, 0, 0, 0, 0, 0],
            "terrainYKeyPositions":    [0.599, 0.637, 0.657, 0.681, 0.686, 0.699, 0.731, 0.735, 0.759, 0.767, 0.780, 0.812, 0.817],
            "terrainYKeyThresholds":   [1.000, 0.288, 0.255, 0.253, 0.231, 0.201, 0.193, 0.173, 0.162, 0.137, 0.106, 0.092, 0.000]
		},
		{
			"code":  "cr canyon6",
			"comment": "Double stepped canyons from medium world height to near max height. (Slight height reduction.)",
			"hexcolor": "#79E02E",
			"weight": 2.5,
		    "minTemp": 20,
			"minRain": 0,
			"maxRain": 80,
			"useClimateMap": true,
			"terrainOctaves":          [0, 0, 0.5, 0.25, 1, 0.5, 0.25, 0.085, 0.1],
			"terrainOctaveThresholds": [0, 0, 0, 0, 0, 0, 0, 0, 0],
            "terrainYKeyPositions":    [0.562, 0.595, 0.612, 0.635, 0.661, 0.691, 0.716, 0.749, 0.754, 0.779, 0.791],
            "terrainYKeyThresholds":   [1.000, 0.336, 0.242, 0.194, 0.190, 0.150, 0.143, 0.142, 0.106, 0.092, 0.000]
		},
		{
			"code":  "cr canyon7",
			"comment": "Tri-stepped canyons from medium world height to near max height. (Slight height reduction.)",
			"hexcolor": "#79E02E",
			"weight": 2.5,
		    "minTemp": 20,
			"minRain": 0,
			"maxRain": 80,
			"useClimateMap": true,
			"terrainOctaves":          [0, 0, 0.5, 0.25, 1, 0.5, 0.25, 0.085, 0.1],
			"terrainOctaveThresholds": [0, 0, 0, 0, 0, 0, 0, 0, 0],
            "terrainYKeyPositions":    [0.564, 0.612, 0.630, 0.661, 0.680, 0.703, 0.708, 0.734, 0.744, 0.761, 0.766, 0.781, 0.789],
            "terrainYKeyThresholds":   [1.000, 0.264, 0.201, 0.194, 0.167, 0.163, 0.140, 0.132, 0.102, 0.101, 0.058, 0.032, 0.000]
		},
		{
			"code":  "cr canyon8",
			"comment": "Quad stepped canyons from medium world height to near max height.",
			"hexcolor": "#79E02E",
			"weight": 2.5,
		    "minTemp": 20,
			"minRain": 0,
			"maxRain": 80,
			"useClimateMap": true,
			"terrainOctaves":          [0, 0, 0.5, 0.25, 1, 0.5, 0.25, 0.085, 0.1],
			"terrainOctaveThresholds": [0, 0, 0, 0, 0, 0, 0, 0, 0],
            "terrainYKeyPositions":    [0.562, 0.612, 0.629, 0.648, 0.658, 0.669, 0.674, 0.698, 0.704, 0.709, 0.759, 0.764, 0.779, 0.784],
            "terrainYKeyThresholds":   [1.000, 0.264, 0.238, 0.236, 0.206, 0.204, 0.180, 0.176, 0.153, 0.122, 0.113, 0.089, 0.075, 0.000]
		},
		{
			"code":  "cr dunes",
			"comment": "Dunes from above sea level to below medium world height.",
			"hexcolor": "#79E02E",
			"weight": 2500,
		    "minTemp": 24,
			"maxRain": 15,
			"maxFert": 5,
			"maxForest": 5,
			"useClimateMap": true,
			"terrainOctaves":          [0, 0, 0, 0, 1, 0.25, 0.2, 0.025, 0.0085],
			"terrainOctaveThresholds": [0, 0, 0, 0, 0, 0, 0, 0, 0],
            "terrainYKeyPositions":    [0.488, 0.535, 0.630],
            "terrainYKeyThresholds":   [1.000, 0.456, 0.000]
		},
		{
			"code":  "cr pillars",
			"comment": "Dual stepped pillars from slightly above sea level to slightly below medium world height.",
			"hexcolor": "#79E02E",
			"weight": 15,
		    "minTemp": 27,
			"minRain": 185,
			"minFert": 160,
			"minForest": 160,
			"useClimateMap": true,
			"terrainOctaves":          [0, 0, 0.5, 0.85, 0.15, 0, 1, 1, 0.25],
			"terrainOctaveThresholds": [0, 0, 0, 0, 0, 0, 0, 0.5, 0.025],
            "terrainYKeyPositions":    [0.449, 0.495, 0.526, 0.559, 0.566, 0.620, 0.627, 0.649, 0.662],
            "terrainYKeyThresholds":   [1.000, 0.259, 0.211, 0.207, 0.175, 0.167, 0.127, 0.093, 0.000]
		},
		{
			"code":  "cr crevasse",
			"comment": "Crevasses from slightly below sea level to slightly below medium world height.",
			"hexcolor": "#79E02E",
			"weight": 20000,
			"minTemp": -20,
			"maxTemp": -19.5,
			"useClimateMap": true,
			"terrainOctaves":          [0, 0, 0, 0, 0.25, 0.5, 1, 0.2, 0.2],
			"terrainOctaveThresholds": [0, 0, 0, 0, 0, 0, 0.001, 0.025, 0.05],
            "terrainYKeyPositions":    [0.393, 0.426, 0.478, 0.495, 0.502],
            "terrainYKeyThresholds":   [1.000, 0.784, 0.772, 0.627, 0.000]
		}],
        "file": "game:worldgen/landforms.json",
        "side": "server"
    }
]