{
	"editor": {
		"collapsedPaths": "",
		"allAngles": true,
		"entityTextureMode": true
	},
	"textureWidth": 32,
	"textureHeight": 32,
	"textureSizes": {
		"yak01": [32,32]
	},
	"textures": {
	},
	"elements": [
		{
			"name": "Body",
			"from": [ 7.0, 7.5, 4.25 ],
			"to": [ 14.5, 13.75, 12.0625 ],
			"unwrapRotation": 1,
			"uv": [ -0.12, -0.0833 ],
			"rotationOrigin": [ 14.5, 7.5, 8.25 ],
			"rotationZ": -3.0,
			"faces": {
				"north": { "texture": "#yak01", "uv": [ 0.0, 6.0, 6.0, 11.0 ], "autoUv": false },
				"east": { "texture": "#yak01", "uv": [ 6.0, 6.0, 12.25, 11.0 ], "autoUv": false, "windMode": [-1,-1,-1,-1] },
				"south": { "texture": "#yak01", "uv": [ 12.25, 6.0, 18.25, 11.0 ], "autoUv": false },
				"west": { "texture": "#yak01", "uv": [ 17.0, 0.0, 23.25, 5.0 ], "autoUv": false, "windMode": [-1,-1,-1,-1] },
				"up": { "texture": "#yak01", "uv": [ 0.0, 0.0, 6.25, 6.0 ], "rotation": 270, "autoUv": false },
				"down": { "texture": "#yak01", "uv": [ 6.5, 0.0, 12.75, 6.0 ], "rotation": 270, "autoUv": false }
			},
			"children": [
				{
					"name": "BootEdge",
					"from": [ 5.0, 1.5, 0.25 ],
					"to": [ 10.0, 6.0, 7.5 ],
					"unwrapMode": 2,
					"uv": [ -0.12, -0.08 ],
					"rotationOrigin": [ 12.5, 1.5, 3.25 ],
					"faces": {
						"north": { "texture": "#yak01", "uv": [ 9.75, 4.0, 13.75, 7.5 ], "autoUv": false },
						"east": { "texture": "#yak01", "uv": [ 4.0, 4.0, 9.75, 7.5 ], "autoUv": false, "windMode": [-1,-1,-1,-1] },
						"south": { "texture": "#yak01", "uv": [ 0.0, 4.0, 4.0, 7.5 ], "autoUv": false },
						"up": { "texture": "#yak01", "uv": [ 4.0, 0.0, 9.5, 4.0 ], "rotation": 270, "autoUv": false }
					}
				},
				{
					"name": "Fur_edge3",
					"from": [ 3.75, -2.25, -0.125 ],
					"to": [ 10.0, 4.0, 8.0 ],
					"unwrapMode": 2,
					"autoUnwrap": false,
					"uv": [ -0.12, 15.7533 ],
					"rotationOrigin": [ 11.25, -2.25, 3.5 ],
					"rotationZ": 6.0,
					"faces": {
						"north": { "texture": "#yak01", "uv": [ 0.0, 27.0, 5.0, 32.0 ], "autoUv": false },
						"east": { "texture": "#yak01", "uv": [ 5.75, 27.0, 12.25, 32.0 ], "autoUv": false, "windMode": [-1,-1,-1,-1] },
						"south": { "texture": "#yak01", "uv": [ 6.5, 27.0, 11.5, 32.0 ], "autoUv": false },
						"west": { "texture": "#yak01", "uv": [ 5.75, 27.0, 12.25, 32.0 ], "autoUv": false, "windMode": [-1,-1,-1,-1] },
						"up": { "texture": "#yak01", "uv": [ 22.0, 22.0, 28.5, 27.0 ], "rotation": 270, "autoUv": false }
					}
				},
				{
					"name": "Fur_edge4",
					"from": [ -3.75, -3.5, -0.25 ],
					"to": [ 3.75, 2.75, 7.875 ],
					"unwrapMode": 2,
					"autoUnwrap": false,
					"uv": [ -0.12, 15.7533 ],
					"rotationOrigin": [ 3.75, -3.5, 3.125 ],
					"faces": {
						"north": { "texture": "#yak01", "uv": [ 0.0, 27.0, 6.0, 32.0 ], "autoUv": false },
						"east": { "texture": "#yak01", "uv": [ 5.75, 26.8333, 12.25, 31.8333 ], "autoUv": false, "windMode": [-1,-1,-1,-1] },
						"south": { "texture": "#yak01", "uv": [ 3.75, 27.0, 9.75, 32.0 ], "autoUv": false },
						"west": { "texture": "#yak01", "uv": [ 0.0, 27.0, 6.5, 32.0 ], "autoUv": false, "windMode": [-1,-1,-1,-1] },
						"up": { "texture": "#yak01", "uv": [ 18.5, 24.5, 25.0, 30.5 ], "rotation": 270, "autoUv": false }
					}
				},
				{
					"name": "Chunk1",
					"from": [ -10.375, 4.75, 0.5625 ],
					"to": [ -2.875, 9.125, 7.4375 ],
					"unwrapMode": 2,
					"uv": [ -0.12, -0.08 ],
					"rotationOrigin": [ -2.875, 4.75, 4.25 ],
					"rotationZ": 28.0,
					"faces": {
						"north": { "texture": "#yak01", "uv": [ 11.5, 6.0, 17.5, 9.5 ], "autoUv": false },
						"east": { "texture": "#yak01", "uv": [ 6.0, 6.0, 11.5, 9.5 ], "autoUv": false, "windMode": [-1,-1,-1,-1] },
						"south": { "texture": "#yak01", "uv": [ 0.0, 6.0, 6.0, 9.5 ], "autoUv": false },
						"west": { "texture": "#yak01", "uv": [ 17.5, 6.0, 23.0, 9.5 ], "autoUv": false, "windMode": [-1,-1,-1,-1] },
						"up": { "texture": "#yak01", "uv": [ 6.0, 0.0, 11.5, 6.0 ], "rotation": 270, "autoUv": false }
					},
					"children": [
						{
							"name": "Chunk2",
							"from": [ 2.25, -4.0, -0.15 ],
							"to": [ 11.0, 0.375, 7.0375 ],
							"unwrapMode": 6,
							"unwrapRotation": 1,
							"autoUnwrap": false,
							"uv": [ -0.12, -0.08 ],
							"rotationOrigin": [ 9.75, -4.0, 3.5625 ],
							"rotationZ": -44.0,
							"faces": {
								"north": { "texture": "#yak01", "uv": [ 0.0, 3.5, 3.5, 10.5 ], "rotation": 90, "autoUv": false },
								"east": { "texture": "#yak01", "uv": [ 12.5, 0.0, 18.25, 3.5 ], "rotation": 180, "autoUv": false, "windMode": [-1,-1,-1,-1] },
								"south": { "texture": "#yak01", "uv": [ 3.5, 3.5, 7.0, 10.5 ], "rotation": 270, "autoUv": false },
								"west": { "texture": "#yak01", "uv": [ 3.5, 0.0, 9.25, 3.5 ], "autoUv": false, "windMode": [-1,-1,-1,-1] },
								"up": { "texture": "#yak01", "uv": [ 7.0, 3.5, 12.75, 10.5 ], "rotation": 270, "autoUv": false }
							}
						}
					]
				},
				{
					"name": "Fur_edge7",
					"from": [ -6.25, -3.5, -0.125 ],
					"to": [ 1.25, 2.75, 8.0 ],
					"unwrapMode": 2,
					"autoUnwrap": false,
					"uv": [ -0.12, 15.7533 ],
					"rotationOrigin": [ 1.25, -3.5, 3.5 ],
					"rotationZ": 6.0,
					"faces": {
						"north": { "texture": "#yak01", "uv": [ 1.0, 26.0, 7.0, 31.0 ], "autoUv": false },
						"east": { "texture": "#yak01", "uv": [ 3.75, 26.3333, 10.25, 31.3333 ], "autoUv": false, "windMode": [-1,-1,-1,-1] },
						"south": { "texture": "#yak01", "uv": [ 1.25, 26.0, 7.25, 31.0 ], "autoUv": false },
						"west": { "texture": "#yak01", "uv": [ 3.25, 26.0, 9.75, 31.0 ], "autoUv": false, "windMode": [-1,-1,-1,-1] },
						"up": { "texture": "#yak01", "uv": [ 22.0, 22.0, 28.5, 28.0 ], "rotation": 270, "autoUv": false }
					}
				},
				{
					"name": "Neck1",
					"from": [ -11.25, -0.125, 1.25 ],
					"to": [ -5.625, 3.625, 6.25 ],
					"uv": [ 2.25, 0.5 ],
					"rotationOrigin": [ -11.25, -0.125, 3.75 ],
					"faces": {
						"north": { "texture": "#yak01", "uv": [ 2.25, 4.5, 6.75, 7.5 ], "autoUv": false },
						"east": { "texture": "#yak01", "uv": [ 6.75, 4.5, 10.75, 7.5 ], "autoUv": false },
						"south": { "texture": "#yak01", "uv": [ 10.75, 4.5, 15.25, 7.5 ], "autoUv": false },
						"west": { "texture": "#yak01", "uv": [ 15.25, 4.5, 19.25, 7.5 ], "autoUv": false },
						"up": { "texture": "#yak01", "uv": [ 2.25, 0.5, 6.75, 4.5 ], "autoUv": false },
						"down": { "texture": "#yak01", "uv": [ 6.75, 0.5, 11.25, 4.5 ], "autoUv": false }
					},
					"children": [
						{
							"name": "Neck2",
							"from": [ 0.0, 2.5, -0.25 ],
							"to": [ 3.75, 6.25, 5.25 ],
							"uv": [ 0.0, 21.8333 ],
							"rotationOrigin": [ 5.0, 2.5, 2.25 ],
							"rotationZ": 14.0,
							"faces": {
								"north": { "texture": "#yak01", "uv": [ 0.0, 26.1667, 3.0, 29.1667 ], "autoUv": false },
								"east": { "texture": "#yak01", "uv": [ 3.0, 26.1667, 7.25, 29.1667 ], "autoUv": false },
								"south": { "texture": "#yak01", "uv": [ 7.25, 26.1667, 10.25, 29.1667 ], "autoUv": false },
								"west": { "texture": "#yak01", "uv": [ 10.25, 26.1667, 14.5, 29.1667 ], "autoUv": false },
								"up": { "texture": "#yak01", "uv": [ 0.0, 21.8333, 3.0, 26.1667 ], "autoUv": false },
								"down": { "texture": "#yak01", "uv": [ 3.0, 21.8333, 6.0, 26.1667 ], "autoUv": false }
							},
							"children": [
								{
									"name": "Head",
									"from": [ -2.6, -0.6081, 1.0 ],
									"to": [ 1.15, 3.1419, 4.75 ],
									"unwrapMode": 4,
									"autoUnwrap": false,
									"uv": [ 19.5, 9.82 ],
									"rotationOrigin": [ -0.375, 0.0, 3.125 ],
									"rotationZ": -11.0,
									"faces": {
										"north": { "texture": "#yak01", "uv": [ 19.5, 12.8333, 22.5, 15.8333 ], "autoUv": false, "windMode": [-1,-1,-1,-1] },
										"east": { "texture": "#yak01", "uv": [ 28.5, 12.8333, 31.5, 15.8333 ], "autoUv": false },
										"south": { "texture": "#yak01", "uv": [ 25.5, 12.8333, 28.5, 15.8333 ], "autoUv": false },
										"west": { "texture": "#yak01", "uv": [ 22.5, 12.8333, 25.5, 15.8333 ], "autoUv": false },
										"up": { "texture": "#yak01", "uv": [ 22.5, 10.0, 25.5, 13.0 ], "rotation": 90, "autoUv": false },
										"down": { "texture": "#yak01", "uv": [ 25.5, 10.0, 28.5, 13.0 ], "rotation": 90, "autoUv": false }
									},
									"children": [
										{
											"name": "Face1",
											"from": [ -1.5, 0.125, 0.375 ],
											"to": [ 2.25, 2.25, 3.375 ],
											"uv": [ 0.0, 12.0 ],
											"rotationOrigin": [ 0.725, 0.7331, 2.625 ],
											"rotationZ": 53.0,
											"faces": {
												"north": { "texture": "#yak01", "uv": [ 0.0, 14.3333, 3.0, 16.0 ], "autoUv": false, "windMode": [-1,-1,-1,-1] },
												"east": { "texture": "#yak01", "uv": [ 3.0, 14.3333, 5.25, 16.0 ], "autoUv": false },
												"south": { "texture": "#yak01", "uv": [ 5.25, 14.3333, 8.25, 16.0 ], "autoUv": false },
												"west": { "texture": "#yak01", "uv": [ 8.25, 14.3333, 10.5, 16.0 ], "autoUv": false },
												"up": { "texture": "#yak01", "uv": [ 0.0, 12.0, 3.0, 14.3333 ], "rotation": 180, "autoUv": false },
												"down": { "texture": "#yak01", "uv": [ 3.0, 12.0, 6.0, 14.3333 ], "autoUv": false }
											},
											"children": [
												{
													"name": "Mouth",
													"from": [ -0.25, -0.3761, 0.1875 ],
													"to": [ 3.5, 0.8739, 2.8125 ],
													"uv": [ 6.0, 11.9967 ],
													"rotationOrigin": [ 1.9759, 0.2364, 2.5 ],
													"faces": {
														"north": { "texture": "#yak01", "uv": [ 6.0, 14.0, 9.0, 15.0 ], "autoUv": false, "windMode": [-1,-1,-1,-1] },
														"east": { "texture": "#yak01", "uv": [ 9.0, 14.0, 10.0, 16.0 ], "rotation": 90, "autoUv": false },
														"south": { "texture": "#yak01", "uv": [ 10.0, 14.0, 13.0, 15.0 ], "rotation": 180, "autoUv": false },
														"west": { "texture": "#yak01", "uv": [ 13.0, 14.0, 14.0, 16.0 ], "rotation": 270, "autoUv": false },
														"up": { "texture": "#yak01", "uv": [ 6.0, 12.0, 9.0, 14.0 ], "autoUv": false },
														"down": { "texture": "#yak01", "uv": [ 9.0, 12.0, 12.0, 14.0 ], "autoUv": false }
													}
												},
												{
													"name": "Snout",
													"from": [ -0.25, 0.375, 0.125 ],
													"to": [ 2.25, 2.25, 2.875 ],
													"uv": [ 10.5, 12.6633 ],
													"rotationOrigin": [ 1.9759, 0.9864, 2.375 ],
													"rotationZ": -17.0,
													"faces": {
														"north": { "texture": "#yak01", "uv": [ 10.5, 14.6667, 12.5, 16.1667 ], "autoUv": false, "windMode": [-1,-1,-1,-1] },
														"east": { "texture": "#yak01", "uv": [ 12.5, 14.6667, 14.0, 16.8333 ], "rotation": 90, "autoUv": false },
														"south": { "texture": "#yak01", "uv": [ 14.0, 14.6667, 16.0, 16.1667 ], "rotation": 180, "autoUv": false },
														"west": { "texture": "#yak01", "uv": [ 16.0, 14.6667, 17.5, 16.8333 ], "rotation": 270, "autoUv": false },
														"up": { "texture": "#yak01", "uv": [ 10.5, 12.6667, 12.5, 14.8333 ], "autoUv": false },
														"down": { "texture": "#yak01", "uv": [ 12.5, 12.6667, 14.5, 14.8333 ], "autoUv": false }
													}
												}
											]
										},
										{
											"name": "Ear",
											"from": [ 1.625, 2.25, -0.125 ],
											"to": [ 3.25, 3.25, 0.25 ],
											"uv": [ 12.0, 12.0 ],
											"rotationOrigin": [ 1.625, 2.25, 0.25 ],
											"rotationY": 66.0,
											"faces": {
												"north": { "texture": "#yak01", "uv": [ 12.0, 12.1667, 13.25, 12.8333 ], "autoUv": false },
												"east": { "texture": "#yak01", "uv": [ 13.25, 12.1667, 13.5, 12.8333 ], "autoUv": false },
												"south": { "texture": "#yak01", "uv": [ 13.5, 12.1667, 14.75, 12.8333 ], "autoUv": false },
												"west": { "texture": "#yak01", "uv": [ 14.75, 12.1667, 15.0, 12.8333 ], "autoUv": false },
												"up": { "texture": "#yak01", "uv": [ 12.0, 12.0, 13.25, 12.1667 ], "autoUv": false },
												"down": { "texture": "#yak01", "uv": [ 13.25, 12.0, 14.5, 12.1667 ], "autoUv": false }
											}
										},
										{
											"name": "Ear2",
											"from": [ 1.625, 2.25, 3.5 ],
											"to": [ 3.25, 3.25, 3.875 ],
											"uv": [ 12.0, 12.0 ],
											"rotationOrigin": [ 1.625, 2.25, 3.5 ],
											"rotationY": -66.0,
											"faces": {
												"north": { "texture": "#yak01", "uv": [ 12.0, 12.1667, 13.25, 12.8333 ], "autoUv": false },
												"east": { "texture": "#yak01", "uv": [ 13.25, 12.1667, 13.5, 12.8333 ], "autoUv": false },
												"south": { "texture": "#yak01", "uv": [ 13.5, 12.1667, 14.75, 12.8333 ], "autoUv": false },
												"west": { "texture": "#yak01", "uv": [ 14.75, 12.1667, 15.0, 12.8333 ], "autoUv": false },
												"up": { "texture": "#yak01", "uv": [ 12.0, 12.0, 13.25, 12.1667 ], "autoUv": false },
												"down": { "texture": "#yak01", "uv": [ 13.25, 12.0, 14.5, 12.1667 ], "autoUv": false }
											}
										},
										{
											"name": "HeadHair",
											"from": [ -0.2875, 2.5, -0.1875 ],
											"to": [ 3.7125, 4.0, 3.8125 ],
											"unwrapMode": 1,
											"autoUnwrap": false,
											"uv": [ -0.12, 25.25 ],
											"rotationOrigin": [ -0.2875, 2.4945, 1.75 ],
											"faces": {
												"north": { "texture": "#yak01", "uv": [ 3.0, 28.5, 6.0, 29.6667 ], "autoUv": false },
												"east": { "texture": "#yak01", "uv": [ 0.0, 28.5, 3.0, 29.6667 ], "autoUv": false, "windMode": [-1,-1,-1,-1] },
												"south": { "texture": "#yak01", "uv": [ 9.0, 28.5, 12.0, 29.6667 ], "autoUv": false },
												"west": { "texture": "#yak01", "uv": [ 6.0, 28.5, 9.0, 29.6667 ], "autoUv": false, "windMode": [-1,-1,-1,-1] },
												"up": { "texture": "#yak01", "uv": [ 3.0, 25.5, 6.0, 28.6667 ], "rotation": 270, "autoUv": false }
											}
										},
										{
											"name": "Horn1",
											"from": [ 2.0, 2.625, 0.75 ],
											"to": [ 4.125, 3.625, 1.75 ],
											"uv": [ 1.75, 18.5 ],
											"rotationOrigin": [ 0.75, 2.625, 1.0 ],
											"rotationX": 19.0,
											"rotationY": 77.0,
											"faces": {
												"north": { "texture": "#yak01", "uv": [ 1.75, 19.3333, 3.25, 20.0 ], "autoUv": false },
												"east": { "texture": "#yak01", "uv": [ 3.25, 19.3333, 4.0, 20.0 ], "autoUv": false },
												"south": { "texture": "#yak01", "uv": [ 4.0, 19.3333, 5.5, 20.0 ], "autoUv": false },
												"west": { "texture": "#yak01", "uv": [ 5.5, 19.3333, 6.25, 20.0 ], "autoUv": false },
												"up": { "texture": "#yak01", "uv": [ 1.75, 18.5, 3.25, 19.1667 ], "autoUv": false },
												"down": { "texture": "#yak01", "uv": [ 3.25, 18.5, 4.75, 19.1667 ], "autoUv": false }
											},
											"children": [
												{
													"name": "horn1_x",
													"from": [ 2.0, -0.25, -0.25 ],
													"to": [ 2.875, 3.25, 0.75 ],
													"uv": [ 0.0, 17.1667 ],
													"rotationOrigin": [ 0.625, -0.25, 0.0 ],
													"rotationY": -14.0,
													"rotationZ": 8.0,
													"faces": {
														"north": { "texture": "#yak01", "uv": [ 0.0, 18.0, 0.5, 20.6667 ], "autoUv": false },
														"east": { "texture": "#yak01", "uv": [ 0.5, 18.0, 1.25, 20.6667 ], "autoUv": false },
														"south": { "texture": "#yak01", "uv": [ 1.25, 18.0, 1.75, 20.6667 ], "autoUv": false },
														"west": { "texture": "#yak01", "uv": [ 1.75, 18.0, 2.5, 20.6667 ], "autoUv": false },
														"up": { "texture": "#yak01", "uv": [ 0.0, 17.1667, 0.5, 17.8333 ], "autoUv": false },
														"down": { "texture": "#yak01", "uv": [ 0.5, 17.1667, 1.0, 17.8333 ], "autoUv": false }
													}
												}
											]
										},
										{
											"name": "Horn2",
											"from": [ 2.625, 2.625, 2.625 ],
											"to": [ 4.75, 3.625, 3.625 ],
											"uv": [ 2.25, 18.5 ],
											"rotationOrigin": [ 1.375, 2.625, 2.625 ],
											"rotationX": -19.0,
											"rotationY": -77.0,
											"faces": {
												"north": { "texture": "#yak01", "uv": [ 2.25, 19.3333, 3.75, 20.0 ], "autoUv": false },
												"east": { "texture": "#yak01", "uv": [ 3.75, 19.3333, 4.5, 20.0 ], "autoUv": false },
												"south": { "texture": "#yak01", "uv": [ 4.5, 19.3333, 6.0, 20.0 ], "autoUv": false },
												"west": { "texture": "#yak01", "uv": [ 6.0, 19.3333, 6.75, 20.0 ], "autoUv": false },
												"up": { "texture": "#yak01", "uv": [ 2.25, 18.5, 3.75, 19.1667 ], "autoUv": false },
												"down": { "texture": "#yak01", "uv": [ 3.75, 18.5, 5.25, 19.1667 ], "autoUv": false }
											},
											"children": [
												{
													"name": "horn2_x",
													"from": [ 1.875, -0.25, 0.25 ],
													"to": [ 2.75, 3.25, 1.25 ],
													"uv": [ 0.0, 17.6667 ],
													"rotationOrigin": [ 0.625, -0.25, 0.25 ],
													"rotationY": 14.0,
													"rotationZ": 8.0,
													"faces": {
														"north": { "texture": "#yak01", "uv": [ 0.0, 18.5, 0.5, 21.1667 ], "autoUv": false },
														"east": { "texture": "#yak01", "uv": [ 0.5, 18.5, 1.25, 21.1667 ], "autoUv": false },
														"south": { "texture": "#yak01", "uv": [ 1.25, 18.5, 1.75, 21.1667 ], "autoUv": false },
														"west": { "texture": "#yak01", "uv": [ 1.75, 18.5, 2.5, 21.1667 ], "autoUv": false },
														"up": { "texture": "#yak01", "uv": [ 0.0, 17.6667, 0.5, 18.3333 ], "autoUv": false },
														"down": { "texture": "#yak01", "uv": [ 0.5, 17.6667, 1.0, 18.3333 ], "autoUv": false }
													}
												}
											]
										}
									]
								}
							]
						}
					]
				},
				{
					"name": "Tummy",
					"from": [ -7.5, -1.25, 0.1563 ],
					"to": [ 1.25, 6.25, 7.6563 ],
					"autoUnwrap": false,
					"uv": [ 0.0, 0.0 ],
					"rotationOrigin": [ -7.5, -1.25, 0.125 ],
					"faces": {
						"north": { "texture": "#yak01", "uv": [ 0.0, 6.0, 7.0, 12.0 ], "autoUv": false },
						"east": { "texture": "#yak01", "uv": [ 7.0, 6.0, 13.0, 12.0 ], "autoUv": false },
						"south": { "texture": "#yak01", "uv": [ 13.0, 6.0, 20.0, 12.0 ], "autoUv": false },
						"west": { "texture": "#yak01", "uv": [ 14.0, 0.0, 20.0, 6.0 ], "autoUv": false },
						"up": { "texture": "#yak01", "uv": [ 0.0, 0.0, 7.0, 6.0 ], "autoUv": false },
						"down": { "texture": "#yak01", "uv": [ 7.0, 0.0, 14.0, 6.0 ], "autoUv": false }
					}
				},
				{
					"name": "nothing",
					"from": [ -9.026, 1.0411, -1.875 ],
					"to": [ -7.026, 3.0411, 9.25 ],
					"autoUnwrap": false,
					"uv": [ 999.0, 999.0 ],
					"rotationOrigin": [ -1.401, 5.0411, 4.25 ],
					"rotationZ": 3.0,
					"faces": {
					},
					"children": [
						{
							"name": "R front leg",
							"from": [ 3.625, -4.0, 2.25 ],
							"to": [ 6.0, 2.0, 5.25 ],
							"uv": [ 1.0, 1.0 ],
							"rotationOrigin": [ 5.125, 2.0, 3.75 ],
							"faces": {
								"north": { "texture": "#yak01", "uv": [ 1.0, 2.6667, 2.75, 7.3333 ], "autoUv": false },
								"east": { "texture": "#yak01", "uv": [ 2.75, 2.6667, 5.0, 7.3333 ], "autoUv": false },
								"south": { "texture": "#yak01", "uv": [ 5.0, 2.6667, 6.75, 7.3333 ], "autoUv": false },
								"west": { "texture": "#yak01", "uv": [ 6.75, 2.6667, 9.0, 7.3333 ], "autoUv": false },
								"down": { "texture": "#yak01", "uv": [ 1.0, 1.0, 3.25, 2.8333 ], "rotation": 90, "autoUv": false }
							},
							"children": [
								{
									"name": "R front foot",
									"from": [ 0.1, -5.0, 0.1 ],
									"to": [ 2.6, 1.0, 2.9 ],
									"unwrapMode": 1,
									"autoUnwrap": false,
									"uv": [ 23.25, 0.0 ],
									"rotationOrigin": [ 1.6, 3.0, 1.6 ],
									"faces": {
										"north": { "texture": "#yak01", "uv": [ 25.25, 2.3333, 27.25, 7.0 ], "autoUv": false },
										"east": { "texture": "#yak01", "uv": [ 23.25, 2.3333, 25.25, 7.0 ], "autoUv": false },
										"south": { "texture": "#yak01", "uv": [ 29.25, 2.3333, 31.25, 7.0 ], "autoUv": false },
										"west": { "texture": "#yak01", "uv": [ 27.25, 4.3333, 29.25, 9.0 ], "autoUv": false },
										"up": { "texture": "#yak01", "uv": [ 25.25, 0.0, 27.25, 2.1667 ], "rotation": 180, "autoUv": false },
										"down": { "texture": "#yak01", "uv": [ 25.25, 6.8333, 27.25, 9.0 ], "autoUv": false }
									}
								}
							]
						},
						{
							"name": "L front leg",
							"from": [ 3.625, -4.0, 5.875 ],
							"to": [ 6.0, 2.0, 8.875 ],
							"uv": [ 2.0, 2.0 ],
							"rotationOrigin": [ 5.125, 2.0, 7.5 ],
							"faces": {
								"north": { "texture": "#yak01", "uv": [ 2.0, 3.6667, 3.75, 8.3333 ], "autoUv": false },
								"east": { "texture": "#yak01", "uv": [ 3.75, 3.6667, 6.0, 8.3333 ], "autoUv": false },
								"south": { "texture": "#yak01", "uv": [ 6.0, 3.6667, 7.75, 8.3333 ], "autoUv": false },
								"west": { "texture": "#yak01", "uv": [ 7.75, 3.6667, 10.0, 8.3333 ], "autoUv": false },
								"down": { "texture": "#yak01", "uv": [ 2.0, 2.0, 4.25, 3.8333 ], "rotation": 90, "autoUv": false }
							},
							"children": [
								{
									"name": "L front foot",
									"from": [ 0.1, -5.0, 0.1 ],
									"to": [ 2.6, 1.0, 2.9 ],
									"unwrapMode": 3,
									"autoUnwrap": false,
									"uv": [ 23.25, 0.0 ],
									"rotationOrigin": [ 1.6, 3.0, 1.6 ],
									"faces": {
										"north": { "texture": "#yak01", "uv": [ 29.25, 2.3333, 31.25, 7.0 ], "autoUv": false },
										"east": { "texture": "#yak01", "uv": [ 27.25, 2.3333, 29.25, 7.0 ], "autoUv": false },
										"south": { "texture": "#yak01", "uv": [ 25.25, 2.3333, 27.25, 7.0 ], "autoUv": false },
										"west": { "texture": "#yak01", "uv": [ 27.25, 4.3333, 29.25, 9.0 ], "autoUv": false },
										"up": { "texture": "#yak01", "uv": [ 25.25, 0.0, 27.25, 2.1667 ], "autoUv": false },
										"down": { "texture": "#yak01", "uv": [ 25.25, 6.8333, 27.25, 9.0 ], "rotation": 180, "autoUv": false }
									}
								}
							]
						},
						{
							"name": "R back leg",
							"from": [ 11.675, -3.625, 1.875 ],
							"to": [ 15.675, 2.375, 5.625 ],
							"uv": [ 2.0, 2.0 ],
							"rotationOrigin": [ 13.675, 3.375, 4.675 ],
							"rotationX": -3.0,
							"rotationZ": 15.0,
							"faces": {
								"north": { "texture": "#yak01", "uv": [ 2.0, 5.0, 5.0, 9.6667 ], "autoUv": false },
								"east": { "texture": "#yak01", "uv": [ 5.0, 5.0, 8.0, 9.6667 ], "autoUv": false },
								"south": { "texture": "#yak01", "uv": [ 8.0, 5.0, 11.0, 9.6667 ], "autoUv": false },
								"west": { "texture": "#yak01", "uv": [ 11.0, 5.0, 14.0, 9.6667 ], "autoUv": false },
								"down": { "texture": "#yak01", "uv": [ 2.0, 2.0, 5.0, 5.1667 ], "rotation": 90, "autoUv": false }
							},
							"children": [
								{
									"name": "R back foot",
									"from": [ 0.8, -5.575, 0.475 ],
									"to": [ 3.6, 1.8, 3.275 ],
									"unwrapMode": 1,
									"autoUnwrap": false,
									"uv": [ 23.25, 0.0 ],
									"rotationOrigin": [ 2.3, 4.425, 1.975 ],
									"rotationX": 3.0,
									"rotationZ": -15.0,
									"faces": {
										"north": { "texture": "#yak01", "uv": [ 25.25, 2.3333, 27.25, 8.1667 ], "autoUv": false },
										"east": { "texture": "#yak01", "uv": [ 23.25, 2.3333, 25.25, 8.1667 ], "autoUv": false },
										"south": { "texture": "#yak01", "uv": [ 29.25, 2.3333, 31.25, 8.1667 ], "autoUv": false },
										"west": { "texture": "#yak01", "uv": [ 27.25, 3.6667, 29.25, 9.5 ], "autoUv": false },
										"up": { "texture": "#yak01", "uv": [ 25.25, 0.0, 27.25, 2.1667 ], "rotation": 180, "autoUv": false },
										"down": { "texture": "#yak01", "uv": [ 25.25, 7.3333, 27.25, 9.5 ], "autoUv": false }
									}
								}
							]
						},
						{
							"name": "L back leg",
							"from": [ 11.675, -3.4375, 5.625 ],
							"to": [ 15.675, 2.5625, 9.375 ],
							"uv": [ 0.0, 0.0 ],
							"rotationOrigin": [ 13.675, 3.5625, 3.75 ],
							"rotationX": 3.0,
							"rotationZ": 15.0,
							"faces": {
								"north": { "texture": "#yak01", "uv": [ 0.0, 3.1667, 3.0, 7.8333 ], "autoUv": false },
								"east": { "texture": "#yak01", "uv": [ 3.0, 3.1667, 6.0, 7.8333 ], "autoUv": false },
								"south": { "texture": "#yak01", "uv": [ 6.0, 3.1667, 9.0, 7.8333 ], "autoUv": false },
								"west": { "texture": "#yak01", "uv": [ 9.0, 3.1667, 12.0, 7.8333 ], "autoUv": false },
								"down": { "texture": "#yak01", "uv": [ 0.0, 0.0, 3.0, 3.1667 ], "rotation": 90, "autoUv": false }
							},
							"children": [
								{
									"name": "L back foot",
									"from": [ 0.8, -5.575, 0.35 ],
									"to": [ 3.6, 1.8, 3.15 ],
									"unwrapMode": 3,
									"autoUnwrap": false,
									"uv": [ 23.25, 0.0 ],
									"rotationOrigin": [ 2.3, 4.425, 2.225 ],
									"rotationX": -3.0,
									"rotationZ": -15.0,
									"faces": {
										"north": { "texture": "#yak01", "uv": [ 29.25, 2.3333, 31.25, 8.1667 ], "autoUv": false },
										"east": { "texture": "#yak01", "uv": [ 27.25, 2.3333, 29.25, 8.1667 ], "autoUv": false },
										"south": { "texture": "#yak01", "uv": [ 25.25, 2.3333, 27.25, 8.1667 ], "autoUv": false },
										"west": { "texture": "#yak01", "uv": [ 27.25, 3.6667, 29.25, 9.5 ], "autoUv": false },
										"up": { "texture": "#yak01", "uv": [ 25.25, 0.0, 27.25, 2.1667 ], "autoUv": false },
										"down": { "texture": "#yak01", "uv": [ 25.25, 7.3333, 27.25, 9.5 ], "rotation": 180, "autoUv": false }
									}
								}
							]
						},
						{
							"name": "tail",
							"from": [ 17.5, 3.0, 4.5 ],
							"to": [ 20.5, 5.0, 6.5 ],
							"unwrapMode": 1,
							"unwrapRotation": 1,
							"uv": [ 22.0, 21.8333 ],
							"rotationOrigin": [ 17.5, 4.0, 5.625 ],
							"rotationZ": -53.0,
							"faces": {
								"north": { "texture": "#yak01", "uv": [ 23.5, 21.8333, 25.0, 24.1667 ], "rotation": 90, "autoUv": false },
								"east": { "texture": "#yak01", "uv": [ 23.5, 24.0, 25.0, 25.5 ], "rotation": 90, "autoUv": false },
								"south": { "texture": "#yak01", "uv": [ 26.5, 21.8333, 28.0, 24.1667 ], "rotation": 270, "autoUv": false },
								"up": { "texture": "#yak01", "uv": [ 22.0, 21.8333, 23.5, 24.1667 ], "rotation": 270, "autoUv": false },
								"down": { "texture": "#yak01", "uv": [ 25.0, 21.8333, 26.5, 24.1667 ], "rotation": 90, "autoUv": false }
							},
							"children": [
								{
									"name": "tail33",
									"from": [ 2.0, 0.625, -0.25 ],
									"to": [ 7.0, 2.625, 2.25 ],
									"unwrapMode": 1,
									"unwrapRotation": 1,
									"uv": [ 5.25, 22.9933 ],
									"rotationOrigin": [ 2.0, 1.625, 1.25 ],
									"rotationZ": -25.0,
									"faces": {
										"north": { "texture": "#yak01", "uv": [ 7.25, 25.0, 8.75, 29.0 ], "rotation": 90, "autoUv": false, "windMode": [-1,-1,1,-1], "windData": [1,1,0,0] },
										"east": { "texture": "#yak01", "uv": [ 7.25, 29.0, 8.75, 31.0 ], "rotation": 90, "autoUv": false },
										"south": { "texture": "#yak01", "uv": [ 10.75, 25.0, 12.25, 29.0 ], "rotation": 270, "autoUv": false, "windMode": [-1,-1,1,-1], "windData": [1,0,0,1] },
										"west": { "texture": "#yak01", "uv": [ 7.25, 23.0, 8.75, 25.0 ], "rotation": 90, "autoUv": false },
										"up": { "texture": "#yak01", "uv": [ 5.25, 25.0, 7.25, 29.0 ], "rotation": 270, "autoUv": false, "windMode": [-1,-1,1,1], "windData": [1,1,0,0] },
										"down": { "texture": "#yak01", "uv": [ 8.75, 25.0, 10.75, 29.0 ], "rotation": 90, "autoUv": false }
									}
								}
							]
						}
					],
					"attachmentpoints": [
						{
							"code": "Center",
							"posX": "9.0","posY": "4.0","posZ": "5.0",
							"rotationX": "0.0","rotationY": "0.0","rotationZ": "0.0"
						}
					]
				}
			]
		}
	],
	"animations": [
		{
			"name": "Walk",
			"code": "walk",
			"quantityframes": 90,
			"onActivityStopped": "Rewind",
			"onAnimationEnd": "Repeat",
			"keyframes": [
				{
					"frame": 0,
					"elements": {
						"Body": { "offsetX": 0.0, "offsetY": 0.0, "offsetZ": 0.0, "rotationX": -2.0, "rotationY": -1.0, "rotationZ": -2.0 },
						"R front leg": { "offsetX": 0.0, "offsetY": 0.0, "offsetZ": 0.0, "rotationX": 2.0, "rotationY": 0.0, "rotationZ": 8.0 },
						"R front foot": { "offsetX": 0.0, "offsetY": 0.0, "offsetZ": 0.0, "rotationX": 0.0, "rotationY": 0.0, "rotationZ": 0.0 },
						"L front leg": { "offsetX": -0.5, "offsetY": -0.5, "offsetZ": 0.0, "rotationX": 0.0, "rotationY": 1.0, "rotationZ": -33.0 },
						"L front foot": { "offsetX": 0.0, "offsetY": 0.0, "offsetZ": 0.0, "rotationX": 0.0, "rotationY": 0.0, "rotationZ": 39.0 },
						"R back leg": { "offsetX": -1.0, "offsetY": 1.0, "offsetZ": 0.0, "rotationX": 2.0, "rotationY": 0.0, "rotationZ": 11.0 },
						"R back foot": { "offsetX": 0.0, "offsetY": 0.0, "offsetZ": 0.0, "rotationX": 0.0, "rotationY": 0.0, "rotationZ": -30.0 },
						"L back leg": { "offsetX": 0.0, "offsetY": 0.0, "offsetZ": 0.0, "rotationX": 0.0, "rotationY": 2.0, "rotationZ": 8.0 },
						"L back foot": { "offsetX": 0.0, "offsetY": 0.0, "offsetZ": 0.0, "rotationX": 0.0, "rotationY": 0.0, "rotationZ": 0.0 },
						"tail": { "offsetX": 0.0, "offsetY": 0.0, "offsetZ": 0.0, "rotationX": 0.0, "rotationY": 0.0, "rotationZ": 0.0 },
						"HeadHair": { "rotationX": 0.0, "rotationY": 0.0, "rotationZ": 0.0 }
					}
				},
				{
					"frame": 15,
					"elements": {
						"Body": { "offsetX": 0.0, "offsetY": 0.0, "offsetZ": 0.0, "rotationX": 2.0, "rotationY": -1.0, "rotationZ": 2.0 },
						"R front leg": { "offsetX": 0.0, "offsetY": -0.5, "offsetZ": 0.0, "rotationX": 0.0, "rotationY": 0.0, "rotationZ": 14.0 },
						"R front foot": { "offsetX": 0.0, "offsetY": 0.0, "offsetZ": 0.0, "rotationX": 0.0, "rotationY": 0.0, "rotationZ": 0.0 },
						"L front leg": { "offsetX": -1.0, "offsetY": -1.0, "offsetZ": 0.0, "rotationX": -2.0, "rotationY": 1.0, "rotationZ": -17.0 },
						"L front foot": { "offsetX": 0.0, "offsetY": 0.0, "offsetZ": 0.0, "rotationX": 0.0, "rotationY": 0.0, "rotationZ": -6.0 },
						"R back leg": { "offsetX": -2.0, "offsetY": -0.5, "offsetZ": 0.0, "rotationX": 0.0, "rotationY": 0.0, "rotationZ": 8.0 },
						"R back foot": { "offsetX": 0.0, "offsetY": 0.0, "offsetZ": 0.0, "rotationX": 0.0, "rotationY": 0.0, "rotationZ": -33.0 },
						"L back leg": { "offsetX": 0.5, "offsetY": -1.5, "offsetZ": 0.0, "rotationX": -2.0, "rotationY": 1.0, "rotationZ": 14.0 },
						"L back foot": { "offsetX": 0.0, "offsetY": 0.0, "offsetZ": 0.0, "rotationX": 0.0, "rotationY": 0.0, "rotationZ": -2.0 },
						"tail": { "offsetX": 0.0, "offsetY": 0.0, "offsetZ": 0.0, "rotationX": 0.0, "rotationY": 0.0, "rotationZ": 19.0 },
						"HeadHair": { "offsetX": 0.0, "offsetY": 0.0, "offsetZ": 0.0, "rotationX": 0.0, "rotationY": 0.0, "rotationZ": -3.0 }
					}
				},
				{
					"frame": 30,
					"elements": {
						"Body": { "offsetX": 0.0, "offsetY": 0.0, "offsetZ": 0.0, "rotationX": 0.0, "rotationY": 0.0, "rotationZ": 0.0 },
						"R front leg": { "offsetX": 0.0, "offsetY": 0.0, "offsetZ": 0.0, "rotationX": 0.0, "rotationY": 0.0, "rotationZ": -8.0 },
						"R front foot": { "offsetX": 0.0, "offsetY": 0.0, "offsetZ": 0.0, "rotationX": 0.0, "rotationY": 0.0, "rotationZ": 30.0 },
						"L front leg": { "offsetX": -1.0, "offsetY": 0.0, "offsetZ": 0.0, "rotationX": 0.0, "rotationY": 0.0, "rotationZ": -6.0 },
						"L front foot": { "offsetX": 0.0, "offsetY": 0.0, "offsetZ": 0.0, "rotationX": 0.0, "rotationY": 0.0, "rotationZ": -6.0 },
						"L back leg": { "offsetX": 0.0, "offsetY": -1.0, "offsetZ": 0.0, "rotationX": 0.0, "rotationY": 0.0, "rotationZ": 17.0 },
						"L back foot": { "offsetX": 0.0, "offsetY": 0.0, "offsetZ": 0.0, "rotationX": 0.0, "rotationY": 0.0, "rotationZ": -19.0 },
						"tail": { "offsetX": 0.0, "offsetY": 0.0, "offsetZ": 0.0, "rotationX": 0.0, "rotationY": 0.0, "rotationZ": 11.0 }
					}
				},
				{
					"frame": 45,
					"elements": {
						"Body": { "offsetX": 0.0, "offsetY": 0.0, "offsetZ": 0.0, "rotationX": 2.0, "rotationY": 1.0, "rotationZ": -2.0 },
						"R front leg": { "offsetX": -0.5, "offsetY": -0.5, "offsetZ": 0.0, "rotationX": 0.0, "rotationY": -1.0, "rotationZ": -33.0 },
						"R front foot": { "offsetX": 0.0, "offsetY": 0.0, "offsetZ": 0.0, "rotationX": 0.0, "rotationY": 0.0, "rotationZ": 39.0 },
						"L front leg": { "offsetX": -1.0, "offsetY": 0.0, "offsetZ": 0.0, "rotationX": -2.0, "rotationY": 0.0, "rotationZ": 8.0 },
						"L front foot": { "offsetX": 0.0, "offsetY": 0.0, "offsetZ": 0.0, "rotationX": 0.0, "rotationY": 0.0, "rotationZ": 0.0 },
						"R back leg": { "offsetX": 0.0, "offsetY": 0.0, "offsetZ": 0.0, "rotationX": 0.0, "rotationY": -2.0, "rotationZ": 8.0 },
						"R back foot": { "offsetX": 0.0, "offsetY": 0.0, "offsetZ": 0.0, "rotationX": 0.0, "rotationY": 0.0, "rotationZ": 0.0 },
						"L back leg": { "offsetX": -1.0, "offsetY": 1.0, "offsetZ": 0.0, "rotationX": -2.0, "rotationY": 0.0, "rotationZ": 11.0 },
						"L back foot": { "offsetX": 0.0, "offsetY": 0.0, "offsetZ": 0.0, "rotationX": 0.0, "rotationY": 0.0, "rotationZ": -30.0 },
						"tail": { "offsetX": 0.0, "offsetY": 0.0, "offsetZ": 0.0, "rotationX": 0.0, "rotationY": 0.0, "rotationZ": 0.0 },
						"HeadHair": { "offsetX": 0.0, "offsetY": -0.25, "offsetZ": 0.0, "rotationX": 0.0, "rotationY": 0.0, "rotationZ": 3.0 }
					}
				},
				{
					"frame": 60,
					"elements": {
						"Body": { "offsetX": 0.0, "offsetY": 0.0, "offsetZ": 0.0, "rotationX": -2.0, "rotationY": 1.0, "rotationZ": 2.0 },
						"R front leg": { "offsetX": 0.0, "offsetY": -0.5, "offsetZ": 0.0, "rotationX": 2.0, "rotationY": -1.0, "rotationZ": -17.0 },
						"R front foot": { "offsetX": 0.0, "offsetY": 0.0, "offsetZ": 0.0, "rotationX": 0.0, "rotationY": 0.0, "rotationZ": -6.0 },
						"L front leg": { "offsetX": 0.0, "offsetY": -0.5, "offsetZ": 0.0, "rotationX": 0.0, "rotationY": 0.0, "rotationZ": 14.0 },
						"L front foot": { "offsetX": 0.0, "offsetY": 0.0, "offsetZ": 0.0, "rotationX": 0.0, "rotationY": 0.0, "rotationZ": 0.0 },
						"R back leg": { "offsetX": 0.5, "offsetY": -1.5, "offsetZ": 0.0, "rotationX": 2.0, "rotationY": -1.0, "rotationZ": 14.0 },
						"R back foot": { "offsetX": 0.0, "offsetY": 0.0, "offsetZ": 0.0, "rotationX": 0.0, "rotationY": 0.0, "rotationZ": -2.0 },
						"L back leg": { "offsetX": -2.0, "offsetY": -1.0, "offsetZ": 0.0, "rotationX": 0.0, "rotationY": 0.0, "rotationZ": 8.0 },
						"L back foot": { "offsetX": 0.0, "offsetY": 0.0, "offsetZ": 0.0, "rotationX": 0.0, "rotationY": 0.0, "rotationZ": -33.0 },
						"tail": { "offsetX": 0.0, "offsetY": 0.0, "offsetZ": 0.0, "rotationX": 0.0, "rotationY": 0.0, "rotationZ": 14.0 }
					}
				},
				{
					"frame": 75,
					"elements": {
						"Body": { "offsetX": 0.0, "offsetY": 0.0, "offsetZ": 0.0, "rotationX": 0.0, "rotationY": 0.0, "rotationZ": 0.0 },
						"R front leg": { "offsetX": -1.0, "offsetY": 0.0, "offsetZ": 0.0, "rotationX": 0.0, "rotationY": 0.0, "rotationZ": -6.0 },
						"R front foot": { "offsetX": 0.0, "offsetY": 0.0, "offsetZ": 0.0, "rotationX": 0.0, "rotationY": 0.0, "rotationZ": -6.0 },
						"L front leg": { "offsetX": 0.0, "offsetY": 0.0, "offsetZ": 0.0, "rotationX": 0.0, "rotationY": 0.0, "rotationZ": -8.0 },
						"L front foot": { "offsetX": 0.0, "offsetY": 0.0, "offsetZ": 0.0, "rotationX": 0.0, "rotationY": 0.0, "rotationZ": 30.0 },
						"R back leg": { "offsetX": 0.0, "offsetY": -1.0, "offsetZ": 0.0, "rotationX": 0.0, "rotationY": 0.0, "rotationZ": 17.0 },
						"R back foot": { "offsetX": 0.0, "offsetY": 0.0, "offsetZ": 0.0, "rotationX": 0.0, "rotationY": 0.0, "rotationZ": -19.0 },
						"tail": { "offsetX": 0.0, "offsetY": 0.0, "offsetZ": 0.0, "rotationX": 0.0, "rotationY": 0.0, "rotationZ": 11.0 }
					}
				}
			]
		},

		{
			"name": "Run",
			"code": "run",
			"quantityframes": 40,
			"onActivityStopped": "Rewind",
			"onAnimationEnd": "Repeat",
			"keyframes": [
				{
					"frame": 0,
					"elements": {
						"Body": { "offsetX": 0.0, "offsetY": -3.75, "offsetZ": 0.0, "rotationX": 0.0, "rotationY": 0.0, "rotationZ": -6.0 },
						"R front leg": { "offsetX": -1.0, "offsetY": 2.0, "offsetZ": 0.0, "rotationX": 0.0, "rotationY": 0.0, "rotationZ": -13.0 },
						"R front foot": { "offsetX": 0.0, "offsetY": 0.0, "offsetZ": 0.0, "rotationX": 0.0, "rotationY": 0.0, "rotationZ": 30.0 },
						"L front leg": { "offsetX": -1.0, "offsetY": 2.0, "offsetZ": 0.0, "rotationX": 0.0, "rotationY": 0.0, "rotationZ": -13.0 },
						"L front foot": { "offsetX": 0.0, "offsetY": 0.0, "offsetZ": 0.0, "rotationX": 0.0, "rotationY": 0.0, "rotationZ": 11.0 },
						"R back leg": { "rotationX": 0.0, "rotationY": 0.0, "rotationZ": 39.0 },
						"R back foot": { "offsetX": 0.0, "offsetY": 0.0, "offsetZ": 0.0, "rotationX": 0.0, "rotationY": 0.0, "rotationZ": -44.0 },
						"L back leg": { "rotationX": 0.0, "rotationY": 0.0, "rotationZ": 19.0 },
						"L back foot": { "offsetX": 0.0, "offsetY": 0.0, "offsetZ": 0.0, "rotationX": 0.0, "rotationY": 0.0, "rotationZ": -36.0 },
						"tail": { "offsetX": 0.0, "offsetY": 0.0, "offsetZ": 0.0, "rotationX": 0.0, "rotationY": 0.0, "rotationZ": 19.0 }
					}
				},
				{
					"frame": 10,
					"elements": {
						"Body": { "offsetX": 0.0, "offsetY": 0.0, "offsetZ": 0.0, "rotationX": 0.0, "rotationY": 0.0, "rotationZ": -6.0 },
						"R front leg": { "offsetX": 0.0, "offsetY": 0.0, "offsetZ": 0.0, "rotationX": 0.0, "rotationY": 0.0, "rotationZ": 30.0 },
						"R front foot": { "offsetX": 0.0, "offsetY": 0.0, "offsetZ": 0.0, "rotationX": 0.0, "rotationY": 0.0, "rotationZ": 50.0 },
						"L front leg": { "offsetX": 0.0, "offsetY": 0.0, "offsetZ": 0.0, "rotationX": 0.0, "rotationY": 0.0, "rotationZ": 17.0 },
						"L front foot": { "offsetX": 0.0, "offsetY": 0.0, "offsetZ": 0.0, "rotationX": 0.0, "rotationY": 0.0, "rotationZ": 28.0 },
						"R back leg": { "offsetX": 0.0, "offsetY": 0.0, "offsetZ": 0.0, "rotationX": 0.0, "rotationY": 0.0, "rotationZ": 42.0 },
						"R back foot": { "offsetX": 0.0, "offsetY": 0.0, "offsetZ": 0.0, "rotationX": 0.0, "rotationY": 0.0, "rotationZ": -6.0 },
						"L back leg": { "offsetX": 0.0, "offsetY": 0.0, "offsetZ": 0.0, "rotationX": 0.0, "rotationY": 0.0, "rotationZ": 30.0 },
						"L back foot": { "offsetX": 0.0, "offsetY": 0.0, "offsetZ": 0.0, "rotationX": 0.0, "rotationY": 0.0, "rotationZ": -11.0 },
						"tail": { "offsetX": 0.0, "offsetY": 0.0, "offsetZ": 0.0, "rotationX": 0.0, "rotationY": 0.0, "rotationZ": 0.0 }
					}
				},
				{
					"frame": 20,
					"elements": {
						"Body": { "rotationX": 0.0, "rotationY": 0.0, "rotationZ": 6.0 },
						"R front leg": { "offsetX": 0.0, "offsetY": 0.0, "offsetZ": 0.0, "rotationX": 0.0, "rotationY": 0.0, "rotationZ": -47.0 },
						"R front foot": { "offsetX": 0.0, "offsetY": 0.0, "offsetZ": 0.0, "rotationX": 0.0, "rotationY": 0.0, "rotationZ": 80.0 },
						"L front leg": { "offsetX": 0.0, "offsetY": 0.0, "offsetZ": 0.0, "rotationX": 0.0, "rotationY": 0.0, "rotationZ": -8.0 },
						"L front foot": { "offsetX": 0.0, "offsetY": 0.0, "offsetZ": 0.0, "rotationX": 0.0, "rotationY": 0.0, "rotationZ": 61.0 },
						"R back leg": { "offsetX": 0.0, "offsetY": 1.0, "offsetZ": 0.0, "rotationX": 0.0, "rotationY": 0.0, "rotationZ": 28.0 },
						"R back foot": { "offsetX": 0.0, "offsetY": 0.0, "offsetZ": 0.0, "rotationX": 0.0, "rotationY": 0.0, "rotationZ": -61.0 },
						"L back leg": { "offsetX": 0.0, "offsetY": 1.0, "offsetZ": 0.0, "rotationX": 0.0, "rotationY": 0.0, "rotationZ": 36.0 },
						"L back foot": { "offsetX": 0.0, "offsetY": 0.0, "offsetZ": 0.0, "rotationX": 0.0, "rotationY": 0.0, "rotationZ": -55.0 },
						"tail": { "offsetX": 0.0, "offsetY": 0.0, "offsetZ": 0.0, "rotationX": 0.0, "rotationY": 0.0, "rotationZ": 17.0 }
					}
				},
				{
					"frame": 30,
					"elements": {
						"Body": { "offsetX": 0.0, "offsetY": -1.25, "offsetZ": 0.0, "rotationX": 0.0, "rotationY": 0.0, "rotationZ": 6.0 },
						"R front leg": { "offsetX": -1.0, "offsetY": 1.0, "offsetZ": 0.0, "rotationX": 0.0, "rotationY": 0.0, "rotationZ": -53.0 },
						"R front foot": { "offsetX": 0.0, "offsetY": 0.0, "offsetZ": 0.0, "rotationX": 0.0, "rotationY": 0.0, "rotationZ": 17.0 },
						"L front leg": { "offsetX": -1.0, "offsetY": 1.0, "offsetZ": 0.0, "rotationX": 0.0, "rotationY": 0.0, "rotationZ": -47.0 },
						"L front foot": { "offsetX": 0.0, "offsetY": 0.0, "offsetZ": 0.0, "rotationX": 0.0, "rotationY": 0.0, "rotationZ": 28.0 },
						"R back leg": { "offsetX": -1.0, "offsetY": 1.0, "offsetZ": 0.0, "rotationX": 0.0, "rotationY": 0.0, "rotationZ": -17.0 },
						"R back foot": { "offsetX": 0.0, "offsetY": 0.0, "offsetZ": 0.0, "rotationX": 0.0, "rotationY": 0.0, "rotationZ": -30.0 },
						"L back leg": { "offsetX": -1.0, "offsetY": 1.0, "offsetZ": 0.0, "rotationX": 0.0, "rotationY": 0.0, "rotationZ": 8.0 },
						"L back foot": { "offsetX": 0.0, "offsetY": 0.0, "offsetZ": 0.0, "rotationX": 0.0, "rotationY": 0.0, "rotationZ": -36.0 },
						"tail": { "offsetX": 0.0, "offsetY": 0.0, "offsetZ": 0.0, "rotationX": 0.0, "rotationY": 0.0, "rotationZ": 8.0 }
					}
				}
			]
		},

		{
			"name": "Look",
			"code": "look",
			"quantityframes": 160,
			"onActivityStopped": "EaseOut",
			"onAnimationEnd": "Stop",
			"keyframes": [
				{
					"frame": 0,
					"elements": {
						"Body": { "offsetX": 0.0, "offsetY": 0.0, "offsetZ": 0.0, "rotationX": 0.0, "rotationY": 0.0, "rotationZ": 0.0 },
						"R front leg": { "offsetX": 0.0, "offsetY": 0.0, "offsetZ": 0.0, "rotationX": 0.0, "rotationY": 0.0, "rotationZ": 0.0 },
						"R front foot": { "offsetX": 0.0, "offsetY": 0.0, "offsetZ": 0.0, "rotationX": 0.0, "rotationY": 0.0, "rotationZ": 0.0 },
						"L front leg": { "offsetX": 0.0, "offsetY": 0.0, "offsetZ": 0.0, "rotationX": 0.0, "rotationY": 0.0, "rotationZ": 0.0 },
						"L front foot": { "offsetX": 0.0, "offsetY": 0.0, "offsetZ": 0.0, "rotationX": 0.0, "rotationY": 0.0, "rotationZ": 0.0 },
						"R back leg": { "offsetX": 0.0, "offsetY": 0.0, "offsetZ": 0.0, "rotationX": 0.0, "rotationY": 0.0, "rotationZ": 0.0 },
						"R back foot": { "offsetX": 0.0, "offsetY": 0.0, "offsetZ": 0.0, "rotationX": 0.0, "rotationY": 0.0, "rotationZ": 0.0 },
						"L back leg": { "offsetX": 0.0, "offsetY": 0.0, "offsetZ": 0.0, "rotationX": 0.0, "rotationY": 0.0, "rotationZ": 0.0 },
						"L back foot": { "offsetX": 0.0, "offsetY": 0.0, "offsetZ": 0.0, "rotationX": 0.0, "rotationY": 0.0, "rotationZ": 0.0 },
						"tail": { "offsetX": 0.0, "offsetY": 0.0, "offsetZ": 0.0, "rotationX": 0.0, "rotationY": 0.0, "rotationZ": 0.0 },
						"Head": { "rotationX": 0.0, "rotationY": 0.0, "rotationZ": 0.0 }
					}
				},
				{
					"frame": 25,
					"elements": {
						"Body": { "offsetX": 0.0, "offsetY": 0.0, "offsetZ": 0.0, "rotationX": -2.0, "rotationY": 2.0, "rotationZ": -1.0 },
						"R front leg": { "offsetX": 0.0, "offsetY": 0.0, "offsetZ": 0.0, "rotationX": 2.0, "rotationY": 0.0, "rotationZ": 1.0 },
						"R front foot": { "offsetX": 0.0, "offsetY": 0.0, "offsetZ": 0.0, "rotationX": 0.0, "rotationY": 0.0, "rotationZ": 0.0 },
						"L front leg": { "offsetX": 0.0, "offsetY": 0.0, "offsetZ": 0.0, "rotationX": 2.0, "rotationY": 0.0, "rotationZ": 1.0 },
						"L front foot": { "offsetX": 0.0, "offsetY": 0.0, "offsetZ": 0.0, "rotationX": 0.0, "rotationY": 0.0, "rotationZ": 0.0 },
						"R back leg": { "offsetX": 0.0, "offsetY": 0.0, "offsetZ": 0.0, "rotationX": 2.0, "rotationY": 0.0, "rotationZ": 1.0 },
						"R back foot": { "offsetX": 0.0, "offsetY": 0.0, "offsetZ": 0.0, "rotationX": 0.0, "rotationY": 0.0, "rotationZ": 0.0 },
						"L back leg": { "offsetX": 0.0, "offsetY": 0.0, "offsetZ": 0.0, "rotationX": 2.0, "rotationY": 0.0, "rotationZ": 1.0 },
						"L back foot": { "offsetX": 0.0, "offsetY": 0.0, "offsetZ": 0.0, "rotationX": 0.0, "rotationY": 0.0, "rotationZ": 0.0 },
						"tail": { "offsetX": 0.0, "offsetY": 0.0, "offsetZ": 0.0, "rotationX": 0.0, "rotationY": 0.0, "rotationZ": 0.0 }
					}
				},
				{
					"frame": 70,
					"elements": {
						"Body": { "offsetX": 0.0, "offsetY": 0.0, "offsetZ": 0.0, "rotationX": -2.0, "rotationY": 2.0, "rotationZ": 0.0 },
						"R front leg": { "offsetX": 0.0, "offsetY": 0.0, "offsetZ": 0.0, "rotationX": 2.0, "rotationY": 0.0, "rotationZ": 0.0 },
						"R front foot": { "offsetX": 0.0, "offsetY": 0.0, "offsetZ": 0.0, "rotationX": 0.0, "rotationY": 0.0, "rotationZ": 0.0 },
						"L front leg": { "offsetX": 0.0, "offsetY": 0.0, "offsetZ": 0.0, "rotationX": 2.0, "rotationY": 0.0, "rotationZ": 0.0 },
						"L front foot": { "offsetX": 0.0, "offsetY": 0.0, "offsetZ": 0.0, "rotationX": 0.0, "rotationY": 0.0, "rotationZ": 0.0 },
						"R back leg": { "offsetX": 0.0, "offsetY": 0.0, "offsetZ": 0.0, "rotationX": 2.0, "rotationY": 0.0, "rotationZ": 0.0 },
						"R back foot": { "offsetX": 0.0, "offsetY": 0.0, "offsetZ": 0.0, "rotationX": 0.0, "rotationY": 0.0, "rotationZ": 0.0 },
						"L back leg": { "offsetX": 0.0, "offsetY": 0.0, "offsetZ": 0.0, "rotationX": 2.0, "rotationY": 0.0, "rotationZ": 0.0 },
						"L back foot": { "offsetX": 0.0, "offsetY": 0.0, "offsetZ": 0.0, "rotationX": 0.0, "rotationY": 0.0, "rotationZ": 0.0 },
						"tail": { "offsetX": 0.0, "offsetY": 0.0, "offsetZ": 0.0, "rotationX": 0.0, "rotationY": 0.0, "rotationZ": 0.0 },
						"Head": { "rotationX": 9.3333, "rotationY": 14.0, "rotationZ": 0.0 }
					}
				},
				{
					"frame": 90,
					"elements": {
						"Body": { "offsetX": 0.0, "offsetY": 0.0, "offsetZ": 0.0, "rotationX": -3.0, "rotationY": 3.0, "rotationZ": -1.0 },
						"R front leg": { "offsetX": 0.0, "offsetY": 0.0, "offsetZ": 0.0, "rotationX": 3.0, "rotationY": 0.0, "rotationZ": 1.0 },
						"R front foot": { "offsetX": 0.0, "offsetY": 0.0, "offsetZ": 0.0, "rotationX": 0.0, "rotationY": 0.0, "rotationZ": 0.0 },
						"L front leg": { "offsetX": 0.0, "offsetY": 0.0, "offsetZ": 0.0, "rotationX": 3.0, "rotationY": 0.0, "rotationZ": 1.0 },
						"L front foot": { "offsetX": 0.0, "offsetY": 0.0, "offsetZ": 0.0, "rotationX": 0.0, "rotationY": 0.0, "rotationZ": 0.0 },
						"R back leg": { "offsetX": 0.0, "offsetY": 0.0, "offsetZ": 0.0, "rotationX": 3.0, "rotationY": 0.0, "rotationZ": 1.0 },
						"R back foot": { "offsetX": 0.0, "offsetY": 0.0, "offsetZ": 0.0, "rotationX": 0.0, "rotationY": 0.0, "rotationZ": 0.0 },
						"L back leg": { "offsetX": 0.0, "offsetY": 0.0, "offsetZ": 0.0, "rotationX": 3.0, "rotationY": 0.0, "rotationZ": 1.0 },
						"L back foot": { "offsetX": 0.0, "offsetY": 0.0, "offsetZ": 0.0, "rotationX": 0.0, "rotationY": 0.0, "rotationZ": 0.0 },
						"tail": { "offsetX": 0.0, "offsetY": 0.0, "offsetZ": 0.0, "rotationX": 0.0, "rotationY": 0.0, "rotationZ": 0.0 },
						"Head": { "rotationX": 0.0, "rotationY": 0.0, "rotationZ": 0.0 }
					}
				},
				{
					"frame": 135,
					"elements": {
						"Body": { "offsetX": 0.0, "offsetY": 0.0, "offsetZ": 0.0, "rotationX": -3.0, "rotationY": 3.0, "rotationZ": 0.0 },
						"R front leg": { "offsetX": 0.0, "offsetY": 0.0, "offsetZ": 0.0, "rotationX": 3.0, "rotationY": 0.0, "rotationZ": 0.0 },
						"R front foot": { "offsetX": 0.0, "offsetY": 0.0, "offsetZ": 0.0, "rotationX": 0.0, "rotationY": 0.0, "rotationZ": 0.0 },
						"L front leg": { "offsetX": 0.0, "offsetY": 0.0, "offsetZ": 0.0, "rotationX": 3.0, "rotationY": 0.0, "rotationZ": 0.0 },
						"L front foot": { "offsetX": 0.0, "offsetY": 0.0, "offsetZ": 0.0, "rotationX": 0.0, "rotationY": 0.0, "rotationZ": 0.0 },
						"R back leg": { "offsetX": 0.0, "offsetY": 0.0, "offsetZ": 0.0, "rotationX": 3.0, "rotationY": 0.0, "rotationZ": 0.0 },
						"R back foot": { "offsetX": 0.0, "offsetY": 0.0, "offsetZ": 0.0, "rotationX": 0.0, "rotationY": 0.0, "rotationZ": 0.0 },
						"L back leg": { "offsetX": 0.0, "offsetY": 0.0, "offsetZ": 0.0, "rotationX": 3.0, "rotationY": 0.0, "rotationZ": 0.0 },
						"L back foot": { "offsetX": 0.0, "offsetY": 0.0, "offsetZ": 0.0, "rotationX": 0.0, "rotationY": 0.0, "rotationZ": 0.0 },
						"tail": { "offsetX": 0.0, "offsetY": 0.0, "offsetZ": 0.0, "rotationX": 0.0, "rotationY": 0.0, "rotationZ": 0.0 },
						"Head": { "rotationX": 2.5926, "rotationY": -11.0, "rotationZ": 0.0 }
					}
				}
			]
		},

		{
			"name": "Idle",
			"code": "idle",
			"quantityframes": 80,
			"onActivityStopped": "EaseOut",
			"onAnimationEnd": "Repeat",
			"keyframes": [
				{
					"frame": 0,
					"elements": {
						"Body": { "offsetX": 0.0, "offsetY": 0.0, "offsetZ": 0.0, "rotationX": 0.0, "rotationY": 0.0, "rotationZ": 0.0 },
						"R front leg": { "offsetX": 0.0, "offsetY": 0.0, "offsetZ": 0.0, "rotationX": 0.0, "rotationY": 0.0, "rotationZ": 1.0 },
						"R front foot": { "offsetX": 0.0, "offsetY": 0.0, "offsetZ": 0.0, "rotationX": 0.0, "rotationY": 0.0, "rotationZ": -1.0 },
						"L front leg": { "offsetX": 0.0, "offsetY": 0.0, "offsetZ": 0.0, "rotationX": 0.0, "rotationY": 0.0, "rotationZ": 1.0 },
						"L front foot": { "offsetX": 0.0, "offsetY": 0.0, "offsetZ": 0.0, "rotationX": 0.0, "rotationY": 0.0, "rotationZ": -1.0 },
						"R back leg": { "offsetX": 0.0, "offsetY": 0.0, "offsetZ": 0.0, "rotationX": 0.0, "rotationY": 0.0, "rotationZ": 0.0 },
						"R back foot": { "offsetX": 0.0, "offsetY": 0.0, "offsetZ": 0.0, "rotationX": 0.0, "rotationY": 0.0, "rotationZ": 0.0 },
						"L back leg": { "offsetX": 0.0, "offsetY": 0.0, "offsetZ": 0.0, "rotationX": 0.0, "rotationY": 0.0, "rotationZ": 0.0 },
						"L back foot": { "offsetX": 0.0, "offsetY": 0.0, "offsetZ": 0.0, "rotationX": 0.0, "rotationY": 0.0, "rotationZ": 0.0 },
						"tail": { "offsetX": 0.0, "offsetY": 0.0, "offsetZ": 0.0, "rotationX": 0.0, "rotationY": 0.0, "rotationZ": 0.0 },
						"Ear": { "rotationX": 0.0, "rotationY": 0.0, "rotationZ": 0.0 },
						"Ear2": { "rotationX": 0.0, "rotationY": 0.0, "rotationZ": 0.0 }
					}
				},
				{
					"frame": 40,
					"elements": {
						"Body": { "offsetX": 0.0, "offsetY": 0.0, "offsetZ": 0.0, "rotationX": 0.0, "rotationY": 0.0, "rotationZ": -1.0 },
						"R front leg": { "offsetX": 0.0, "offsetY": 0.0, "offsetZ": 0.0, "rotationX": 0.0, "rotationY": 0.0, "rotationZ": 2.0 },
						"R front foot": { "offsetX": 0.0, "offsetY": 0.0, "offsetZ": 0.0, "rotationX": 0.0, "rotationY": 0.0, "rotationZ": 0.0 },
						"L front leg": { "offsetX": 0.0, "offsetY": 0.0, "offsetZ": 0.0, "rotationX": 0.0, "rotationY": 0.0, "rotationZ": 2.0 },
						"L front foot": { "offsetX": 0.0, "offsetY": 0.0, "offsetZ": 0.0, "rotationX": 0.0, "rotationY": 0.0, "rotationZ": 0.0 },
						"R back leg": { "offsetX": 0.0, "offsetY": 0.0, "offsetZ": 0.0, "rotationX": 0.0, "rotationY": 0.0, "rotationZ": 2.0 },
						"R back foot": { "offsetX": 0.0, "offsetY": 0.0, "offsetZ": 0.0, "rotationX": 0.0, "rotationY": 0.0, "rotationZ": -1.0 },
						"L back leg": { "offsetX": 0.0, "offsetY": 0.0, "offsetZ": 0.0, "rotationX": 0.0, "rotationY": 0.0, "rotationZ": 2.0 },
						"L back foot": { "offsetX": 0.0, "offsetY": 0.0, "offsetZ": 0.0, "rotationX": 0.0, "rotationY": 0.0, "rotationZ": -1.0 },
						"tail": { "offsetX": 0.0, "offsetY": 0.0, "offsetZ": 0.0, "rotationX": 0.0, "rotationY": 0.0, "rotationZ": 6.0 },
						"Ear2": { "rotationX": 0.0, "rotationY": 0.0, "rotationZ": -8.0 },
						"Ear": { "rotationX": 0.0, "rotationY": 0.0, "rotationZ": 8.0 }
					}
				}
			]
		},

		{
			"name": "Death",
			"code": "death",
			"quantityframes": 120,
			"onActivityStopped": "Stop",
			"onAnimationEnd": "Hold",
			"keyframes": [
				{
					"frame": 0,
					"elements": {
						"Body": { "offsetX": 0.0, "offsetY": 0.0, "offsetZ": 0.0, "rotationX": 0.0, "rotationY": 0.0, "rotationZ": 0.0 },
						"R front leg": { "offsetX": 0.0, "offsetY": 0.0, "offsetZ": 0.0, "rotationX": 0.0, "rotationY": 0.0, "rotationZ": 0.0 },
						"R front foot": { "offsetX": 0.0, "offsetY": 0.0, "offsetZ": 0.0, "rotationX": 0.0, "rotationY": 0.0, "rotationZ": 0.0 },
						"L front leg": { "offsetX": 0.0, "offsetY": 0.0, "offsetZ": 0.0, "rotationX": 0.0, "rotationY": 0.0, "rotationZ": 0.0 },
						"L front foot": { "offsetX": 0.0, "offsetY": 0.0, "offsetZ": 0.0, "rotationX": 0.0, "rotationY": 0.0, "rotationZ": 0.0 },
						"R back leg": { "offsetX": 0.0, "offsetY": 0.0, "offsetZ": 0.0, "rotationX": 0.0, "rotationY": 0.0, "rotationZ": 0.0 },
						"R back foot": { "offsetX": 0.0, "offsetY": 0.0, "offsetZ": 0.0, "rotationX": 0.0, "rotationY": 0.0, "rotationZ": 0.0 },
						"L back leg": { "offsetX": 0.0, "offsetY": 0.0, "offsetZ": 0.0, "rotationX": 0.0, "rotationY": 0.0, "rotationZ": 0.0 },
						"L back foot": { "offsetX": 0.0, "offsetY": 0.0, "offsetZ": 0.0, "rotationX": 0.0, "rotationY": 0.0, "rotationZ": 0.0 },
						"tail": { "offsetX": 0.0, "offsetY": 0.0, "offsetZ": 0.0, "rotationX": 0.0, "rotationY": 0.0, "rotationZ": 0.0 }
					}
				},
				{
					"frame": 10,
					"elements": {
						"Body": { "offsetX": 4.0, "offsetY": 0.0, "offsetZ": 0.0, "rotationX": -4.0, "rotationY": -4.0, "rotationZ": -8.0 },
						"R front leg": { "offsetX": 0.0, "offsetY": -0.5, "offsetZ": 0.0, "rotationX": 4.0, "rotationY": 0.0, "rotationZ": 4.0 },
						"R front foot": { "offsetX": 0.0, "offsetY": 0.0, "offsetZ": 0.0, "rotationX": 0.0, "rotationY": 0.0, "rotationZ": 0.0 },
						"L front leg": { "offsetX": 0.0, "offsetY": -1.0, "offsetZ": 0.0, "rotationX": 0.0, "rotationY": 0.0, "rotationZ": 4.0 },
						"L front foot": { "offsetX": 0.0, "offsetY": 0.0, "offsetZ": 0.0, "rotationX": 0.0, "rotationY": 0.0, "rotationZ": 0.0 },
						"R back leg": { "offsetX": 0.0, "offsetY": 1.0, "offsetZ": 0.0, "rotationX": 2.0, "rotationY": 0.0, "rotationZ": 6.0 },
						"R back foot": { "offsetX": 0.0, "offsetY": 0.0, "offsetZ": 0.0, "rotationX": 0.0, "rotationY": 0.0, "rotationZ": -12.0 },
						"L back leg": { "offsetX": 0.0, "offsetY": 1.0, "offsetZ": 0.0, "rotationX": 0.0, "rotationY": 0.0, "rotationZ": 7.0 },
						"L back foot": { "offsetX": 0.0, "offsetY": 0.0, "offsetZ": 0.0, "rotationX": 0.0, "rotationY": 0.0, "rotationZ": -10.0 },
						"tail": { "offsetX": 0.0, "offsetY": 0.0, "offsetZ": 0.0, "rotationX": 0.0, "rotationY": 0.0, "rotationZ": 58.0 }
					}
				},
				{
					"frame": 45,
					"elements": {
						"Body": { "offsetX": 2.0, "offsetY": 0.0, "offsetZ": 0.0, "rotationX": 3.0, "rotationY": 6.0, "rotationZ": 2.0 },
						"R front leg": { "offsetX": 0.0, "offsetY": 0.5, "offsetZ": 0.0, "rotationX": 4.0, "rotationY": 2.0, "rotationZ": 3.0 },
						"R front foot": { "offsetX": 0.0, "offsetY": 0.0, "offsetZ": 0.0, "rotationX": 0.0, "rotationY": 0.0, "rotationZ": 6.0 },
						"L front leg": { "offsetX": 0.0, "offsetY": 0.0, "offsetZ": 0.0, "rotationX": -4.0, "rotationY": 4.0, "rotationZ": -8.0 },
						"L front foot": { "offsetX": 0.0, "offsetY": 0.0, "offsetZ": 0.0, "rotationX": -4.0, "rotationY": 0.0, "rotationZ": 8.0 },
						"R back leg": { "offsetX": 0.0, "offsetY": -0.5, "offsetZ": 0.0, "rotationX": -6.0, "rotationY": 4.0, "rotationZ": 0.0 },
						"R back foot": { "offsetX": 0.0, "offsetY": 0.0, "offsetZ": 0.0, "rotationX": 0.0, "rotationY": 0.0, "rotationZ": -8.0 },
						"L back leg": { "offsetX": 0.0, "offsetY": -0.5, "offsetZ": 0.0, "rotationX": -10.0, "rotationY": 10.0, "rotationZ": -8.0 },
						"L back foot": { "offsetX": 0.0, "offsetY": -0.5, "offsetZ": 0.0, "rotationX": 0.0, "rotationY": 0.0, "rotationZ": -6.0 },
						"tail": { "offsetX": 0.0, "offsetY": 0.0, "offsetZ": 0.0, "rotationX": 0.0, "rotationY": 0.0, "rotationZ": 47.0 }
					}
				},
				{
					"frame": 70,
					"elements": {
						"Body": { "offsetX": -4.0, "offsetY": 4.0, "offsetZ": -4.0, "rotationX": -75.0, "rotationY": 6.0, "rotationZ": 40.0 },
						"R front leg": { "offsetX": 0.0, "offsetY": 1.0, "offsetZ": 0.0, "rotationX": 4.0, "rotationY": 2.0, "rotationZ": 36.0 },
						"R front foot": { "offsetX": 0.0, "offsetY": 0.0, "offsetZ": 0.0, "rotationX": 0.0, "rotationY": 0.0, "rotationZ": 33.0 },
						"L front leg": { "offsetX": 0.0, "offsetY": 1.0, "offsetZ": 0.0, "rotationX": 19.0, "rotationY": 4.0, "rotationZ": -6.0 },
						"L front foot": { "offsetX": 0.0, "offsetY": 0.0, "offsetZ": 0.0, "rotationX": -4.0, "rotationY": 0.0, "rotationZ": 33.0 },
						"R back leg": { "offsetX": 0.0, "offsetY": -0.5, "offsetZ": 0.0, "rotationX": -6.0, "rotationY": 22.0, "rotationZ": 14.0 },
						"R back foot": { "offsetX": 0.0, "offsetY": 0.0, "offsetZ": 0.0, "rotationX": 8.0, "rotationY": 0.0, "rotationZ": -33.0 },
						"L back leg": { "offsetX": 0.0, "offsetY": -0.5, "offsetZ": 0.0, "rotationX": 13.0, "rotationY": 28.0, "rotationZ": -8.0 },
						"L back foot": { "offsetX": 0.0, "offsetY": -0.5, "offsetZ": 0.0, "rotationX": 0.0, "rotationY": 0.0, "rotationZ": -3.0 },
						"tail": { "offsetX": 0.0, "offsetY": 0.0, "offsetZ": 0.0, "rotationX": 8.0, "rotationY": 36.0, "rotationZ": 36.0 }
					}
				},
				{
					"frame": 72,
					"elements": {
						"Body": { "offsetX": -4.0, "offsetY": 4.0, "offsetZ": -4.0, "rotationX": -73.0, "rotationY": 3.0, "rotationZ": 40.0 },
						"R front leg": { "offsetX": 0.0, "offsetY": 1.0, "offsetZ": 0.0, "rotationX": 4.0, "rotationY": 2.0, "rotationZ": 36.0 },
						"R front foot": { "offsetX": 0.0, "offsetY": 0.0, "offsetZ": 0.0, "rotationX": 0.0, "rotationY": 0.0, "rotationZ": 33.0 },
						"L front leg": { "offsetX": 0.0, "offsetY": 1.0, "offsetZ": 0.0, "rotationX": 19.0, "rotationY": 4.0, "rotationZ": -6.0 },
						"L front foot": { "offsetX": 0.0, "offsetY": 0.0, "offsetZ": 0.0, "rotationX": -4.0, "rotationY": 0.0, "rotationZ": 33.0 },
						"R back leg": { "offsetX": 0.0, "offsetY": -0.5, "offsetZ": 0.0, "rotationX": -6.0, "rotationY": 22.0, "rotationZ": 14.0 },
						"R back foot": { "offsetX": 0.0, "offsetY": 0.0, "offsetZ": 0.0, "rotationX": 8.0, "rotationY": 0.0, "rotationZ": -33.0 },
						"L back leg": { "offsetX": 0.0, "offsetY": -0.5, "offsetZ": 0.0, "rotationX": 13.0, "rotationY": 28.0, "rotationZ": -8.0 },
						"L back foot": { "offsetX": 0.0, "offsetY": -0.5, "offsetZ": 0.0, "rotationX": 0.0, "rotationY": 0.0, "rotationZ": -3.0 },
						"tail": { "offsetX": 0.0, "offsetY": 0.0, "offsetZ": 0.0, "rotationX": 8.0, "rotationY": 36.0, "rotationZ": 36.0 }
					}
				},
				{
					"frame": 78,
					"elements": {
						"Body": { "offsetX": -4.0, "offsetY": 4.0, "offsetZ": -4.0, "rotationX": -75.0, "rotationY": 6.0, "rotationZ": 40.0 },
						"R front leg": { "offsetX": 0.0, "offsetY": 1.0, "offsetZ": 0.0, "rotationX": 4.0, "rotationY": 2.0, "rotationZ": 36.0 },
						"R front foot": { "offsetX": 0.0, "offsetY": 0.0, "offsetZ": 0.0, "rotationX": 0.0, "rotationY": 0.0, "rotationZ": 33.0 },
						"L front leg": { "offsetX": 0.0, "offsetY": 1.0, "offsetZ": 0.0, "rotationX": 19.0, "rotationY": 4.0, "rotationZ": -6.0 },
						"L front foot": { "offsetX": 0.0, "offsetY": 0.0, "offsetZ": 0.0, "rotationX": -4.0, "rotationY": 0.0, "rotationZ": 33.0 },
						"R back leg": { "offsetX": 0.0, "offsetY": -0.5, "offsetZ": 0.0, "rotationX": -6.0, "rotationY": 22.0, "rotationZ": 14.0 },
						"R back foot": { "offsetX": 0.0, "offsetY": 0.0, "offsetZ": 0.0, "rotationX": 8.0, "rotationY": 0.0, "rotationZ": -33.0 },
						"L back leg": { "offsetX": 0.0, "offsetY": -0.5, "offsetZ": 0.0, "rotationX": 13.0, "rotationY": 28.0, "rotationZ": -8.0 },
						"L back foot": { "offsetX": 0.0, "offsetY": -0.5, "offsetZ": 0.0, "rotationX": 0.0, "rotationY": 0.0, "rotationZ": -3.0 },
						"tail": { "offsetX": 0.0, "offsetY": 0.0, "offsetZ": 0.0, "rotationX": 8.0, "rotationY": 36.0, "rotationZ": 36.0 }
					}
				},
				{
					"frame": 119,
					"elements": {
						"Body": { "offsetX": -4.0, "offsetY": 4.0, "offsetZ": -4.0, "rotationX": -75.0, "rotationY": 6.0, "rotationZ": 40.0 },
						"R front leg": { "offsetX": 0.0, "offsetY": 1.0, "offsetZ": 0.0, "rotationX": 4.0, "rotationY": 2.0, "rotationZ": 36.0 },
						"R front foot": { "offsetX": 0.0, "offsetY": 0.0, "offsetZ": 0.0, "rotationX": 0.0, "rotationY": 0.0, "rotationZ": 33.0 },
						"L front leg": { "offsetX": 0.0, "offsetY": 1.0, "offsetZ": 0.0, "rotationX": 19.0, "rotationY": 4.0, "rotationZ": -6.0 },
						"L front foot": { "offsetX": 0.0, "offsetY": 0.0, "offsetZ": 0.0, "rotationX": -4.0, "rotationY": 0.0, "rotationZ": 33.0 },
						"R back leg": { "offsetX": 0.0, "offsetY": -0.5, "offsetZ": 0.0, "rotationX": -6.0, "rotationY": 22.0, "rotationZ": 14.0 },
						"R back foot": { "offsetX": 0.0, "offsetY": 0.0, "offsetZ": 0.0, "rotationX": 8.0, "rotationY": 0.0, "rotationZ": -33.0 },
						"L back leg": { "offsetX": 0.0, "offsetY": -0.5, "offsetZ": 0.0, "rotationX": 13.0, "rotationY": 28.0, "rotationZ": -8.0 },
						"L back foot": { "offsetX": 0.0, "offsetY": -0.5, "offsetZ": 0.0, "rotationX": 0.0, "rotationY": 0.0, "rotationZ": -3.0 },
						"tail": { "offsetX": 0.0, "offsetY": 0.0, "offsetZ": 0.0, "rotationX": 8.0, "rotationY": 36.0, "rotationZ": 36.0 }
					}
				}
			]
		},

		{
			"name": "Attack",
			"code": "attack",
			"quantityframes": 75,
			"onActivityStopped": "PlayTillEnd",
			"onAnimationEnd": "Stop",
			"keyframes": [
				{
					"frame": 0,
					"elements": {
						"Body": { "offsetX": 0.0, "offsetY": 0.0, "offsetZ": 0.0, "rotationX": 0.0, "rotationY": 0.0, "rotationZ": 0.0 },
						"R front leg": { "offsetX": 0.0, "offsetY": 0.0, "offsetZ": 0.0, "rotationX": 0.0, "rotationY": 0.0, "rotationZ": 0.0 },
						"R front foot": { "offsetX": 0.0, "offsetY": 0.0, "offsetZ": 0.0, "rotationX": 0.0, "rotationY": 0.0, "rotationZ": 0.0 },
						"L front leg": { "offsetX": 0.0, "offsetY": 0.0, "offsetZ": 0.0, "rotationX": 0.0, "rotationY": 0.0, "rotationZ": 0.0 },
						"L front foot": { "offsetX": 0.0, "offsetY": 0.0, "offsetZ": 0.0, "rotationX": 0.0, "rotationY": 0.0, "rotationZ": 0.0 },
						"R back leg": { "offsetX": 0.0, "offsetY": 0.0, "offsetZ": 0.0, "rotationX": 0.0, "rotationY": 0.0, "rotationZ": 0.0 },
						"R back foot": { "offsetX": 0.0, "offsetY": 0.0, "offsetZ": 0.0, "rotationX": 0.0, "rotationY": 0.0, "rotationZ": 0.0 },
						"L back leg": { "offsetX": 0.0, "offsetY": 0.0, "offsetZ": 0.0, "rotationX": 0.0, "rotationY": 0.0, "rotationZ": 0.0 },
						"L back foot": { "offsetX": 0.0, "offsetY": 0.0, "offsetZ": 0.0, "rotationX": 0.0, "rotationY": 0.0, "rotationZ": 0.0 },
						"tail": { "offsetX": 0.0, "offsetY": 0.0, "offsetZ": 0.0, "rotationX": 0.0, "rotationY": 0.0, "rotationZ": 0.0 }
					}
				},
				{
					"frame": 7,
					"elements": {
						"L front leg": { "offsetX": 0.0, "offsetY": 2.0, "offsetZ": 0.0 },
						"R back foot": { "offsetX": 0.0, "offsetY": 1.0, "offsetZ": 0.0 }
					}
				},
				{
					"frame": 15,
					"elements": {
						"R front leg": { "rotationX": 0.0, "rotationY": 0.0, "rotationZ": -16.0 },
						"L front leg": { "rotationX": 0.0, "rotationY": 0.0, "rotationZ": -10.0 },
						"L back leg": { "offsetX": 0.0, "offsetY": 0.0, "offsetZ": 0.0, "rotationX": 0.0, "rotationY": 0.0, "rotationZ": -10.0 },
						"R back foot": { "offsetX": 0.0, "offsetY": 0.0, "offsetZ": 0.0, "rotationX": 0.0, "rotationY": 0.0, "rotationZ": 5.0 }
					}
				},
				{
					"frame": 22,
					"elements": {
						"R front leg": { "offsetX": 0.0, "offsetY": 3.0, "offsetZ": 0.0 },
						"L back leg": { "offsetX": 0.0, "offsetY": 1.0, "offsetZ": 0.0 }
					}
				},
				{
					"frame": 30,
					"elements": {
						"Body": { "offsetX": 6.0, "offsetY": -0.5, "offsetZ": 0.0, "rotationX": 0.0, "rotationY": 0.0, "rotationZ": 12.0 },
						"R front leg": { "offsetX": 0.0, "offsetY": 1.5, "offsetZ": 0.0, "rotationX": 0.0, "rotationY": 0.0, "rotationZ": 0.0 },
						"R front foot": { "offsetX": 0.0, "offsetY": 0.0, "offsetZ": 0.0, "rotationX": 0.0, "rotationY": 0.0, "rotationZ": 5.0 },
						"L front leg": { "offsetX": 0.0, "offsetY": 1.5, "offsetZ": 0.0, "rotationX": 0.0, "rotationY": 0.0, "rotationZ": -30.0 },
						"L front foot": { "offsetX": 0.0, "offsetY": 0.0, "offsetZ": 0.0, "rotationX": 0.0, "rotationY": 0.0, "rotationZ": 10.0 },
						"R back leg": { "offsetX": 0.0, "offsetY": -0.5, "offsetZ": 0.0, "rotationX": 0.0, "rotationY": 0.0, "rotationZ": -10.0 },
						"R back foot": { "offsetX": 0.0, "offsetY": 0.0, "offsetZ": 0.0, "rotationX": 0.0, "rotationY": 0.0, "rotationZ": -5.0 },
						"L back leg": { "offsetX": 0.0, "offsetY": -1.0, "offsetZ": 0.0, "rotationX": 0.0, "rotationY": 0.0, "rotationZ": 0.0 },
						"L back foot": { "offsetX": 0.0, "offsetY": 0.0, "offsetZ": 0.0, "rotationX": 0.0, "rotationY": 0.0, "rotationZ": 0.0 },
						"tail": { "offsetX": 0.0, "offsetY": 0.0, "offsetZ": 0.0, "rotationX": 0.0, "rotationY": 0.0, "rotationZ": 0.0 }
					}
				},
				{
					"frame": 35,
					"elements": {
						"R front leg": { "offsetX": 0.0, "offsetY": 3.0, "offsetZ": 0.0 },
						"L back leg": { "offsetX": 0.0, "offsetY": 0.5, "offsetZ": 0.0 }
					}
				},
				{
					"frame": 38,
					"elements": {
						"Body": { "offsetX": 2.6, "offsetY": -0.7, "offsetZ": 0.0, "rotationX": 0.0, "rotationY": 0.0, "rotationZ": 9.2 },
						"R front leg": { "offsetX": 0.0, "offsetY": 2.0, "offsetZ": 0.0, "rotationX": 0.0, "rotationY": 0.0, "rotationZ": -26.0 },
						"R front foot": { "offsetX": 0.0, "offsetY": 0.0, "offsetZ": 0.0, "rotationX": 0.0, "rotationY": 0.0, "rotationZ": 9.0 },
						"L front leg": { "offsetX": 0.0, "offsetY": 2.0, "offsetZ": 0.0, "rotationX": 0.0, "rotationY": 0.0, "rotationZ": -15.0 },
						"L front foot": { "offsetX": 0.0, "offsetY": 0.0, "offsetZ": 0.0, "rotationX": 0.0, "rotationY": 0.0, "rotationZ": 14.0 },
						"R back leg": { "offsetX": 0.0, "offsetY": -0.1, "offsetZ": 0.0, "rotationX": 0.0, "rotationY": 0.0, "rotationZ": 0.0 },
						"R back foot": { "offsetX": 0.0, "offsetY": 0.0, "offsetZ": 0.0, "rotationX": 0.0, "rotationY": 0.0, "rotationZ": -7.0 },
						"L back leg": { "offsetX": 0.0, "offsetY": 0.0, "offsetZ": 0.0, "rotationX": 0.0, "rotationY": 0.0, "rotationZ": -10.0 },
						"L back foot": { "offsetX": 0.0, "offsetY": 0.0, "offsetZ": 0.0, "rotationX": 0.0, "rotationY": 0.0, "rotationZ": 0.0 },
						"tail": { "offsetX": 0.0, "offsetY": 0.0, "offsetZ": 0.0, "rotationX": 0.0, "rotationY": 0.0, "rotationZ": 0.0 }
					}
				},
				{
					"frame": 42,
					"elements": {
						"L front leg": { "offsetX": 0.0, "offsetY": 3.0, "offsetZ": 0.0 },
						"R back leg": { "offsetX": 0.0, "offsetY": 1.0, "offsetZ": 0.0 }
					}
				},
				{
					"frame": 45,
					"elements": {
						"Body": { "offsetX": -3.0, "offsetY": -0.75, "offsetZ": 0.0, "rotationX": 0.0, "rotationY": 0.0, "rotationZ": 5.0 },
						"R front leg": { "offsetX": 0.0, "offsetY": 1.5, "offsetZ": 0.0, "rotationX": 0.0, "rotationY": 0.0, "rotationZ": -5.0 },
						"R front foot": { "offsetX": 0.0, "offsetY": 0.0, "offsetZ": 0.0, "rotationX": 0.0, "rotationY": 0.0, "rotationZ": 15.0 },
						"L front leg": { "offsetX": 0.0, "offsetY": 1.5, "offsetZ": 0.0, "rotationX": 0.0, "rotationY": 0.0, "rotationZ": -30.0 },
						"L front foot": { "offsetX": 0.0, "offsetY": 0.0, "offsetZ": 0.0, "rotationX": 0.0, "rotationY": 0.0, "rotationZ": 20.0 },
						"R back leg": { "offsetX": 0.0, "offsetY": 0.5, "offsetZ": 0.0, "rotationX": 0.0, "rotationY": 0.0, "rotationZ": -10.0 },
						"R back foot": { "offsetX": 0.0, "offsetY": 0.0, "offsetZ": 0.0, "rotationX": 0.0, "rotationY": 0.0, "rotationZ": -10.0 },
						"L back leg": { "offsetX": 0.0, "offsetY": 0.0, "offsetZ": 0.0, "rotationX": 0.0, "rotationY": 0.0, "rotationZ": 10.0 },
						"L back foot": { "offsetX": 0.0, "offsetY": 0.0, "offsetZ": 0.0, "rotationX": 0.0, "rotationY": 0.0, "rotationZ": 0.0 },
						"tail": { "offsetX": 0.0, "offsetY": 0.0, "offsetZ": 0.0, "rotationX": 0.0, "rotationY": 0.0, "rotationZ": 0.0 }
					}
				},
				{
					"frame": 50,
					"elements": {
						"Body": { "offsetX": -6.0, "offsetY": -2.25, "offsetZ": 0.0, "rotationX": 0.0, "rotationY": 0.0, "rotationZ": -10.0 },
						"R front leg": { "offsetX": 0.0, "offsetY": -1.0, "offsetZ": 0.0, "rotationX": 0.0, "rotationY": 0.0, "rotationZ": 15.0 },
						"R front foot": { "offsetX": 0.0, "offsetY": 0.0, "offsetZ": 0.0, "rotationX": 0.0, "rotationY": 0.0, "rotationZ": 15.0 },
						"L front leg": { "offsetX": 0.0, "offsetY": -1.0, "offsetZ": 0.0, "rotationX": 0.0, "rotationY": 0.0, "rotationZ": 10.0 },
						"L front foot": { "offsetX": 0.0, "offsetY": 0.0, "offsetZ": 0.0, "rotationX": 0.0, "rotationY": 0.0, "rotationZ": 10.0 },
						"R back leg": { "offsetX": 0.0, "offsetY": 1.0, "offsetZ": 0.0, "rotationX": 0.0, "rotationY": 0.0, "rotationZ": 5.0 },
						"R back foot": { "offsetX": 0.0, "offsetY": 0.0, "offsetZ": 0.0, "rotationX": 0.0, "rotationY": 0.0, "rotationZ": 0.0 },
						"L back leg": { "offsetX": 0.0, "offsetY": 0.0, "offsetZ": 0.0, "rotationX": 0.0, "rotationY": 0.0, "rotationZ": 30.0 },
						"L back foot": { "offsetX": 0.0, "offsetY": 0.0, "offsetZ": 0.0, "rotationX": 0.0, "rotationY": 0.0, "rotationZ": 0.0 },
						"tail": { "offsetX": 0.0, "offsetY": 0.0, "offsetZ": 0.0, "rotationX": 0.0, "rotationY": 0.0, "rotationZ": 0.0 }
					}
				},
				{
					"frame": 57,
					"elements": {
						"L front leg": { "offsetX": 0.0, "offsetY": -0.5, "offsetZ": 0.0, "rotationX": 0.0, "rotationY": 0.0, "rotationZ": 0.0 }
					}
				},
				{
					"frame": 62,
					"elements": {
						"R back leg": { "offsetX": 0.0, "offsetY": 1.5, "offsetZ": 0.0 }
					}
				},
				{
					"frame": 65,
					"elements": {
						"L front leg": { "offsetX": 0.0, "offsetY": 0.5, "offsetZ": 0.0 }
					}
				}
			]
		},

		{
			"name": "Eat",
			"code": "eat",
			"quantityframes": 120,
			"onActivityStopped": "PlayTillEnd",
			"onAnimationEnd": "Stop",
			"keyframes": [
				{
					"frame": 0,
					"elements": {
						"Body": { "offsetX": 0.0, "offsetY": 0.0, "offsetZ": 0.0, "rotationX": 0.0, "rotationY": 0.0, "rotationZ": 0.0 },
						"R front leg": { "offsetX": 0.0, "offsetY": 0.0, "offsetZ": 0.0, "rotationX": 0.0, "rotationY": 0.0, "rotationZ": 0.0 },
						"R front foot": { "offsetX": 0.0, "offsetY": 0.0, "offsetZ": 0.0, "rotationX": 0.0, "rotationY": 0.0, "rotationZ": 0.0 },
						"L front leg": { "offsetX": 0.0, "offsetY": 0.0, "offsetZ": 0.0, "rotationX": 0.0, "rotationY": 0.0, "rotationZ": 0.0 },
						"L front foot": { "offsetX": 0.0, "offsetY": 0.0, "offsetZ": 0.0, "rotationX": 0.0, "rotationY": 0.0, "rotationZ": 0.0 },
						"R back leg": { "offsetX": 0.0, "offsetY": 0.0, "offsetZ": 0.0, "rotationX": 0.0, "rotationY": 0.0, "rotationZ": 0.0 },
						"R back foot": { "offsetX": 0.0, "offsetY": 0.0, "offsetZ": 0.0, "rotationX": 0.0, "rotationY": 0.0, "rotationZ": 0.0 },
						"L back leg": { "offsetX": 0.0, "offsetY": 0.0, "offsetZ": 0.0, "rotationX": 0.0, "rotationY": 0.0, "rotationZ": 0.0 },
						"L back foot": { "offsetX": 0.0, "offsetY": 0.0, "offsetZ": 0.0, "rotationX": 0.0, "rotationY": 0.0, "rotationZ": 0.0 },
						"tail": { "offsetX": 0.0, "offsetY": 0.0, "offsetZ": 0.0, "rotationX": 0.0, "rotationY": 0.0, "rotationZ": 0.0 },
						"Neck2": { "offsetX": 0.0, "offsetY": 0.0, "offsetZ": 0.0, "rotationX": 0.0, "rotationY": 0.0, "rotationZ": 0.0 },
						"Mouth": { "offsetX": 0.0, "offsetY": 0.0, "offsetZ": 0.0, "rotationX": 0.0, "rotationY": 0.0, "rotationZ": 0.0 },
						"HeadHair": { "offsetX": 0.0, "offsetY": 0.0, "offsetZ": 0.0, "rotationX": 0.0, "rotationY": 0.0, "rotationZ": 0.0 },
						"Neck1": { "rotationX": 0.0, "rotationY": 0.0, "rotationZ": 0.0 }
					}
				},
				{
					"frame": 8,
					"elements": {
						"L back leg": { "offsetX": 0.0, "offsetY": 0.0, "offsetZ": 0.0 }
					}
				},
				{
					"frame": 17,
					"elements": {
						"R front leg": { "offsetX": 0.0, "offsetY": 2.0, "offsetZ": 0.0 },
						"Neck2": { "offsetX": -1.25, "offsetY": 0.0, "offsetZ": 0.0, "rotationX": 0.0, "rotationY": 0.0, "rotationZ": 11.0 },
						"Neck1": { "offsetX": 0.0, "offsetY": -1.25, "offsetZ": 0.0, "rotationX": 0.0, "rotationY": 0.0, "rotationZ": 19.0 }
					}
				},
				{
					"frame": 35,
					"elements": {
						"Body": { "offsetX": 0.0, "offsetY": 1.75, "offsetZ": 0.0, "rotationX": -3.0, "rotationY": 2.0, "rotationZ": 20.0 },
						"R front leg": { "offsetX": 0.0, "offsetY": 2.0, "offsetZ": 0.0, "rotationX": 3.0, "rotationY": 0.0, "rotationZ": 10.0 },
						"R front foot": { "offsetX": 0.0, "offsetY": 0.0, "offsetZ": 0.0, "rotationX": 0.0, "rotationY": 0.0, "rotationZ": -10.0 },
						"L front leg": { "offsetX": 0.0, "offsetY": 2.0, "offsetZ": 0.0, "rotationX": 0.0, "rotationY": 0.0, "rotationZ": -15.0 },
						"L front foot": { "offsetX": 0.0, "offsetY": 0.0, "offsetZ": 0.0, "rotationX": 0.0, "rotationY": 0.0, "rotationZ": -10.0 },
						"R back leg": { "offsetX": 0.0, "offsetY": -1.0, "offsetZ": 0.0, "rotationX": 3.0, "rotationY": 0.0, "rotationZ": -22.5 },
						"R back foot": { "offsetX": 0.0, "offsetY": 0.0, "offsetZ": 0.0, "rotationX": 0.0, "rotationY": 0.0, "rotationZ": 0.0 },
						"L back leg": { "offsetX": -1.0, "offsetY": -2.0, "offsetZ": 0.0, "rotationX": 0.0, "rotationY": 0.0, "rotationZ": 0.0 },
						"L back foot": { "offsetX": 0.0, "offsetY": 0.0, "offsetZ": 0.0, "rotationX": 0.0, "rotationY": 0.0, "rotationZ": 0.0 },
						"tail": { "offsetX": 0.0, "offsetY": 0.0, "offsetZ": 0.0, "rotationX": 0.0, "rotationY": 0.0, "rotationZ": 0.0 }
					}
				},
				{
					"frame": 45,
					"elements": {
						"Body": { "offsetX": 0.0, "offsetY": 1.75, "offsetZ": 0.0, "rotationX": -3.0, "rotationY": 2.0, "rotationZ": 22.0 },
						"R front leg": { "offsetX": 0.0, "offsetY": 2.0, "offsetZ": 0.0, "rotationX": 3.0, "rotationY": 0.0, "rotationZ": 8.0 },
						"R front foot": { "offsetX": 0.0, "offsetY": 0.0, "offsetZ": 0.0, "rotationX": 0.0, "rotationY": 0.0, "rotationZ": -10.0 },
						"L front leg": { "offsetX": 0.0, "offsetY": 2.0, "offsetZ": 0.0, "rotationX": 0.0, "rotationY": 0.0, "rotationZ": -17.0 },
						"L front foot": { "offsetX": 0.0, "offsetY": 0.0, "offsetZ": 0.0, "rotationX": 0.0, "rotationY": 0.0, "rotationZ": -10.0 },
						"R back leg": { "offsetX": 0.0, "offsetY": -1.2, "offsetZ": 0.0, "rotationX": 3.0, "rotationY": 0.0, "rotationZ": -24.5 },
						"R back foot": { "offsetX": 0.0, "offsetY": 0.0, "offsetZ": 0.0, "rotationX": 0.0, "rotationY": 0.0, "rotationZ": 0.0 },
						"L back leg": { "offsetX": -1.0, "offsetY": -2.2, "offsetZ": 0.0, "rotationX": 0.0, "rotationY": 0.0, "rotationZ": -2.0 },
						"L back foot": { "offsetX": 0.0, "offsetY": 0.0, "offsetZ": 0.0, "rotationX": 0.0, "rotationY": 0.0, "rotationZ": 0.0 },
						"tail": { "offsetX": 0.0, "offsetY": 0.0, "offsetZ": 0.0, "rotationX": 0.0, "rotationY": 0.0, "rotationZ": 0.0 }
					}
				},
				{
					"frame": 55,
					"elements": {
						"Body": { "offsetX": 0.0, "offsetY": 1.75, "offsetZ": 0.0, "rotationX": -3.0, "rotationY": 2.0, "rotationZ": 20.0 },
						"R front leg": { "offsetX": 0.0, "offsetY": 2.0, "offsetZ": 0.0, "rotationX": 3.0, "rotationY": 0.0, "rotationZ": 10.0 },
						"R front foot": { "offsetX": 0.0, "offsetY": 0.0, "offsetZ": 0.0, "rotationX": 0.0, "rotationY": 0.0, "rotationZ": -10.0 },
						"L front leg": { "offsetX": 0.0, "offsetY": 2.0, "offsetZ": 0.0, "rotationX": 0.0, "rotationY": 0.0, "rotationZ": -15.0 },
						"L front foot": { "offsetX": 0.0, "offsetY": 0.0, "offsetZ": 0.0, "rotationX": 0.0, "rotationY": 0.0, "rotationZ": -10.0 },
						"R back leg": { "offsetX": 0.0, "offsetY": -1.0, "offsetZ": 0.0, "rotationX": 3.0, "rotationY": 0.0, "rotationZ": -22.5 },
						"R back foot": { "offsetX": 0.0, "offsetY": 0.0, "offsetZ": 0.0, "rotationX": 0.0, "rotationY": 0.0, "rotationZ": 0.0 },
						"L back leg": { "offsetX": -1.0, "offsetY": -2.0, "offsetZ": 0.0, "rotationX": 0.0, "rotationY": 0.0, "rotationZ": 0.0 },
						"L back foot": { "offsetX": 0.0, "offsetY": 0.0, "offsetZ": 0.0, "rotationX": 0.0, "rotationY": 0.0, "rotationZ": 0.0 },
						"tail": { "offsetX": 0.0, "offsetY": 0.0, "offsetZ": 0.0, "rotationX": 0.0, "rotationY": 0.0, "rotationZ": 0.0 },
						"Mouth": { "offsetX": -0.75, "offsetY": 0.0, "offsetZ": 0.0, "rotationX": 0.0, "rotationY": 0.0, "rotationZ": 30.0 }
					}
				},
				{
					"frame": 75,
					"elements": {
						"L back leg": { "offsetX": 0.0, "offsetY": -1.0, "offsetZ": 0.0 },
						"Mouth": { "rotationX": 0.0, "rotationY": 0.0, "rotationZ": 0.0 },
						"HeadHair": { "offsetX": 0.0, "offsetY": -0.125, "offsetZ": 0.0, "rotationX": 0.0, "rotationY": 0.0, "rotationZ": 6.0 }
					}
				},
				{
					"frame": 79,
					"elements": {
						"R front leg": { "offsetX": 0.0, "offsetY": 2.0, "offsetZ": 0.0 },
						"Mouth": { "rotationX": 0.0, "rotationY": 0.0, "rotationZ": -8.0 }
					}
				},
				{
					"frame": 110,
					"elements": {
						"Body": { "offsetX": 0.0, "offsetY": 0.0, "offsetZ": 0.0, "rotationX": 0.0, "rotationY": 0.0, "rotationZ": 0.0 },
						"R front leg": { "offsetX": 0.0, "offsetY": 0.0, "offsetZ": 0.0, "rotationX": 0.0, "rotationY": 0.0, "rotationZ": 0.0 },
						"R front foot": { "offsetX": 0.0, "offsetY": 0.0, "offsetZ": 0.0, "rotationX": 0.0, "rotationY": 0.0, "rotationZ": 0.0 },
						"L front leg": { "offsetX": 0.0, "offsetY": 0.0, "offsetZ": 0.0, "rotationX": 0.0, "rotationY": 0.0, "rotationZ": 0.0 },
						"L front foot": { "offsetX": 0.0, "offsetY": 0.0, "offsetZ": 0.0, "rotationX": 0.0, "rotationY": 0.0, "rotationZ": 0.0 },
						"R back leg": { "offsetX": 0.0, "offsetY": 0.0, "offsetZ": 0.0, "rotationX": 0.0, "rotationY": 0.0, "rotationZ": 0.0 },
						"R back foot": { "offsetX": 0.0, "offsetY": 0.0, "offsetZ": 0.0, "rotationX": 0.0, "rotationY": 0.0, "rotationZ": 0.0 },
						"L back leg": { "offsetX": 0.0, "offsetY": 0.0, "offsetZ": 0.0, "rotationX": 0.0, "rotationY": 0.0, "rotationZ": 0.0 },
						"L back foot": { "offsetX": 0.0, "offsetY": 0.0, "offsetZ": 0.0, "rotationX": 0.0, "rotationY": 0.0, "rotationZ": 0.0 },
						"tail": { "offsetX": 0.0, "offsetY": 0.0, "offsetZ": 0.0, "rotationX": 0.0, "rotationY": 0.0, "rotationZ": 0.0 },
						"Mouth": { "rotationX": 0.0, "rotationY": 0.0, "rotationZ": 6.0 }
					}
				}
			]
		},

		{
			"name": "Hurt",
			"code": "hurt",
			"quantityframes": 30,
			"onActivityStopped": "PlayTillEnd",
			"onAnimationEnd": "Stop",
			"keyframes": [
				{
					"frame": 0,
					"elements": {
						"Body": { "offsetX": 0.0, "offsetY": 0.0, "offsetZ": 0.0, "rotationX": 0.0, "rotationY": 0.0, "rotationZ": 0.0 },
						"R front leg": { "offsetX": 0.0, "offsetY": 0.0, "offsetZ": 0.0, "rotationX": 0.0, "rotationY": 0.0, "rotationZ": 0.0 },
						"R front foot": { "offsetX": 0.0, "offsetY": 0.0, "offsetZ": 0.0, "rotationX": 0.0, "rotationY": 0.0, "rotationZ": 0.0 },
						"L front leg": { "offsetX": 0.0, "offsetY": 0.0, "offsetZ": 0.0, "rotationX": 0.0, "rotationY": 0.0, "rotationZ": 0.0 },
						"L front foot": { "offsetX": 0.0, "offsetY": 0.0, "offsetZ": 0.0, "rotationX": 0.0, "rotationY": 0.0, "rotationZ": 0.0 },
						"R back leg": { "offsetX": 0.0, "offsetY": 0.0, "offsetZ": 0.0, "rotationX": 0.0, "rotationY": 0.0, "rotationZ": 0.0 },
						"R back foot": { "offsetX": 0.0, "offsetY": 0.0, "offsetZ": 0.0, "rotationX": 0.0, "rotationY": 0.0, "rotationZ": 0.0 },
						"L back leg": { "offsetX": 0.0, "offsetY": 0.0, "offsetZ": 0.0, "rotationX": 0.0, "rotationY": 0.0, "rotationZ": 0.0 },
						"L back foot": { "offsetX": 0.0, "offsetY": 0.0, "offsetZ": 0.0, "rotationX": 0.0, "rotationY": 0.0, "rotationZ": 0.0 },
						"tail": { "rotationX": 0.0, "rotationY": 0.0, "rotationZ": 0.0 }
					}
				},
				{
					"frame": 6,
					"elements": {
						"Body": { "offsetX": 0.0, "offsetY": -1.25, "offsetZ": 0.0, "rotationX": 1.0, "rotationY": -5.0, "rotationZ": -10.0 },
						"R front leg": { "offsetX": 0.0, "offsetY": -1.0, "offsetZ": 0.0, "rotationX": -3.0, "rotationY": 0.0, "rotationZ": 5.0 },
						"R front foot": { "offsetX": 0.0, "offsetY": 0.0, "offsetZ": 0.0, "rotationX": 0.0, "rotationY": 0.0, "rotationZ": 5.0 },
						"L front leg": { "offsetX": 0.0, "offsetY": 0.0, "offsetZ": 0.0, "rotationX": 0.0, "rotationY": 0.0, "rotationZ": -5.0 },
						"L front foot": { "offsetX": 0.0, "offsetY": 0.0, "offsetZ": 0.0, "rotationX": 0.0, "rotationY": 0.0, "rotationZ": 25.0 },
						"R back leg": { "offsetX": 0.0, "offsetY": 1.0, "offsetZ": 0.0, "rotationX": 2.0, "rotationY": 0.0, "rotationZ": 15.0 },
						"R back foot": { "offsetX": 0.0, "offsetY": 0.0, "offsetZ": 0.0, "rotationX": 0.0, "rotationY": 0.0, "rotationZ": -7.0 },
						"L back leg": { "offsetX": 0.0, "offsetY": 1.0, "offsetZ": 0.0, "rotationX": 1.0, "rotationY": 0.0, "rotationZ": 15.0 },
						"L back foot": { "offsetX": 0.0, "offsetY": 0.0, "offsetZ": 0.0, "rotationX": 0.0, "rotationY": 0.0, "rotationZ": -5.0 },
						"tail": { "rotationX": 0.0, "rotationY": 0.0, "rotationZ": 0.0 }
					}
				}
			]
		},

		{
			"name": "Sit",
			"code": "sit",
			"quantityframes": 50,
			"onActivityStopped": "EaseOut",
			"onAnimationEnd": "Repeat",
			"keyframes": [
				{
					"frame": 0,
					"elements": {
						"Body": { "offsetX": 0.0, "offsetY": -7.75, "offsetZ": 2.0, "rotationX": 9.0, "rotationY": 0.0, "rotationZ": 0.0 },
						"R front leg": { "rotationX": 33.0, "rotationY": 8.0, "rotationZ": -53.0 },
						"R front foot": { "rotationX": 0.0, "rotationY": 0.0, "rotationZ": 138.0 },
						"L front leg": { "rotationX": 33.0, "rotationY": 8.0, "rotationZ": -53.0 },
						"L front foot": { "rotationX": 0.0, "rotationY": 0.0, "rotationZ": 141.0 },
						"R back leg": { "offsetX": 0.0, "offsetY": 1.0, "offsetZ": 0.0, "rotationX": 17.0, "rotationY": -19.0, "rotationZ": 11.0 },
						"R back foot": { "offsetX": 1.0, "offsetY": 1.0, "offsetZ": 0.0, "rotationX": 0.0, "rotationY": 0.0, "rotationZ": -91.0 },
						"L back leg": { "offsetX": 0.0, "offsetY": 1.0, "offsetZ": 0.0, "rotationX": -11.0, "rotationY": 8.0, "rotationZ": 8.0 },
						"L back foot": { "offsetX": 1.0, "offsetY": 0.0, "offsetZ": 0.0, "rotationX": 0.0, "rotationY": 0.0, "rotationZ": -94.0 }
					}
				},
				{
					"frame": 15,
					"elements": {
						"Body": { "offsetX": 0.0, "offsetY": -7.75, "offsetZ": 2.0, "rotationX": 9.0, "rotationY": 0.0, "rotationZ": -1.0 },
						"R front leg": { "rotationX": 33.0, "rotationY": 9.0, "rotationZ": -51.0 },
						"R front foot": { "rotationX": 0.0, "rotationY": 0.0, "rotationZ": 137.0 },
						"L front leg": { "rotationX": 33.0, "rotationY": 8.0, "rotationZ": -50.0 },
						"L front foot": { "rotationX": 0.0, "rotationY": 0.0, "rotationZ": 139.0 },
						"R back leg": { "offsetX": 0.1, "offsetY": 1.1, "offsetZ": 0.0, "rotationX": 18.0, "rotationY": -19.0, "rotationZ": 12.0 },
						"R back foot": { "offsetX": 1.0, "offsetY": 1.0, "offsetZ": 0.0, "rotationX": 0.0, "rotationY": 0.0, "rotationZ": -91.0 },
						"L back leg": { "offsetX": 0.1, "offsetY": 1.1, "offsetZ": 0.0, "rotationX": -11.0, "rotationY": 8.0, "rotationZ": 9.0 },
						"L back foot": { "offsetX": 1.0, "offsetY": 0.0, "offsetZ": 0.0, "rotationX": 0.0, "rotationY": 0.0, "rotationZ": -94.0 }
					}
				}
			]
		},

		{
			"name": "Sleep",
			"code": "sleep",
			"quantityframes": 50,
			"onActivityStopped": "EaseOut",
			"onAnimationEnd": "Repeat",
			"keyframes": [
				{
					"frame": 0,
					"elements": {
						"Body": { "offsetX": 0.0, "offsetY": -7.5, "offsetZ": 0.0, "rotationX": 0.0, "rotationY": -5.0, "rotationZ": 5.0 },
						"R front leg": { "offsetX": 1.0, "offsetY": 2.0, "offsetZ": 0.625, "rotationX": 6.0, "rotationY": 14.0, "rotationZ": 19.0 },
						"R front foot": { "rotationX": 0.0, "rotationY": 0.0, "rotationZ": -114.0 },
						"L front leg": { "offsetX": 1.0, "offsetY": 2.0, "offsetZ": 0.0, "rotationX": -6.0, "rotationY": -3.0, "rotationZ": 28.0 },
						"L front foot": { "rotationX": 0.0, "rotationY": 0.0, "rotationZ": -122.0 },
						"R back leg": { "offsetX": 0.0, "offsetY": 1.0, "offsetZ": 0.0 },
						"R back foot": { "offsetX": 0.8, "offsetY": 0.0, "offsetZ": 0.0, "rotationX": 0.0, "rotationY": 0.0, "rotationZ": -100.0 },
						"L back leg": { "offsetX": 0.0, "offsetY": 1.0, "offsetZ": 0.0 },
						"L back foot": { "offsetX": 0.8, "offsetY": 0.0, "offsetZ": 0.0, "rotationX": 0.0, "rotationY": 0.0, "rotationZ": -96.0 },
						"Neck2": { "rotationX": 0.0, "rotationY": 0.0, "rotationZ": 0.0 },
						"Head": { "offsetX": 0.0, "offsetY": 0.5, "offsetZ": 0.0, "rotationX": 0.0, "rotationY": 0.0, "rotationZ": -17.0 },
						"HeadHair": { "offsetX": 0.0, "offsetY": -0.5, "offsetZ": 0.0, "rotationX": 0.0, "rotationY": 0.0, "rotationZ": 25.0 }
					}
				},
				{
					"frame": 15,
					"elements": {
						"Body": { "offsetX": 0.2, "offsetY": -7.5, "offsetZ": 0.0, "rotationX": 0.0, "rotationY": -5.0, "rotationZ": 4.0 },
						"R front leg": { "offsetX": 1.0, "offsetY": 2.0, "offsetZ": 0.625, "rotationX": 6.0, "rotationY": 14.0, "rotationZ": 20.0 },
						"R front foot": { "rotationX": 0.0, "rotationY": 0.0, "rotationZ": -114.0 },
						"L front leg": { "offsetX": 1.0, "offsetY": 2.0, "offsetZ": 0.0, "rotationX": -6.0, "rotationY": -3.0, "rotationZ": 29.0 },
						"L front foot": { "rotationX": 0.0, "rotationY": 0.0, "rotationZ": -122.0 },
						"R back leg": { "offsetX": 0.0, "offsetY": 1.0, "offsetZ": 0.0 },
						"R back foot": { "offsetX": 0.8, "offsetY": 0.0, "offsetZ": 0.0, "rotationX": 0.0, "rotationY": 0.0, "rotationZ": -102.0 },
						"L back leg": { "offsetX": 0.0, "offsetY": 1.0, "offsetZ": 0.0 },
						"L back foot": { "offsetX": 0.8, "offsetY": 0.0, "offsetZ": 0.0, "rotationX": 0.0, "rotationY": 0.0, "rotationZ": -98.0 },
						"Neck2": { "rotationX": 0.0, "rotationY": 0.0, "rotationZ": 0.0 },
						"HeadHair": { "offsetX": 0.0, "offsetY": -0.5, "offsetZ": 0.0, "rotationX": 0.0, "rotationY": 0.0, "rotationZ": 25.0 }
					}
				}
			]
		}
	]
}