{
  "textureWidth":16,
  "textureHeight":16,
  "textures":{
    "grip":"game:block/leather/plain"
  },
  "textureSizes":{
    "grip":[
      32,
      32
    ]
  },
  "elements":[
    {
      "name":"origin",
      "from":[
        10.79720687866211,
        -6.257323741912842,
        8.21067351102829
      ],
      "to":[
        10.79720687866211,
        -6.257323741912842,
        8.21067351102829
      ],
      "rotationOrigin":[
        8.0,
        0.0,
        8.0
      ],
      "group":"fine_fabric",
      "faces":{
        "north":{
          "texture":"#0",
          "uv":[
            0,
            0,
            4,
            4
          ],
          "autoUv":false
        },
        "east":{
          "texture":"#0",
          "uv":[
            0,
            0,
            4,
            4
          ],
          "autoUv":false
        },
        "south":{
          "texture":"#0",
          "uv":[
            0,
            0,
            4,
            4
          ],
          "autoUv":false
        },
        "west":{
          "texture":"#0",
          "uv":[
            0,
            0,
            4,
            4
          ],
          "autoUv":false
        },
        "up":{
          "texture":"#grip",
          "uv":[
            0.0,
            0.0,
            1.0,
            1.0
          ],
          "autoUv":false,
          "rotation":180
        },
        "down":{
          "texture":"#0",
          "uv":[
            0,
            0,
            4,
            4
          ],
          "autoUv":false
        }
      },
      "children":[
        {
          "name":"fine_fabric 01",
          "from":[
            -8.405432015657425,
            6.469282805919647,
            -0.7476730942726135
          ],
          "to":[
            -7.644643545150757,
            7.530717194080353,
            -0.038357049226760864
          ],
          "rotationOrigin":[
            -8.02503776550293,
            7.0,
            -0.3930150866508484
          ],
          "rotationX":-1.0128772230614133e-11,
          "rotationY":42.18521540847971,
          "rotationZ":-179.9998957259296,
          "group":"fine_fabric",
          "faces":{
            "north":{
              "texture":"#grip",
              "uv":[
                7.9444074630737305,
                13.000587463378906,
                7.000000476837158,
                15.99941635131836
              ],
              "autoUv":false,
              "rotation":180
            },
            "east":{
              "texture":"#grip",
              "uv":[
                0.0,
                32.0,
                0.0,
                32.0
              ],
              "autoUv":false,
              "rotation":180
            },
            "south":{
              "texture":"#grip",
              "uv":[
                8.0,
                13.000587463378906,
                8.944406509399414,
                15.99941635131836
              ],
              "autoUv":false,
              "rotation":180
            },
            "west":{
              "texture":"#grip",
              "uv":[
                0.0,
                32.0,
                0.0,
                32.0
              ],
              "autoUv":false
            },
            "up":{
              "texture":"#grip",
              "uv":[
                12.94440746307373,
                12.999998092651367,
                12.0,
                16.0
              ],
              "autoUv":false
            },
            "down":{
              "texture":"#grip",
              "uv":[
                12.94440746307373,
                16.0,
                12.0,
                12.999998092651367
              ],
              "autoUv":false,
              "rotation":180
            }
          },
          "children":[]
        },
        {
          "name":"fine_fabric 02",
          "from":[
            -7.244861751794815,
            6.469282805919647,
            -1.6138785183429718
          ],
          "to":[
            -6.484073489904404,
            7.530717194080353,
            -0.9045620858669281
          ],
          "rotationOrigin":[
            -6.864467620849609,
            7.0,
            -1.25922030210495
          ],
          "rotationY":-149.0648215031613,
          "group":"fine_fabric",
          "faces":{
            "north":{
              "texture":"#grip",
              "uv":[
                10.0,
                13.000587463378906,
                11.888813018798828,
                15.99941635131836
              ],
              "autoUv":false
            },
            "east":{
              "texture":"#grip",
              "uv":[
                0.0,
                32.0,
                0.0,
                32.0
              ],
              "autoUv":false
            },
            "south":{
              "texture":"#grip",
              "uv":[
                10.888814926147461,
                13.000587463378906,
                9.000000953674316,
                15.99941635131836
              ],
              "autoUv":false
            },
            "west":{
              "texture":"#grip",
              "uv":[
                0.0,
                32.0,
                0.0,
                32.0
              ],
              "autoUv":false,
              "rotation":180
            },
            "up":{
              "texture":"#grip",
              "uv":[
                14.0,
                12.999998092651367,
                14.944406509399414,
                16.0
              ],
              "autoUv":false,
              "rotation":180
            },
            "down":{
              "texture":"#grip",
              "uv":[
                14.0,
                16.0,
                14.94440746307373,
                12.999998092651367
              ],
              "autoUv":false
            }
          },
          "children":[]
        },
        {
          "name":"fine_fabric 03",
          "from":[
            -5.93760484457016,
            6.469282865524292,
            -2.237025797367096
          ],
          "to":[
            -5.176817953586578,
            7.530717134475708,
            -1.5277088284492493
          ],
          "rotationOrigin":[
            -5.557211399078369,
            7.0,
            -1.8823673129081726
          ],
          "rotationX":5.2222657902746406e-12,
          "rotationY":19.685081593671356,
          "rotationZ":-179.9998957259296,
          "group":"fine_fabric",
          "faces":{
            "north":{
              "texture":"#grip",
              "uv":[
                14.888811111450195,
                13.000587463378906,
                13.000001907348633,
                15.99941635131836
              ],
              "autoUv":false,
              "rotation":180
            },
            "east":{
              "texture":"#grip",
              "uv":[
                0.0,
                32.0,
                0.0,
                32.0
              ],
              "autoUv":false,
              "rotation":180
            },
            "south":{
              "texture":"#grip",
              "uv":[
                14.0,
                13.000591278076172,
                14.944404602050781,
                15.99941635131836
              ],
              "autoUv":false,
              "rotation":180
            },
            "west":{
              "texture":"#grip",
              "uv":[
                0.0,
                32.0,
                0.0,
                32.0
              ],
              "autoUv":false
            },
            "up":{
              "texture":"#grip",
              "uv":[
                16.94440460205078,
                12.999998092651367,
                16.0,
                16.0
              ],
              "autoUv":false
            },
            "down":{
              "texture":"#grip",
              "uv":[
                16.94440460205078,
                16.0,
                16.0,
                12.999998092651367
              ],
              "autoUv":false,
              "rotation":180
            }
          },
          "children":[]
        },
        {
          "name":"fine_fabric 07",
          "from":[
            -7.996928572654724,
            6.6196039617061615,
            -1.2093012928962708
          ],
          "to":[
            -6.935081124305725,
            7.380396068096161,
            -0.49998384714126587
          ],
          "rotationOrigin":[
            -7.466004848480225,
            7.0,
            -0.8546425700187683
          ],
          "rotationX":1.3305602273970844e-05,
          "rotationY":36.564857646151324,
          "rotationZ":-90.0000161648565,
          "group":"fine_fabric",
          "faces":{
            "north":{
              "texture":"#grip",
              "uv":[
                8.94441032409668,
                13.000005722045898,
                8.0,
                16.0
              ],
              "autoUv":false,
              "rotation":90
            },
            "east":{
              "texture":"#grip",
              "uv":[
                13.94441032409668,
                12.999998092651367,
                13.0,
                16.0
              ],
              "autoUv":false,
              "rotation":90
            },
            "south":{
              "texture":"#grip",
              "uv":[
                9.0,
                13.000003814697266,
                9.94441032409668,
                16.0
              ],
              "autoUv":false,
              "rotation":270
            },
            "west":{
              "texture":"#grip",
              "uv":[
                13.0,
                12.999998092651367,
                13.94441032409668,
                16.0
              ],
              "autoUv":false,
              "rotation":270
            },
            "up":{
              "texture":"#grip",
              "uv":[
                0.0,
                32.0,
                0.0,
                32.0
              ],
              "autoUv":false,
              "rotation":90
            },
            "down":{
              "texture":"#grip",
              "uv":[
                0.0,
                32.0,
                0.0,
                32.0
              ],
              "autoUv":false,
              "rotation":270
            }
          },
          "children":[]
        },
        {
          "name":"fine_fabric 08",
          "from":[
            -6.757040858268738,
            6.6196034252643585,
            -1.9575753509998322
          ],
          "to":[
            -5.695193409919739,
            7.380396604537964,
            -1.2482584416866302
          ],
          "rotationOrigin":[
            -6.226117134094238,
            7.0,
            -1.6029168963432312
          ],
          "rotationX":-4.682821137938314e-06,
          "rotationY":25.31485989441249,
          "rotationZ":-89.99997518372149,
          "group":"fine_fabric",
          "faces":{
            "north":{
              "texture":"#grip",
              "uv":[
                12.888823509216309,
                13.000005722045898,
                10.999998092651367,
                16.0
              ],
              "autoUv":false,
              "rotation":90
            },
            "east":{
              "texture":"#grip",
              "uv":[
                15.944412231445312,
                12.999998092651367,
                15.0,
                16.0
              ],
              "autoUv":false,
              "rotation":90
            },
            "south":{
              "texture":"#grip",
              "uv":[
                12.0,
                13.000003814697266,
                13.888824462890625,
                16.0
              ],
              "autoUv":false,
              "rotation":270
            },
            "west":{
              "texture":"#grip",
              "uv":[
                15.0,
                12.999998092651367,
                15.944412231445312,
                16.0
              ],
              "autoUv":false,
              "rotation":270
            },
            "up":{
              "texture":"#grip",
              "uv":[
                0.0,
                32.0,
                0.0,
                32.0
              ],
              "autoUv":false,
              "rotation":90
            },
            "down":{
              "texture":"#grip",
              "uv":[
                0.0,
                32.0,
                0.0,
                32.0
              ],
              "autoUv":false,
              "rotation":270
            }
          },
          "children":[]
        },
        {
          "name":"fine_fabric 09",
          "from":[
            -5.373278498649597,
            6.597213119268417,
            -2.455020546913147
          ],
          "to":[
            -4.311431050300598,
            7.4027867913246155,
            -1.7457034587860107
          ],
          "rotationOrigin":[
            -4.842354774475098,
            7.0,
            -2.100362002849579
          ],
          "rotationX":-4.9495891695130055e-06,
          "rotationY":-165.93519750779603,
          "rotationZ":-89.999995674289,
          "group":"fine_fabric",
          "faces":{
            "north":{
              "texture":"#grip",
              "uv":[
                15.0,
                13.000005722045898,
                16.0,
                16.0
              ],
              "autoUv":false,
              "rotation":90
            },
            "east":{
              "texture":"#grip",
              "uv":[
                18.0,
                12.999998092651367,
                17.0,
                16.0
              ],
              "autoUv":false,
              "rotation":270
            },
            "south":{
              "texture":"#grip",
              "uv":[
                16.0,
                13.000005722045898,
                15.0,
                16.0
              ],
              "autoUv":false,
              "rotation":270
            },
            "west":{
              "texture":"#grip",
              "uv":[
                17.0,
                12.999998092651367,
                18.0,
                16.0
              ],
              "autoUv":false,
              "rotation":90
            },
            "up":{
              "texture":"#grip",
              "uv":[
                0.0,
                32.0,
                0.0,
                32.0
              ],
              "autoUv":false,
              "rotation":270
            },
            "down":{
              "texture":"#grip",
              "uv":[
                0.0,
                32.0,
                0.0,
                32.0
              ],
              "autoUv":false,
              "rotation":90
            }
          },
          "children":[]
        }
      ]
    }
  ],
  "groups":[]
}