{
  "textureWidth":16,
  "textureHeight":16,
  "textures":{
    "wood":"game:block/wood/debarked/oak"
  },
  "textureSizes":{
    "wood":[
      32,
      32
    ]
  },
  "elements":[
    {
      "name":"origin",
      "from":[
        10.57228136062622,
        0.5354726910591125,
        8.21067351102829
      ],
      "to":[
        10.57228136062622,
        0.5354726910591125,
        8.21067351102829
      ],
      "rotationOrigin":[
        8.0,
        0.0,
        8.0
      ],
      "group":"Regular",
      "faces":{
        "north":{
          "texture":"#0",
          "uv":[
            0,
            0,
            4,
            4
          ],
          "autoUv":false
        },
        "east":{
          "texture":"#0",
          "uv":[
            0,
            0,
            4,
            4
          ],
          "autoUv":false
        },
        "south":{
          "texture":"#0",
          "uv":[
            0,
            0,
            4,
            4
          ],
          "autoUv":false
        },
        "west":{
          "texture":"#0",
          "uv":[
            0,
            0,
            4,
            4
          ],
          "autoUv":false
        },
        "up":{
          "texture":"#wood",
          "uv":[
            0.0,
            0.0,
            1.0,
            1.0
          ],
          "autoUv":false,
          "rotation":180
        },
        "down":{
          "texture":"#0",
          "uv":[
            0,
            0,
            4,
            4
          ],
          "autoUv":false
        }
      },
      "children":[
        {
          "name":"handle_regular 01",
          "from":[
            -9.31450954079628,
            -0.5204408764839172,
            -5.68255227804184
          ],
          "to":[
            -8.314510196447372,
            0.9494954943656921,
            0.4531398415565491
          ],
          "rotationOrigin":[
            -8.814509868621826,
            0.21452730894088745,
            -2.6147062182426453
          ],
          "rotationY":0.3029830027548137,
          "group":"Regular",
          "faces":{
            "north":{
              "texture":"#wood",
              "uv":[
                0.0,
                0.030063629150390625,
                2.0,
                2.9699363708496094
              ],
              "autoUv":false
            },
            "east":{
              "texture":"#wood",
              "uv":[
                5.728603363037109,
                11.03006362915039,
                18.000001907348633,
                13.969934463500977
              ],
              "autoUv":false
            },
            "south":{
              "texture":"#wood",
              "uv":[
                0.0,
                0.030063629150390625,
                2.0,
                2.9699363708496094
              ],
              "autoUv":false
            },
            "west":{
              "texture":"#wood",
              "uv":[
                10.0,
                9.03006362915039,
                22.27139663696289,
                11.969934463500977
              ],
              "autoUv":false
            },
            "up":{
              "texture":"#wood",
              "uv":[
                0.0,
                12.0,
                12.271395683288574,
                14.0
              ],
              "autoUv":false,
              "rotation":90
            },
            "down":{
              "texture":"#wood",
              "uv":[
                24.27139663696289,
                24.0,
                12.0,
                22.0
              ],
              "autoUv":false,
              "rotation":270
            }
          },
          "children":[]
        },
        {
          "name":"handle_regular 02",
          "from":[
            -9.184285402297974,
            -0.5191136002540588,
            -6.036067515611649
          ],
          "to":[
            -8.47717833518982,
            0.9481682181358337,
            -5.328961223363876
          ],
          "rotationOrigin":[
            -8.830731868743896,
            0.21452730894088745,
            -5.6825143694877625
          ],
          "rotationY":45.302998689104605,
          "group":"Regular",
          "faces":{
            "north":{
              "texture":"#wood",
              "uv":[
                0.0,
                0.032718658447265625,
                1.41421377658844,
                2.967283248901367
              ],
              "autoUv":false
            },
            "east":{
              "texture":"#wood",
              "uv":[
                2.0,
                11.032718658447266,
                3.414213180541992,
                13.967281341552734
              ],
              "autoUv":false
            },
            "south":{
              "texture":"#wood",
              "uv":[
                0.5857862234115601,
                0.032718658447265625,
                2.0,
                2.967283248901367
              ],
              "autoUv":false
            },
            "west":{
              "texture":"#wood",
              "uv":[
                24.585784912109375,
                9.032718658447266,
                26.0,
                11.967281341552734
              ],
              "autoUv":false
            },
            "up":{
              "texture":"#wood",
              "uv":[
                14.585786819458008,
                12.0,
                16.0,
                13.414213180541992
              ],
              "autoUv":false,
              "rotation":90
            },
            "down":{
              "texture":"#wood",
              "uv":[
                28.0,
                24.0,
                26.585786819458008,
                22.585786819458008
              ],
              "autoUv":false,
              "rotation":270
            }
          },
          "children":[]
        },
        {
          "name":"handle_regular 03",
          "from":[
            -20.674011707305908,
            -0.5204417109489441,
            -3.65324729681015
          ],
          "to":[
            -19.674011707305908,
            0.9494946599006653,
            0.7631979584693909
          ],
          "rotationOrigin":[
            -20.174011707305908,
            0.2145264744758606,
            -1.4450246691703796
          ],
          "rotationX":1.04568234901052e-07,
          "rotationY":5.7488699059962975,
          "rotationZ":4.8244895699489055e-08,
          "group":"Regular",
          "faces":{
            "north":{
              "texture":"#wood",
              "uv":[
                0.0,
                0.030063629150390625,
                2.0,
                2.9699363708496094
              ],
              "autoUv":false
            },
            "east":{
              "texture":"#wood",
              "uv":[
                11.167109489440918,
                3.0300636291503906,
                20.000001907348633,
                5.969936370849609
              ],
              "autoUv":false
            },
            "south":{
              "texture":"#wood",
              "uv":[
                0.0,
                0.030063629150390625,
                2.0,
                2.9699363708496094
              ],
              "autoUv":false
            },
            "west":{
              "texture":"#wood",
              "uv":[
                20.0,
                5.030063629150391,
                28.832889556884766,
                7.969936370849609
              ],
              "autoUv":false
            },
            "up":{
              "texture":"#wood",
              "uv":[
                10.0,
                1.0,
                18.83289337158203,
                3.0
              ],
              "autoUv":false,
              "rotation":90
            },
            "down":{
              "texture":"#wood",
              "uv":[
                15.832892417907715,
                3.0,
                7.0,
                1.0
              ],
              "autoUv":false,
              "rotation":270
            }
          },
          "children":[]
        },
        {
          "name":"handle_regular 04",
          "from":[
            -20.74875921010971,
            -0.1390238106250763,
            -4.372586905956268
          ],
          "to":[
            -20.041655004024506,
            0.568076878786087,
            -2.9116953015327454
          ],
          "rotationOrigin":[
            -20.395206928253174,
            0.21452653408050537,
            -3.642141044139862
          ],
          "rotationX":90.00028254223413,
          "rotationY":0.00505153687350602,
          "rotationZ":-140.89273238767282,
          "group":"Regular",
          "faces":{
            "north":{
              "texture":"#wood",
              "uv":[
                20.585588455200195,
                0.9996681213378906,
                21.999801635742188,
                2.4138755798339844
              ],
              "autoUv":false
            },
            "east":{
              "texture":"#wood",
              "uv":[
                -0.0003255594056099653,
                0.038860321044921875,
                1.4145455360412598,
                2.9609527587890625
              ],
              "autoUv":false,
              "rotation":90
            },
            "south":{
              "texture":"#wood",
              "uv":[
                17.58599090576172,
                1.5854606628417969,
                19.00019073486328,
                2.999654769897461
              ],
              "autoUv":false,
              "rotation":180
            },
            "west":{
              "texture":"#wood",
              "uv":[
                0.5861310958862305,
                0.039356231689453125,
                1.9996623992919922,
                2.9608306884765625
              ],
              "autoUv":false,
              "rotation":270
            },
            "up":{
              "texture":"#wood",
              "uv":[
                8.000192642211914,
                3.039043426513672,
                9.414012908935547,
                5.96064567565918
              ],
              "autoUv":false
            },
            "down":{
              "texture":"#wood",
              "uv":[
                32.000186920166016,
                7.9611358642578125,
                30.585594177246094,
                5.0391693115234375
              ],
              "autoUv":false,
              "rotation":180
            }
          },
          "children":[]
        },
        {
          "name":"handle_regular 05",
          "from":[
            1.2545208930969238,
            -0.5317171216011047,
            0.2803695797920227
          ],
          "to":[
            15.681570529937744,
            0.9607717394828796,
            1.7803695797920227
          ],
          "rotationOrigin":[
            8.468045711517334,
            0.21452730894088745,
            1.0303695797920227
          ],
          "rotationY":-7.9545424677816925,
          "group":"Regular",
          "faces":{
            "north":{
              "texture":"#wood",
              "uv":[
                28.5,
                11.0,
                0.5,
                14.000001907348633
              ],
              "autoUv":false
            },
            "east":{
              "texture":"#wood",
              "uv":[
                1.0,
                1.0075092315673828,
                4.0,
                3.9924869537353516
              ],
              "autoUv":false
            },
            "south":{
              "texture":"#wood",
              "uv":[
                32.5,
                21.0,
                3.5,
                24.0
              ],
              "autoUv":false
            },
            "west":{
              "texture":"#wood",
              "uv":[
                28.000001907348633,
                20.007511138916016,
                31.000001907348633,
                22.992488861083984
              ],
              "autoUv":false
            },
            "up":{
              "texture":"#wood",
              "uv":[
                29.0,
                9.0,
                0.0,
                12.0
              ],
              "autoUv":false
            },
            "down":{
              "texture":"#wood",
              "uv":[
                32.0,
                13.0,
                3.0,
                10.0
              ],
              "autoUv":false,
              "rotation":180
            }
          },
          "children":[]
        },
        {
          "name":"handle_regular 06",
          "from":[
            -14.572288036346436,
            -0.5354726910591125,
            -0.7106735110282898
          ],
          "to":[
            1.4277119636535645,
            0.9645273089408875,
            0.7893264889717102
          ],
          "rotationOrigin":[
            -6.5722880363464355,
            0.21452730894088745,
            0.039326488971710205
          ],
          "group":"Regular",
          "faces":{
            "north":{
              "texture":"#wood",
              "uv":[
                0.0,
                11.0,
                32.0,
                14.000001907348633
              ],
              "autoUv":false
            },
            "east":{
              "texture":"#wood",
              "uv":[
                1.0,
                1.0,
                4.0,
                4.0
              ],
              "autoUv":false
            },
            "south":{
              "texture":"#wood",
              "uv":[
                0.0,
                21.0,
                32.0,
                24.0
              ],
              "autoUv":false
            },
            "west":{
              "texture":"#wood",
              "uv":[
                28.0,
                20.0,
                31.0,
                23.0
              ],
              "autoUv":false
            },
            "up":{
              "texture":"#wood",
              "uv":[
                0.0,
                9.0,
                32.0,
                12.0
              ],
              "autoUv":false
            },
            "down":{
              "texture":"#wood",
              "uv":[
                32.0,
                13.0,
                0.0,
                10.0
              ],
              "autoUv":false,
              "rotation":180
            }
          },
          "children":[]
        },
        {
          "name":"handle_regular 07",
          "from":[
            -22.477040767669678,
            -0.5321076512336731,
            -0.31376951932907104
          ],
          "to":[
            -14.477040767669678,
            0.9611627459526062,
            1.186230480670929
          ],
          "rotationOrigin":[
            -18.477040767669678,
            0.21452754735946655,
            0.43623048067092896
          ],
          "rotationY":5.748873747977706,
          "group":"Regular",
          "faces":{
            "north":{
              "texture":"#wood",
              "uv":[
                16.0,
                11.0,
                0.0,
                14.000001907348633
              ],
              "autoUv":false
            },
            "east":{
              "texture":"#wood",
              "uv":[
                1.0,
                1.0067291259765625,
                4.0,
                3.9932689666748047
              ],
              "autoUv":false
            },
            "south":{
              "texture":"#wood",
              "uv":[
                16.0,
                21.0,
                0.0,
                24.0
              ],
              "autoUv":false
            },
            "west":{
              "texture":"#wood",
              "uv":[
                28.0,
                20.006729125976562,
                31.0,
                22.99326992034912
              ],
              "autoUv":false
            },
            "up":{
              "texture":"#wood",
              "uv":[
                0.0,
                9.0,
                16.0,
                12.0
              ],
              "autoUv":false
            },
            "down":{
              "texture":"#wood",
              "uv":[
                16.0,
                13.0,
                0.0,
                10.0
              ],
              "autoUv":false,
              "rotation":180
            }
          },
          "children":[]
        },
        {
          "name":"handle_regular 08",
          "from":[
            15.4124436378479,
            -0.5354726910591125,
            1.4659889340400696
          ],
          "to":[
            16.26172685623169,
            0.9645273089408875,
            2.9659889340400696
          ],
          "rotationOrigin":[
            15.837085247039795,
            0.21452730894088745,
            2.2159889340400696
          ],
          "rotationY":-17.533013637152692,
          "group":"Regular",
          "faces":{
            "north":{
              "texture":"#wood",
              "uv":[
                2.7543678283691406,
                11.0,
                1.0556354522705078,
                14.000293731689453
              ],
              "autoUv":false
            },
            "east":{
              "texture":"#wood",
              "uv":[
                17.94817352294922,
                14.036201477050781,
                15.051826477050781,
                16.93254852294922
              ],
              "autoUv":false
            },
            "south":{
              "texture":"#wood",
              "uv":[
                28.85409927368164,
                21.0,
                30.55282974243164,
                24.000293731689453
              ],
              "autoUv":false
            },
            "west":{
              "texture":"#wood",
              "uv":[
                14.499853134155273,
                14.499853134155273,
                17.500146865844727,
                17.500146865844727
              ],
              "autoUv":false
            },
            "up":{
              "texture":"#wood",
              "uv":[
                28.0,
                8.999927520751953,
                30.0,
                12.000072479248047
              ],
              "autoUv":false
            },
            "down":{
              "texture":"#wood",
              "uv":[
                29.0,
                13.0,
                31.0,
                10.0
              ],
              "autoUv":false,
              "rotation":180
            }
          },
          "children":[]
        }
      ]
    }
  ],
  "groups":[]
}