{
  "textureWidth":16,
  "textureHeight":16,
  "textures":{
    "wood":"game:block/wood/debarked/oak"
  },
  "textureSizes":{
    "wood":[
      32,
      32
    ]
  },
  "elements":[
    {
      "name":"origin",
      "from":[
        11.0,
        0.5,
        7.699999988079071
      ],
      "to":[
        11.0,
        0.5,
        7.699999988079071
      ],
      "rotationOrigin":[
        8.0,
        0.0,
        8.0
      ],
      "group":"Stick",
      "faces":{
        "north":{
          "texture":"#0",
          "uv":[
            0,
            0,
            4,
            4
          ],
          "autoUv":false
        },
        "east":{
          "texture":"#0",
          "uv":[
            0,
            0,
            4,
            4
          ],
          "autoUv":false
        },
        "south":{
          "texture":"#0",
          "uv":[
            0,
            0,
            4,
            4
          ],
          "autoUv":false
        },
        "west":{
          "texture":"#0",
          "uv":[
            0,
            0,
            4,
            4
          ],
          "autoUv":false
        },
        "up":{
          "texture":"#wood",
          "uv":[
            0.0,
            0.0,
            1.0,
            1.0
          ],
          "autoUv":false,
          "rotation":180
        },
        "down":{
          "texture":"#0",
          "uv":[
            0,
            0,
            4,
            4
          ],
          "autoUv":false
        }
      },
      "children":[
        {
          "name":"axehandle_stick 02",
          "from":[
            -7.135779678821573,
            -0.05265948176383972,
            1.8651589453220323
          ],
          "to":[
            -6.1357800364494235,
            0.4473405182361603,
            2.365158766508107
          ],
          "rotationOrigin":[
            -6.635779857635498,
            0.1973404884338379,
            2.1151588559150696
          ],
          "rotationY":68.60666157108265,
          "group":"Stick",
          "faces":{
            "north":{
              "texture":"#wood",
              "uv":[
                0.0,
                11.0,
                2.0,
                12.0
              ],
              "autoUv":false
            },
            "east":{
              "texture":"#wood",
              "uv":[
                12.0,
                16.0,
                20.0,
                24.0
              ],
              "autoUv":false,
              "rotation":270
            },
            "south":{
              "texture":"#wood",
              "uv":[
                5.0,
                22.0,
                7.0,
                23.0
              ],
              "autoUv":false
            },
            "west":{
              "texture":"#wood",
              "uv":[
                28.0,
                20.0,
                29.0,
                21.0
              ],
              "autoUv":false
            },
            "up":{
              "texture":"#wood",
              "uv":[
                0.0,
                18.0,
                2.0,
                19.0
              ],
              "autoUv":false
            },
            "down":{
              "texture":"#wood",
              "uv":[
                2.0,
                11.0,
                0.0,
                10.0
              ],
              "autoUv":false,
              "rotation":180
            }
          },
          "children":[]
        },
        {
          "name":"axehandle_stick 03",
          "from":[
            3.317009001970291,
            -0.22662875056266785,
            -0.2346927374601364
          ],
          "to":[
            4.317008942365646,
            0.27337124943733215,
            0.2653072327375412
          ],
          "rotationOrigin":[
            3.8170089721679688,
            0.023371219635009766,
            0.015307247638702393
          ],
          "rotationY":-50.91167341285769,
          "group":"Stick",
          "faces":{
            "north":{
              "texture":"#wood",
              "uv":[
                3.0,
                13.0,
                5.0,
                14.0
              ],
              "autoUv":false
            },
            "east":{
              "texture":"#wood",
              "uv":[
                12.0,
                16.0,
                20.0,
                24.0
              ],
              "autoUv":false,
              "rotation":270
            },
            "south":{
              "texture":"#wood",
              "uv":[
                9.0,
                22.0,
                11.0,
                23.0
              ],
              "autoUv":false
            },
            "west":{
              "texture":"#wood",
              "uv":[
                28.0,
                20.0,
                29.0,
                21.0
              ],
              "autoUv":false
            },
            "up":{
              "texture":"#wood",
              "uv":[
                20.0,
                8.0,
                28.0,
                16.0
              ],
              "autoUv":false,
              "rotation":270
            },
            "down":{
              "texture":"#wood",
              "uv":[
                6.0,
                14.0,
                4.0,
                13.0
              ],
              "autoUv":false,
              "rotation":180
            }
          },
          "children":[]
        },
        {
          "name":"axehandle_stick 04",
          "from":[
            2.9093790650367737,
            0.27337124943733215,
            -0.4287363737821579
          ],
          "to":[
            4.409378945827484,
            0.7733712494373322,
            0.07126359641551971
          ],
          "rotationOrigin":[
            3.659379005432129,
            0.5233712196350098,
            -0.1787363886833191
          ],
          "rotationY":-50.91167341285769,
          "group":"Stick",
          "faces":{
            "north":{
              "texture":"#wood",
              "uv":[
                3.0,
                11.0,
                6.0,
                12.0
              ],
              "autoUv":false
            },
            "east":{
              "texture":"#wood",
              "uv":[
                12.0,
                16.0,
                20.0,
                24.0
              ],
              "autoUv":false,
              "rotation":270
            },
            "south":{
              "texture":"#wood",
              "uv":[
                0.0,
                21.0,
                3.0,
                22.0
              ],
              "autoUv":false
            },
            "west":{
              "texture":"#wood",
              "uv":[
                28.0,
                19.0,
                29.0,
                20.0
              ],
              "autoUv":false
            },
            "up":{
              "texture":"#wood",
              "uv":[
                0.0,
                17.0,
                3.0,
                18.0
              ],
              "autoUv":false
            },
            "down":{
              "texture":"#wood",
              "uv":[
                3.0,
                11.0,
                0.0,
                10.0
              ],
              "autoUv":false,
              "rotation":180
            }
          },
          "children":[]
        },
        {
          "name":"axehandle_stick 05",
          "from":[
            3.933987319469452,
            0.573631078004837,
            1.8294761776924133
          ],
          "to":[
            4.980616867542267,
            1.073631078004837,
            2.3294761776924133
          ],
          "rotationOrigin":[
            4.457302093505859,
            0.8236310482025146,
            2.0794761776924133
          ],
          "rotationX":138.78641133066762,
          "rotationY":-50.91165633738476,
          "rotationZ":-2.2641679741972582e-06,
          "group":"Stick",
          "faces":{
            "north":{
              "texture":"#wood",
              "uv":[
                3.0,
                11.0,
                5.093259334564209,
                12.0
              ],
              "autoUv":false
            },
            "east":{
              "texture":"#wood",
              "uv":[
                12.0,
                16.0,
                20.0,
                24.0
              ],
              "autoUv":false,
              "rotation":270
            },
            "south":{
              "texture":"#wood",
              "uv":[
                0.9067407846450806,
                21.0,
                3.0,
                22.0
              ],
              "autoUv":false
            },
            "west":{
              "texture":"#wood",
              "uv":[
                28.0,
                19.0,
                29.0,
                20.0
              ],
              "autoUv":false
            },
            "up":{
              "texture":"#wood",
              "uv":[
                0.9067407846450806,
                17.0,
                3.0,
                18.0
              ],
              "autoUv":false
            },
            "down":{
              "texture":"#wood",
              "uv":[
                2.093259334564209,
                11.0,
                0.0,
                10.0
              ],
              "autoUv":false,
              "rotation":180
            }
          },
          "children":[]
        },
        {
          "name":"axehandle_stick 06",
          "from":[
            6.624689400196075,
            -0.3939473628997803,
            0.09764206409454346
          ],
          "to":[
            7.210435569286346,
            -0.12687253952026367,
            0.891869068145752
          ],
          "rotationOrigin":[
            6.917562484741211,
            -0.260409951210022,
            0.4947555661201477
          ],
          "rotationX":0.9455230437638462,
          "rotationY":-0.845192420693972,
          "rotationZ":-10.187602807478369,
          "group":"Stick",
          "faces":{
            "north":{
              "texture":"#wood",
              "uv":[
                21.560060501098633,
                23.41785717010498,
                22.09428596496582,
                24.58951711654663
              ],
              "autoUv":false,
              "rotation":90
            },
            "east":{
              "texture":"#wood",
              "uv":[
                21.560060501098633,
                20.35845184326172,
                22.09428596496582,
                21.947131156921387
              ],
              "autoUv":false,
              "rotation":90
            },
            "south":{
              "texture":"#wood",
              "uv":[
                23.162738800048828,
                23.716922760009766,
                23.696964263916016,
                24.888583183288574
              ],
              "autoUv":false,
              "rotation":90
            },
            "west":{
              "texture":"#wood",
              "uv":[
                21.025835037231445,
                21.4129056930542,
                21.560060501098633,
                23.0015869140625
              ],
              "autoUv":false,
              "rotation":90
            },
            "up":{
              "texture":"#wood",
              "uv":[
                21.560060501098633,
                22.246196746826172,
                22.09428596496582,
                23.41785717010498
              ],
              "autoUv":false,
              "rotation":90
            },
            "down":{
              "texture":"#wood",
              "uv":[
                25.28564453125,
                24.888583183288574,
                23.696964263916016,
                23.716920852661133
              ],
              "autoUv":false,
              "rotation":90
            }
          },
          "children":[]
        },
        {
          "name":"axehandle_stick 07",
          "from":[
            6.524776756763458,
            -0.28738731145858765,
            1.8385355770587921
          ],
          "to":[
            7.110522925853729,
            -0.02031254768371582,
            2.241565063595772
          ],
          "rotationOrigin":[
            6.817649841308594,
            -0.15384992957115173,
            2.0400503277778625
          ],
          "rotationX":-44.034635975327824,
          "rotationY":-3.930824239987467,
          "rotationZ":-14.265666289177448,
          "group":"Stick",
          "faces":{
            "north":{
              "texture":"#wood",
              "uv":[
                21.560060501098633,
                23.41785717010498,
                22.09428596496582,
                24.58951711654663
              ],
              "autoUv":false,
              "rotation":90
            },
            "east":{
              "texture":"#wood",
              "uv":[
                21.560062408447266,
                20.873446464538574,
                22.09428596496582,
                21.67962074279785
              ],
              "autoUv":false,
              "rotation":90
            },
            "south":{
              "texture":"#wood",
              "uv":[
                23.162738800048828,
                23.716922760009766,
                23.964475631713867,
                24.888583183288574
              ],
              "autoUv":false,
              "rotation":90
            },
            "west":{
              "texture":"#wood",
              "uv":[
                21.025835037231445,
                21.68041706085205,
                21.560062408447266,
                22.486591339111328
              ],
              "autoUv":false,
              "rotation":90
            },
            "up":{
              "texture":"#wood",
              "uv":[
                21.733240127563477,
                22.246196746826172,
                21.82677459716797,
                23.41785717010498
              ],
              "autoUv":false,
              "rotation":90
            },
            "down":{
              "texture":"#wood",
              "uv":[
                24.770648956298828,
                24.888583183288574,
                23.9644775390625,
                23.716920852661133
              ],
              "autoUv":false,
              "rotation":90
            }
          },
          "children":[]
        },
        {
          "name":"axehandle_stick 08",
          "from":[
            6.633097189240033,
            -0.39775583148002625,
            1.094120591878891
          ],
          "to":[
            7.218842965789264,
            -0.13068100810050964,
            2.010241538286209
          ],
          "rotationOrigin":[
            6.925970077514648,
            -0.26421841979026794,
            1.55218106508255
          ],
          "rotationX":0.19532790893459992,
          "rotationY":-3.458465005575487,
          "rotationZ":-10.036808452303767,
          "group":"Stick",
          "faces":{
            "north":{
              "texture":"#wood",
              "uv":[
                21.560060501098633,
                23.41785717010498,
                22.09428596496582,
                24.58951711654663
              ],
              "autoUv":false,
              "rotation":90
            },
            "east":{
              "texture":"#wood",
              "uv":[
                21.560060501098633,
                20.35845184326172,
                22.09428596496582,
                22.190953254699707
              ],
              "autoUv":false,
              "rotation":90
            },
            "south":{
              "texture":"#wood",
              "uv":[
                23.162738800048828,
                23.716922760009766,
                23.696964263916016,
                24.888583183288574
              ],
              "autoUv":false,
              "rotation":90
            },
            "west":{
              "texture":"#wood",
              "uv":[
                21.025835037231445,
                21.16908359527588,
                21.56005859375,
                23.0015869140625
              ],
              "autoUv":false,
              "rotation":90
            },
            "up":{
              "texture":"#wood",
              "uv":[
                21.560060501098633,
                22.246196746826172,
                22.2292423248291,
                23.41785717010498
              ],
              "autoUv":false,
              "rotation":90
            },
            "down":{
              "texture":"#wood",
              "uv":[
                25.28564453125,
                24.888583183288574,
                23.696964263916016,
                23.716920852661133
              ],
              "autoUv":false,
              "rotation":90
            }
          },
          "children":[]
        },
        {
          "name":"axehandle_stick 09",
          "from":[
            6.566033919206372,
            0.4922793736182056,
            0.018771618604660034
          ],
          "to":[
            7.217737595686206,
            0.7593540320672192,
            0.4480248987674713
          ],
          "rotationOrigin":[
            6.891885757446289,
            0.6258167028427124,
            0.23339825868606567
          ],
          "rotationX":91.22226485645194,
          "rotationY":13.800239269886207,
          "rotationZ":0.7464546190828859,
          "group":"Stick",
          "faces":{
            "north":{
              "texture":"#wood",
              "uv":[
                21.560062408447266,
                23.41785717010498,
                22.09428596496582,
                24.721450805664062
              ],
              "autoUv":false,
              "rotation":90
            },
            "east":{
              "texture":"#wood",
              "uv":[
                21.560062408447266,
                21.337114334106445,
                22.094284057617188,
                22.195741653442383
              ],
              "autoUv":false,
              "rotation":90
            },
            "south":{
              "texture":"#wood",
              "uv":[
                23.162738800048828,
                23.584989547729492,
                23.825490951538086,
                24.888583183288574
              ],
              "autoUv":false,
              "rotation":90
            },
            "west":{
              "texture":"#wood",
              "uv":[
                21.025835037231445,
                21.164292335510254,
                21.560060501098633,
                22.022923469543457
              ],
              "autoUv":false,
              "rotation":90
            },
            "up":{
              "texture":"#wood",
              "uv":[
                21.560060501098633,
                22.114262580871582,
                22.342899322509766,
                23.41785717010498
              ],
              "autoUv":false,
              "rotation":90
            },
            "down":{
              "texture":"#wood",
              "uv":[
                24.270469665527344,
                24.888583183288574,
                23.82548713684082,
                23.584989547729492
              ],
              "autoUv":false,
              "rotation":90
            }
          },
          "children":[]
        },
        {
          "name":"axehandle_stick 10",
          "from":[
            6.572215244341967,
            0.6484489440917969,
            0.14066630601882935
          ],
          "to":[
            7.077851131390455,
            0.9155237674713135,
            0.6560099720954895
          ],
          "rotationOrigin":[
            6.825033187866211,
            0.7819863557815552,
            0.3983381390571594
          ],
          "rotationX":-0.1930859393601829,
          "rotationY":11.626974675052054,
          "rotationZ":-0.7124272036072642,
          "group":"Stick",
          "faces":{
            "north":{
              "texture":"#wood",
              "uv":[
                21.560060501098633,
                23.41785717010498,
                22.09428596496582,
                24.42927360534668
              ],
              "autoUv":false,
              "rotation":90
            },
            "east":{
              "texture":"#wood",
              "uv":[
                21.560062408447266,
                21.4129056930542,
                22.09428596496582,
                22.44373893737793
              ],
              "autoUv":false,
              "rotation":90
            },
            "south":{
              "texture":"#wood",
              "uv":[
                23.162738800048828,
                23.877166748046875,
                23.696964263916016,
                24.888583183288574
              ],
              "autoUv":false,
              "rotation":90
            },
            "west":{
              "texture":"#wood",
              "uv":[
                21.025835037231445,
                20.916295051574707,
                21.560060501098633,
                21.947131156921387
              ],
              "autoUv":false,
              "rotation":90
            },
            "up":{
              "texture":"#wood",
              "uv":[
                21.560060501098633,
                22.406439781188965,
                22.590896606445312,
                23.41785717010498
              ],
              "autoUv":false,
              "rotation":90
            },
            "down":{
              "texture":"#wood",
              "uv":[
                24.231189727783203,
                24.888583183288574,
                23.696964263916016,
                23.877166748046875
              ],
              "autoUv":false,
              "rotation":90
            }
          },
          "children":[]
        },
        {
          "name":"axehandle_stick 11",
          "from":[
            6.490636885166168,
            0.6122003793716431,
            1.4915321618318558
          ],
          "to":[
            7.065347611904144,
            0.8792752027511597,
            1.9597862213850021
          ],
          "rotationOrigin":[
            6.777992248535156,
            0.7457377910614014,
            1.725659191608429
          ],
          "rotationX":1.1102731829600776,
          "rotationY":-12.029394906797219,
          "rotationZ":9.572934447275058,
          "group":"Stick",
          "faces":{
            "north":{
              "texture":"#wood",
              "uv":[
                21.560060501098633,
                23.41785717010498,
                22.09428596496582,
                24.567442893981934
              ],
              "autoUv":false,
              "rotation":90
            },
            "east":{
              "texture":"#wood",
              "uv":[
                21.560060501098633,
                21.01049041748047,
                22.094284057617188,
                21.947131156921387
              ],
              "autoUv":false,
              "rotation":90
            },
            "south":{
              "texture":"#wood",
              "uv":[
                23.162738800048828,
                23.73899745941162,
                23.696964263916016,
                24.888583183288574
              ],
              "autoUv":false,
              "rotation":90
            },
            "west":{
              "texture":"#wood",
              "uv":[
                21.025833129882812,
                21.4129056930542,
                21.560060501098633,
                22.34954833984375
              ],
              "autoUv":false,
              "rotation":90
            },
            "up":{
              "texture":"#wood",
              "uv":[
                21.560060501098633,
                22.268271446228027,
                22.094287872314453,
                23.41785717010498
              ],
              "autoUv":false,
              "rotation":90
            },
            "down":{
              "texture":"#wood",
              "uv":[
                24.633607864379883,
                24.888583183288574,
                23.696964263916016,
                23.738996505737305
              ],
              "autoUv":false,
              "rotation":90
            }
          },
          "children":[]
        },
        {
          "name":"axehandle_stick 12",
          "from":[
            -10.062135398387909,
            -0.392336905002594,
            1.2282415330410004
          ],
          "to":[
            -9.41100725531578,
            1.0359171032905579,
            1.9955377876758575
          ],
          "rotationOrigin":[
            -9.736571311950684,
            0.32179009914398193,
            1.611889660358429
          ],
          "rotationX":89.99998201391065,
          "rotationY":-6.466819804986402e-07,
          "rotationZ":83.5409931347206,
          "group":"Stick",
          "faces":{
            "north":{
              "texture":"#wood",
              "uv":[
                16.9876766204834,
                11.028846740722656,
                15.123363494873047,
                11.72892951965332
              ],
              "autoUv":false,
              "rotation":270
            },
            "east":{
              "texture":"#wood",
              "uv":[
                6.737329006195068,
                13.96550178527832,
                4.873006820678711,
                15.999998092651367
              ],
              "autoUv":false,
              "rotation":90
            },
            "south":{
              "texture":"#wood",
              "uv":[
                5.887451171875,
                9.157163619995117,
                2.006145477294922,
                10.947774887084961
              ],
              "autoUv":false,
              "rotation":270
            },
            "west":{
              "texture":"#wood",
              "uv":[
                31.990753173828125,
                23.96549892425537,
                30.12643814086914,
                25.999999046325684
              ],
              "autoUv":false,
              "rotation":270
            },
            "up":{
              "texture":"#wood",
              "uv":[
                5.657001495361328,
                1.9654998779296875,
                6.506925106048584,
                4.000001907348633
              ],
              "autoUv":false
            },
            "down":{
              "texture":"#wood",
              "uv":[
                10.04041862487793,
                4.0,
                9.190495491027832,
                1.9654998779296875
              ],
              "autoUv":false,
              "rotation":180
            }
          },
          "children":[]
        },
        {
          "name":"axehandle_stick 13",
          "from":[
            -10.227204859256744,
            -0.18247300386428833,
            0.8847206830978394
          ],
          "to":[
            -9.576076984405518,
            1.4596542716026306,
            1.4412314891815186
          ],
          "rotationOrigin":[
            -9.901640892028809,
            0.6385908126831055,
            1.162976086139679
          ],
          "rotationX":89.999995674289,
          "rotationY":2.1858121343979726e-06,
          "rotationZ":83.54102045547727,
          "group":"Stick",
          "faces":{
            "north":{
              "texture":"#wood",
              "uv":[
                17.75238800048828,
                9.086484909057617,
                13.272706985473633,
                10.370685577392578
              ],
              "autoUv":false,
              "rotation":90
            },
            "east":{
              "texture":"#wood",
              "uv":[
                7.4599175453186035,
                12.489904403686523,
                5.3164262771606445,
                13.965499877929688
              ],
              "autoUv":false,
              "rotation":90
            },
            "south":{
              "texture":"#wood",
              "uv":[
                13.828279495239258,
                16.221506118774414,
                9.364572525024414,
                18.014732360839844
              ],
              "autoUv":false,
              "rotation":270
            },
            "west":{
              "texture":"#wood",
              "uv":[
                31.54733657836914,
                22.489900588989258,
                29.403858184814453,
                23.965497970581055
              ],
              "autoUv":false,
              "rotation":270
            },
            "up":{
              "texture":"#wood",
              "uv":[
                5.657001495361328,
                0.4899024963378906,
                6.506924629211426,
                1.9654998779296875
              ],
              "autoUv":false
            },
            "down":{
              "texture":"#wood",
              "uv":[
                10.04041862487793,
                1.9655017852783203,
                9.190494537353516,
                0.48990440368652344
              ],
              "autoUv":false,
              "rotation":180
            }
          },
          "children":[]
        },
        {
          "name":"axehandle_stick 14",
          "from":[
            -9.945334911346436,
            -0.5597060322761536,
            0.7484089136123657
          ],
          "to":[
            -9.294207096099854,
            0.5150769352912903,
            1.5137157440185547
          ],
          "rotationOrigin":[
            -9.619771003723145,
            -0.02231454849243164,
            1.1310623288154602
          ],
          "rotationX":89.9999478629648,
          "rotationY":-5.237894187168822e-07,
          "rotationZ":83.54097264415307,
          "group":"Stick",
          "faces":{
            "north":{
              "texture":"#wood",
              "uv":[
                6.963070869445801,
                10.007686614990234,
                8.2149658203125,
                12.20612907409668
              ],
              "autoUv":false,
              "rotation":270
            },
            "east":{
              "texture":"#wood",
              "uv":[
                6.719358444213867,
                13.96550178527832,
                5.316426753997803,
                15.99472427368164
              ],
              "autoUv":false,
              "rotation":90
            },
            "south":{
              "texture":"#wood",
              "uv":[
                21.9589786529541,
                12.22889518737793,
                24.87774658203125,
                14.015167236328125
              ],
              "autoUv":false,
              "rotation":90
            },
            "west":{
              "texture":"#wood",
              "uv":[
                31.54733657836914,
                23.96549892425537,
                30.144412994384766,
                25.994725704193115
              ],
              "autoUv":false,
              "rotation":270
            },
            "up":{
              "texture":"#wood",
              "uv":[
                5.657001495361328,
                1.9654998779296875,
                6.506925106048584,
                3.9947280883789062
              ],
              "autoUv":false
            },
            "down":{
              "texture":"#wood",
              "uv":[
                10.04041862487793,
                3.9947261810302734,
                9.190494537353516,
                1.9654998779296875
              ],
              "autoUv":false,
              "rotation":180
            }
          },
          "children":[]
        },
        {
          "name":"axehandle_stick 15",
          "from":[
            -9.962998896837234,
            0.10184836387634277,
            1.6022423207759857
          ],
          "to":[
            -9.10555699467659,
            1.175335168838501,
            2.1587531864643097
          ],
          "rotationOrigin":[
            -9.53427791595459,
            0.6385917663574219,
            1.8804977536201477
          ],
          "rotationX":89.99998884409983,
          "rotationY":-1.0314676231948423e-06,
          "rotationZ":83.5410136252881,
          "group":"Stick",
          "faces":{
            "north":{
              "texture":"#wood",
              "uv":[
                16.214439392089844,
                10.369604110717773,
                13.280694961547852,
                12.066583633422852
              ],
              "autoUv":false,
              "rotation":90
            },
            "east":{
              "texture":"#wood",
              "uv":[
                6.717663764953613,
                12.48990249633789,
                5.316425323486328,
                13.965499877929688
              ],
              "autoUv":false,
              "rotation":90
            },
            "south":{
              "texture":"#wood",
              "uv":[
                5.871803283691406,
                9.665092468261719,
                2.9591007232666016,
                12.013164520263672
              ],
              "autoUv":false,
              "rotation":270
            },
            "west":{
              "texture":"#wood",
              "uv":[
                31.547338485717773,
                22.48989963531494,
                30.146102905273438,
                23.965499877929688
              ],
              "autoUv":false,
              "rotation":270
            },
            "up":{
              "texture":"#wood",
              "uv":[
                6.506924629211426,
                0.4899005889892578,
                7.626152038574219,
                1.9654998779296875
              ],
              "autoUv":false
            },
            "down":{
              "texture":"#wood",
              "uv":[
                9.190495491027832,
                1.9654998779296875,
                8.071268081665039,
                0.4899005889892578
              ],
              "autoUv":false,
              "rotation":180
            }
          },
          "children":[]
        },
        {
          "name":"axehandle_stick 16",
          "from":[
            -9.058714151382446,
            -0.40496826171875,
            0.37411797046661377
          ],
          "to":[
            -2.523223638534546,
            0.9168472290039062,
            1.874117374420166
          ],
          "rotationOrigin":[
            -5.790968894958496,
            0.2559394836425781,
            1.12411767244339
          ],
          "rotationY":6.4699999979057745,
          "group":"Stick",
          "faces":{
            "north":{
              "texture":"#wood",
              "uv":[
                11.875075340270996,
                12.197322845458984,
                24.899757385253906,
                14.84848403930664
              ],
              "autoUv":false
            },
            "east":{
              "texture":"#wood",
              "uv":[
                1.4350967407226562,
                1.4241218566894531,
                4.251504898071289,
                4.240531921386719
              ],
              "autoUv":false
            },
            "south":{
              "texture":"#wood",
              "uv":[
                3.955801010131836,
                15.052240371704102,
                16.92748260498047,
                17.692614555358887
              ],
              "autoUv":false
            },
            "west":{
              "texture":"#wood",
              "uv":[
                27.53781509399414,
                19.792702674865723,
                30.354223251342773,
                22.609110832214355
              ],
              "autoUv":false
            },
            "up":{
              "texture":"#wood",
              "uv":[
                0.20867252349853516,
                9.066347122192383,
                13.280696868896484,
                12.066583633422852
              ],
              "autoUv":false
            },
            "down":{
              "texture":"#wood",
              "uv":[
                9.803359985351562,
                13.051591873168945,
                22.881267547607422,
                10.050004959106445
              ],
              "autoUv":false
            }
          },
          "children":[]
        },
        {
          "name":"axehandle_stick 17",
          "from":[
            -2.6285486221313477,
            -0.40496826171875,
            0.01067429780960083
          ],
          "to":[
            6.5672502517700195,
            0.9168472290039062,
            1.5106742978096008
          ],
          "rotationOrigin":[
            1.969350814819336,
            0.2559394836425781,
            0.7606742978096008
          ],
          "group":"Stick",
          "faces":{
            "north":{
              "texture":"#wood",
              "uv":[
                2.0387887954711914,
                12.197322845458984,
                20.48278045654297,
                14.84848403930664
              ],
              "autoUv":false
            },
            "east":{
              "texture":"#wood",
              "uv":[
                14.776901245117188,
                15.023876190185547,
                17.76512908935547,
                17.657135009765625
              ],
              "autoUv":false
            },
            "south":{
              "texture":"#wood",
              "uv":[
                12.145687103271484,
                15.052240371704102,
                30.514625549316406,
                17.692614555358887
              ],
              "autoUv":false
            },
            "west":{
              "texture":"#wood",
              "uv":[
                27.564403533935547,
                19.739852905273438,
                30.381546020507812,
                22.55699920654297
              ],
              "autoUv":false
            },
            "up":{
              "texture":"#wood",
              "uv":[
                12.172677993774414,
                9.01030158996582,
                30.715150833129883,
                11.987920761108398
              ],
              "autoUv":false
            },
            "down":{
              "texture":"#wood",
              "uv":[
                19.82732582092285,
                13.027624130249023,
                1.2848514318466187,
                10.050004959106445
              ],
              "autoUv":false,
              "rotation":180
            }
          },
          "children":[]
        },
        {
          "name":"axehandle_stick 18",
          "from":[
            -0.4307594299316406,
            -0.40193235874176025,
            1.1638872623443604
          ],
          "to":[
            3.2890963554382324,
            0.9138113260269165,
            1.8589624166488647
          ],
          "rotationOrigin":[
            1.429168701171875,
            0.2559394836425781,
            1.5114248394966125
          ],
          "rotationY":-10.9000026369681,
          "group":"Stick",
          "faces":{
            "north":{
              "texture":"#wood",
              "uv":[
                8.39344596862793,
                11.625862121582031,
                22.170223236083984,
                13.046598434448242
              ],
              "autoUv":false
            },
            "east":{
              "texture":"#wood",
              "uv":[
                9.266541481018066,
                7.103803634643555,
                11.18265438079834,
                9.012527465820312
              ],
              "autoUv":false
            },
            "south":{
              "texture":"#wood",
              "uv":[
                16.471254348754883,
                15.058305740356445,
                23.767498016357422,
                17.686553955078125
              ],
              "autoUv":false
            },
            "west":{
              "texture":"#wood",
              "uv":[
                20.817344665527344,
                15.232145309448242,
                22.733457565307617,
                17.140871047973633
              ],
              "autoUv":false
            },
            "up":{
              "texture":"#wood",
              "uv":[
                16.651256561279297,
                11.338274002075195,
                24.066444396972656,
                12.372892379760742
              ],
              "autoUv":false
            },
            "down":{
              "texture":"#wood",
              "uv":[
                20.47601890563965,
                12.425695419311523,
                10.482035636901855,
                11.391075134277344
              ],
              "autoUv":false,
              "rotation":180
            }
          },
          "children":[]
        },
        {
          "name":"axehandle_stick 19",
          "from":[
            3.189528465270996,
            -0.40452897548675537,
            1.5106746554374695
          ],
          "to":[
            6.567250728607178,
            0.9164628982543945,
            2.205749988555908
          ],
          "rotationOrigin":[
            4.878389358520508,
            0.2559669613838196,
            1.8582122921943665
          ],
          "group":"Stick",
          "faces":{
            "north":{
              "texture":"#wood",
              "uv":[
                10.464646339416504,
                11.621284484863281,
                23.37529754638672,
                13.004152297973633
              ],
              "autoUv":false
            },
            "east":{
              "texture":"#wood",
              "uv":[
                13.39220905303955,
                15.024646759033203,
                14.776901245117188,
                17.656261444091797
              ],
              "autoUv":false
            },
            "south":{
              "texture":"#wood",
              "uv":[
                23.767498016357422,
                15.05300521850586,
                30.514625549316406,
                17.69173812866211
              ],
              "autoUv":false
            },
            "west":{
              "texture":"#wood",
              "uv":[
                20.659305572509766,
                15.09946060180664,
                22.576066970825195,
                17.01622486114502
              ],
              "autoUv":false
            },
            "up":{
              "texture":"#wood",
              "uv":[
                12.172677040100098,
                12.019170761108398,
                18.602802276611328,
                13.423486709594727
              ],
              "autoUv":false
            },
            "down":{
              "texture":"#wood",
              "uv":[
                21.349897384643555,
                12.398147583007812,
                11.984762191772461,
                11.395042419433594
              ],
              "autoUv":false,
              "rotation":180
            }
          },
          "children":[]
        },
        {
          "name":"axehandle_stick 20",
          "from":[
            6.492780699495029,
            -0.11714747548103333,
            0.08803249013937631
          ],
          "to":[
            6.964898095365868,
            0.629081517457962,
            2.292204731578458
          ],
          "rotationOrigin":[
            6.728839874267578,
            0.25596702098846436,
            1.1901186108589172
          ],
          "rotationY":-1.8000041482030653,
          "group":"Stick",
          "faces":{
            "north":{
              "texture":"#wood",
              "uv":[
                15.364265441894531,
                17.826135635375977,
                16.326595306396484,
                19.347187042236328
              ],
              "autoUv":false
            },
            "east":{
              "texture":"#wood",
              "uv":[
                10.335683822631836,
                16.48866081237793,
                15.632749557495117,
                18.28199577331543
              ],
              "autoUv":false
            },
            "south":{
              "texture":"#wood",
              "uv":[
                30.281768798828125,
                15.62706184387207,
                31.224838256835938,
                17.11768341064453
              ],
              "autoUv":false
            },
            "west":{
              "texture":"#wood",
              "uv":[
                27.547311782836914,
                20.353158950805664,
                31.686965942382812,
                21.943574905395508
              ],
              "autoUv":false
            },
            "up":{
              "texture":"#wood",
              "uv":[
                30.388362884521484,
                9.07098388671875,
                31.340351104736328,
                13.446447372436523
              ],
              "autoUv":false
            },
            "down":{
              "texture":"#wood",
              "uv":[
                1.6116347312927246,
                14.40740966796875,
                0.6596533060073853,
                10.031940460205078
              ],
              "autoUv":false,
              "rotation":180
            }
          },
          "children":[]
        },
        {
          "name":"axehandle_stick 21",
          "from":[
            6.497293486360263,
            -0.4014534056186676,
            0.08810347070668101
          ],
          "to":[
            6.969410882231102,
            -0.11368772387504578,
            2.004894676304122
          ],
          "rotationOrigin":[
            6.7333526611328125,
            -0.2575705647468567,
            1.0464990735054016
          ],
          "rotationY":-1.8000041482030653,
          "group":"Stick",
          "faces":{
            "north":{
              "texture":"#wood",
              "uv":[
                15.364264488220215,
                19.347301483154297,
                16.326595306396484,
                19.933860778808594
              ],
              "autoUv":false
            },
            "east":{
              "texture":"#wood",
              "uv":[
                11.026315689086914,
                18.282129287719727,
                15.632752418518066,
                18.973684310913086
              ],
              "autoUv":false
            },
            "south":{
              "texture":"#wood",
              "uv":[
                29.87006378173828,
                21.320322036743164,
                30.763710021972656,
                22.898334503173828
              ],
              "autoUv":false
            },
            "west":{
              "texture":"#wood",
              "uv":[
                26.8100643157959,
                20.35315990447998,
                31.686965942382812,
                21.943574905395508
              ],
              "autoUv":false
            },
            "up":{
              "texture":"#wood",
              "uv":[
                30.388357162475586,
                8.291738510131836,
                31.340349197387695,
                13.44644546508789
              ],
              "autoUv":false
            },
            "down":{
              "texture":"#wood",
              "uv":[
                16.03656768798828,
                16.82641887664795,
                19.708717346191406,
                15.921945571899414
              ],
              "autoUv":false,
              "rotation":90
            }
          },
          "children":[]
        },
        {
          "name":"axehandle_stick 22",
          "from":[
            6.497293486360263,
            0.6248574554920197,
            0.08810347070668101
          ],
          "to":[
            6.969410882231102,
            0.9126231372356415,
            2.004894676304122
          ],
          "rotationOrigin":[
            6.7333526611328125,
            0.7687402963638306,
            1.0464990735054016
          ],
          "rotationY":-1.8000041482030653,
          "group":"Stick",
          "faces":{
            "north":{
              "texture":"#wood",
              "uv":[
                15.364264488220215,
                17.239575386047363,
                16.326595306396484,
                17.82613182067871
              ],
              "autoUv":false
            },
            "east":{
              "texture":"#wood",
              "uv":[
                11.026315689086914,
                15.797103881835938,
                15.632752418518066,
                16.488659858703613
              ],
              "autoUv":false
            },
            "south":{
              "texture":"#wood",
              "uv":[
                29.87006378173828,
                21.320322036743164,
                30.763710021972656,
                22.898334503173828
              ],
              "autoUv":false
            },
            "west":{
              "texture":"#wood",
              "uv":[
                26.8100643157959,
                20.35315990447998,
                31.686965942382812,
                21.943574905395508
              ],
              "autoUv":false
            },
            "up":{
              "texture":"#wood",
              "uv":[
                16.03656768798828,
                15.921945571899414,
                19.708717346191406,
                16.826420783996582
              ],
              "autoUv":false,
              "rotation":90
            },
            "down":{
              "texture":"#wood",
              "uv":[
                1.611634612083435,
                14.40740966796875,
                0.65965336561203,
                9.252696990966797
              ],
              "autoUv":false,
              "rotation":180
            }
          },
          "children":[]
        },
        {
          "name":"axehandle_stick 23",
          "from":[
            6.4655817589795195,
            0.42587216198444366,
            1.8019632548093796
          ],
          "to":[
            6.937700391646664,
            0.8322908133268356,
            2.2083818465471268
          ],
          "rotationOrigin":[
            6.701641082763672,
            0.6290814876556396,
            2.005172550678253
          ],
          "rotationX":-45.01414657401018,
          "rotationY":-1.2726878243469877,
          "rotationZ":-1.2730020130488082,
          "group":"Stick",
          "faces":{
            "north":{
              "texture":"#wood",
              "uv":[
                15.593523025512695,
                18.353479385375977,
                16.406478881835938,
                19.29785442352295
              ],
              "autoUv":false,
              "rotation":270
            },
            "east":{
              "texture":"#wood",
              "uv":[
                10.518278121948242,
                15.921564102172852,
                11.49498176574707,
                16.89826774597168
              ],
              "autoUv":false,
              "rotation":270
            },
            "south":{
              "texture":"#wood",
              "uv":[
                30.27887725830078,
                15.053001403808594,
                31.221954345703125,
                15.627063751220703
              ],
              "autoUv":false
            },
            "west":{
              "texture":"#wood",
              "uv":[
                15.593522071838379,
                3.5935211181640625,
                16.406478881835938,
                4.4064788818359375
              ],
              "autoUv":false,
              "rotation":270
            },
            "up":{
              "texture":"#wood",
              "uv":[
                16.406478881835938,
                15.91077995300293,
                17.21943473815918,
                16.85515785217285
              ],
              "autoUv":false,
              "rotation":270
            },
            "down":{
              "texture":"#wood",
              "uv":[
                15.593523025512695,
                16.85515785217285,
                14.78056526184082,
                15.91077995300293
              ],
              "autoUv":false,
              "rotation":270
            }
          },
          "children":[]
        },
        {
          "name":"axehandle_stick 24",
          "from":[
            6.4655817589795195,
            -0.3203568309545517,
            1.8019632548093796
          ],
          "to":[
            6.937700391646664,
            0.08606182038784027,
            2.2083818465471268
          ],
          "rotationOrigin":[
            6.701641082763672,
            -0.11714750528335571,
            2.005172550678253
          ],
          "rotationX":-45.01414657401018,
          "rotationY":-1.2726878243469877,
          "rotationZ":-1.2730020130488082,
          "group":"Stick",
          "faces":{
            "north":{
              "texture":"#wood",
              "uv":[
                17.98920249938965,
                18.353479385375977,
                18.802160263061523,
                19.29785442352295
              ],
              "autoUv":false,
              "rotation":270
            },
            "east":{
              "texture":"#wood",
              "uv":[
                10.454376220703125,
                18.284188270568848,
                11.431079864501953,
                19.260892868041992
              ],
              "autoUv":false,
              "rotation":270
            },
            "south":{
              "texture":"#wood",
              "uv":[
                17.98920440673828,
                15.91077995300293,
                18.802162170410156,
                16.85515785217285
              ],
              "autoUv":false,
              "rotation":270
            },
            "west":{
              "texture":"#wood",
              "uv":[
                15.593522071838379,
                3.5935211181640625,
                16.406478881835938,
                4.4064788818359375
              ],
              "autoUv":false,
              "rotation":270
            },
            "up":{
              "texture":"#wood",
              "uv":[
                18.802162170410156,
                15.91077995300293,
                19.6151180267334,
                16.85515785217285
              ],
              "autoUv":false,
              "rotation":270
            },
            "down":{
              "texture":"#wood",
              "uv":[
                31.221954345703125,
                17.691737174987793,
                30.278879165649414,
                17.1176815032959
              ],
              "autoUv":false
            }
          },
          "children":[]
        }
      ]
    }
  ],
  "groups":[]
}