[
  {
    "op": "addmerge",
    "path": "/behaviors",
    "file": "tankardsandgoblets:blocktypes/tankard - metal.json",
    "side": "Server",
	"value": [{"name": "XLibConsumable",}],
	"dependsOn": [ { "modid": "xlib" } ]
  },
    {
    "op": "addmerge",
    "path": "/behaviors",
    "file": "tankardsandgoblets:blocktypes/winebottle.json",
    "side": "Server",
	"value": [{"name": "XLibConsumable",}],
	"dependsOn": [ { "modid": "xlib" } ]
  },
    {
    "op": "addmerge",
    "path": "/behaviors",
    "file": "tankardsandgoblets:blocktypes/tankard.json",
    "side": "Server",
	"value": [{"name": "XLibConsumable",}],
	"dependsOn": [ { "modid": "xlib" } ]
  },
    {
    "op": "addmerge",
    "path": "/behaviors",
    "file": "tankardsandgoblets:blocktypes/goblet.json",
    "side": "Server",
	"value": [{"name": "XLibConsumable",}],
	"dependsOn": [ { "modid": "xlib" } ]
  },
    {
    "op": "addmerge",
    "path": "/behaviors",
    "file": "tankardsandgoblets:blocktypes/jeweledgoblet.json",
    "side": "Server",
	"value": [{"name": "XLibConsumable",}],
	"dependsOn": [ { "modid": "xlib" } ]
  },

]