{
  "textureWidth":16,
  "textureHeight":16,
  "textures":{
    "bone":"game:block/creature/bone-yellow"
  },
  "textureSizes":{
    "bone":[
      32,
      32
    ]
  },
  "elements":[
    {
      "name":"origin",
      "from":[
        8.166474342346191,
        -6.757323741912842,
        8.948309898376465
      ],
      "to":[
        8.166474342346191,
        -6.757323741912842,
        8.948309898376465
      ],
      "rotationOrigin":[
        8.0,
        0.0,
        8.0
      ],
      "group":"Bone",
      "faces":{
        "north":{
          "texture":"#0",
          "uv":[
            0,
            0,
            4,
            4
          ],
          "autoUv":false
        },
        "east":{
          "texture":"#0",
          "uv":[
            0,
            0,
            4,
            4
          ],
          "autoUv":false
        },
        "south":{
          "texture":"#0",
          "uv":[
            0,
            0,
            4,
            4
          ],
          "autoUv":false
        },
        "west":{
          "texture":"#0",
          "uv":[
            0,
            0,
            4,
            4
          ],
          "autoUv":false
        },
        "up":{
          "texture":"#bone",
          "uv":[
            0.0,
            0.0,
            1.0,
            1.0
          ],
          "autoUv":false,
          "rotation":180
        },
        "down":{
          "texture":"#0",
          "uv":[
            0,
            0,
            4,
            4
          ],
          "autoUv":false
        }
      },
      "children":[
        {
          "name":"handle_bone 01",
          "from":[
            -6.996878951787949,
            7.002289295196533,
            -4.483022212982178
          ],
          "to":[
            -6.3337370455265045,
            7.997002124786377,
            -3.488309383392334
          ],
          "rotationOrigin":[
            -6.665307998657227,
            7.499645709991455,
            -3.985665798187256
          ],
          "rotationY":-89.99998201391065,
          "group":"Bone",
          "faces":{
            "north":{
              "texture":"#bone",
              "uv":[
                27.0,
                14.0,
                29.0,
                17.0
              ],
              "autoUv":false
            },
            "east":{
              "texture":"#bone",
              "uv":[
                7.0,
                17.0,
                10.0,
                20.0
              ],
              "autoUv":false
            },
            "south":{
              "texture":"#bone",
              "uv":[
                20.0,
                4.0,
                22.0,
                7.0
              ],
              "autoUv":false
            },
            "west":{
              "texture":"#bone",
              "uv":[
                12.0,
                0.0,
                20.0,
                8.0
              ],
              "autoUv":false,
              "rotation":270
            },
            "up":{
              "texture":"#bone",
              "uv":[
                0.0,
                12.0,
                2.0,
                15.0
              ],
              "autoUv":false
            },
            "down":{
              "texture":"#bone",
              "uv":[
                11.0,
                21.0,
                9.0,
                18.0
              ],
              "autoUv":false,
              "rotation":180
            }
          },
          "children":[]
        },
        {
          "name":"handle_bone 02",
          "from":[
            -7.162664413452148,
            7.002289295196533,
            -5.146163791418076
          ],
          "to":[
            -6.167951583862305,
            7.997002124786377,
            -4.4830218851566315
          ],
          "rotationOrigin":[
            -6.665307998657227,
            7.499645709991455,
            -4.8145928382873535
          ],
          "rotationY":-89.99998201391065,
          "group":"Bone",
          "faces":{
            "north":{
              "texture":"#bone",
              "uv":[
                12.0,
                24.0,
                20.0,
                32.0
              ],
              "autoUv":false,
              "rotation":270
            },
            "east":{
              "texture":"#bone",
              "uv":[
                12.0,
                16.0,
                20.0,
                24.0
              ],
              "autoUv":false,
              "rotation":270
            },
            "south":{
              "texture":"#bone",
              "uv":[
                12.0,
                8.0,
                20.0,
                16.0
              ],
              "autoUv":false,
              "rotation":270
            },
            "west":{
              "texture":"#bone",
              "uv":[
                7.0,
                18.0,
                9.0,
                21.0
              ],
              "autoUv":false
            },
            "up":{
              "texture":"#bone",
              "uv":[
                20.0,
                8.0,
                23.0,
                10.0
              ],
              "autoUv":false
            },
            "down":{
              "texture":"#bone",
              "uv":[
                11.0,
                13.0,
                8.0,
                11.0
              ],
              "autoUv":false,
              "rotation":180
            }
          },
          "children":[]
        },
        {
          "name":"handle_bone 03",
          "from":[
            -6.603110820055008,
            7.997003152966499,
            -5.13928809762001
          ],
          "to":[
            -5.7741837203502655,
            8.394888326525688,
            -4.575617641210556
          ],
          "rotationOrigin":[
            -6.188647270202637,
            8.195945739746094,
            -4.857452869415283
          ],
          "rotationY":-96.00000950163255,
          "group":"Bone",
          "faces":{
            "north":{
              "texture":"#bone",
              "uv":[
                6.0,
                14.0,
                8.0,
                15.0
              ],
              "autoUv":false
            },
            "east":{
              "texture":"#bone",
              "uv":[
                8.0,
                17.0,
                9.0,
                18.0
              ],
              "autoUv":false
            },
            "south":{
              "texture":"#bone",
              "uv":[
                9.0,
                12.0,
                11.0,
                13.0
              ],
              "autoUv":false
            },
            "west":{
              "texture":"#bone",
              "uv":[
                7.0,
                13.0,
                8.0,
                14.0
              ],
              "autoUv":false
            },
            "up":{
              "texture":"#bone",
              "uv":[
                19.0,
                12.0,
                21.0,
                13.0
              ],
              "autoUv":false
            },
            "down":{
              "texture":"#bone",
              "uv":[
                12.0,
                16.0,
                4.0,
                8.0
              ],
              "autoUv":false,
              "rotation":270
            }
          },
          "children":[]
        },
        {
          "name":"handle_bone 04",
          "from":[
            -6.667964518070221,
            7.0089206993579865,
            -5.028372794389725
          ],
          "to":[
            -5.673251569271088,
            7.990370720624924,
            -4.531016319990158
          ],
          "rotationOrigin":[
            -6.170608043670654,
            7.499645709991455,
            -4.779694557189941
          ],
          "rotationY":-98.9999993398314,
          "group":"Bone",
          "faces":{
            "north":{
              "texture":"#bone",
              "uv":[
                9.0,
                14.0,
                12.0,
                16.0
              ],
              "autoUv":false
            },
            "east":{
              "texture":"#bone",
              "uv":[
                8.0,
                5.0,
                9.0,
                7.0
              ],
              "autoUv":false
            },
            "south":{
              "texture":"#bone",
              "uv":[
                12.0,
                8.0,
                20.0,
                16.0
              ],
              "autoUv":false,
              "rotation":270
            },
            "west":{
              "texture":"#bone",
              "uv":[
                20.0,
                16.0,
                21.0,
                18.0
              ],
              "autoUv":false
            },
            "up":{
              "texture":"#bone",
              "uv":[
                0.0,
                0.0,
                3.0,
                1.0
              ],
              "autoUv":false
            },
            "down":{
              "texture":"#bone",
              "uv":[
                16.0,
                21.0,
                13.0,
                20.0
              ],
              "autoUv":false,
              "rotation":180
            }
          },
          "children":[]
        },
        {
          "name":"handle_bone 05",
          "from":[
            -7.66057687997818,
            7.0089206993579865,
            -5.031345874071121
          ],
          "to":[
            -6.665863931179047,
            7.990370720624924,
            -4.533989399671555
          ],
          "rotationOrigin":[
            -7.163220405578613,
            7.499645709991455,
            -4.782667636871338
          ],
          "rotationY":-80.99999883893577,
          "group":"Bone",
          "faces":{
            "north":{
              "texture":"#bone",
              "uv":[
                12.0,
                24.0,
                20.0,
                32.0
              ],
              "autoUv":false,
              "rotation":270
            },
            "east":{
              "texture":"#bone",
              "uv":[
                21.0,
                14.0,
                22.0,
                16.0
              ],
              "autoUv":false
            },
            "south":{
              "texture":"#bone",
              "uv":[
                8.0,
                11.0,
                11.0,
                13.0
              ],
              "autoUv":false
            },
            "west":{
              "texture":"#bone",
              "uv":[
                21.0,
                15.0,
                22.0,
                17.0
              ],
              "autoUv":false
            },
            "up":{
              "texture":"#bone",
              "uv":[
                0.0,
                0.0,
                3.0,
                1.0
              ],
              "autoUv":false
            },
            "down":{
              "texture":"#bone",
              "uv":[
                19.0,
                26.0,
                16.0,
                25.0
              ],
              "autoUv":false,
              "rotation":180
            }
          },
          "children":[]
        },
        {
          "name":"handle_bone 06",
          "from":[
            -7.586501359939575,
            7.997003152966499,
            -5.146682560443878
          ],
          "to":[
            -6.757573843002319,
            8.394888326525688,
            -4.5830118060112
          ],
          "rotationOrigin":[
            -7.172037601470947,
            8.195945739746094,
            -4.864847183227539
          ],
          "rotationY":-84.00000233751295,
          "group":"Bone",
          "faces":{
            "north":{
              "texture":"#bone",
              "uv":[
                8.0,
                14.0,
                10.0,
                15.0
              ],
              "autoUv":false
            },
            "east":{
              "texture":"#bone",
              "uv":[
                22.0,
                23.0,
                23.0,
                24.0
              ],
              "autoUv":false
            },
            "south":{
              "texture":"#bone",
              "uv":[
                6.0,
                16.0,
                8.0,
                17.0
              ],
              "autoUv":false
            },
            "west":{
              "texture":"#bone",
              "uv":[
                9.0,
                14.0,
                10.0,
                15.0
              ],
              "autoUv":false
            },
            "up":{
              "texture":"#bone",
              "uv":[
                11.0,
                12.0,
                13.0,
                13.0
              ],
              "autoUv":false
            },
            "down":{
              "texture":"#bone",
              "uv":[
                12.0,
                16.0,
                4.0,
                8.0
              ],
              "autoUv":false,
              "rotation":270
            }
          },
          "children":[]
        },
        {
          "name":"handle_bone 07",
          "from":[
            5.511874854564667,
            7.005287170410156,
            -4.9138674437999725
          ],
          "to":[
            6.175016701221466,
            8.0,
            -3.9191546738147736
          ],
          "rotationOrigin":[
            5.843445777893066,
            7.502643585205078,
            -4.416511058807373
          ],
          "rotationY":-92.23709436333245,
          "group":"Bone",
          "faces":{
            "north":{
              "texture":"#bone",
              "uv":[
                27.0,
                14.0,
                29.0,
                17.0
              ],
              "autoUv":false
            },
            "east":{
              "texture":"#bone",
              "uv":[
                7.0,
                17.0,
                10.0,
                20.0
              ],
              "autoUv":false
            },
            "south":{
              "texture":"#bone",
              "uv":[
                20.0,
                4.0,
                22.0,
                7.0
              ],
              "autoUv":false
            },
            "west":{
              "texture":"#bone",
              "uv":[
                12.0,
                0.0,
                20.0,
                8.0
              ],
              "autoUv":false,
              "rotation":270
            },
            "up":{
              "texture":"#bone",
              "uv":[
                0.0,
                12.0,
                2.0,
                15.0
              ],
              "autoUv":false
            },
            "down":{
              "texture":"#bone",
              "uv":[
                11.0,
                21.0,
                9.0,
                18.0
              ],
              "autoUv":false,
              "rotation":180
            }
          },
          "children":[]
        },
        {
          "name":"handle_bone 08",
          "from":[
            5.378446608781815,
            7.005287170410156,
            -5.576377213001251
          ],
          "to":[
            6.3731593787670135,
            8.0,
            -4.913235366344452
          ],
          "rotationOrigin":[
            5.875802993774414,
            7.502643585205078,
            -5.244806289672852
          ],
          "rotationY":-92.23709436333245,
          "group":"Bone",
          "faces":{
            "north":{
              "texture":"#bone",
              "uv":[
                12.0,
                24.0,
                20.0,
                32.0
              ],
              "autoUv":false,
              "rotation":270
            },
            "east":{
              "texture":"#bone",
              "uv":[
                12.0,
                16.0,
                20.0,
                24.0
              ],
              "autoUv":false,
              "rotation":270
            },
            "south":{
              "texture":"#bone",
              "uv":[
                12.0,
                8.0,
                20.0,
                16.0
              ],
              "autoUv":false,
              "rotation":270
            },
            "west":{
              "texture":"#bone",
              "uv":[
                7.0,
                18.0,
                9.0,
                21.0
              ],
              "autoUv":false
            },
            "up":{
              "texture":"#bone",
              "uv":[
                20.0,
                8.0,
                23.0,
                10.0
              ],
              "autoUv":false
            },
            "down":{
              "texture":"#bone",
              "uv":[
                11.0,
                13.0,
                8.0,
                11.0
              ],
              "autoUv":false,
              "rotation":180
            }
          },
          "children":[]
        },
        {
          "name":"handle_bone 09",
          "from":[
            5.939309388399124,
            8.00000150501728,
            -5.550863057374954
          ],
          "to":[
            6.768236845731735,
            8.39788667857647,
            -4.987192362546921
          ],
          "rotationOrigin":[
            6.35377311706543,
            8.198944091796875,
            -5.2690277099609375
          ],
          "rotationY":-98.23711502086516,
          "group":"Bone",
          "faces":{
            "north":{
              "texture":"#bone",
              "uv":[
                6.0,
                14.0,
                8.0,
                15.0
              ],
              "autoUv":false
            },
            "east":{
              "texture":"#bone",
              "uv":[
                8.0,
                17.0,
                9.0,
                18.0
              ],
              "autoUv":false
            },
            "south":{
              "texture":"#bone",
              "uv":[
                9.0,
                12.0,
                11.0,
                13.0
              ],
              "autoUv":false
            },
            "west":{
              "texture":"#bone",
              "uv":[
                7.0,
                13.0,
                8.0,
                14.0
              ],
              "autoUv":false
            },
            "up":{
              "texture":"#bone",
              "uv":[
                19.0,
                12.0,
                21.0,
                13.0
              ],
              "autoUv":false
            },
            "down":{
              "texture":"#bone",
              "uv":[
                12.0,
                16.0,
                4.0,
                8.0
              ],
              "autoUv":false,
              "rotation":270
            }
          },
          "children":[]
        },
        {
          "name":"handle_bone 10",
          "from":[
            5.871407449245453,
            7.0119185745716095,
            -5.43930247426033
          ],
          "to":[
            6.866120398044586,
            7.993368595838547,
            -4.9419459998607635
          ],
          "rotationOrigin":[
            6.3687639236450195,
            7.502643585205078,
            -5.190624237060547
          ],
          "rotationY":-101.23709802887484,
          "group":"Bone",
          "faces":{
            "north":{
              "texture":"#bone",
              "uv":[
                9.0,
                14.0,
                12.0,
                16.0
              ],
              "autoUv":false
            },
            "east":{
              "texture":"#bone",
              "uv":[
                8.0,
                5.0,
                9.0,
                7.0
              ],
              "autoUv":false
            },
            "south":{
              "texture":"#bone",
              "uv":[
                12.0,
                8.0,
                20.0,
                16.0
              ],
              "autoUv":false,
              "rotation":270
            },
            "west":{
              "texture":"#bone",
              "uv":[
                20.0,
                16.0,
                21.0,
                18.0
              ],
              "autoUv":false
            },
            "up":{
              "texture":"#bone",
              "uv":[
                0.0,
                0.0,
                3.0,
                1.0
              ],
              "autoUv":false
            },
            "down":{
              "texture":"#bone",
              "uv":[
                16.0,
                21.0,
                13.0,
                20.0
              ],
              "autoUv":false,
              "rotation":180
            }
          },
          "children":[]
        },
        {
          "name":"handle_bone 11",
          "from":[
            4.87966912984848,
            7.0119185745716095,
            -5.481020003557205
          ],
          "to":[
            5.8743820786476135,
            7.993368595838547,
            -4.9836635291576385
          ],
          "rotationOrigin":[
            5.377025604248047,
            7.502643585205078,
            -5.232341766357422
          ],
          "rotationY":-83.23710435816838,
          "group":"Bone",
          "faces":{
            "north":{
              "texture":"#bone",
              "uv":[
                12.0,
                24.0,
                20.0,
                32.0
              ],
              "autoUv":false,
              "rotation":270
            },
            "east":{
              "texture":"#bone",
              "uv":[
                21.0,
                14.0,
                22.0,
                16.0
              ],
              "autoUv":false
            },
            "south":{
              "texture":"#bone",
              "uv":[
                8.0,
                11.0,
                11.0,
                13.0
              ],
              "autoUv":false
            },
            "west":{
              "texture":"#bone",
              "uv":[
                21.0,
                15.0,
                22.0,
                17.0
              ],
              "autoUv":false
            },
            "up":{
              "texture":"#bone",
              "uv":[
                0.0,
                0.0,
                3.0,
                1.0
              ],
              "autoUv":false
            },
            "down":{
              "texture":"#bone",
              "uv":[
                19.0,
                26.0,
                16.0,
                25.0
              ],
              "autoUv":false,
              "rotation":180
            }
          },
          "children":[]
        },
        {
          "name":"handle_bone 12",
          "from":[
            4.956958085298538,
            8.00000150501728,
            -5.59663799405098
          ],
          "to":[
            5.785885542631149,
            8.39788667857647,
            -5.032967299222946
          ],
          "rotationOrigin":[
            5.371421813964844,
            8.198944091796875,
            -5.314802646636963
          ],
          "rotationY":-86.2371010265564,
          "group":"Bone",
          "faces":{
            "north":{
              "texture":"#bone",
              "uv":[
                8.0,
                14.0,
                10.0,
                15.0
              ],
              "autoUv":false
            },
            "east":{
              "texture":"#bone",
              "uv":[
                22.0,
                23.0,
                23.0,
                24.0
              ],
              "autoUv":false
            },
            "south":{
              "texture":"#bone",
              "uv":[
                6.0,
                16.0,
                8.0,
                17.0
              ],
              "autoUv":false
            },
            "west":{
              "texture":"#bone",
              "uv":[
                9.0,
                14.0,
                10.0,
                15.0
              ],
              "autoUv":false
            },
            "up":{
              "texture":"#bone",
              "uv":[
                11.0,
                12.0,
                13.0,
                13.0
              ],
              "autoUv":false
            },
            "down":{
              "texture":"#bone",
              "uv":[
                12.0,
                16.0,
                4.0,
                8.0
              ],
              "autoUv":false,
              "rotation":270
            }
          },
          "children":[]
        },
        {
          "name":"handle_bone 13",
          "from":[
            -7.166474342346191,
            7.0,
            -3.654094696044922
          ],
          "to":[
            -6.166474342346191,
            8.0,
            1.0516901016235352
          ],
          "rotationOrigin":[
            -6.666474342346191,
            7.5,
            -1.3012022972106934
          ],
          "group":"Bone",
          "faces":{
            "north":{
              "texture":"#bone",
              "uv":[
                19.0,
                16.0,
                21.0,
                20.0
              ],
              "autoUv":false
            },
            "east":{
              "texture":"#bone",
              "uv":[
                5.5,
                1.0,
                14.911569595336914,
                5.0
              ],
              "autoUv":false
            },
            "south":{
              "texture":"#bone",
              "uv":[
                14.0,
                18.0,
                16.0,
                22.0
              ],
              "autoUv":false
            },
            "west":{
              "texture":"#bone",
              "uv":[
                10.588430404663086,
                8.0,
                20.0,
                12.0
              ],
              "autoUv":false
            },
            "up":{
              "texture":"#bone",
              "uv":[
                4.588430404663086,
                17.0,
                14.0,
                21.0
              ],
              "autoUv":false,
              "rotation":90
            },
            "down":{
              "texture":"#bone",
              "uv":[
                29.5,
                13.0,
                20.088430404663086,
                9.0
              ],
              "autoUv":false,
              "rotation":270
            }
          },
          "children":[]
        },
        {
          "name":"handle_bone 14",
          "from":[
            5.333525657653809,
            7.0,
            -4.104607105255127
          ],
          "to":[
            6.333525657653809,
            8.0,
            1.0516901016235352
          ],
          "rotationOrigin":[
            5.833525657653809,
            7.5,
            -1.3012022972106934
          ],
          "group":"Bone",
          "faces":{
            "north":{
              "texture":"#bone",
              "uv":[
                23.0,
                17.0,
                25.0,
                21.0
              ],
              "autoUv":false
            },
            "east":{
              "texture":"#bone",
              "uv":[
                8.0,
                13.0,
                18.31259536743164,
                16.999999046325684
              ],
              "autoUv":false
            },
            "south":{
              "texture":"#bone",
              "uv":[
                15.0,
                5.0,
                17.0,
                9.0
              ],
              "autoUv":false
            },
            "west":{
              "texture":"#bone",
              "uv":[
                11.68740463256836,
                14.0,
                22.0,
                18.0
              ],
              "autoUv":false
            },
            "up":{
              "texture":"#bone",
              "uv":[
                14.68740463256836,
                22.0,
                25.0,
                26.000000476837158
              ],
              "autoUv":false,
              "rotation":90
            },
            "down":{
              "texture":"#bone",
              "uv":[
                22.0,
                10.0,
                11.687405586242676,
                6.0
              ],
              "autoUv":false,
              "rotation":270
            }
          },
          "children":[]
        },
        {
          "name":"handle_bone 15",
          "from":[
            -6.166474342346191,
            7.0,
            -2.948309898376465
          ],
          "to":[
            5.333525657653809,
            8.0,
            -1.9483098983764648
          ],
          "rotationOrigin":[
            -0.4164743423461914,
            7.5,
            -2.448309898376465
          ],
          "group":"Bone",
          "faces":{
            "north":{
              "texture":"#bone",
              "uv":[
                8.0,
                23.0,
                31.0,
                27.0
              ],
              "autoUv":false
            },
            "east":{
              "texture":"#bone",
              "uv":[
                12.0,
                16.0,
                20.0,
                24.0
              ],
              "autoUv":false,
              "rotation":270
            },
            "south":{
              "texture":"#bone",
              "uv":[
                5.5,
                23.0,
                28.5,
                27.0
              ],
              "autoUv":false
            },
            "west":{
              "texture":"#bone",
              "uv":[
                12.0,
                0.0,
                20.0,
                8.0
              ],
              "autoUv":false,
              "rotation":270
            },
            "up":{
              "texture":"#bone",
              "uv":[
                3.0,
                23.0,
                26.0,
                27.0
              ],
              "autoUv":false
            },
            "down":{
              "texture":"#bone",
              "uv":[
                30.5,
                10.0,
                7.5,
                6.0
              ],
              "autoUv":false,
              "rotation":180
            }
          },
          "children":[]
        }
      ]
    }
  ],
  "groups":[]
}