{
  "textureWidth":16,
  "textureHeight":16,
  "textures":{
    "material":"game:item/tool/material/flint"
  },
  "textureSizes":{
    "material":[
      32,
      32
    ]
  },
  "elements":[
    {
      "name":"origin",
      "from":[
        11.0,
        0.5,
        7.699999988079071
      ],
      "to":[
        11.0,
        0.5,
        7.699999988079071
      ],
      "rotationOrigin":[
        8.0,
        0.0,
        8.0
      ],
      "group":"nonmetal_head",
      "faces":{
        "north":{
          "texture":"#0",
          "uv":[
            0,
            0,
            4,
            4
          ],
          "autoUv":false
        },
        "east":{
          "texture":"#0",
          "uv":[
            0,
            0,
            4,
            4
          ],
          "autoUv":false
        },
        "south":{
          "texture":"#0",
          "uv":[
            0,
            0,
            4,
            4
          ],
          "autoUv":false
        },
        "west":{
          "texture":"#0",
          "uv":[
            0,
            0,
            4,
            4
          ],
          "autoUv":false
        },
        "up":{
          "texture":"#material",
          "uv":[
            0.0,
            0.0,
            1.0,
            1.0
          ],
          "autoUv":false,
          "rotation":180
        },
        "down":{
          "texture":"#0",
          "uv":[
            0,
            0,
            4,
            4
          ],
          "autoUv":false
        }
      },
      "children":[
        {
          "name":"nonmetal_head 01",
          "from":[
            6.5982584953308105,
            -0.05112272500991821,
            1.763154923915863
          ],
          "to":[
            14.123863697052002,
            0.633023202419281,
            3.344279944896698
          ],
          "rotationOrigin":[
            10.361061096191406,
            0.2909502387046814,
            2.5537174344062805
          ],
          "rotationX":-8.962696318522147,
          "rotationY":6.151240385937351e-06,
          "rotationZ":4.012073808497848e-07,
          "group":"nonmetal_head",
          "faces":{
            "north":{
              "texture":"#material",
              "uv":[
                2.0,
                10.0,
                13.0,
                11.0
              ],
              "autoUv":false
            },
            "east":{
              "texture":"#material",
              "uv":[
                4.0,
                10.0,
                6.311093330383301,
                11.0
              ],
              "autoUv":false
            },
            "south":{
              "texture":"#material",
              "uv":[
                4.0,
                14.0,
                15.0,
                15.0
              ],
              "autoUv":false
            },
            "west":{
              "texture":"#material",
              "uv":[
                17.275524139404297,
                12.042057037353516,
                20.31098175048828,
                13.026344299316406
              ],
              "autoUv":false
            },
            "up":{
              "texture":"#material",
              "uv":[
                18.0,
                14.000001907348633,
                20.0,
                25.0
              ],
              "autoUv":false,
              "rotation":90
            },
            "down":{
              "texture":"#material",
              "uv":[
                18.0,
                25.0,
                20.0,
                14.000001907348633
              ],
              "autoUv":false,
              "rotation":90
            }
          },
          "children":[]
        },
        {
          "name":"nonmetal_head 02",
          "from":[
            6.317567348480225,
            -0.21602582931518555,
            0.5053954720497131
          ],
          "to":[
            13.846117496490479,
            0.46812009811401367,
            1.8039132356643677
          ],
          "rotationOrigin":[
            10.081842422485352,
            0.12604713439941406,
            1.154654324054718
          ],
          "rotationX":-3.98242034275139,
          "rotationY":6.815914229935844e-06,
          "rotationZ":4.7661466834829177e-07,
          "group":"nonmetal_head",
          "faces":{
            "north":{
              "texture":"#material",
              "uv":[
                2.0,
                10.0,
                13.0,
                11.0
              ],
              "autoUv":false
            },
            "east":{
              "texture":"#material",
              "uv":[
                4.0,
                10.0,
                5.898013114929199,
                11.0
              ],
              "autoUv":false
            },
            "south":{
              "texture":"#material",
              "uv":[
                4.0,
                14.0,
                15.0,
                15.0
              ],
              "autoUv":false
            },
            "west":{
              "texture":"#material",
              "uv":[
                14.81698226928711,
                12.042057037353516,
                17.275524139404297,
                13.026344299316406
              ],
              "autoUv":false
            },
            "up":{
              "texture":"#material",
              "uv":[
                16.0,
                14.000001907348633,
                18.0,
                25.0
              ],
              "autoUv":false,
              "rotation":90
            },
            "down":{
              "texture":"#material",
              "uv":[
                16.0,
                25.0,
                18.0,
                14.000001907348633
              ],
              "autoUv":false,
              "rotation":90
            }
          },
          "children":[]
        },
        {
          "name":"nonmetal_head 03",
          "from":[
            6.5469794273376465,
            -0.05112266540527344,
            -2.255430221557617
          ],
          "to":[
            14.0755295753479,
            0.6330231428146362,
            -0.6743053197860718
          ],
          "rotationOrigin":[
            10.311254501342773,
            0.2909502387046814,
            -1.4648677706718445
          ],
          "rotationX":8.9626954647485,
          "rotationY":-6.151241607270349e-06,
          "rotationZ":4.0120758440528446e-07,
          "group":"nonmetal_head",
          "faces":{
            "north":{
              "texture":"#material",
              "uv":[
                15.0,
                14.0,
                4.0,
                15.0
              ],
              "autoUv":false
            },
            "east":{
              "texture":"#material",
              "uv":[
                6.311093330383301,
                10.0,
                4.0,
                11.0
              ],
              "autoUv":false
            },
            "south":{
              "texture":"#material",
              "uv":[
                13.0,
                10.0,
                2.0,
                11.0
              ],
              "autoUv":false
            },
            "west":{
              "texture":"#material",
              "uv":[
                9.322981834411621,
                12.042057037353516,
                12.358438491821289,
                13.026344299316406
              ],
              "autoUv":false
            },
            "up":{
              "texture":"#material",
              "uv":[
                12.0,
                14.000001907348633,
                14.0,
                25.0
              ],
              "autoUv":false,
              "rotation":90
            },
            "down":{
              "texture":"#material",
              "uv":[
                12.0,
                25.0,
                14.0,
                14.000001907348633
              ],
              "autoUv":false,
              "rotation":90
            }
          },
          "children":[]
        },
        {
          "name":"nonmetal_head 04",
          "from":[
            6.5469794273376465,
            -0.21602582931518555,
            -0.7150635719299316
          ],
          "to":[
            14.072584629058838,
            0.46812009811401367,
            0.5834542512893677
          ],
          "rotationOrigin":[
            10.309782028198242,
            0.12604713439941406,
            -0.06580466032028198
          ],
          "rotationX":3.98242034275139,
          "rotationY":-6.815913415713846e-06,
          "rotationZ":4.7661466834829177e-07,
          "group":"nonmetal_head",
          "faces":{
            "north":{
              "texture":"#material",
              "uv":[
                15.0,
                14.0,
                4.0,
                15.0
              ],
              "autoUv":false
            },
            "east":{
              "texture":"#material",
              "uv":[
                5.898013114929199,
                10.0,
                4.0,
                11.0
              ],
              "autoUv":false
            },
            "south":{
              "texture":"#material",
              "uv":[
                13.0,
                10.0,
                2.0,
                11.0
              ],
              "autoUv":false
            },
            "west":{
              "texture":"#material",
              "uv":[
                12.358438491821289,
                12.042057037353516,
                14.81698226928711,
                13.026344299316406
              ],
              "autoUv":false
            },
            "up":{
              "texture":"#material",
              "uv":[
                14.0,
                14.000001907348633,
                16.0,
                25.0
              ],
              "autoUv":false,
              "rotation":90
            },
            "down":{
              "texture":"#material",
              "uv":[
                14.0,
                25.0,
                16.0,
                14.000001907348633
              ],
              "autoUv":false,
              "rotation":90
            }
          },
          "children":[]
        },
        {
          "name":"nonmetal_head 05",
          "from":[
            13.882137551903725,
            0.0494404137134552,
            1.7630826830863953
          ],
          "to":[
            14.364211782813072,
            0.5334610641002655,
            3.344207227230072
          ],
          "rotationOrigin":[
            14.123174667358398,
            0.29145073890686035,
            2.5536449551582336
          ],
          "rotationX":-8.962694610974854,
          "rotationY":5.802375571591473e-06,
          "rotationZ":-45.00000125223908,
          "group":"nonmetal_head",
          "faces":{
            "north":{
              "texture":"#material",
              "uv":[
                12.295363426208496,
                10.0,
                12.999999046325684,
                10.707481384277344
              ],
              "autoUv":false
            },
            "east":{
              "texture":"#material",
              "uv":[
                20.0,
                13.0,
                18.0,
                14.0
              ],
              "autoUv":false
            },
            "south":{
              "texture":"#material",
              "uv":[
                4.0,
                14.0,
                4.704636573791504,
                14.707481384277344
              ],
              "autoUv":false
            },
            "west":{
              "texture":"#material",
              "uv":[
                5.688906669616699,
                12.0,
                8.0,
                12.707481384277344
              ],
              "autoUv":false
            },
            "up":{
              "texture":"#material",
              "uv":[
                18.0,
                13.0,
                20.0,
                14.0
              ],
              "autoUv":false,
              "rotation":90
            },
            "down":{
              "texture":"#material",
              "uv":[
                17.0,
                10.0,
                16.29536247253418,
                7.688907623291016
              ],
              "autoUv":false,
              "rotation":180
            }
          },
          "children":[]
        },
        {
          "name":"nonmetal_head 06",
          "from":[
            13.601228773593903,
            -0.11422452330589294,
            0.5053878426551819
          ],
          "to":[
            14.087335526943207,
            0.36668214201927185,
            1.8039056062698364
          ],
          "rotationOrigin":[
            13.844282150268555,
            0.12622880935668945,
            1.1546466946601868
          ],
          "rotationX":-3.9824147932226888,
          "rotationY":8.700295884507411e-06,
          "rotationZ":45.00000466733367,
          "group":"nonmetal_head",
          "faces":{
            "north":{
              "texture":"#material",
              "uv":[
                2.0,
                10.0,
                2.7102527618408203,
                10.702930450439453
              ],
              "autoUv":false
            },
            "east":{
              "texture":"#material",
              "uv":[
                16.0,
                13.0,
                18.0,
                14.0
              ],
              "autoUv":false,
              "rotation":180
            },
            "south":{
              "texture":"#material",
              "uv":[
                14.28974723815918,
                14.0,
                15.0,
                14.702930450439453
              ],
              "autoUv":false
            },
            "west":{
              "texture":"#material",
              "uv":[
                6.101986885070801,
                12.0,
                8.0,
                12.702930450439453
              ],
              "autoUv":false
            },
            "up":{
              "texture":"#material",
              "uv":[
                6.101986885070801,
                19.0,
                8.0,
                19.71025276184082
              ],
              "autoUv":false,
              "rotation":90
            },
            "down":{
              "texture":"#material",
              "uv":[
                16.0,
                14.0,
                18.0,
                13.0
              ],
              "autoUv":false,
              "rotation":90
            }
          },
          "children":[]
        },
        {
          "name":"nonmetal_head 07",
          "from":[
            13.83085848391056,
            0.049440428614616394,
            -2.255357503890991
          ],
          "to":[
            14.312932714819908,
            0.5334610491991043,
            -0.674233078956604
          ],
          "rotationOrigin":[
            14.071895599365234,
            0.29145073890686035,
            -1.4647952914237976
          ],
          "rotationX":8.962693757201206,
          "rotationY":-5.67324240530256e-06,
          "rotationZ":-45.00000125223908,
          "group":"nonmetal_head",
          "faces":{
            "north":{
              "texture":"#material",
              "uv":[
                4.704636573791504,
                14.0,
                4.0,
                14.707481384277344
              ],
              "autoUv":false
            },
            "east":{
              "texture":"#material",
              "uv":[
                14.0,
                13.0,
                12.0,
                14.0
              ],
              "autoUv":false
            },
            "south":{
              "texture":"#material",
              "uv":[
                12.999999046325684,
                10.0,
                12.295363426208496,
                10.707481384277344
              ],
              "autoUv":false
            },
            "west":{
              "texture":"#material",
              "uv":[
                8.0,
                12.0,
                5.688906669616699,
                12.707481384277344
              ],
              "autoUv":false
            },
            "up":{
              "texture":"#material",
              "uv":[
                12.0,
                13.0,
                14.0,
                14.0
              ],
              "autoUv":false,
              "rotation":90
            },
            "down":{
              "texture":"#material",
              "uv":[
                16.29536247253418,
                10.0,
                17.0,
                7.688907623291016
              ],
              "autoUv":false
            }
          },
          "children":[]
        },
        {
          "name":"nonmetal_head 08",
          "from":[
            13.830640852451324,
            -0.11422452330589294,
            -0.7150559425354004
          ],
          "to":[
            14.316747605800629,
            0.36668214201927185,
            0.5834618806838989
          ],
          "rotationOrigin":[
            14.073694229125977,
            0.12622880935668945,
            -0.06579703092575073
          ],
          "rotationX":3.982415646996335,
          "rotationY":-8.27522966177016e-06,
          "rotationZ":45.00000466733367,
          "group":"nonmetal_head",
          "faces":{
            "north":{
              "texture":"#material",
              "uv":[
                15.0,
                14.0,
                14.28974723815918,
                14.702930450439453
              ],
              "autoUv":false
            },
            "east":{
              "texture":"#material",
              "uv":[
                14.0,
                13.0,
                16.0,
                14.0
              ],
              "autoUv":false,
              "rotation":180
            },
            "south":{
              "texture":"#material",
              "uv":[
                2.7102527618408203,
                10.0,
                2.0,
                10.702930450439453
              ],
              "autoUv":false
            },
            "west":{
              "texture":"#material",
              "uv":[
                8.0,
                12.0,
                6.101986885070801,
                12.702930450439453
              ],
              "autoUv":false
            },
            "up":{
              "texture":"#material",
              "uv":[
                8.0,
                19.0,
                6.101986885070801,
                19.71025276184082
              ],
              "autoUv":false,
              "rotation":90
            },
            "down":{
              "texture":"#material",
              "uv":[
                14.0,
                14.0,
                16.0,
                13.0
              ],
              "autoUv":false,
              "rotation":90
            }
          },
          "children":[]
        },
        {
          "name":"nonmetal_head 09",
          "from":[
            6.443331241607666,
            0.16021203994750977,
            3.274964600801468
          ],
          "to":[
            13.966168880462646,
            0.844357967376709,
            3.959110587835312
          ],
          "rotationOrigin":[
            10.204750061035156,
            0.5022850036621094,
            3.61703759431839
          ],
          "rotationX":-16.731205777653848,
          "rotationY":5.134380108950285e-06,
          "rotationZ":1.6930598913735588e-07,
          "group":"nonmetal_head",
          "faces":{
            "north":{
              "texture":"#material",
              "uv":[
                0.11071121692657471,
                0.0,
                9.889288902282715,
                1.0
              ],
              "autoUv":false
            },
            "east":{
              "texture":"#material",
              "uv":[
                0.0,
                0.0,
                1.0,
                1.0
              ],
              "autoUv":false
            },
            "south":{
              "texture":"#material",
              "uv":[
                11.0,
                13.0,
                21.0,
                14.0
              ],
              "autoUv":false
            },
            "west":{
              "texture":"#material",
              "uv":[
                20.31098175048828,
                12.042057037353516,
                21.622291564941406,
                13.026344299316406
              ],
              "autoUv":false
            },
            "up":{
              "texture":"#material",
              "uv":[
                20.0,
                14.000001907348633,
                21.0,
                25.0
              ],
              "autoUv":false,
              "rotation":90
            },
            "down":{
              "texture":"#material",
              "uv":[
                20.0,
                25.0,
                22.0,
                14.000001907348633
              ],
              "autoUv":false,
              "rotation":90
            }
          },
          "children":[]
        },
        {
          "name":"nonmetal_head 10",
          "from":[
            6.31773042678833,
            0.16021201014518738,
            -2.8702609539031982
          ],
          "to":[
            13.84056806564331,
            0.8443579971790314,
            -2.1861149072647095
          ],
          "rotationOrigin":[
            10.07914924621582,
            0.5022850036621094,
            -2.528187930583954
          ],
          "rotationX":16.731202362559262,
          "rotationY":-5.134380108950285e-06,
          "rotationZ":1.6930588735960607e-07,
          "group":"nonmetal_head",
          "faces":{
            "north":{
              "texture":"#material",
              "uv":[
                21.0,
                13.0,
                11.0,
                14.0
              ],
              "autoUv":false
            },
            "east":{
              "texture":"#material",
              "uv":[
                1.0,
                0.0,
                0.0,
                1.0
              ],
              "autoUv":false
            },
            "south":{
              "texture":"#material",
              "uv":[
                9.889288902282715,
                0.0,
                0.11071121692657471,
                1.0
              ],
              "autoUv":false
            },
            "west":{
              "texture":"#material",
              "uv":[
                8.011674880981445,
                12.042057037353516,
                9.322981834411621,
                13.026344299316406
              ],
              "autoUv":false
            },
            "up":{
              "texture":"#material",
              "uv":[
                11.0,
                14.000001907348633,
                12.0,
                25.0
              ],
              "autoUv":false,
              "rotation":90
            },
            "down":{
              "texture":"#material",
              "uv":[
                10.0,
                25.0,
                12.0,
                14.000001907348633
              ],
              "autoUv":false,
              "rotation":90
            }
          },
          "children":[]
        },
        {
          "name":"nonmetal_head 11",
          "from":[
            13.72428697347641,
            0.2602674812078476,
            3.2749853432178497
          ],
          "to":[
            14.2080517411232,
            0.7440312057733536,
            3.9581895768642426
          ],
          "rotationOrigin":[
            13.966169357299805,
            0.5021493434906006,
            3.616587460041046
          ],
          "rotationX":-16.731198947464677,
          "rotationY":4.150298374066007e-06,
          "rotationZ":-45.00000125223908,
          "group":"nonmetal_head",
          "faces":{
            "north":{
              "texture":"#material",
              "uv":[
                7.3711771965026855,
                0.0,
                8.0,
                0.7071056365966797
              ],
              "autoUv":false
            },
            "east":{
              "texture":"#material",
              "uv":[
                21.0,
                13.0,
                20.0,
                14.0
              ],
              "autoUv":false
            },
            "south":{
              "texture":"#material",
              "uv":[
                11.0,
                13.0,
                12.0,
                14.0
              ],
              "autoUv":false
            },
            "west":{
              "texture":"#material",
              "uv":[
                0.0,
                0.0,
                0.9986235499382019,
                0.7071056365966797
              ],
              "autoUv":false
            },
            "up":{
              "texture":"#material",
              "uv":[
                20.0,
                13.0,
                21.0,
                14.0
              ],
              "autoUv":false,
              "rotation":90
            },
            "down":{
              "texture":"#material",
              "uv":[
                8.0,
                0.9986228942871094,
                7.3711771965026855,
                0.0
              ],
              "autoUv":false,
              "rotation":180
            }
          },
          "children":[]
        },
        {
          "name":"nonmetal_head 12",
          "from":[
            13.598686158657074,
            0.26026755571365356,
            -2.869339942932129
          ],
          "to":[
            14.082450926303864,
            0.7440311312675476,
            -2.1861356496810913
          ],
          "rotationOrigin":[
            13.840568542480469,
            0.5021493434906006,
            -2.52773779630661
          ],
          "rotationX":16.73119553237009,
          "rotationY":-5.844974852328623e-06,
          "rotationZ":-44.9999978371445,
          "group":"nonmetal_head",
          "faces":{
            "north":{
              "texture":"#material",
              "uv":[
                12.0,
                13.0,
                11.0,
                14.0
              ],
              "autoUv":false
            },
            "east":{
              "texture":"#material",
              "uv":[
                12.0,
                13.0,
                11.0,
                14.0
              ],
              "autoUv":false
            },
            "south":{
              "texture":"#material",
              "uv":[
                8.0,
                0.0,
                7.3711771965026855,
                0.7071056365966797
              ],
              "autoUv":false
            },
            "west":{
              "texture":"#material",
              "uv":[
                0.9986235499382019,
                0.0,
                0.0,
                0.7071056365966797
              ],
              "autoUv":false
            },
            "up":{
              "texture":"#material",
              "uv":[
                11.0,
                13.0,
                12.0,
                14.0
              ],
              "autoUv":false,
              "rotation":90
            },
            "down":{
              "texture":"#material",
              "uv":[
                7.3711771965026855,
                0.9986228942871094,
                8.0,
                0.0
              ],
              "autoUv":false
            }
          },
          "children":[]
        }
      ]
    }
  ],
  "groups":[]
}