{
  "textureWidth":16,
  "textureHeight":16,
  "textures":{
    "material":"game:block/metal/ingot/copper"
  },
  "textureSizes":{
    "material":[
      32,
      32
    ]
  },
  "elements":[
    {
      "name":"origin",
      "from":[
        11.0,
        0.5,
        7.699999988079071
      ],
      "to":[
        11.0,
        0.5,
        7.699999988079071
      ],
      "rotationOrigin":[
        8.0,
        0.0,
        8.0
      ],
      "group":"simple_head",
      "faces":{
        "north":{
          "texture":"#0",
          "uv":[
            0,
            0,
            4,
            4
          ],
          "autoUv":false
        },
        "east":{
          "texture":"#0",
          "uv":[
            0,
            0,
            4,
            4
          ],
          "autoUv":false
        },
        "south":{
          "texture":"#0",
          "uv":[
            0,
            0,
            4,
            4
          ],
          "autoUv":false
        },
        "west":{
          "texture":"#0",
          "uv":[
            0,
            0,
            4,
            4
          ],
          "autoUv":false
        },
        "up":{
          "texture":"#material",
          "uv":[
            0.0,
            0.0,
            1.0,
            1.0
          ],
          "autoUv":false,
          "rotation":180
        },
        "down":{
          "texture":"#0",
          "uv":[
            0,
            0,
            4,
            4
          ],
          "autoUv":false
        }
      },
      "children":[
        {
          "name":"simple_head 01",
          "from":[
            6.1546714305877686,
            0.4008101522922516,
            -3.0636358857154846
          ],
          "to":[
            9.1641685962677,
            0.9008100926876068,
            -1.566634476184845
          ],
          "rotationOrigin":[
            7.659420013427734,
            0.6508101224899292,
            -2.315135180950165
          ],
          "rotationX":22.28945321476473,
          "rotationY":5.146253841470298,
          "rotationZ":12.343022679332218,
          "group":"simple_head",
          "faces":{
            "north":{
              "texture":"#material",
              "uv":[
                20.0,
                24.000000953674316,
                16.0,
                26.000000476837158
              ],
              "autoUv":false
            },
            "east":{
              "texture":"#material",
              "uv":[
                20.03937339782715,
                4.283294677734375,
                23.03937339782715,
                5.283294677734375
              ],
              "autoUv":false
            },
            "south":{
              "texture":"#material",
              "uv":[
                9.189726829528809,
                9.462087631225586,
                9.896825790405273,
                17.974141120910645
              ],
              "autoUv":false,
              "rotation":270
            },
            "west":{
              "texture":"#material",
              "uv":[
                5.0,
                17.0,
                3.0,
                19.0
              ],
              "autoUv":false
            },
            "up":{
              "texture":"#material",
              "uv":[
                1.0,
                15.999942779541016,
                4.9998698234558105,
                18.999937057495117
              ],
              "autoUv":false
            },
            "down":{
              "texture":"#material",
              "uv":[
                8.0,
                31.0,
                5.0,
                28.0
              ],
              "autoUv":false,
              "rotation":90
            }
          },
          "children":[]
        },
        {
          "name":"simple_head 02",
          "from":[
            6.380725383758545,
            -0.07872417569160461,
            -0.32007575035095215
          ],
          "to":[
            12.282742023468018,
            0.5483836233615875,
            0.544419676065445
          ],
          "rotationOrigin":[
            9.331733703613281,
            0.23482972383499146,
            0.1121719479560852
          ],
          "rotationX":2.783706113593755e-15,
          "rotationY":3.0828129844368084e-16,
          "rotationZ":12.640005280859896,
          "group":"simple_head",
          "faces":{
            "north":{
              "texture":"#material",
              "uv":[
                17.0,
                16.0,
                10.0,
                18.0
              ],
              "autoUv":false
            },
            "east":{
              "texture":"#material",
              "uv":[
                22.269893646240234,
                12.924365997314453,
                23.15674591064453,
                15.369499206542969
              ],
              "autoUv":false,
              "rotation":270
            },
            "south":{
              "texture":"#material",
              "uv":[
                9.803820610046387,
                11.669788360595703,
                13.256340026855469,
                12.937252044677734
              ],
              "autoUv":false
            },
            "west":{
              "texture":"#material",
              "uv":[
                7.249842166900635,
                11.497314453125,
                8.501276969909668,
                12.932510375976562
              ],
              "autoUv":false
            },
            "up":{
              "texture":"#material",
              "uv":[
                16.0,
                10.0,
                14.0,
                20.0
              ],
              "autoUv":false,
              "rotation":270
            },
            "down":{
              "texture":"#material",
              "uv":[
                20.0,
                21.003762245178223,
                18.000003814697266,
                10.0
              ],
              "autoUv":false,
              "rotation":270
            }
          },
          "children":[]
        },
        {
          "name":"simple_head 03",
          "from":[
            6.380725383758545,
            -0.07872417569160461,
            0.5444223880767822
          ],
          "to":[
            12.282742023468018,
            0.5483836233615875,
            1.4089178144931793
          ],
          "rotationOrigin":[
            9.331733703613281,
            0.23482972383499146,
            0.9766700863838196
          ],
          "rotationX":2.783706113593755e-15,
          "rotationY":3.0828129844368084e-16,
          "rotationZ":12.640005280859896,
          "group":"simple_head",
          "faces":{
            "north":{
              "texture":"#material",
              "uv":[
                0.4062926769256592,
                7.647634506225586,
                1.2937580347061157,
                24.352365493774414
              ],
              "autoUv":false,
              "rotation":270
            },
            "east":{
              "texture":"#material",
              "uv":[
                25.371978759765625,
                23.899457931518555,
                26.258832931518555,
                26.34459114074707
              ],
              "autoUv":false,
              "rotation":270
            },
            "south":{
              "texture":"#material",
              "uv":[
                10.0,
                16.0,
                17.0,
                18.0
              ],
              "autoUv":false
            },
            "west":{
              "texture":"#material",
              "uv":[
                12.520769119262695,
                14.267454147338867,
                13.772204399108887,
                15.70265007019043
              ],
              "autoUv":false
            },
            "up":{
              "texture":"#material",
              "uv":[
                18.0,
                10.0,
                16.0,
                20.0
              ],
              "autoUv":false,
              "rotation":270
            },
            "down":{
              "texture":"#material",
              "uv":[
                22.00000762939453,
                21.003762245178223,
                20.0,
                10.0
              ],
              "autoUv":false,
              "rotation":270
            }
          },
          "children":[]
        },
        {
          "name":"simple_head 04",
          "from":[
            10.831676065921783,
            0.7657750248908997,
            -1.3066825866699219
          ],
          "to":[
            12.05588573217392,
            1.2657751441001892,
            0.19032061100006104
          ],
          "rotationOrigin":[
            11.443780899047852,
            1.0157750844955444,
            -0.5581809878349304
          ],
          "rotationX":15.80029197491613,
          "rotationY":-15.999702762829237,
          "rotationZ":13.601066684820404,
          "group":"simple_head",
          "faces":{
            "north":{
              "texture":"#material",
              "uv":[
                10.651764869689941,
                21.80413246154785,
                12.384233474731445,
                23.219304084777832
              ],
              "autoUv":false,
              "rotation":180
            },
            "east":{
              "texture":"#material",
              "uv":[
                17.0,
                7.0,
                20.0,
                8.0
              ],
              "autoUv":false
            },
            "south":{
              "texture":"#material",
              "uv":[
                18.0,
                16.0,
                21.0,
                17.000000953674316
              ],
              "autoUv":false
            },
            "west":{
              "texture":"#material",
              "uv":[
                15.124998092651367,
                17.8125,
                18.124998092651367,
                18.8125
              ],
              "autoUv":false
            },
            "up":{
              "texture":"#material",
              "uv":[
                10.0,
                18.999937057495117,
                12.0,
                21.999871253967285
              ],
              "autoUv":false
            },
            "down":{
              "texture":"#material",
              "uv":[
                23.0,
                19.999999046325684,
                26.0,
                17.0
              ],
              "autoUv":false,
              "rotation":270
            }
          },
          "children":[]
        },
        {
          "name":"simple_head 05",
          "from":[
            10.03745722770691,
            0.6308782994747162,
            -1.507923185825348
          ],
          "to":[
            11.26166844367981,
            1.130878359079361,
            -0.01091986894607544
          ],
          "rotationOrigin":[
            10.64956283569336,
            0.8808783292770386,
            -0.7594215273857117
          ],
          "rotationX":13.460119754881667,
          "rotationY":-6.429750120013713,
          "rotationZ":13.20104470324756,
          "group":"simple_head",
          "faces":{
            "north":{
              "texture":"#material",
              "uv":[
                19.3636417388916,
                21.478321075439453,
                20.07073974609375,
                24.94087314605713
              ],
              "autoUv":false,
              "rotation":270
            },
            "east":{
              "texture":"#material",
              "uv":[
                17.03937339782715,
                4.283294677734375,
                20.03937339782715,
                5.283294677734375
              ],
              "autoUv":false
            },
            "south":{
              "texture":"#material",
              "uv":[
                16.0,
                16.0,
                20.0,
                17.000000953674316
              ],
              "autoUv":false
            },
            "west":{
              "texture":"#material",
              "uv":[
                7.875,
                10.624998092651367,
                10.875,
                11.624998092651367
              ],
              "autoUv":false
            },
            "up":{
              "texture":"#material",
              "uv":[
                6.999948501586914,
                18.999935150146484,
                9.0,
                21.999871253967285
              ],
              "autoUv":false
            },
            "down":{
              "texture":"#material",
              "uv":[
                5.0,
                26.0,
                1.9999995231628418,
                23.999999046325684
              ],
              "autoUv":false,
              "rotation":90
            }
          },
          "children":[]
        },
        {
          "name":"simple_head 06",
          "from":[
            9.002493262290955,
            0.4136715829372406,
            -1.6412123441696167
          ],
          "to":[
            10.226705193519592,
            0.9136716425418854,
            -0.1442093849182129
          ],
          "rotationOrigin":[
            9.614599227905273,
            0.663671612739563,
            -0.8927108645439148
          ],
          "rotationX":12.550048274396243,
          "rotationY":-2.499769621832154,
          "rotationZ":13.001032858687491,
          "group":"simple_head",
          "faces":{
            "north":{
              "texture":"#material",
              "uv":[
                2.493197202682495,
                15.929618835449219,
                4.225666522979736,
                17.344791412353516
              ],
              "autoUv":false,
              "rotation":180
            },
            "east":{
              "texture":"#material",
              "uv":[
                14.091510772705078,
                13.48431396484375,
                17.091510772705078,
                14.48431396484375
              ],
              "autoUv":false
            },
            "south":{
              "texture":"#material",
              "uv":[
                14.0,
                16.0,
                17.0,
                17.000000953674316
              ],
              "autoUv":false
            },
            "west":{
              "texture":"#material",
              "uv":[
                12.270927429199219,
                14.770139694213867,
                15.270927429199219,
                15.770139694213867
              ],
              "autoUv":false
            },
            "up":{
              "texture":"#material",
              "uv":[
                4.999871730804443,
                18.999935150146484,
                6.999948501586914,
                21.999871253967285
              ],
              "autoUv":false
            },
            "down":{
              "texture":"#material",
              "uv":[
                5.0,
                28.0,
                1.9999995231628418,
                26.0
              ],
              "autoUv":false,
              "rotation":90
            }
          },
          "children":[]
        },
        {
          "name":"simple_head 07",
          "from":[
            13.46556094288826,
            1.3813292980194092,
            -0.949661374092102
          ],
          "to":[
            13.885433167219162,
            1.8813292980194092,
            0.54734206199646
          ],
          "rotationOrigin":[
            13.675497055053711,
            1.6313292980194092,
            -0.20115965604782104
          ],
          "rotationX":55.351764241324126,
          "rotationY":-55.36075618536645,
          "rotationZ":43.811493695143504,
          "group":"simple_head",
          "faces":{
            "north":{
              "texture":"#material",
              "uv":[
                28.999998092651367,
                24.000000953674316,
                28.999998092651367,
                26.000000476837158
              ],
              "autoUv":false
            },
            "east":{
              "texture":"#material",
              "uv":[
                14.047143936157227,
                19.642240524291992,
                14.754241943359375,
                23.876355171203613
              ],
              "autoUv":false,
              "rotation":270
            },
            "south":{
              "texture":"#material",
              "uv":[
                13.501322746276855,
                27.991056442260742,
                14.208909034729004,
                29.179438591003418
              ],
              "autoUv":false,
              "rotation":270
            },
            "west":{
              "texture":"#material",
              "uv":[
                15.499998092651367,
                9.5,
                18.499998092651367,
                10.5
              ],
              "autoUv":false
            },
            "up":{
              "texture":"#material",
              "uv":[
                14.999946594238281,
                16.99966049194336,
                15.99999713897705,
                18.999831199645996
              ],
              "autoUv":false
            },
            "down":{
              "texture":"#material",
              "uv":[
                23.0,
                23.0,
                26.0,
                22.0
              ],
              "autoUv":false,
              "rotation":270
            }
          },
          "children":[]
        },
        {
          "name":"simple_head 08",
          "from":[
            12.70410966873169,
            1.411404311656952,
            -1.4850692749023438
          ],
          "to":[
            13.928317546844482,
            1.9114044308662415,
            0.01193392276763916
          ],
          "rotationOrigin":[
            13.316213607788086,
            1.6614043712615967,
            -0.7365676760673523
          ],
          "rotationX":43.660321118243616,
          "rotationY":-45.845302048825275,
          "rotationZ":32.34222296538517,
          "group":"simple_head",
          "faces":{
            "north":{
              "texture":"#material",
              "uv":[
                28.999998092651367,
                24.000000953674316,
                28.0,
                26.000000476837158
              ],
              "autoUv":false
            },
            "east":{
              "texture":"#material",
              "uv":[
                20.0,
                7.0,
                23.0,
                8.0
              ],
              "autoUv":false
            },
            "south":{
              "texture":"#material",
              "uv":[
                10.651764869689941,
                2.827566146850586,
                12.384231567382812,
                4.242738723754883
              ],
              "autoUv":false,
              "rotation":180
            },
            "west":{
              "texture":"#material",
              "uv":[
                14.435622215270996,
                17.64664077758789,
                17.435623168945312,
                18.64664077758789
              ],
              "autoUv":false
            },
            "up":{
              "texture":"#material",
              "uv":[
                12.999946594238281,
                16.00011444091797,
                14.999946594238281,
                18.999831199645996
              ],
              "autoUv":false
            },
            "down":{
              "texture":"#material",
              "uv":[
                26.0,
                24.0,
                28.0,
                21.0
              ],
              "autoUv":false,
              "rotation":270
            }
          },
          "children":[]
        },
        {
          "name":"simple_head 09",
          "from":[
            12.033714056015015,
            1.3937003016471863,
            -2.1617431640625
          ],
          "to":[
            13.257923364639282,
            1.8937004208564758,
            -0.6647399663925171
          ],
          "rotationOrigin":[
            12.645818710327148,
            1.643700361251831,
            -1.4132415652275085
          ],
          "rotationX":33.31197663883816,
          "rotationY":-29.964944888910964,
          "rotationZ":22.355846068591838,
          "group":"simple_head",
          "faces":{
            "north":{
              "texture":"#material",
              "uv":[
                28.0,
                24.000000953674316,
                26.0,
                26.000000476837158
              ],
              "autoUv":false
            },
            "east":{
              "texture":"#material",
              "uv":[
                20.0,
                7.0,
                23.0,
                8.0
              ],
              "autoUv":false
            },
            "south":{
              "texture":"#material",
              "uv":[
                10.651765823364258,
                19.09319305419922,
                12.384234428405762,
                20.508365631103516
              ],
              "autoUv":false,
              "rotation":180
            },
            "west":{
              "texture":"#material",
              "uv":[
                17.04802703857422,
                12.536628723144531,
                20.04802703857422,
                13.536628723144531
              ],
              "autoUv":false
            },
            "up":{
              "texture":"#material",
              "uv":[
                11.0,
                16.00011444091797,
                12.999946594238281,
                18.999831199645996
              ],
              "autoUv":false
            },
            "down":{
              "texture":"#material",
              "uv":[
                26.0,
                21.0,
                28.0,
                19.999999046325684
              ],
              "autoUv":false,
              "rotation":270
            }
          },
          "children":[]
        },
        {
          "name":"simple_head 10",
          "from":[
            11.196592688560486,
            1.2906751036643982,
            -2.6044846177101135
          ],
          "to":[
            12.420804619789124,
            1.7906752228736877,
            -1.107481300830841
          ],
          "rotationOrigin":[
            11.808698654174805,
            1.540675163269043,
            -1.8559829592704773
          ],
          "rotationX":26.972649258812133,
          "rotationY":-13.145062765262843,
          "rotationZ":16.444498341958806,
          "group":"simple_head",
          "faces":{
            "north":{
              "texture":"#material",
              "uv":[
                26.0,
                24.000000953674316,
                24.0,
                26.000000476837158
              ],
              "autoUv":false
            },
            "east":{
              "texture":"#material",
              "uv":[
                20.0,
                7.0,
                23.0,
                8.0
              ],
              "autoUv":false
            },
            "south":{
              "texture":"#material",
              "uv":[
                2.493197202682495,
                10.507741928100586,
                4.2256669998168945,
                11.922914505004883
              ],
              "autoUv":false,
              "rotation":180
            },
            "west":{
              "texture":"#material",
              "uv":[
                15.140144348144531,
                14.036462783813477,
                18.14014434814453,
                15.036462783813477
              ],
              "autoUv":false
            },
            "up":{
              "texture":"#material",
              "uv":[
                9.0,
                15.999940872192383,
                11.0,
                18.999935150146484
              ],
              "autoUv":false
            },
            "down":{
              "texture":"#material",
              "uv":[
                26.0,
                19.999999046325684,
                28.0,
                17.0
              ],
              "autoUv":false,
              "rotation":270
            }
          },
          "children":[]
        },
        {
          "name":"simple_head 11",
          "from":[
            9.033565938472748,
            0.8633059859275818,
            -3.0114288330078125
          ],
          "to":[
            10.257777750492096,
            1.3633058667182922,
            -1.5144256353378296
          ],
          "rotationOrigin":[
            9.645671844482422,
            1.113305926322937,
            -2.262927234172821
          ],
          "rotationX":23.45056829819397,
          "rotationY":0.052984552156139224,
          "rotationZ":13.324952018754407,
          "group":"simple_head",
          "faces":{
            "north":{
              "texture":"#material",
              "uv":[
                22.0,
                24.000000953674316,
                20.0,
                26.000000476837158
              ],
              "autoUv":false
            },
            "east":{
              "texture":"#material",
              "uv":[
                20.0,
                7.0,
                23.0,
                8.0
              ],
              "autoUv":false
            },
            "south":{
              "texture":"#material",
              "uv":[
                10.651764869689941,
                24.515069484710693,
                12.384234428405762,
                25.930240631103516
              ],
              "autoUv":false,
              "rotation":180
            },
            "west":{
              "texture":"#material",
              "uv":[
                13.749998092651367,
                14.5,
                16.749998092651367,
                15.5
              ],
              "autoUv":false
            },
            "up":{
              "texture":"#material",
              "uv":[
                4.9998698234558105,
                15.999942779541016,
                6.999944686889648,
                18.99993896484375
              ],
              "autoUv":false
            },
            "down":{
              "texture":"#material",
              "uv":[
                8.0,
                28.0,
                5.0,
                26.0
              ],
              "autoUv":false,
              "rotation":90
            }
          },
          "children":[]
        },
        {
          "name":"simple_head 12",
          "from":[
            6.253388404846191,
            -0.013012051582336426,
            -1.6873547434806824
          ],
          "to":[
            9.26288890838623,
            0.4869879484176636,
            -0.19035214185714722
          ],
          "rotationOrigin":[
            7.758138656616211,
            0.23698794841766357,
            -0.9388534426689148
          ],
          "rotationX":11.339950489334253,
          "rotationY":2.7002077128851134,
          "rotationZ":13.00103542000843,
          "group":"simple_head",
          "faces":{
            "north":{
              "texture":"#material",
              "uv":[
                3.649855375289917,
                29.93694519996643,
                7.908814430236816,
                31.352116465568542
              ],
              "autoUv":false,
              "rotation":180
            },
            "east":{
              "texture":"#material",
              "uv":[
                14.091510772705078,
                13.48431396484375,
                17.091510772705078,
                14.48431396484375
              ],
              "autoUv":false
            },
            "south":{
              "texture":"#material",
              "uv":[
                11.0,
                16.0,
                15.0,
                17.000000953674316
              ],
              "autoUv":false
            },
            "west":{
              "texture":"#material",
              "uv":[
                3.0,
                17.0,
                1.0,
                19.0
              ],
              "autoUv":false
            },
            "up":{
              "texture":"#material",
              "uv":[
                1.0,
                18.999937057495117,
                4.999871730804443,
                21.999871253967285
              ],
              "autoUv":false
            },
            "down":{
              "texture":"#material",
              "uv":[
                5.0,
                31.0,
                1.9999995231628418,
                28.0
              ],
              "autoUv":false,
              "rotation":90
            }
          },
          "children":[]
        },
        {
          "name":"simple_head 13",
          "from":[
            6.154667377471924,
            0.4008101522922516,
            2.655472695827484
          ],
          "to":[
            9.164165019989014,
            0.9008100926876068,
            4.152474105358124
          ],
          "rotationOrigin":[
            7.659416198730469,
            0.6508101224899292,
            3.403973400592804
          ],
          "rotationX":-22.28945321476473,
          "rotationY":-5.146253841470298,
          "rotationZ":12.343022679332218,
          "group":"simple_head",
          "faces":{
            "north":{
              "texture":"#material",
              "uv":[
                6.531477928161621,
                9.46208381652832,
                7.238576412200928,
                17.97413730621338
              ],
              "autoUv":false,
              "rotation":270
            },
            "east":{
              "texture":"#material",
              "uv":[
                23.0,
                7.0,
                20.0,
                8.0
              ],
              "autoUv":false
            },
            "south":{
              "texture":"#material",
              "uv":[
                16.0,
                24.000000953674316,
                20.0,
                26.000000476837158
              ],
              "autoUv":false
            },
            "west":{
              "texture":"#material",
              "uv":[
                3.0,
                17.0,
                5.0,
                19.0
              ],
              "autoUv":false
            },
            "up":{
              "texture":"#material",
              "uv":[
                5.0003886222839355,
                15.999942779541016,
                1.0,
                19.00044822692871
              ],
              "autoUv":false,
              "rotation":180
            },
            "down":{
              "texture":"#material",
              "uv":[
                5.0,
                31.0,
                8.0,
                28.0
              ],
              "autoUv":false,
              "rotation":90
            }
          },
          "children":[]
        },
        {
          "name":"simple_head 14",
          "from":[
            11.403438568115234,
            0.8316555023193359,
            0.42268162965774536
          ],
          "to":[
            12.903724670410156,
            1.331655502319336,
            1.919685184955597
          ],
          "rotationOrigin":[
            12.153581619262695,
            1.081655502319336,
            1.1711834073066711
          ],
          "rotationX":-28.601140526767008,
          "rotationY":50.9994994003003,
          "rotationZ":21.001472490144376,
          "group":"simple_head",
          "faces":{
            "north":{
              "texture":"#material",
              "uv":[
                22.0,
                16.0,
                20.0,
                17.000000953674316
              ],
              "autoUv":false
            },
            "east":{
              "texture":"#material",
              "uv":[
                20.0,
                7.0,
                17.0,
                8.0
              ],
              "autoUv":false
            },
            "south":{
              "texture":"#material",
              "uv":[
                2.672060966491699,
                18.64055824279785,
                4.795222759246826,
                20.055728912353516
              ],
              "autoUv":false,
              "rotation":180
            },
            "west":{
              "texture":"#material",
              "uv":[
                14.25,
                13.499996185302734,
                11.25,
                14.5
              ],
              "autoUv":false
            },
            "up":{
              "texture":"#material",
              "uv":[
                13.0,
                19.0,
                11.0,
                22.000000953674316
              ],
              "autoUv":false,
              "rotation":180
            },
            "down":{
              "texture":"#material",
              "uv":[
                26.0,
                22.0,
                23.0,
                19.999999046325684
              ],
              "autoUv":false,
              "rotation":270
            }
          },
          "children":[]
        },
        {
          "name":"simple_head 15",
          "from":[
            11.272209525108337,
            0.8234730809926987,
            0.6671869158744812
          ],
          "to":[
            12.496421456336975,
            1.313144102692604,
            2.1641897559165955
          ],
          "rotationOrigin":[
            11.884315490722656,
            1.0683085918426514,
            1.4156883358955383
          ],
          "rotationX":-20.85066532836508,
          "rotationY":33.59961639535491,
          "rotationZ":15.771193661504583,
          "group":"simple_head",
          "faces":{
            "north":{
              "texture":"#material",
              "uv":[
                22.0,
                16.0,
                19.0,
                17.000000953674316
              ],
              "autoUv":false
            },
            "east":{
              "texture":"#material",
              "uv":[
                20.0,
                7.020656585693359,
                17.0,
                8.0
              ],
              "autoUv":false
            },
            "south":{
              "texture":"#material",
              "uv":[
                10.651764869689941,
                29.93694543838501,
                12.384234428405762,
                31.32288259267807
              ],
              "autoUv":false,
              "rotation":180
            },
            "west":{
              "texture":"#material",
              "uv":[
                15.374996185302734,
                16.020657539367676,
                12.374996185302734,
                17.0
              ],
              "autoUv":false
            },
            "up":{
              "texture":"#material",
              "uv":[
                9.54415512084961,
                19.263822555541992,
                7.812555313110352,
                23.498729705810547
              ],
              "autoUv":false,
              "rotation":180
            },
            "down":{
              "texture":"#material",
              "uv":[
                8.655701637268066,
                28.92477035522461,
                10.387301445007324,
                24.689863204956055
              ],
              "autoUv":false,
              "rotation":180
            }
          },
          "children":[]
        },
        {
          "name":"simple_head 16",
          "from":[
            10.831671118736267,
            0.7636340111494064,
            0.8985175490379333
          ],
          "to":[
            12.055883049964905,
            1.263633444905281,
            2.395520865917206
          ],
          "rotationOrigin":[
            11.443777084350586,
            1.0136337280273438,
            1.6470192074775696
          ],
          "rotationX":-15.800288559821544,
          "rotationY":16.099715515298442,
          "rotationZ":13.601053024442063,
          "group":"simple_head",
          "faces":{
            "north":{
              "texture":"#material",
              "uv":[
                21.0,
                16.0,
                18.0,
                17.000000953674316
              ],
              "autoUv":false
            },
            "east":{
              "texture":"#material",
              "uv":[
                20.0,
                7.0,
                17.0,
                8.0
              ],
              "autoUv":false
            },
            "south":{
              "texture":"#material",
              "uv":[
                2.493196487426758,
                7.796804428100586,
                4.225666046142578,
                9.211977005004883
              ],
              "autoUv":false,
              "rotation":180
            },
            "west":{
              "texture":"#material",
              "uv":[
                14.525297164916992,
                18.340015411376953,
                11.525297164916992,
                19.340015411376953
              ],
              "autoUv":false
            },
            "up":{
              "texture":"#material",
              "uv":[
                12.0,
                18.999937057495117,
                10.0,
                22.000388145446777
              ],
              "autoUv":false,
              "rotation":180
            },
            "down":{
              "texture":"#material",
              "uv":[
                26.0,
                19.999999046325684,
                23.0,
                17.0
              ],
              "autoUv":false,
              "rotation":270
            }
          },
          "children":[]
        },
        {
          "name":"simple_head 17",
          "from":[
            10.037451565265656,
            0.6308781504631042,
            1.0997595191001892
          ],
          "to":[
            11.261662662029266,
            1.1308782696723938,
            2.5967599749565125
          ],
          "rotationOrigin":[
            10.649557113647461,
            0.880878210067749,
            1.8482597470283508
          ],
          "rotationX":-13.500121611529492,
          "rotationY":6.399757905594541,
          "rotationZ":13.001038835103016,
          "group":"simple_head",
          "faces":{
            "north":{
              "texture":"#material",
              "uv":[
                20.0,
                16.0,
                16.0,
                17.000000953674316
              ],
              "autoUv":false
            },
            "east":{
              "texture":"#material",
              "uv":[
                20.0,
                7.0,
                17.0,
                8.0
              ],
              "autoUv":false
            },
            "south":{
              "texture":"#material",
              "uv":[
                10.651764869689941,
                13.671316146850586,
                12.384232521057129,
                15.086488723754883
              ],
              "autoUv":false,
              "rotation":180
            },
            "west":{
              "texture":"#material",
              "uv":[
                14.480958938598633,
                14.485319137573242,
                11.480958938598633,
                15.485319137573242
              ],
              "autoUv":false
            },
            "up":{
              "texture":"#material",
              "uv":[
                9.0,
                18.999935150146484,
                6.999948501586914,
                22.000386238098145
              ],
              "autoUv":false,
              "rotation":180
            },
            "down":{
              "texture":"#material",
              "uv":[
                2.0,
                26.0,
                5.0,
                23.999999046325684
              ],
              "autoUv":false,
              "rotation":90
            }
          },
          "children":[]
        },
        {
          "name":"simple_head 18",
          "from":[
            9.002489686012268,
            0.413671612739563,
            1.2330461144447327
          ],
          "to":[
            10.226701140403748,
            0.913671612739563,
            2.7300482392311096
          ],
          "rotationOrigin":[
            9.614595413208008,
            0.663671612739563,
            1.9815471768379211
          ],
          "rotationX":-12.500066657597381,
          "rotationY":2.499773036926739,
          "rotationZ":13.00104651906583,
          "group":"simple_head",
          "faces":{
            "north":{
              "texture":"#material",
              "uv":[
                17.0,
                16.0,
                14.0,
                17.000000953674316
              ],
              "autoUv":false
            },
            "east":{
              "texture":"#material",
              "uv":[
                20.0,
                7.0,
                17.0,
                8.0
              ],
              "autoUv":false
            },
            "south":{
              "texture":"#material",
              "uv":[
                2.493196964263916,
                2.374929428100586,
                4.225666522979736,
                3.790102005004883
              ],
              "autoUv":false,
              "rotation":180
            },
            "west":{
              "texture":"#material",
              "uv":[
                15.596053123474121,
                16.4959774017334,
                12.596053123474121,
                17.4959774017334
              ],
              "autoUv":false
            },
            "up":{
              "texture":"#material",
              "uv":[
                7.000160217285156,
                18.999420166015625,
                4.999871730804443,
                21.999871253967285
              ],
              "autoUv":false,
              "rotation":180
            },
            "down":{
              "texture":"#material",
              "uv":[
                2.0,
                28.0,
                5.0,
                26.0
              ],
              "autoUv":false,
              "rotation":90
            }
          },
          "children":[]
        },
        {
          "name":"simple_head 19",
          "from":[
            11.775784254074097,
            0.7439360320568085,
            0.028331398963928223
          ],
          "to":[
            13.504775285720825,
            1.3274190723896027,
            1.060504972934723
          ],
          "rotationOrigin":[
            12.640279769897461,
            1.0356775522232056,
            0.5444181561470032
          ],
          "rotationX":90.00000933466734,
          "rotationY":-67.59894229112814,
          "rotationZ":90.00000933466734,
          "group":"simple_head",
          "faces":{
            "north":{
              "texture":"#material",
              "uv":[
                23.071212768554688,
                6.0,
                27.642107009887695,
                7.166961669921875
              ],
              "autoUv":false
            },
            "east":{
              "texture":"#material",
              "uv":[
                17.0,
                16.0,
                19.0,
                18.0
              ],
              "autoUv":false
            },
            "south":{
              "texture":"#material",
              "uv":[
                2.820234775543213,
                24.170608520507812,
                5.267053604125977,
                25.822065353393555
              ],
              "autoUv":false
            },
            "west":{
              "texture":"#material",
              "uv":[
                19.0,
                16.0,
                17.0,
                18.0
              ],
              "autoUv":false
            },
            "up":{
              "texture":"#material",
              "uv":[
                16.0,
                18.0,
                11.0,
                21.0
              ],
              "autoUv":false,
              "rotation":270
            },
            "down":{
              "texture":"#material",
              "uv":[
                22.0,
                22.999954223632812,
                17.999996185302734,
                20.99247455596924
              ],
              "autoUv":false
            }
          },
          "children":[]
        },
        {
          "name":"simple_head 20",
          "from":[
            12.704105794429779,
            1.411404550075531,
            1.0769023895263672
          ],
          "to":[
            13.928313791751862,
            1.9114046692848206,
            2.57390558719635
          ],
          "rotationOrigin":[
            13.31620979309082,
            1.6614046096801758,
            1.8254039883613586
          ],
          "rotationX":-43.660321118243616,
          "rotationY":45.845302048825275,
          "rotationZ":32.34222296538517,
          "group":"simple_head",
          "faces":{
            "north":{
              "texture":"#material",
              "uv":[
                10.651762962341309,
                5.538501739501953,
                12.384230613708496,
                6.95367431640625
              ],
              "autoUv":false,
              "rotation":180
            },
            "east":{
              "texture":"#material",
              "uv":[
                23.0,
                7.0,
                20.0,
                8.0
              ],
              "autoUv":false
            },
            "south":{
              "texture":"#material",
              "uv":[
                28.0,
                24.000000953674316,
                28.999998092651367,
                26.000000476837158
              ],
              "autoUv":false
            },
            "west":{
              "texture":"#material",
              "uv":[
                15.750001907348633,
                14.375,
                12.750001907348633,
                15.375
              ],
              "autoUv":false
            },
            "up":{
              "texture":"#material",
              "uv":[
                15.000158309936523,
                16.00011444091797,
                12.999946594238281,
                19.000340461730957
              ],
              "autoUv":false,
              "rotation":180
            },
            "down":{
              "texture":"#material",
              "uv":[
                28.0,
                24.0,
                26.0,
                21.0
              ],
              "autoUv":false,
              "rotation":270
            }
          },
          "children":[]
        },
        {
          "name":"simple_head 21",
          "from":[
            12.033708930015564,
            1.3937003314495087,
            1.7535781264305115
          ],
          "to":[
            13.257920861244202,
            1.8937003910541534,
            3.250581443309784
          ],
          "rotationOrigin":[
            12.645814895629883,
            1.643700361251831,
            2.5020797848701477
          ],
          "rotationX":-33.311969808648996,
          "rotationY":29.964944888910964,
          "rotationZ":22.355844361044547,
          "group":"simple_head",
          "faces":{
            "north":{
              "texture":"#material",
              "uv":[
                2.493197202682495,
                13.218679428100586,
                4.225666522979736,
                14.633852005004883
              ],
              "autoUv":false,
              "rotation":180
            },
            "east":{
              "texture":"#material",
              "uv":[
                23.0,
                7.0,
                20.0,
                8.0
              ],
              "autoUv":false
            },
            "south":{
              "texture":"#material",
              "uv":[
                26.0,
                24.000000953674316,
                28.0,
                26.000000476837158
              ],
              "autoUv":false
            },
            "west":{
              "texture":"#material",
              "uv":[
                15.750001907348633,
                14.375,
                12.750001907348633,
                15.375
              ],
              "autoUv":false
            },
            "up":{
              "texture":"#material",
              "uv":[
                13.000158309936523,
                16.00011444091797,
                11.0,
                19.000340461730957
              ],
              "autoUv":false,
              "rotation":180
            },
            "down":{
              "texture":"#material",
              "uv":[
                28.0,
                21.0,
                26.0,
                19.999999046325684
              ],
              "autoUv":false,
              "rotation":270
            }
          },
          "children":[]
        },
        {
          "name":"simple_head 22",
          "from":[
            11.196589052677155,
            1.290675163269043,
            2.196319818496704
          ],
          "to":[
            12.420800626277924,
            1.790675163269043,
            3.693322539329529
          ],
          "rotationOrigin":[
            11.808694839477539,
            1.540675163269043,
            2.9448211789131165
          ],
          "rotationX":-26.97265950409589,
          "rotationY":13.145055935073673,
          "rotationZ":16.4445000495061,
          "group":"simple_head",
          "faces":{
            "north":{
              "texture":"#material",
              "uv":[
                10.651764869689941,
                27.22600746154785,
                12.384234428405762,
                28.641179084777832
              ],
              "autoUv":false,
              "rotation":180
            },
            "east":{
              "texture":"#material",
              "uv":[
                23.0,
                7.0,
                20.0,
                8.0
              ],
              "autoUv":false
            },
            "south":{
              "texture":"#material",
              "uv":[
                24.0,
                24.000000953674316,
                26.0,
                26.000000476837158
              ],
              "autoUv":false
            },
            "west":{
              "texture":"#material",
              "uv":[
                15.750001907348633,
                14.375,
                12.750001907348633,
                15.375
              ],
              "autoUv":false
            },
            "up":{
              "texture":"#material",
              "uv":[
                11.0,
                15.999940872192383,
                9.0,
                19.000446319580078
              ],
              "autoUv":false,
              "rotation":180
            },
            "down":{
              "texture":"#material",
              "uv":[
                28.0,
                19.999999046325684,
                26.0,
                17.0
              ],
              "autoUv":false,
              "rotation":270
            }
          },
          "children":[]
        },
        {
          "name":"simple_head 23",
          "from":[
            10.166211187839508,
            1.099417507648468,
            2.457399368286133
          ],
          "to":[
            11.39042180776596,
            1.5994176268577576,
            3.9544025659561157
          ],
          "rotationOrigin":[
            10.778316497802734,
            1.3494175672531128,
            3.2059009671211243
          ],
          "rotationX":-24.386934299436653,
          "rotationY":3.778017540328649,
          "rotationZ":14.136266647804263,
          "group":"simple_head",
          "faces":{
            "north":{
              "texture":"#material",
              "uv":[
                10.651763916015625,
                10.960378646850586,
                12.384231567382812,
                12.375551223754883
              ],
              "autoUv":false,
              "rotation":180
            },
            "east":{
              "texture":"#material",
              "uv":[
                23.0,
                7.0,
                20.0,
                8.0
              ],
              "autoUv":false
            },
            "south":{
              "texture":"#material",
              "uv":[
                22.0,
                24.000000953674316,
                24.0,
                26.000000476837158
              ],
              "autoUv":false
            },
            "west":{
              "texture":"#material",
              "uv":[
                15.750001907348633,
                14.375,
                12.750001907348633,
                15.375
              ],
              "autoUv":false
            },
            "up":{
              "texture":"#material",
              "uv":[
                9.0,
                15.99993896484375,
                6.999944686889648,
                19.000444412231445
              ],
              "autoUv":false,
              "rotation":180
            },
            "down":{
              "texture":"#material",
              "uv":[
                5.0,
                26.0,
                8.0,
                23.999999046325684
              ],
              "autoUv":false,
              "rotation":90
            }
          },
          "children":[]
        },
        {
          "name":"simple_head 24",
          "from":[
            9.033562064170837,
            0.8633057475090027,
            2.603265702724457
          ],
          "to":[
            10.257773995399475,
            1.3633058667182922,
            4.100269019603729
          ],
          "rotationOrigin":[
            9.645668029785156,
            1.1133058071136475,
            3.351767361164093
          ],
          "rotationX":-23.450563175552094,
          "rotationY":-0.05298485231093674,
          "rotationZ":13.324940065923359,
          "group":"simple_head",
          "faces":{
            "north":{
              "texture":"#material",
              "uv":[
                2.493196964263916,
                5.085866928100586,
                4.225666522979736,
                6.501039505004883
              ],
              "autoUv":false,
              "rotation":180
            },
            "east":{
              "texture":"#material",
              "uv":[
                23.0,
                7.0,
                20.0,
                8.0
              ],
              "autoUv":false
            },
            "south":{
              "texture":"#material",
              "uv":[
                20.0,
                24.000000953674316,
                22.0,
                26.000000476837158
              ],
              "autoUv":false
            },
            "west":{
              "texture":"#material",
              "uv":[
                20.999998092651367,
                21.625,
                17.999998092651367,
                22.625
              ],
              "autoUv":false
            },
            "up":{
              "texture":"#material",
              "uv":[
                7.000158309936523,
                15.999942779541016,
                4.9998698234558105,
                19.00044822692871
              ],
              "autoUv":false,
              "rotation":180
            },
            "down":{
              "texture":"#material",
              "uv":[
                5.0,
                28.0,
                8.0,
                26.0
              ],
              "autoUv":false,
              "rotation":90
            }
          },
          "children":[]
        },
        {
          "name":"simple_head 25",
          "from":[
            6.253384590148926,
            -0.013012096285820007,
            1.2791882157325745
          ],
          "to":[
            9.262885093688965,
            0.4869878739118576,
            2.776191294193268
          ],
          "rotationOrigin":[
            7.758134841918945,
            0.2369878888130188,
            2.027689754962921
          ],
          "rotationX":-11.299954609101952,
          "rotationY":-2.7002151834045183,
          "rotationZ":13.001041396423954,
          "group":"simple_head",
          "faces":{
            "north":{
              "texture":"#material",
              "uv":[
                15.0,
                16.0,
                11.0,
                17.000000953674316
              ],
              "autoUv":false
            },
            "east":{
              "texture":"#material",
              "uv":[
                13.306671142578125,
                12.590896606445312,
                10.306671142578125,
                13.590896606445312
              ],
              "autoUv":false
            },
            "south":{
              "texture":"#material",
              "uv":[
                3.649855375289917,
                27.226006507873535,
                7.908814430236816,
                28.641178607940674
              ],
              "autoUv":false,
              "rotation":180
            },
            "west":{
              "texture":"#material",
              "uv":[
                1.0,
                17.0,
                3.0,
                19.0
              ],
              "autoUv":false
            },
            "up":{
              "texture":"#material",
              "uv":[
                5.0003886222839355,
                18.99942398071289,
                1.0,
                21.999871253967285
              ],
              "autoUv":false,
              "rotation":180
            },
            "down":{
              "texture":"#material",
              "uv":[
                2.0,
                31.0,
                5.0,
                28.0
              ],
              "autoUv":false,
              "rotation":90
            }
          },
          "children":[]
        },
        {
          "name":"simple_head 26",
          "from":[
            12.89288878440857,
            1.2843038439750671,
            -0.20408391952514648
          ],
          "to":[
            14.621877908706665,
            1.8526838421821594,
            1.29291832447052
          ],
          "rotationOrigin":[
            13.757383346557617,
            1.5684938430786133,
            0.5444172024726868
          ],
          "rotationX":89.99998884409983,
          "rotationY":-62.12077540694107,
          "rotationZ":89.99998884409983,
          "group":"simple_head",
          "faces":{
            "north":{
              "texture":"#material",
              "uv":[
                28.999998092651367,
                24.000000953674316,
                31.0,
                26.000000476837158
              ],
              "autoUv":false
            },
            "east":{
              "texture":"#material",
              "uv":[
                19.0,
                16.0,
                21.0,
                18.0
              ],
              "autoUv":false
            },
            "south":{
              "texture":"#material",
              "uv":[
                11.580833435058594,
                17.231210708618164,
                12.384489059448242,
                22.120590209960938
              ],
              "autoUv":false,
              "rotation":90
            },
            "west":{
              "texture":"#material",
              "uv":[
                21.0,
                16.0,
                19.0,
                18.0
              ],
              "autoUv":false
            },
            "up":{
              "texture":"#material",
              "uv":[
                12.0,
                15.0,
                15.0,
                18.0
              ],
              "autoUv":false,
              "rotation":180
            },
            "down":{
              "texture":"#material",
              "uv":[
                21.9999942779541,
                26.0,
                17.999996185302734,
                23.000046730041504
              ],
              "autoUv":false
            }
          },
          "children":[]
        },
        {
          "name":"simple_head 27",
          "from":[
            11.403443217277527,
            0.8344423174858093,
            -0.8308485150337219
          ],
          "to":[
            12.903727650642395,
            1.3344424366950989,
            0.6661543250083923
          ],
          "rotationOrigin":[
            12.153585433959961,
            1.084442377090454,
            -0.0823470950126648
          ],
          "rotationX":28.60116101733452,
          "rotationY":-50.89951567613507,
          "rotationZ":21.001496395806473,
          "group":"simple_head",
          "faces":{
            "north":{
              "texture":"#material",
              "uv":[
                2.67206072807312,
                21.35149574279785,
                4.795223236083984,
                22.766667366027832
              ],
              "autoUv":false
            },
            "east":{
              "texture":"#material",
              "uv":[
                17.0,
                7.0,
                20.0,
                8.0
              ],
              "autoUv":false
            },
            "south":{
              "texture":"#material",
              "uv":[
                20.0,
                16.0,
                22.0,
                17.000000953674316
              ],
              "autoUv":false
            },
            "west":{
              "texture":"#material",
              "uv":[
                14.202888488769531,
                14.18873405456543,
                17.20288848876953,
                15.18873405456543
              ],
              "autoUv":false
            },
            "up":{
              "texture":"#material",
              "uv":[
                11.0,
                19.0,
                13.0,
                22.000000953674316
              ],
              "autoUv":false
            },
            "down":{
              "texture":"#material",
              "uv":[
                23.0,
                22.0,
                26.0,
                19.999999046325684
              ],
              "autoUv":false
            }
          },
          "children":[]
        },
        {
          "name":"simple_head 28",
          "from":[
            10.166216969490051,
            1.0994177758693695,
            -2.8655624389648438
          ],
          "to":[
            11.390427470207214,
            1.5994178354740143,
            -1.3685592412948608
          ],
          "rotationOrigin":[
            10.778322219848633,
            1.349417805671692,
            -2.1170608401298523
          ],
          "rotationX":24.386942837173116,
          "rotationY":-3.7780179672154723,
          "rotationZ":14.136267501577908,
          "group":"simple_head",
          "faces":{
            "north":{
              "texture":"#material",
              "uv":[
                24.0,
                24.000000953674316,
                22.0,
                26.000000476837158
              ],
              "autoUv":false
            },
            "east":{
              "texture":"#material",
              "uv":[
                20.0,
                7.0,
                23.0,
                8.0
              ],
              "autoUv":false
            },
            "south":{
              "texture":"#material",
              "uv":[
                10.651764869689941,
                8.249441146850586,
                12.384232521057129,
                9.664613723754883
              ],
              "autoUv":false,
              "rotation":180
            },
            "west":{
              "texture":"#material",
              "uv":[
                14.767866134643555,
                16.737350463867188,
                17.767866134643555,
                17.737350463867188
              ],
              "autoUv":false
            },
            "up":{
              "texture":"#material",
              "uv":[
                6.999944686889648,
                15.99993896484375,
                9.0,
                18.999935150146484
              ],
              "autoUv":false
            },
            "down":{
              "texture":"#material",
              "uv":[
                8.0,
                26.0,
                5.0,
                23.999999046325684
              ],
              "autoUv":false,
              "rotation":90
            }
          },
          "children":[]
        },
        {
          "name":"simple_head 29",
          "from":[
            11.272213578224182,
            0.823472797870636,
            -1.075352430343628
          ],
          "to":[
            12.496425032615662,
            1.3131439089775085,
            0.4216502904891968
          ],
          "rotationOrigin":[
            11.884319305419922,
            1.0683083534240723,
            -0.3268510699272156
          ],
          "rotationX":20.8506602057232,
          "rotationY":-33.63963105860743,
          "rotationZ":15.771188538862704,
          "group":"simple_head",
          "faces":{
            "north":{
              "texture":"#material",
              "uv":[
                10.651764869689941,
                16.38225555419922,
                12.384233474731445,
                17.76819133758545
              ],
              "autoUv":false,
              "rotation":180
            },
            "east":{
              "texture":"#material",
              "uv":[
                17.0,
                7.020658493041992,
                20.0,
                8.0
              ],
              "autoUv":false
            },
            "south":{
              "texture":"#material",
              "uv":[
                19.0,
                16.0,
                22.0,
                17.000000953674316
              ],
              "autoUv":false
            },
            "west":{
              "texture":"#material",
              "uv":[
                16.41754150390625,
                14.583145141601562,
                19.41754150390625,
                15.562488555908203
              ],
              "autoUv":false
            },
            "up":{
              "texture":"#material",
              "uv":[
                7.812555313110352,
                19.263822555541992,
                9.5439453125,
                23.498212814331055
              ],
              "autoUv":false
            },
            "down":{
              "texture":"#material",
              "uv":[
                8.655701637268066,
                28.737783432006836,
                10.387092590332031,
                24.50339412689209
              ],
              "autoUv":false,
              "rotation":180
            }
          },
          "children":[]
        },
        {
          "name":"simple_head 30",
          "from":[
            13.465556159615517,
            1.3813285529613495,
            0.5414981245994568
          ],
          "to":[
            13.885430321097374,
            1.8813286125659943,
            2.0385014414787292
          ],
          "rotationOrigin":[
            13.675493240356445,
            1.6313285827636719,
            1.289999783039093
          ],
          "rotationX":-55.35177107151329,
          "rotationY":55.36075618536645,
          "rotationZ":43.811497110238086,
          "group":"simple_head",
          "faces":{
            "north":{
              "texture":"#material",
              "uv":[
                13.501322746276855,
                30.267553567886353,
                14.208909034729004,
                31.455941259860992
              ],
              "autoUv":false,
              "rotation":270
            },
            "east":{
              "texture":"#material",
              "uv":[
                16.705392837524414,
                19.642240524291992,
                17.412490844726562,
                23.87635612487793
              ],
              "autoUv":false,
              "rotation":270
            },
            "south":{
              "texture":"#material",
              "uv":[
                28.999998092651367,
                24.000000953674316,
                28.999998092651367,
                26.000000476837158
              ],
              "autoUv":false,
              "rotation":90
            },
            "west":{
              "texture":"#material",
              "uv":[
                14.375,
                18.749999046325684,
                11.375,
                19.749999046325684
              ],
              "autoUv":false
            },
            "up":{
              "texture":"#material",
              "uv":[
                16.000003814697266,
                16.99966049194336,
                14.999946594238281,
                18.999829292297363
              ],
              "autoUv":false,
              "rotation":180
            },
            "down":{
              "texture":"#material",
              "uv":[
                26.0,
                23.0,
                23.0,
                22.0
              ],
              "autoUv":false,
              "rotation":270
            }
          },
          "children":[]
        },
        {
          "name":"simple_head 31",
          "from":[
            4.047142148017883,
            -0.48763155937194824,
            -0.153775155544281
          ],
          "to":[
            5.08448588848114,
            1.0123684406280518,
            1.2426210045814514
          ],
          "rotationOrigin":[
            4.565814018249512,
            0.26236844062805176,
            0.5444229245185852
          ],
          "group":"simple_head",
          "faces":{
            "north":{
              "texture":"#material",
              "uv":[
                8.0,
                13.0,
                6.0,
                16.0
              ],
              "autoUv":false
            },
            "east":{
              "texture":"#material",
              "uv":[
                1.0032286643981934,
                1.0,
                3.9967713356018066,
                4.0
              ],
              "autoUv":false
            },
            "south":{
              "texture":"#material",
              "uv":[
                6.0,
                13.0,
                8.0,
                16.0
              ],
              "autoUv":false
            },
            "west":{
              "texture":"#material",
              "uv":[
                28.0,
                20.0,
                31.0,
                23.0
              ],
              "autoUv":false
            },
            "up":{
              "texture":"#material",
              "uv":[
                6.0,
                13.0,
                8.00023078918457,
                15.0
              ],
              "autoUv":false
            },
            "down":{
              "texture":"#material",
              "uv":[
                6.0,
                15.0,
                8.00023078918457,
                13.0
              ],
              "autoUv":false,
              "rotation":180
            }
          },
          "children":[]
        },
        {
          "name":"simple_head 32",
          "from":[
            4.895559906959534,
            -0.724022626876831,
            -0.15464800596237183
          ],
          "to":[
            7.260602355003357,
            0.7759765386581421,
            1.2434938549995422
          ],
          "rotationOrigin":[
            6.078081130981445,
            0.025976955890655518,
            0.5444229245185852
          ],
          "rotationX":-2.7355267429275384e-15,
          "rotationY":2.975765910303535e-16,
          "rotationZ":-12.399994994746587,
          "group":"simple_head",
          "faces":{
            "north":{
              "texture":"#material",
              "uv":[
                12.0,
                13.0,
                8.0,
                16.0
              ],
              "autoUv":false
            },
            "east":{
              "texture":"#material",
              "uv":[
                1.0,
                1.0,
                4.0,
                4.0
              ],
              "autoUv":false
            },
            "south":{
              "texture":"#material",
              "uv":[
                8.0,
                13.0,
                12.0,
                16.0
              ],
              "autoUv":false
            },
            "west":{
              "texture":"#material",
              "uv":[
                28.0,
                20.0,
                31.0,
                23.0
              ],
              "autoUv":false
            },
            "up":{
              "texture":"#material",
              "uv":[
                7.999769687652588,
                13.0,
                12.0,
                15.0
              ],
              "autoUv":false
            },
            "down":{
              "texture":"#material",
              "uv":[
                7.0,
                15.0,
                11.000167846679688,
                13.0
              ],
              "autoUv":false,
              "rotation":180
            }
          },
          "children":[]
        },
        {
          "name":"simple_head 33",
          "from":[
            6.891766309738159,
            -0.7895893454551697,
            -0.15528124570846558
          ],
          "to":[
            8.520591020584106,
            0.5596522688865662,
            1.244127094745636
          ],
          "rotationOrigin":[
            7.706178665161133,
            -0.11496853828430176,
            0.5444229245185852
          ],
          "rotationX":2.968141596887028e-15,
          "rotationY":3.5108365869658737e-16,
          "rotationZ":13.50000379076631,
          "group":"simple_head",
          "faces":{
            "north":{
              "texture":"#material",
              "uv":[
                14.0,
                13.0,
                12.0,
                16.0
              ],
              "autoUv":false
            },
            "east":{
              "texture":"#material",
              "uv":[
                1.0,
                1.3015174865722656,
                4.0,
                4.0
              ],
              "autoUv":false
            },
            "south":{
              "texture":"#material",
              "uv":[
                12.0,
                13.0,
                14.0,
                16.0
              ],
              "autoUv":false
            },
            "west":{
              "texture":"#material",
              "uv":[
                28.0,
                20.30151653289795,
                31.0,
                23.0
              ],
              "autoUv":false
            },
            "up":{
              "texture":"#material",
              "uv":[
                10.0,
                13.0,
                12.99986457824707,
                15.0
              ],
              "autoUv":false
            },
            "down":{
              "texture":"#material",
              "uv":[
                10.999832153320312,
                15.0,
                14.000018119812012,
                13.0
              ],
              "autoUv":false,
              "rotation":180
            }
          },
          "children":[]
        },
        {
          "name":"simple_head 34",
          "from":[
            8.145594269037247,
            -0.5002204179763794,
            -0.15370720624923706
          ],
          "to":[
            8.850735992193222,
            0.6500910520553589,
            1.2425530552864075
          ],
          "rotationOrigin":[
            8.498165130615234,
            0.07493531703948975,
            0.5444229245185852
          ],
          "rotationZ":45.00000125223908,
          "group":"simple_head",
          "faces":{
            "north":{
              "texture":"#material",
              "uv":[
                16.0,
                13.0,
                14.0,
                16.0
              ],
              "autoUv":false,
              "rotation":270
            },
            "east":{
              "texture":"#material",
              "uv":[
                13.00013542175293,
                13.0,
                15.0,
                15.0
              ],
              "autoUv":false,
              "rotation":90
            },
            "south":{
              "texture":"#material",
              "uv":[
                14.0,
                13.0,
                16.0,
                16.0
              ],
              "autoUv":false,
              "rotation":90
            },
            "west":{
              "texture":"#material",
              "uv":[
                28.003374099731445,
                20.257062911987305,
                30.996625900268555,
                22.557693481445312
              ],
              "autoUv":false
            },
            "up":{
              "texture":"#material",
              "uv":[
                16.99786949157715,
                14.497795104980469,
                17.995126724243164,
                18.447145462036133
              ],
              "autoUv":false,
              "rotation":180
            },
            "down":{
              "texture":"#material",
              "uv":[
                13.999981880187988,
                15.0,
                15.0,
                13.0
              ],
              "autoUv":false,
              "rotation":180
            }
          },
          "children":[]
        }
      ]
    }
  ],
  "groups":[]
}