{
	"editor": {
		"allAngles": false,
		"entityTextureMode": false
	},
	"textureWidth": 16,
	"textureHeight": 16,
	"textureSizes": {
	},
	"textures": {
		"oak": "game:block/wood/debarked/larch"
	},
	"elements": [
		{
			"name": "base",
			"from": [ 9.0, 0.0, 8.0 ],
			"to": [ 9.0, 0.0, 8.0 ],
			"rotationOrigin": [ 8.0, 0.0, 8.0 ],
			"faces": {
			},
			"children": [
				{
					"name": "long",
					"from": [ -8.8, 0.0, 0.0 ],
					"to": [ 7.2, 1.5, 1.0 ],
					"rotationOrigin": [ 0.0, 0.0, 0.0 ],
					"rotationY": -45.0,
					"faces": {
						"north": { "texture": "#oak", "uv": [ 0.0, 3.5, 16.0, 5.0 ] },
						"east": { "texture": "#oak", "uv": [ 1.5, 3.0, 2.5, 4.5 ] },
						"south": { "texture": "#oak", "uv": [ 0.0, 13.0, 16.0, 14.5 ] },
						"west": { "texture": "#oak", "uv": [ 1.0, 3.5, 2.0, 5.0 ] },
						"up": { "texture": "#oak", "uv": [ 0.0, 12.5, 16.0, 13.5 ] },
						"down": { "texture": "#oak", "uv": [ 0.0, 2.5, 16.0, 3.5 ] }
					},
					"children": [
						{
							"name": "Cube1",
							"from": [ 0.5, 0.0, 1.0 ],
							"to": [ 14.5, 1.5, 1.5 ],
							"rotationOrigin": [ 0.5, 0.0, 1.0 ],
							"faces": {
								"east": { "texture": "#oak", "uv": [ 4.0, 0.5, 4.5, 2.0 ] },
								"south": { "texture": "#oak", "uv": [ 0.0, 6.5, 14.0, 8.0 ] },
								"west": { "texture": "#oak", "uv": [ 5.0, 6.5, 5.5, 8.0 ] },
								"up": { "texture": "#oak", "uv": [ 0.5, 15.0, 14.5, 15.5 ] },
								"down": { "texture": "#oak", "uv": [ 0.0, 9.0, 14.0, 9.5 ] }
							}
						},
						{
							"name": "Cube6",
							"from": [ 5.9, -0.1, 0.0 ],
							"to": [ 8.9, 0.9, 0.5 ],
							"rotationOrigin": [ 5.9, -0.1, 0.0 ],
							"rotationY": 22.5,
							"faces": {
								"north": { "texture": "#oak", "uv": [ 0.0, 0.0, 3.0, 1.0 ] },
								"east": { "texture": "#oak", "uv": [ 0.0, 0.0, 0.5, 1.0 ] },
								"up": { "texture": "#oak", "uv": [ 8.5, 11.0, 11.5, 11.5 ] },
								"down": { "texture": "#oak", "uv": [ 0.0, 0.0, 3.0, 0.5 ] }
							},
							"children": [
								{
									"name": "Cube10",
									"from": [ -0.099, 0.0, 0.5002 ],
									"to": [ 3.901, 1.0, 1.0002 ],
									"rotationOrigin": [ -0.099, 0.0, 2.0E-4 ],
									"faces": {
										"north": { "texture": "#oak", "uv": [ 9.0, 3.0, 13.0, 4.0 ] },
										"east": { "texture": "#oak", "uv": [ 7.5, 8.5, 8.0, 9.5 ] },
										"south": { "texture": "#oak", "uv": [ 3.0, 5.0, 7.0, 6.0 ] },
										"up": { "texture": "#oak", "uv": [ 9.5, 13.0, 13.5, 13.5 ] },
										"down": { "texture": "#oak", "uv": [ 8.5, 11.0, 12.5, 11.5 ] }
									}
								}
							]
						}
					]
				}
			]
		}
	]}