[
{
	ingredientPattern: "WLW	_G_	W_W",
	ingredients: {
		"G": { type: "block", code: "glass-plain" },
		"L": { type: "item", code: "ingot-lead" },
		"W": { type: "item", code: "plank-*", name: "wood" }
	},
	width: 3,
	height: 3,
	output: { type: "block", code: "glasspane-leaded-{wood}-ew", quantity: 4  }
},
{
	ingredientPattern: "W_W	_G_	W_W",
	ingredients: {
		"G": { type: "block", code: "glass-plain" },
		"W": { type: "item", code: "plank-*", name: "wood" }
	},
	width: 3,
	height: 3,
	output: { type: "block", code: "glasspane-plain-{wood}-ew", quantity: 4  }
},
{
	ingredientPattern: "W_W	_G_	W_W",
	ingredients: {
		"G": { type: "block", code: "glass-green" },
		"W": { type: "item", code: "plank-*", name: "wood" }
	},
	width: 3,
	height: 3,
	output: { type: "block", code: "glasspane-green-{wood}-ew", quantity: 4  }
},
{
	ingredientPattern: "W_W	_G_	W_W",
	ingredients: {
		"G": { type: "block", code: "glass-blue" },
		"W": { type: "item", code: "plank-*", name: "wood" }
	},
	width: 3,
	height: 3,
	output: { type: "block", code: "glasspane-blue-{wood}-ew", quantity: 4  }
},
{
	ingredientPattern: "W_W	_G_	W_W",
	ingredients: {
		"G": { type: "block", code: "glass-violet" },
		"W": { type: "item", code: "plank-*", name: "wood" }
	},
	width: 3,
	height: 3,
	output: { type: "block", code: "glasspane-violet-{wood}-ew", quantity: 4  }
},
{
	ingredientPattern: "W_W	_G_	W_W",
	ingredients: {
		"G": { type: "block", code: "glass-red" },
		"W": { type: "item", code: "plank-*", name: "wood" }
	},
	width: 3,
	height: 3,
	output: { type: "block", code: "glasspane-red-{wood}-ew", quantity: 4  }
},
{
	ingredientPattern: "W_W	_G_	W_W",
	ingredients: {
		"G": { type: "block", code: "glass-yellow" },
		"W": { type: "item", code: "plank-*", name: "wood" }
	},
	width: 3,
	height: 3,
	output: { type: "block", code: "glasspane-yellow-{wood}-ew", quantity: 4  }
},
{
	ingredientPattern: "W_W	_G_	W_W",
	ingredients: {
		"G": { type: "block", code: "glass-brown" },
		"W": { type: "item", code: "plank-*", name: "wood" }
	},
	width: 3,
	height: 3,
	output: { type: "block", code: "glasspane-brown-{wood}-ew", quantity: 4  }
},
{
	ingredientPattern: "W_W	_G_	W_W",
	ingredients: {
		"G": { type: "block", code: "glass-vintage" },
		"W": { type: "item", code: "plank-*", name: "wood" }
	},
	width: 3,
	height: 3,
	output: { type: "block", code: "glasspane-vintage-{wood}-ew", quantity: 4  }
},
{
	ingredientPattern: "W_W	_G_	W_W",
	ingredients: {
		"G": { type: "block", code: "glass-smoky" },
		"W": { type: "item", code: "plank-*", name: "wood" }
	},
	width: 3,
	height: 3,
	output: { type: "block", code: "glasspane-smoky-{wood}-ew", quantity: 4  }
},
{
	ingredientPattern: "W_W	_G_	W_W",
	ingredients: {
		"G": { type: "block", code: "glass-pink" },
		"W": { type: "item", code: "plank-*", name: "wood" }
	},
	width: 3,
	height: 3,
	output: { type: "block", code: "glasspane-pink-{wood}-ew", quantity: 4  }
},
{
	ingredientPattern: "W_W	_G_	W_W",
	ingredients: {
		"G": { type: "block", code: "glass-quartz" },
		"W": { type: "item", code: "plank-*", name: "wood" }
	},
	width: 3,
	height: 3,
	output: { type: "block", code: "glasspane-quartz-{wood}-ew", quantity: 4  }
}

]