{
  "textureWidth":16,
  "textureHeight":16,
  "textures":{
    "material":"game:block/metal/ingot/copper"
  },
  "textureSizes":{
    "material":[
      32,
      32
    ]
  },
  "elements":[
    {
      "name":"origin",
      "from":[
        11.0,
        0.5481293797492981,
        7.699999988079071
      ],
      "to":[
        11.0,
        0.5481293797492981,
        7.699999988079071
      ],
      "rotationOrigin":[
        8.0,
        0.0,
        8.0
      ],
      "group":"simple_head",
      "faces":{
        "north":{
          "texture":"#0",
          "uv":[
            0,
            0,
            4,
            4
          ],
          "autoUv":false
        },
        "east":{
          "texture":"#0",
          "uv":[
            0,
            0,
            4,
            4
          ],
          "autoUv":false
        },
        "south":{
          "texture":"#0",
          "uv":[
            0,
            0,
            4,
            4
          ],
          "autoUv":false
        },
        "west":{
          "texture":"#0",
          "uv":[
            0,
            0,
            4,
            4
          ],
          "autoUv":false
        },
        "up":{
          "texture":"#material",
          "uv":[
            0.0,
            0.0,
            1.0,
            1.0
          ],
          "autoUv":false,
          "rotation":180
        },
        "down":{
          "texture":"#0",
          "uv":[
            0,
            0,
            4,
            4
          ],
          "autoUv":false
        }
      },
      "children":[
        {
          "name":"simple_head 01",
          "from":[
            -4.992819786071777,
            0.09999996423721313,
            0.20000000298023224
          ],
          "to":[
            1.381779670715332,
            1.0999999642372131,
            0.40000002086162567
          ],
          "rotationOrigin":[
            -1.8055200576782227,
            0.5999999642372131,
            0.30000001192092896
          ],
          "rotationY":-179.999991348578,
          "group":"simple_head",
          "faces":{
            "north":{
              "texture":"#material",
              "uv":[
                9.869522094726562,
                19.0,
                23.0,
                23.0
              ],
              "autoUv":false
            },
            "east":{
              "texture":"#material",
              "uv":[
                6.973659515380859,
                13.073677062988281,
                8.992094039916992,
                13.881046295166016
              ],
              "autoUv":false,
              "rotation":270
            },
            "south":{
              "texture":"#material",
              "uv":[
                23.0,
                19.0,
                9.869522094726562,
                23.0
              ],
              "autoUv":false
            },
            "west":{
              "texture":"#material",
              "uv":[
                0.0,
                0.0,
                0.0,
                4.0
              ],
              "autoUv":false
            },
            "up":{
              "texture":"#material",
              "uv":[
                8.031786918640137,
                13.0,
                21.0,
                13.999998092651367
              ],
              "autoUv":false,
              "rotation":180
            },
            "down":{
              "texture":"#material",
              "uv":[
                8.031786918640137,
                13.999998092651367,
                21.0,
                13.0
              ],
              "autoUv":false
            }
          },
          "children":[]
        },
        {
          "name":"simple_head 02",
          "from":[
            1.381779670715332,
            0.6000000834465027,
            0.19999902695417404
          ],
          "to":[
            2.248501777648926,
            1.1000000834465027,
            0.39999907463788986
          ],
          "rotationOrigin":[
            1.815140724182129,
            0.8500000834465027,
            0.29999905824661255
          ],
          "rotationY":-179.999991348578,
          "group":"simple_head",
          "faces":{
            "north":{
              "texture":"#material",
              "uv":[
                23.0,
                19.0,
                25.0,
                20.993727684020996
              ],
              "autoUv":false
            },
            "east":{
              "texture":"#material",
              "uv":[
                4.0,
                8.0,
                4.0,
                10.0
              ],
              "autoUv":false
            },
            "south":{
              "texture":"#material",
              "uv":[
                25.0,
                19.0,
                23.0,
                20.993727684020996
              ],
              "autoUv":false
            },
            "west":{
              "texture":"#material",
              "uv":[
                4.0,
                20.0,
                4.0,
                22.0
              ],
              "autoUv":false
            },
            "up":{
              "texture":"#material",
              "uv":[
                21.0,
                13.0,
                22.998645782470703,
                13.999998092651367
              ],
              "autoUv":false,
              "rotation":180
            },
            "down":{
              "texture":"#material",
              "uv":[
                4.0,
                8.0,
                2.0,
                8.0
              ],
              "autoUv":false,
              "rotation":180
            }
          },
          "children":[]
        },
        {
          "name":"simple_head 03",
          "from":[
            -4.72968053817749,
            -0.3999999463558197,
            0.20000000298023224
          ],
          "to":[
            -0.7515072822570801,
            0.1000000536441803,
            0.40000002086162567
          ],
          "rotationOrigin":[
            -2.740593910217285,
            -0.1499999463558197,
            0.30000001192092896
          ],
          "rotationY":-179.999991348578,
          "group":"simple_head",
          "faces":{
            "north":{
              "texture":"#material",
              "uv":[
                10.376249313354492,
                23.000000953674316,
                18.388286590576172,
                25.0
              ],
              "autoUv":false
            },
            "east":{
              "texture":"#material",
              "uv":[
                2.0,
                8.0,
                2.0,
                10.0
              ],
              "autoUv":false
            },
            "south":{
              "texture":"#material",
              "uv":[
                18.388286590576172,
                23.0,
                10.376249313354492,
                25.0
              ],
              "autoUv":false
            },
            "west":{
              "texture":"#material",
              "uv":[
                0.0,
                4.0,
                0.0,
                6.0
              ],
              "autoUv":false
            },
            "up":{
              "texture":"#material",
              "uv":[
                0.0,
                0.0,
                10.841205596923828,
                0.0
              ],
              "autoUv":false,
              "rotation":90
            },
            "down":{
              "texture":"#material",
              "uv":[
                8.411155700683594,
                13.999998092651367,
                15.999992370605469,
                13.0
              ],
              "autoUv":false
            }
          },
          "children":[]
        },
        {
          "name":"simple_head 04",
          "from":[
            -0.7796606421470642,
            -0.36262932419776917,
            0.19986359030008316
          ],
          "to":[
            -0.03842407464981079,
            0.13737067580223083,
            0.40077730268239975
          ],
          "rotationOrigin":[
            -0.4090423583984375,
            -0.11262932419776917,
            0.30032044649124146
          ],
          "rotationX":-4.779086706593359e-07,
          "rotationY":-179.999991348578,
          "rotationZ":-5.999999740078388,
          "group":"simple_head",
          "faces":{
            "north":{
              "texture":"#material",
              "uv":[
                21.0,
                23.0,
                23.0,
                25.000000476837158
              ],
              "autoUv":false
            },
            "east":{
              "texture":"#material",
              "uv":[
                4.0,
                8.0,
                4.0,
                10.0
              ],
              "autoUv":false
            },
            "south":{
              "texture":"#material",
              "uv":[
                23.0,
                23.0,
                21.0,
                25.000000476837158
              ],
              "autoUv":false
            },
            "west":{
              "texture":"#material",
              "uv":[
                4.0,
                20.0,
                4.0,
                22.0
              ],
              "autoUv":false
            },
            "up":{
              "texture":"#material",
              "uv":[
                6.0,
                16.0,
                8.0,
                16.0
              ],
              "autoUv":false,
              "rotation":90
            },
            "down":{
              "texture":"#material",
              "uv":[
                16.00000762939453,
                13.999998092651367,
                18.0,
                13.0
              ],
              "autoUv":false
            }
          },
          "children":[]
        },
        {
          "name":"simple_head 05",
          "from":[
            -0.07439941167831421,
            -0.2509269118309021,
            0.19937550276517868
          ],
          "to":[
            0.6668371558189392,
            0.2490730881690979,
            0.40166211873292923
          ],
          "rotationOrigin":[
            0.2962188720703125,
            -0.0009269118309020996,
            0.30051881074905396
          ],
          "rotationX":-1.1592747151426264e-12,
          "rotationY":-179.999991348578,
          "rotationZ":-12.000015701856055,
          "group":"simple_head",
          "faces":{
            "north":{
              "texture":"#material",
              "uv":[
                23.0,
                23.0,
                24.0,
                25.000000476837158
              ],
              "autoUv":false
            },
            "east":{
              "texture":"#material",
              "uv":[
                4.0,
                8.0,
                4.0,
                10.0
              ],
              "autoUv":false
            },
            "south":{
              "texture":"#material",
              "uv":[
                24.0,
                23.0,
                23.0,
                25.000000476837158
              ],
              "autoUv":false
            },
            "west":{
              "texture":"#material",
              "uv":[
                4.0,
                20.0,
                4.0,
                22.0
              ],
              "autoUv":false
            },
            "up":{
              "texture":"#material",
              "uv":[
                6.0,
                16.0,
                8.0,
                16.0
              ],
              "autoUv":false,
              "rotation":90
            },
            "down":{
              "texture":"#material",
              "uv":[
                18.0,
                13.999998092651367,
                20.0,
                13.0
              ],
              "autoUv":false
            }
          },
          "children":[]
        },
        {
          "name":"simple_head 06",
          "from":[
            0.6117359399795532,
            -0.07692556083202362,
            0.1995222046971321
          ],
          "to":[
            1.25739324092865,
            0.423074409365654,
            0.4012102410197258
          ],
          "rotationOrigin":[
            0.9345645904541016,
            0.17307442426681519,
            0.30036622285842896
          ],
          "rotationX":1.3398880181330215e-11,
          "rotationY":179.9998547447946,
          "rotationZ":-19.00002898784471,
          "group":"simple_head",
          "faces":{
            "north":{
              "texture":"#material",
              "uv":[
                22.0,
                23.0,
                23.0,
                25.000000476837158
              ],
              "autoUv":false
            },
            "east":{
              "texture":"#material",
              "uv":[
                4.0,
                8.0,
                4.0,
                10.0
              ],
              "autoUv":false
            },
            "south":{
              "texture":"#material",
              "uv":[
                23.0,
                23.0,
                22.0,
                25.000000476837158
              ],
              "autoUv":false
            },
            "west":{
              "texture":"#material",
              "uv":[
                4.0,
                20.0,
                4.0,
                22.0
              ],
              "autoUv":false
            },
            "up":{
              "texture":"#material",
              "uv":[
                6.0,
                16.0,
                8.0,
                16.0
              ],
              "autoUv":false,
              "rotation":90
            },
            "down":{
              "texture":"#material",
              "uv":[
                20.0,
                13.999998092651367,
                21.0,
                13.0
              ],
              "autoUv":false
            }
          },
          "children":[]
        },
        {
          "name":"simple_head 07",
          "from":[
            1.1913944482803345,
            0.1514456570148468,
            0.19922217726707458
          ],
          "to":[
            1.8370517492294312,
            0.6524740159511566,
            0.4013881981372833
          ],
          "rotationOrigin":[
            1.5142230987548828,
            0.4019598364830017,
            0.30030518770217896
          ],
          "rotationX":-1.9787029937225008e-13,
          "rotationY":-179.999991348578,
          "rotationZ":-24.000021158428353,
          "group":"simple_head",
          "faces":{
            "north":{
              "texture":"#material",
              "uv":[
                22.0,
                24.05163288116455,
                23.0,
                26.0
              ],
              "autoUv":false
            },
            "east":{
              "texture":"#material",
              "uv":[
                4.0,
                8.27265739440918,
                4.0,
                10.0
              ],
              "autoUv":false
            },
            "south":{
              "texture":"#material",
              "uv":[
                23.0,
                24.05163288116455,
                22.0,
                26.0
              ],
              "autoUv":false
            },
            "west":{
              "texture":"#material",
              "uv":[
                4.0,
                20.272658348083496,
                4.0,
                22.0
              ],
              "autoUv":false
            },
            "up":{
              "texture":"#material",
              "uv":[
                6.0,
                16.0,
                8.0,
                16.0
              ],
              "autoUv":false,
              "rotation":90
            },
            "down":{
              "texture":"#material",
              "uv":[
                21.0,
                13.999998092651367,
                22.0,
                13.0
              ],
              "autoUv":false
            }
          },
          "children":[]
        },
        {
          "name":"simple_head 08",
          "from":[
            1.7988040894269943,
            0.35555605590343475,
            0.19961922615766525
          ],
          "to":[
            2.138591006398201,
            0.8037389069795609,
            0.40120477229356766
          ],
          "rotationOrigin":[
            1.9686975479125977,
            0.5796474814414978,
            0.30041199922561646
          ],
          "rotationX":-9.601582898451963e-15,
          "rotationY":4.375693049178285e-15,
          "rotationZ":-49.00000591700867,
          "group":"simple_head",
          "faces":{
            "north":{
              "texture":"#material",
              "uv":[
                23.5,
                24.0,
                22.5,
                25.000000476837158
              ],
              "autoUv":false,
              "rotation":90
            },
            "east":{
              "texture":"#material",
              "uv":[
                23.000244140625,
                13.0,
                22.0,
                13.999998092651367
              ],
              "autoUv":false,
              "rotation":90
            },
            "south":{
              "texture":"#material",
              "uv":[
                22.5,
                24.0,
                23.5,
                25.000000476837158
              ],
              "autoUv":false,
              "rotation":270
            },
            "west":{
              "texture":"#material",
              "uv":[
                4.0,
                20.0,
                4.0,
                22.0
              ],
              "autoUv":false
            },
            "up":{
              "texture":"#material",
              "uv":[
                6.46113395690918,
                16.0,
                8.0,
                16.0
              ],
              "autoUv":false,
              "rotation":90
            },
            "down":{
              "texture":"#material",
              "uv":[
                3.5388662815093994,
                8.0,
                2.0,
                8.0
              ],
              "autoUv":false,
              "rotation":180
            }
          },
          "children":[]
        },
        {
          "name":"simple_head 09",
          "from":[
            1.7341587096452713,
            0.5566463470458984,
            0.19982726871967316
          ],
          "to":[
            2.1715419739484787,
            0.8960546255111694,
            0.4003482386469841
          ],
          "rotationOrigin":[
            1.952850341796875,
            0.7263504862785339,
            0.30008774995803833
          ],
          "rotationX":-4.99361450288016e-13,
          "rotationY":-179.999991348578,
          "rotationZ":-33.99998500902813,
          "group":"simple_head",
          "faces":{
            "north":{
              "texture":"#material",
              "uv":[
                22.5,
                24.0,
                23.5,
                25.000000476837158
              ],
              "autoUv":false
            },
            "east":{
              "texture":"#material",
              "uv":[
                4.0,
                8.27265739440918,
                4.0,
                10.0
              ],
              "autoUv":false
            },
            "south":{
              "texture":"#material",
              "uv":[
                23.5,
                24.0,
                22.5,
                25.000000476837158
              ],
              "autoUv":false
            },
            "west":{
              "texture":"#material",
              "uv":[
                4.0,
                20.272658348083496,
                4.0,
                22.0
              ],
              "autoUv":false
            },
            "up":{
              "texture":"#material",
              "uv":[
                6.0,
                16.0,
                8.0,
                16.0
              ],
              "autoUv":false,
              "rotation":90
            },
            "down":{
              "texture":"#material",
              "uv":[
                20.91087532043457,
                12.906993865966797,
                22.116043090820312,
                12.091510772705078
              ],
              "autoUv":false
            }
          },
          "children":[]
        },
        {
          "name":"simple_head 10",
          "from":[
            2.078875035047531,
            0.665569543838501,
            0.199397012591362
          ],
          "to":[
            2.420533686876297,
            1.0331922769546509,
            0.4007861167192459
          ],
          "rotationOrigin":[
            2.249704360961914,
            0.8493809103965759,
            0.30009156465530396
          ],
          "rotationX":-8.72966677443859e-15,
          "rotationY":3.467610406243603e-15,
          "rotationZ":-42.99999891985429,
          "group":"simple_head",
          "faces":{
            "north":{
              "texture":"#material",
              "uv":[
                25.0,
                21.0,
                24.0,
                22.0
              ],
              "autoUv":false,
              "rotation":90
            },
            "east":{
              "texture":"#material",
              "uv":[
                24.0,
                13.0,
                23.000244140625,
                13.999998092651367
              ],
              "autoUv":false,
              "rotation":90
            },
            "south":{
              "texture":"#material",
              "uv":[
                24.0,
                21.0,
                25.0,
                22.0
              ],
              "autoUv":false,
              "rotation":270
            },
            "west":{
              "texture":"#material",
              "uv":[
                4.0,
                20.0,
                4.0,
                22.0
              ],
              "autoUv":false
            },
            "up":{
              "texture":"#material",
              "uv":[
                23.001968383789062,
                13.0,
                24.0,
                13.999998092651367
              ],
              "autoUv":false
            },
            "down":{
              "texture":"#material",
              "uv":[
                4.0,
                8.0,
                2.0,
                8.0
              ],
              "autoUv":false,
              "rotation":180
            }
          },
          "children":[]
        }
      ]
    }
  ],
  "groups":[]
}