{
  "textureWidth":16,
  "textureHeight":16,
  "textures":{
    "grip":"game:block/leather/plain"
  },
  "textureSizes":{
    "grip":[
      32,
      32
    ]
  },
  "elements":[
    {
      "name":"origin",
      "from":[
        11.0,
        0.5,
        7.699999988079071
      ],
      "to":[
        11.0,
        0.5,
        7.699999988079071
      ],
      "rotationOrigin":[
        8.0,
        0.0,
        8.0
      ],
      "group":"fine_fabric",
      "faces":{
        "north":{
          "texture":"#0",
          "uv":[
            0,
            0,
            4,
            4
          ],
          "autoUv":false
        },
        "east":{
          "texture":"#0",
          "uv":[
            0,
            0,
            4,
            4
          ],
          "autoUv":false
        },
        "south":{
          "texture":"#0",
          "uv":[
            0,
            0,
            4,
            4
          ],
          "autoUv":false
        },
        "west":{
          "texture":"#0",
          "uv":[
            0,
            0,
            4,
            4
          ],
          "autoUv":false
        },
        "up":{
          "texture":"#grip",
          "uv":[
            0.0,
            0.0,
            1.0,
            1.0
          ],
          "autoUv":false,
          "rotation":180
        },
        "down":{
          "texture":"#0",
          "uv":[
            0,
            0,
            4,
            4
          ],
          "autoUv":false
        }
      },
      "children":[
        {
          "name":"fine_fabric 01",
          "from":[
            -6.783418029546738,
            -1.3680147528648376,
            -0.42322105169296265
          ],
          "to":[
            -6.495702385902405,
            2.493069589138031,
            -0.10819128155708313
          ],
          "rotationOrigin":[
            -6.639560222625732,
            0.48869961500167847,
            0.30000096559524536
          ],
          "rotationX":-101.25000025621699,
          "rotationY":-1.0105489165882448e-05,
          "rotationZ":89.9999478629648,
          "group":"fine_fabric",
          "faces":{
            "north":{
              "texture":"#grip",
              "uv":[
                8.0,
                10.0,
                18.0,
                11.0
              ],
              "autoUv":false,
              "rotation":90
            },
            "east":{
              "texture":"#grip",
              "uv":[
                32.0,
                0.0,
                32.0,
                16.0
              ],
              "autoUv":false,
              "rotation":270
            },
            "south":{
              "texture":"#grip",
              "uv":[
                32.0,
                0.0,
                30.0,
                16.0
              ],
              "autoUv":false,
              "rotation":180
            },
            "west":{
              "texture":"#grip",
              "uv":[
                30.0,
                0.0,
                30.0,
                16.0
              ],
              "autoUv":false,
              "rotation":270
            },
            "up":{
              "texture":"#grip",
              "uv":[
                14.0,
                18.0,
                15.0,
                20.0
              ],
              "autoUv":false,
              "rotation":180
            },
            "down":{
              "texture":"#grip",
              "uv":[
                14.0,
                20.0,
                15.0,
                18.0
              ],
              "autoUv":false
            }
          },
          "children":[]
        },
        {
          "name":"fine_fabric 02",
          "from":[
            -8.495778203010559,
            0.34484174847602844,
            -0.4232211112976074
          ],
          "to":[
            -4.635686874389648,
            0.6325574368238449,
            -0.10819131135940552
          ],
          "rotationOrigin":[
            -6.639560222625732,
            0.48869961500167847,
            0.30000096559524536
          ],
          "rotationX":-78.75000475273933,
          "rotationY":-4.242598172699828e-06,
          "rotationZ":-180.00000500895632,
          "group":"fine_fabric",
          "faces":{
            "north":{
              "texture":"#grip",
              "uv":[
                8.0,
                11.0,
                18.0,
                12.0
              ],
              "autoUv":false
            },
            "east":{
              "texture":"#grip",
              "uv":[
                13.0,
                18.0,
                14.0,
                20.0
              ],
              "autoUv":false,
              "rotation":270
            },
            "south":{
              "texture":"#grip",
              "uv":[
                2.0,
                0.0,
                0.0,
                16.0
              ],
              "autoUv":false,
              "rotation":270
            },
            "west":{
              "texture":"#grip",
              "uv":[
                14.0,
                18.0,
                13.0,
                20.0
              ],
              "autoUv":false,
              "rotation":90
            },
            "up":{
              "texture":"#grip",
              "uv":[
                0.0,
                0.0,
                0.0,
                16.0
              ],
              "autoUv":false
            },
            "down":{
              "texture":"#grip",
              "uv":[
                2.0,
                16.0,
                2.0,
                0.0
              ],
              "autoUv":false
            }
          },
          "children":[]
        },
        {
          "name":"fine_fabric 03",
          "from":[
            -8.643930196762085,
            0.34484177827835083,
            -0.4232211112976074
          ],
          "to":[
            -4.782845854759216,
            0.6325574368238449,
            -0.10819131135940552
          ],
          "rotationOrigin":[
            -6.639560222625732,
            0.48869961500167847,
            0.30000096559524536
          ],
          "rotationX":101.25000708640617,
          "rotationY":4.242593694478837e-06,
          "rotationZ":-8.439027311865782e-07,
          "group":"fine_fabric",
          "faces":{
            "north":{
              "texture":"#grip",
              "uv":[
                8.0,
                11.0,
                18.0,
                12.0
              ],
              "autoUv":false,
              "rotation":180
            },
            "east":{
              "texture":"#grip",
              "uv":[
                15.0,
                14.0,
                14.0,
                16.0
              ],
              "autoUv":false,
              "rotation":90
            },
            "south":{
              "texture":"#grip",
              "uv":[
                18.0,
                0.0,
                16.0,
                16.0
              ],
              "autoUv":false,
              "rotation":90
            },
            "west":{
              "texture":"#grip",
              "uv":[
                14.0,
                14.0,
                15.0,
                16.0
              ],
              "autoUv":false,
              "rotation":270
            },
            "up":{
              "texture":"#grip",
              "uv":[
                18.0,
                0.0,
                18.0,
                16.0
              ],
              "autoUv":false,
              "rotation":180
            },
            "down":{
              "texture":"#grip",
              "uv":[
                16.0,
                16.0,
                16.0,
                0.0
              ],
              "autoUv":false,
              "rotation":180
            }
          },
          "children":[]
        },
        {
          "name":"fine_fabric 04",
          "from":[
            -6.7834180146455765,
            -1.3680147528648376,
            -0.4232211112976074
          ],
          "to":[
            -6.495702400803566,
            2.493069589138031,
            -0.10819137096405029
          ],
          "rotationOrigin":[
            -6.639560222625732,
            0.48869961500167847,
            0.30000096559524536
          ],
          "rotationX":56.25002290964001,
          "rotationY":2.8646829567170205e-06,
          "rotationZ":90.00002299504568,
          "group":"fine_fabric",
          "faces":{
            "north":{
              "texture":"#grip",
              "uv":[
                8.0,
                9.0,
                18.0,
                10.0
              ],
              "autoUv":false,
              "rotation":90
            },
            "east":{
              "texture":"#grip",
              "uv":[
                14.0,
                0.0,
                14.0,
                16.0
              ],
              "autoUv":false,
              "rotation":270
            },
            "south":{
              "texture":"#grip",
              "uv":[
                14.0,
                0.0,
                12.0,
                16.0
              ],
              "autoUv":false,
              "rotation":180
            },
            "west":{
              "texture":"#grip",
              "uv":[
                12.0,
                0.0,
                12.0,
                16.0
              ],
              "autoUv":false,
              "rotation":270
            },
            "up":{
              "texture":"#grip",
              "uv":[
                11.999999046325684,
                14.0,
                13.0,
                16.0
              ],
              "autoUv":false
            },
            "down":{
              "texture":"#grip",
              "uv":[
                11.999999046325684,
                16.0,
                13.0,
                14.0
              ],
              "autoUv":false,
              "rotation":180
            }
          },
          "children":[]
        },
        {
          "name":"fine_fabric 05",
          "from":[
            -8.643930196762085,
            0.3448418080806732,
            0.7081933319568634
          ],
          "to":[
            -4.782845854759216,
            0.6325574517250061,
            1.023223102092743
          ],
          "rotationOrigin":[
            -6.639560222625732,
            0.48869961500167847,
            0.30000096559524536
          ],
          "rotationX":123.74999575969467,
          "rotationY":3.5966978453197045e-06,
          "rotationZ":-2.403237295088814e-06,
          "group":"fine_fabric",
          "faces":{
            "north":{
              "texture":"#grip",
              "uv":[
                4.0,
                0.0,
                2.0,
                16.0
              ],
              "autoUv":false,
              "rotation":270
            },
            "east":{
              "texture":"#grip",
              "uv":[
                13.0,
                18.0,
                11.999999046325684,
                20.0
              ],
              "autoUv":false,
              "rotation":90
            },
            "south":{
              "texture":"#grip",
              "uv":[
                8.0,
                12.0,
                18.0,
                13.0
              ],
              "autoUv":false
            },
            "west":{
              "texture":"#grip",
              "uv":[
                11.999999046325684,
                18.0,
                13.0,
                20.0
              ],
              "autoUv":false,
              "rotation":270
            },
            "up":{
              "texture":"#grip",
              "uv":[
                2.0,
                0.0,
                2.0,
                16.0
              ],
              "autoUv":false,
              "rotation":180
            },
            "down":{
              "texture":"#grip",
              "uv":[
                4.0,
                16.0,
                4.0,
                0.0
              ],
              "autoUv":false,
              "rotation":180
            }
          },
          "children":[]
        },
        {
          "name":"fine_fabric 06",
          "from":[
            -8.643434047698975,
            0.3448418080806732,
            0.7081933319568634
          ],
          "to":[
            -4.783342003822327,
            0.6325574368238449,
            1.0232231616973877
          ],
          "rotationOrigin":[
            -6.639560222625732,
            0.48869961500167847,
            0.30000096559524536
          ],
          "rotationX":56.250012664356255,
          "rotationY":3.5966982524307038e-06,
          "rotationZ":2.403237295088814e-06,
          "group":"fine_fabric",
          "faces":{
            "north":{
              "texture":"#grip",
              "uv":[
                30.0,
                0.0,
                28.0,
                16.0
              ],
              "autoUv":false,
              "rotation":270
            },
            "east":{
              "texture":"#grip",
              "uv":[
                16.0,
                18.0,
                15.0,
                20.0
              ],
              "autoUv":false,
              "rotation":90
            },
            "south":{
              "texture":"#grip",
              "uv":[
                8.0,
                9.0,
                18.0,
                10.0
              ],
              "autoUv":false
            },
            "west":{
              "texture":"#grip",
              "uv":[
                15.0,
                18.0,
                16.0,
                20.0
              ],
              "autoUv":false,
              "rotation":270
            },
            "up":{
              "texture":"#grip",
              "uv":[
                28.0,
                0.0,
                28.0,
                16.0
              ],
              "autoUv":false,
              "rotation":180
            },
            "down":{
              "texture":"#grip",
              "uv":[
                30.0,
                16.0,
                30.0,
                0.0
              ],
              "autoUv":false,
              "rotation":180
            }
          },
          "children":[]
        },
        {
          "name":"fine_fabric 07",
          "from":[
            -8.643451690673828,
            0.3448418229818344,
            0.7081932723522186
          ],
          "to":[
            -4.783324241638184,
            0.6325574964284897,
            1.0232230424880981
          ],
          "rotationOrigin":[
            -6.639560222625732,
            0.48869961500167847,
            0.30000096559524536
          ],
          "rotationX":-56.250012664356255,
          "rotationY":-3.5966982524307038e-06,
          "rotationZ":2.403237295088814e-06,
          "group":"fine_fabric",
          "faces":{
            "north":{
              "texture":"#grip",
              "uv":[
                20.0,
                0.0,
                18.0,
                16.0
              ],
              "autoUv":false,
              "rotation":270
            },
            "east":{
              "texture":"#grip",
              "uv":[
                16.0,
                14.0,
                15.0,
                16.0
              ],
              "autoUv":false,
              "rotation":270
            },
            "south":{
              "texture":"#grip",
              "uv":[
                8.0,
                12.0,
                18.0,
                13.0
              ],
              "autoUv":false
            },
            "west":{
              "texture":"#grip",
              "uv":[
                15.0,
                14.0,
                16.0,
                16.0
              ],
              "autoUv":false,
              "rotation":90
            },
            "up":{
              "texture":"#grip",
              "uv":[
                18.0,
                0.0,
                18.0,
                16.0
              ],
              "autoUv":false,
              "rotation":180
            },
            "down":{
              "texture":"#grip",
              "uv":[
                20.0,
                16.0,
                20.0,
                0.0
              ],
              "autoUv":false,
              "rotation":180
            }
          },
          "children":[]
        },
        {
          "name":"fine_fabric 08",
          "from":[
            -6.783418104052544,
            -1.515191376209259,
            0.7081932723522186
          ],
          "to":[
            -6.495702356100082,
            2.344935357570648,
            1.0232230424880981
          ],
          "rotationOrigin":[
            -6.639560222625732,
            0.48869961500167847,
            0.30000096559524536
          ],
          "rotationX":-101.24998659583866,
          "rotationY":-7.99451848558293e-06,
          "rotationZ":-90.00000250447816,
          "group":"fine_fabric",
          "faces":{
            "north":{
              "texture":"#grip",
              "uv":[
                16.0,
                0.0,
                14.0,
                16.0
              ],
              "autoUv":false
            },
            "east":{
              "texture":"#grip",
              "uv":[
                16.0,
                0.0,
                16.0,
                16.0
              ],
              "autoUv":false,
              "rotation":90
            },
            "south":{
              "texture":"#grip",
              "uv":[
                8.0,
                10.0,
                18.0,
                11.0
              ],
              "autoUv":false,
              "rotation":270
            },
            "west":{
              "texture":"#grip",
              "uv":[
                14.0,
                0.0,
                14.0,
                16.0
              ],
              "autoUv":false,
              "rotation":90
            },
            "up":{
              "texture":"#grip",
              "uv":[
                14.0,
                14.0,
                13.0,
                16.0
              ],
              "autoUv":false,
              "rotation":180
            },
            "down":{
              "texture":"#grip",
              "uv":[
                14.0,
                16.0,
                13.0,
                14.0
              ],
              "autoUv":false
            }
          },
          "children":[]
        },
        {
          "name":"fine_fabric 09",
          "from":[
            -7.160974383354187,
            -1.5139170289039612,
            -0.22141331434249878
          ],
          "to":[
            -6.118146061897278,
            2.3436607718467712,
            0.8214151263237
          ],
          "rotationOrigin":[
            -6.639560222625732,
            0.48869961500167847,
            0.30000096559524536
          ],
          "rotationX":-1.2722218725854067e-14,
          "rotationY":1.272222175906738e-14,
          "rotationZ":-90.00000933466734,
          "group":"fine_fabric",
          "faces":{
            "north":{
              "texture":"#grip",
              "uv":[
                18.0,
                13.0,
                8.0,
                17.0
              ],
              "autoUv":false,
              "rotation":90
            },
            "east":{
              "texture":"#grip",
              "uv":[
                28.0,
                0.0,
                28.0,
                16.0
              ],
              "autoUv":false,
              "rotation":90
            },
            "south":{
              "texture":"#grip",
              "uv":[
                18.0,
                13.0,
                8.0,
                17.0
              ],
              "autoUv":false,
              "rotation":90
            },
            "west":{
              "texture":"#grip",
              "uv":[
                20.0,
                0.0,
                20.0,
                16.0
              ],
              "autoUv":false,
              "rotation":90
            },
            "up":{
              "texture":"#grip",
              "uv":[
                16.0,
                15.000001907348633,
                11.999999046325684,
                19.000001907348633
              ],
              "autoUv":false,
              "rotation":270
            },
            "down":{
              "texture":"#grip",
              "uv":[
                16.0,
                18.999999046325684,
                11.999999046325684,
                14.999998092651367
              ],
              "autoUv":false,
              "rotation":270
            }
          },
          "children":[]
        }
      ]
    }
  ],
  "groups":[]
}