{
  "racialequality:dwarf": {
    //Armor
    "game:entity/humanoid/serapharmor/antique/blackguard-broken/body": "racialequality:entity/humanoid/armor/antique/blackguard-broken/body",
    "game:entity/humanoid/seraph/armor/antique/blackguard-broken/legs": "racialequality:entity/humanoid/armor/antique/blackguard-broken/legs",
    "game:entity/humanoid/seraph/armor/antique/blackguard-damaged/body": "racialequality:entity/humanoid/armor/antique/blackguard-damaged/body",
    "game:entity/humanoid/seraph/armor/antique/blackguard-damaged/legs": "racialequality:entity/humanoid/armor/antique/blackguard-damaged/legs",
    "game:entity/humanoid/seraph/armor/antique/blackguard-pristine/body": "racialequality:entity/humanoid/armor/antique/blackguard-pristine/body",
    "game:entity/humanoid/seraph/armor/antique/blackguard-pristine/legs": "racialequality:entity/humanoid/armor/antique/blackguard-pristine/legs",
    "game:entity/humanoid/seraph/armor/antique/forlorn-broken/body": "racialequality:entity/humanoid/armor/antique/forlorn-broken/body",
    "game:entity/humanoid/seraph/armor/antique/forlorn-broken/legs": "racialequality:entity/humanoid/armor/antique/forlorn-broken/legs",
    "game:entity/humanoid/seraph/armor/antique/forlorn-damaged/body": "racialequality:entity/humanoid/armor/antique/forlorn-damaged/body",
    "game:entity/humanoid/seraph/armor/antique/forlorn-damaged/legs": "racialequality:entity/humanoid/armor/antique/forlorn-damaged/legs",
    "game:entity/humanoid/seraph/armor/antique/forlorn-pristine/body": "racialequality:entity/humanoid/armor/antique/forlorn-pristine/body",
    "game:entity/humanoid/seraph/armor/antique/forlorn-pristine/legs": "racialequality:entity/humanoid/armor/antique/forlorn-pristine/legs",
    "game:entity/humanoid/seraph/armor/brigandine/body": "racialequality:entity/humanoid/armor/brigandine/body",
    "game:entity/humanoid/seraph/armor/brigandine/legs": "racialequality:entity/humanoid/armor/brigandine/legs",
    "game:entity/humanoid/seraph/armor/chain/body": "racialequality:entity/humanoid/armor/chain/body",
    "game:entity/humanoid/seraph/armor/chain/legs": "racialequality:entity/humanoid/armor/chain/legs",
    "game:entity/humanoid/seraph/armor/gambeson/body": "racialequality:entity/humanoid/armor/gambeson/body",
    "game:entity/humanoid/seraph/armor/gambeson/legs": "racialequality:entity/humanoid/armor/gambeson/legs",
    "game:entity/humanoid/seraph/armor/improvised/body": "racialequality:entity/humanoid/armor/improvised/body",
    "game:entity/humanoid/seraph/armor/jerkin/legs": "racialequality:entity/humanoid/armor/jerkin/legs",
    "game:entity/humanoid/seraph/armor/jerkin/body": "racialequality:entity/humanoid/armor/jerkin/body",
    "game:entity/humanoid/seraph/armor/padded/body": "racialequality:entity/humanoid/armor/padded/body",
    "game:entity/humanoid/seraph/armor/padded/legs": "racialequality:entity/humanoid/armor/padded/legs",
    "game:entity/humanoid/seraph/armor/plate/body": "racialequality:entity/humanoid/armor/plate/body",
    "game:entity/humanoid/seraph/armor/plate/legs": "racialequality:entity/humanoid/armor/plate/legs",
    "game:entity/humanoid/seraph/armor/scale/body": "racialequality:entity/humanoid/armor/scale/body",
    "game:entity/humanoid/seraph/armor/scale/legs": "racialequality:entity/humanoid/armor/scale/legs",

    //Серверная броня
    "khazaddum:entity/body": "racialequality:entity/humanoid/armor/dwarfplate/body",
    "khazaddum:entity/legs": "racialequality:entity/humanoid/armor/dwarfplate/legs",

    //Совместимость с CO (ну... так надо...)
    "game:combatoverhaul/armor/antique/blackguard-broken/body": "racialequality:entity/humanoid/combatoverhaul/armor/antique/blackguard-broken/body",
    "game:combatoverhaul/armor/antique/blackguard-broken/legs": "racialequality:entity/humanoid/combatoverhaul/armor/antique/blackguard-broken/legs",
    "game:combatoverhaul/armor/antique/blackguard-damaged/body": "racialequality:entity/humanoid/combatoverhaul/armor/antique/blackguard-damaged/body",
    "game:combatoverhaul/armor/antique/blackguard-damaged/legs": "racialequality:entity/humanoid/combatoverhaul/armor/antique/blackguard-damaged/legs",
    "game:combatoverhaul/armor/antique/blackguard-pristine/body": "racialequality:entity/humanoid/combatoverhaul/armor/antique/blackguard-pristine/body",
    "game:combatoverhaul/armor/antique/blackguard-pristine/legs": "racialequality:entity/humanoid/combatoverhaul/armor/antique/blackguard-pristine/legs",
    "game:combatoverhaul/armor/antique/forlorn-broken/body": "racialequality:entity/humanoid/combatoverhaul/armor/antique/forlorn-broken/body",
    "game:combatoverhaul/armor/antique/forlorn-broken/legs": "racialequality:entity/humanoid/combatoverhaul/armor/antique/forlorn-broken/legs",
    "game:combatoverhaul/armor/antique/forlorn-damaged/body": "racialequality:entity/humanoid/combatoverhaul/armor/antique/forlorn-damaged/body",
    "game:combatoverhaul/armor/antique/forlorn-damaged/legs": "racialequality:entity/humanoid/combatoverhaul/armor/antique/forlorn-damaged/legs",
    "game:combatoverhaul/armor/antique/forlorn-pristine/body": "racialequality:entity/humanoid/combatoverhaul/armor/antique/forlorn-pristine/body",
    "game:combatoverhaul/armor/antique/forlorn-pristine/legs": "racialequality:entity/humanoid/combatoverhaul/armor/antique/forlorn-pristine/legs",
    "game:combatoverhaul/armor/brigandine/body": "racialequality:entity/humanoid/combatoverhaul/armor/brigandine/body",
    "game:combatoverhaul/armor/brigandine/legs": "racialequality:entity/humanoid/combatoverhaul/armor/brigandine/legs",
    "game:combatoverhaul/armor/chain/body": "racialequality:entity/humanoid/combatoverhaul/armor/chain/body",
    "game:combatoverhaul/armor/chain/legs": "racialequality:entity/humanoid/combatoverhaul/armor/chain/legs",
    "game:combatoverhaul/armor/gambeson/body": "racialequality:entity/humanoid/combatoverhaul/armor/gambeson/body",
    "game:combatoverhaul/armor/gambeson/legs": "racialequality:entity/humanoid/combatoverhaul/armor/gambeson/legs",
    "game:combatoverhaul/armor/improvised/body": "racialequality:entity/humanoid/combatoverhaul/armor/improvised/body",
    "game:combatoverhaul/armor/jerkin/legs": "racialequality:entity/humanoid/combatoverhaul/armor/jerkin/legs",
    "game:combatoverhaul/armor/jerkin/body": "racialequality:entity/humanoid/combatoverhaul/armor/jerkin/body",
    "game:combatoverhaul/armor/padded/body": "racialequality:entity/humanoid/combatoverhaul/armor/padded/body",
    "game:combatoverhaul/armor/padded/legs": "racialequality:entity/humanoid/combatoverhaul/armor/padded/legs",
    "game:combatoverhaul/armor/plate/body": "racialequality:entity/humanoid/combatoverhaul/armor/plate/body",
    "game:combatoverhaul/armor/plate/legs": "racialequality:entity/humanoid/combatoverhaul/armor/plate/legs",
    "game:combatoverhaul/armor/scale/body": "racialequality:entity/humanoid/combatoverhaul/armor/scale/body",
    "game:combatoverhaul/armor/scale/legs": "racialequality:entity/humanoid/combatoverhaul/armor/scale/legs",
    //Clothing
    "game:entity/humanoid/seraph/clothing/hand/forlorn-bracer": "racialequality:entity/humanoid/clothing/hand/forlorn-bracer",
    "game:entity/humanoid/seraph/clothing/hand/gloves4816": "racialequality:entity/humanoid/clothing/hand/gloves4816",
    "game:entity/humanoid/seraph/clothing/hand/gloves4824": "racialequality:entity/humanoid/clothing/hand/gloves4824",
    "game:entity/humanoid/seraph/clothing/hand/gloves4832": "racialequality:entity/humanoid/clothing/hand/gloves4832",
    "game:entity/humanoid/seraph/clothing/hand/gloves4840": "racialequality:entity/humanoid/clothing/hand/gloves4840",
    "game:entity/humanoid/seraph/clothing/hand/scribe": "racialequality:entity/humanoid/clothing/hand/scribe",

    "game:entity/humanoid/seraph/clothing/foot/hunter-boots": "racialequality:entity/humanoid/clothing/foot/hunter-boots",
    "game:entity/humanoid/seraph/clothing/foot/jailor-boots": "racialequality:entity/humanoid/clothing/foot/jailor-boots",
    "game:entity/humanoid/seraph/clothing/foot/malefactor-boots": "racialequality:entity/humanoid/clothing/foot/malefactor-boots",
    "game:entity/humanoid/seraph/clothing/foot/messenger-shoes": "racialequality:entity/humanoid/clothing/foot/messenger-shoes",
    "game:entity/humanoid/seraph/clothing/foot/prince-boots": "racialequality:entity/humanoid/clothing/foot/prince-boots",
    "game:entity/humanoid/seraph/clothing/foot/squire-boots": "racialequality:entity/humanoid/clothing/foot/squire-boots",
    "game:entity/humanoid/seraph/clothing/foot/survivor": "racialequality:entity/humanoid/clothing/foot/survivor",
    "game:entity/humanoid/seraph/clothing/foot/tigh-high-boots": "racialequality:entity/humanoid/clothing/foot/tigh-high-boots",

    "game:entity/humanoid/seraph/clothing/lowerbody/clockmaker-pants": "racialequality:entity/humanoid/clothing/lowerbody/clockmaker-pants",
    "game:entity/humanoid/seraph/clothing/lowerbody/fisher": "racialequality:entity/humanoid/clothing/lowerbody/fisher",
    "game:entity/humanoid/seraph/clothing/lowerbody/king": "racialequality:entity/humanoid/clothing/lowerbody/king",
    "game:entity/humanoid/seraph/clothing/lowerbody/pants7": "racialequality:entity/humanoid/clothing/lowerbody/pants7",

    "game:entity/humanoid/seraph/clothing/shoulder/blacksmith-apron": "racialequality:entity/humanoid/clothing/shoulder/blacksmith-apron",
    "game:entity/humanoid/seraph/clothing/shoulder/cape": "racialequality:entity/humanoid/clothing/shoulder/cape",
    "game:entity/humanoid/seraph/clothing/shoulder/cape-hood": "racialequality:entity/humanoid/clothing/shoulder/cape-hood",
    "game:entity/humanoid/seraph/clothing/shoulder/clockmaker-apron": "racialequality:entity/humanoid/clothing/shoulder/clockmaker-apron",
    "game:entity/humanoid/seraph/clothing/shoulder/embroidered-collar": "racialequality:entity/humanoid/clothing/shoulder/embroidered-collar",
    "game:entity/humanoid/seraph/clothing/shoulder/hunter-poncho": "racialequality:entity/humanoid/clothing/shoulder/hunter-poncho",
    "game:entity/humanoid/seraph/clothing/shoulder/longsleeve": "racialequality:entity/humanoid/clothing/shoulder/longsleeve",
    "game:entity/humanoid/seraph/clothing/shoulder/longsleeve-hood": "racialequality:entity/humanoid/clothing/shoulder/longsleeve-hood",
    "game:entity/humanoid/seraph/clothing/shoulder/noble-fur-collar": "racialequality:entity/humanoid/clothing/shoulder/noble-fur-collar",
    "game:entity/humanoid/seraph/clothing/shoulder/sash-simple": "racialequality:entity/humanoid/clothing/shoulder/sash-simple",
    "game:entity/humanoid/seraph/clothing/shoulder/scarf-fancy1": "racialequality:entity/humanoid/clothing/shoulder/scarf-fancy1",
    "game:entity/humanoid/seraph/clothing/shoulder/scarf-simple": "racialequality:entity/humanoid/clothing/shoulder/scarf-simple",
    "game:entity/humanoid/seraph/clothing/shoulder/shortsleeve": "racialequality:entity/humanoid/clothing/shoulder/shortsleeve",
    "game:entity/humanoid/seraph/clothing/shoulder/shortsleeve-extended": "racialequality:entity/humanoid/clothing/shoulder/shortsleeve-extended",

    "game:entity/humanoid/seraph/clothing/upperbody/longsleeve": "racialequality:entity/humanoid/clothing/upperbody/longsleeve",
    "game:entity/humanoid/seraph/clothing/upperbody/longsleeve-extended": "racialequality:entity/humanoid/clothing/upperbody/longsleeve-extended",
    "game:entity/humanoid/seraph/clothing/upperbody/shortsleeve": "racialequality:entity/humanoid/clothing/upperbody/shortsleeve",

    "game:entity/humanoid/seraph/clothing/upperbodyover/longsleeve": "racialequality:entity/humanoid/clothing/upperbodyover/longsleeve",
    "game:entity/humanoid/seraph/clothing/upperbodyover/longsleeve-extended": "racialequality:entity/humanoid/clothing/upperbodyover/longsleeve-extended",
    "game:entity/humanoid/seraph/clothing/upperbodyover/longsleeve-hood": "racialequality:entity/humanoid/clothing/upperbodyover/longsleeve-hood",
    "game:entity/humanoid/seraph/clothing/upperbodyover/shortsleeve": "racialequality:entity/humanoid/clothing/upperbodyover/shortsleeve",
    "game:entity/humanoid/seraph/clothing/upperbodyover/surgeon-apron": "racialequality:entity/humanoid/clothing/upperbodyover/surgeon-apron"

  }
}