{
  "textureWidth":16,
  "textureHeight":16,
  "textures":{
    "material":"game:item/tool/material/string"
  },
  "textureSizes":{
    "material":[
      32,
      32
    ]
  },
  "elements":[
    {
      "name":"origin",
      "from":[
        10.79720687866211,
        -6.257323741912842,
        8.21067351102829
      ],
      "to":[
        10.79720687866211,
        -6.257323741912842,
        8.21067351102829
      ],
      "rotationOrigin":[
        8.0,
        0.0,
        8.0
      ],
      "group":"fine_string_metalhead",
      "faces":{
        "north":{
          "texture":"#0",
          "uv":[
            0,
            0,
            4,
            4
          ],
          "autoUv":false
        },
        "east":{
          "texture":"#0",
          "uv":[
            0,
            0,
            4,
            4
          ],
          "autoUv":false
        },
        "south":{
          "texture":"#0",
          "uv":[
            0,
            0,
            4,
            4
          ],
          "autoUv":false
        },
        "west":{
          "texture":"#0",
          "uv":[
            0,
            0,
            4,
            4
          ],
          "autoUv":false
        },
        "up":{
          "texture":"#material",
          "uv":[
            0.0,
            0.0,
            1.0,
            1.0
          ],
          "autoUv":false,
          "rotation":180
        },
        "down":{
          "texture":"#0",
          "uv":[
            0,
            0,
            4,
            4
          ],
          "autoUv":false
        }
      },
      "children":[
        {
          "name":"fine_string_metalhead1",
          "from":[
            -9.472592666745186,
            6.407478988170624,
            0.9225812554359436
          ],
          "to":[
            -9.107512161135674,
            7.561877548694611,
            2.058760702610016
          ],
          "rotationOrigin":[
            -9.29005241394043,
            6.984678268432617,
            1.4906709790229797
          ],
          "rotationY":-93.93898625920286,
          "group":"fine_string_metalhead",
          "faces":{
            "north":{
              "texture":"#material",
              "uv":[
                4.0,
                5.0,
                1.0,
                6.0
              ],
              "autoUv":false,
              "rotation":90
            },
            "east":{
              "texture":"#material",
              "uv":[
                22.0,
                3.999998092651367,
                17.0,
                7.0
              ],
              "autoUv":false
            },
            "south":{
              "texture":"#material",
              "uv":[
                4.0,
                5.0,
                1.0,
                6.0
              ],
              "autoUv":false,
              "rotation":90
            },
            "west":{
              "texture":"#material",
              "uv":[
                22.0,
                3.999998092651367,
                17.0,
                7.0
              ],
              "autoUv":false
            },
            "up":{
              "texture":"#material",
              "uv":[
                22.0,
                3.999998092651367,
                21.0,
                8.0
              ],
              "autoUv":false
            },
            "down":{
              "texture":"#material",
              "uv":[
                21.0,
                8.0,
                22.0,
                3.999998092651367
              ],
              "autoUv":false,
              "rotation":180
            }
          },
          "children":[]
        },
        {
          "name":"fine_string_metalhead2",
          "from":[
            -9.45004491508007,
            6.391877293586731,
            0.5753465294837952
          ],
          "to":[
            -9.084964469075203,
            7.577479243278503,
            1.7115259766578674
          ],
          "rotationOrigin":[
            -9.267504692077637,
            6.984678268432617,
            1.1434362530708313
          ],
          "rotationY":-79.90419743944477,
          "group":"fine_string_metalhead",
          "faces":{
            "north":{
              "texture":"#material",
              "uv":[
                19.0,
                5.0,
                22.0,
                6.0
              ],
              "autoUv":false,
              "rotation":90
            },
            "east":{
              "texture":"#material",
              "uv":[
                1.0,
                3.999998092651367,
                6.0,
                7.0
              ],
              "autoUv":false
            },
            "south":{
              "texture":"#material",
              "uv":[
                19.0,
                5.0,
                22.0,
                6.0
              ],
              "autoUv":false,
              "rotation":90
            },
            "west":{
              "texture":"#material",
              "uv":[
                1.0,
                3.999998092651367,
                6.0,
                7.0
              ],
              "autoUv":false
            },
            "up":{
              "texture":"#material",
              "uv":[
                1.0,
                3.999998092651367,
                2.0,
                8.0
              ],
              "autoUv":false
            },
            "down":{
              "texture":"#material",
              "uv":[
                2.0,
                8.0,
                1.0,
                3.999998092651367
              ],
              "autoUv":false,
              "rotation":180
            }
          },
          "children":[]
        },
        {
          "name":"fine_string_metalhead3",
          "from":[
            2.9889180213212967,
            6.388838827610016,
            0.9712847471237183
          ],
          "to":[
            3.3539984673261642,
            7.5805177092552185,
            2.1074635982513428
          ],
          "rotationOrigin":[
            3.1714582443237305,
            6.984678268432617,
            1.5393741726875305
          ],
          "rotationY":-86.4423891922503,
          "group":"fine_string_metalhead",
          "faces":{
            "north":{
              "texture":"#material",
              "uv":[
                19.0,
                5.0,
                22.0,
                6.0
              ],
              "autoUv":false,
              "rotation":90
            },
            "east":{
              "texture":"#material",
              "uv":[
                1.0,
                3.999998092651367,
                6.0,
                7.0
              ],
              "autoUv":false
            },
            "south":{
              "texture":"#material",
              "uv":[
                19.0,
                5.0,
                22.0,
                6.0
              ],
              "autoUv":false,
              "rotation":90
            },
            "west":{
              "texture":"#material",
              "uv":[
                1.0,
                3.999998092651367,
                6.0,
                7.0
              ],
              "autoUv":false
            },
            "up":{
              "texture":"#material",
              "uv":[
                1.0,
                3.999998092651367,
                2.0,
                8.0
              ],
              "autoUv":false
            },
            "down":{
              "texture":"#material",
              "uv":[
                2.0,
                8.0,
                1.0,
                3.999998092651367
              ],
              "autoUv":false,
              "rotation":180
            }
          },
          "children":[]
        },
        {
          "name":"fine_string_metalhead4",
          "from":[
            3.006054624915123,
            6.407478988170624,
            0.5212324857711792
          ],
          "to":[
            3.3711350113153458,
            7.561877548694611,
            1.6574113368988037
          ],
          "rotationOrigin":[
            3.1885948181152344,
            6.984678268432617,
            1.0893219113349915
          ],
          "rotationY":-94.57986973921433,
          "group":"fine_string_metalhead",
          "faces":{
            "north":{
              "texture":"#material",
              "uv":[
                4.0,
                5.0,
                1.0,
                6.0
              ],
              "autoUv":false,
              "rotation":90
            },
            "east":{
              "texture":"#material",
              "uv":[
                22.0,
                3.999998092651367,
                17.0,
                7.0
              ],
              "autoUv":false
            },
            "south":{
              "texture":"#material",
              "uv":[
                4.0,
                5.0,
                1.0,
                6.0
              ],
              "autoUv":false,
              "rotation":90
            },
            "west":{
              "texture":"#material",
              "uv":[
                22.0,
                3.999998092651367,
                17.0,
                7.0
              ],
              "autoUv":false
            },
            "up":{
              "texture":"#material",
              "uv":[
                22.0,
                3.999998092651367,
                21.0,
                8.0
              ],
              "autoUv":false
            },
            "down":{
              "texture":"#material",
              "uv":[
                21.0,
                8.0,
                22.0,
                3.999998092651367
              ],
              "autoUv":false,
              "rotation":180
            }
          },
          "children":[]
        },
        {
          "name":"fine_string_metalhead5",
          "from":[
            -3.979890823364258,
            6.417111456394196,
            -2.6446036100387573
          ],
          "to":[
            -3.673873394727707,
            7.582888543605804,
            -1.8389753997325897
          ],
          "rotationOrigin":[
            -4.131350517272949,
            7.0,
            -2.2417895197868347
          ],
          "rotationX":-4.986355756502641e-12,
          "rotationY":8.435211054205816,
          "rotationZ":-179.9998957259296,
          "group":"fine_string_metalhead",
          "faces":{
            "north":{
              "texture":"#material",
              "uv":[
                17.000001907348633,
                6.0,
                16.0,
                8.999706268310547
              ],
              "autoUv":false,
              "rotation":180
            },
            "east":{
              "texture":"#material",
              "uv":[
                0.0,
                25.16666603088379,
                0.0,
                25.16666603088379
              ],
              "autoUv":false,
              "rotation":180
            },
            "south":{
              "texture":"#material",
              "uv":[
                16.0,
                6.0,
                17.0,
                8.999706268310547
              ],
              "autoUv":false,
              "rotation":180
            },
            "west":{
              "texture":"#material",
              "uv":[
                0.0,
                25.16666603088379,
                0.0,
                25.16666603088379
              ],
              "autoUv":false
            },
            "up":{
              "texture":"#material",
              "uv":[
                19.0,
                6.0,
                18.0,
                9.000289916992188
              ],
              "autoUv":false
            },
            "down":{
              "texture":"#material",
              "uv":[
                19.0,
                9.000289916992188,
                18.0,
                6.0
              ],
              "autoUv":false,
              "rotation":180
            }
          },
          "children":[]
        },
        {
          "name":"fine_string_metalhead6",
          "from":[
            -4.369441166520119,
            6.38834547996521,
            -2.6681761741638184
          ],
          "to":[
            -4.041404873132706,
            7.61165452003479,
            -1.8045805394649506
          ],
          "rotationOrigin":[
            -4.531798839569092,
            7.0,
            -2.2363783717155457
          ],
          "rotationX":-9.825857786816867e-12,
          "rotationY":25.112785332723078,
          "rotationZ":-179.9998957259296,
          "group":"fine_string_metalhead",
          "faces":{
            "north":{
              "texture":"#material",
              "uv":[
                1.9999980926513672,
                6.0,
                3.0,
                8.999706268310547
              ],
              "autoUv":false,
              "rotation":180
            },
            "east":{
              "texture":"#material",
              "uv":[
                19.0,
                25.16666603088379,
                19.0,
                25.16666603088379
              ],
              "autoUv":false,
              "rotation":180
            },
            "south":{
              "texture":"#material",
              "uv":[
                3.0,
                6.0,
                2.0,
                8.999706268310547
              ],
              "autoUv":false,
              "rotation":180
            },
            "west":{
              "texture":"#material",
              "uv":[
                19.0,
                25.16666603088379,
                19.0,
                25.16666603088379
              ],
              "autoUv":false
            },
            "up":{
              "texture":"#material",
              "uv":[
                0.0,
                6.0,
                1.0,
                9.000289916992188
              ],
              "autoUv":false
            },
            "down":{
              "texture":"#material",
              "uv":[
                0.0,
                9.000289916992188,
                1.0,
                6.0
              ],
              "autoUv":false,
              "rotation":180
            }
          },
          "children":[]
        }
      ]
    }
  ],
  "groups":[]
}