{
	"editor": {
		"backDropShape": "C:/Users/Jesus/Documents/VintageMod/MyShapes/CHARmod/dwarf-faceless",
		"allAngles": true,
		"entityTextureMode": true
	},
	"textureWidth": 64,
	"textureHeight": 64,
	"textureSizes": {
	},
	"textures": {
	},
	"elements": [
		{
			"name": "ArmorUpperLegR",
			"stepParentName": "UpperFootR",
			"from": [ -0.2, -0.5, -0.3 ],
			"to": [ 4.4, 4.0, 3.5 ],
			"autoUnwrap": false,
			"uv": [ 16.0, 33.0 ],
			"rotationOrigin": [ -0.2, -0.5, -0.3 ],
			"faces": {
				"north": { "texture": "#blackguard-destroyed", "uv": [ 16.0, 36.5, 20.5, 41.0 ] },
				"east": { "texture": "#blackguard-destroyed", "uv": [ 28.5, 36.5, 32.0, 41.0 ] },
				"south": { "texture": "#blackguard-destroyed", "uv": [ 24.0, 36.5, 28.5, 41.0 ] },
				"west": { "texture": "#blackguard-destroyed", "uv": [ 20.5, 36.5, 24.0, 41.0 ] },
				"up": { "texture": "#blackguard-destroyed", "uv": [ 16.0, 33.0, 20.5, 36.5 ] },
				"down": { "texture": "#blackguard-destroyed", "uv": [ 24.0, 33.0, 28.5, 36.5 ] }
			}
		},
		{
			"name": "ArmorUpperLegL",
			"stepParentName": "UpperFootL",
			"from": [ -0.2, -0.5, -0.3 ],
			"to": [ 4.4, 4.0, 3.5 ],
			"autoUnwrap": false,
			"uv": [ 0.0, 33.0 ],
			"rotationOrigin": [ -0.2, -0.5, -0.3 ],
			"faces": {
				"north": { "texture": "#blackguard-destroyed", "uv": [ 0.0, 36.5, 4.5, 41.0 ] },
				"east": { "texture": "#blackguard-destroyed", "uv": [ 12.5, 36.5, 16.0, 41.0 ] },
				"south": { "texture": "#blackguard-destroyed", "uv": [ 8.0, 36.5, 12.5, 41.0 ] },
				"west": { "texture": "#blackguard-destroyed", "uv": [ 4.5, 36.5, 8.0, 41.0 ] },
				"up": { "texture": "#blackguard-destroyed", "uv": [ 0.0, 33.0, 4.5, 36.5 ] },
				"down": { "texture": "#blackguard-destroyed", "uv": [ 8.0, 33.0, 12.5, 36.5 ] }
			}
		},
		{
			"name": "ArmorLowerLegR",
			"stepParentName": "LowerFootR",
			"from": [ -0.3, 2.8, -0.25 ],
			"to": [ 4.2, 6.3, 3.25 ],
			"autoUnwrap": false,
			"uv": [ 16.0, 44.0 ],
			"rotationOrigin": [ -0.3, 2.8, -0.4 ],
			"faces": {
				"north": { "texture": "#blackguard-destroyed", "uv": [ 16.0, 47.5, 20.5, 51.0 ] },
				"east": { "texture": "#blackguard-destroyed", "uv": [ 28.5, 47.5, 32.0, 51.0 ] },
				"south": { "texture": "#blackguard-destroyed", "uv": [ 24.0, 47.5, 28.5, 51.0 ] },
				"west": { "texture": "#blackguard-destroyed", "uv": [ 20.5, 47.5, 24.0, 51.0 ] },
				"up": { "texture": "#blackguard-destroyed", "uv": [ 16.0, 44.0, 20.5, 47.5 ] },
				"down": { "texture": "#blackguard-destroyed", "uv": [ 24.0, 44.0, 28.5, 47.5 ] }
			}
		},
		{
			"name": "ArmorLowerLegL",
			"stepParentName": "LowerFootL",
			"from": [ -0.3, 3.8, -0.25 ],
			"to": [ 4.2, 6.3, 3.25 ],
			"autoUnwrap": false,
			"uv": [ 0.0, 44.0 ],
			"rotationOrigin": [ -0.3, 3.8, -0.4 ],
			"faces": {
				"north": { "texture": "#blackguard-destroyed", "uv": [ 0.0, 47.5, 4.5, 50.0 ] },
				"east": { "texture": "#blackguard-destroyed", "uv": [ 12.5, 47.5, 16.0, 50.0 ] },
				"south": { "texture": "#blackguard-destroyed", "uv": [ 8.0, 47.5, 12.5, 50.0 ] },
				"west": { "texture": "#blackguard-destroyed", "uv": [ 4.5, 47.5, 8.0, 50.0 ] },
				"up": { "texture": "#blackguard-destroyed", "uv": [ 0.0, 44.0, 4.5, 47.5 ] },
				"down": { "texture": "#blackguard-destroyed", "uv": [ 8.0, 44.0, 12.5, 47.5 ] }
			}
		}
	]}