[
  {
    "op": "replace",
    "path": "/server/behaviors/6/drops/0/quantity/avg",
    "value": 2.5,
    "file": "game:entities/water/salmon.json",
    "side": "Server"
  },
  {
    "op": "replace",
    "path": "/server/behaviors/6/drops/0/quantity/var",
    "value": 0.5,
    "file": "game:entities/water/salmon.json",
    "side": "Server"
  },
  {
    "op": "replace",
    "path": "/server/spawnconditions/runtime/chance",
    "value": 0.1,
    "file": "game:entities/water/salmon.json",
    "side": "Server"
  },
  {
    "op": "replace",
    "path": "/server/spawnconditions/runtime/groupSize/avg",
    "value": 4,
    "file": "game:entities/water/salmon.json",
    "side": "Server"
  },
  {
    "op": "replace",
    "path": "/server/spawnconditions/runtime/groupSize/var",
    "value": 1,
    "file": "game:entities/water/salmon.json",
    "side": "Server"
  },
  {
    "op": "replace",
    "path": "/server/spawnconditions/worldgen/groupSize/avg",
    "value": 4,
    "file": "game:entities/water/salmon.json",
    "side": "Server"
  },
  {
    "op": "replace",
    "path": "/server/spawnconditions/worldgen/groupSize/var",
    "value": 1,
    "file": "game:entities/water/salmon.json",
    "side": "Server"
  },
  {
    "op": "replace",
    "path": "/server/spawnconditions/worldgen/TriesPerChunk/avg",
    "value": 1.0,
    "file": "game:entities/water/salmon.json",
    "side": "Server"
  }
]