[
  {
    "op": "replace",
    "path": "/server/behaviors/7/drops/0/quantityByType/*-adult/avg",
    "value": 20,
    "file": "game:entities/land/hooved/moose.json",
    "side": "Server"
  },
  {
    "op": "replace",
    "path": "/server/behaviors/7/drops/0/quantityByType/*-baby/avg",
    "value": 5,
    "file": "game:entities/land/hooved/moose.json",
    "side": "Server"
  },
  {
    "op": "replace",
    "path": "/server/behaviors/7/drops/1/quantityByType/*-adult/avg",
    "value": 3,
    "file": "game:entities/land/hooved/moose.json",
    "side": "Server"
  },
  {
    "op": "replace",
    "path": "/server/behaviors/7/drops/1/quantityByType/*-baby/avg",
    "value": 1,
    "file": "game:entities/land/hooved/moose.json",
    "side": "Server"
  },
  {
    "op": "replace",
    "path": "/server/behaviors/7/drops/2/quantityByType/*-baby/avg",
    "value": 0,
    "file": "game:entities/land/hooved/moose.json",
    "side": "Server"
  },
  {
    "op": "replace",
    "path": "/server/behaviors/7/drops/3/quantityByType/*-adult/avg",
    "value": 4,
    "file": "game:entities/land/hooved/moose.json",
    "side": "Server"
  }
]