{
  "editor": {
		"allAngles": false,
		"entityTextureMode": false
  },
  "textureWidth": 16,
  "textureHeight": 16,
  "textureSizes": {
  },
  "textures": {
    "all": "block/lakeicehay"
  },
  "elements": [
    {
	  "name": "Cube1",
      "from": [ 1.0, 1.0, 1.0 ],
      "to":   [ 15.0, 15.0, 15.0 ],
	  "rotationOrigin": [ 1.0, 1.0, 1.0 ],
      "faces": {
        "up": { "texture": "#all" "uv": [ 0.0, 0.0, 14.0, 14.0 ] },
        "down": { "texture": "#all" "uv": [ 0.0, 0.0, 14.0, 14.0 ] },
        "north": { "texture": "#all" "uv": [ 0.0, 0.0, 14.0, 14.0 ] },
        "south": { "texture": "#all" "uv": [ 0.0, 0.0, 14.0, 14.0 ] },
        "west": { "texture": "#all" "uv": [ 0.0, 0.0, 14.0, 14.0 ] },
        "east": { "texture": "#all" "uv": [ 0.0, 0.0, 14.0, 14.0 ] }
      }
    }
  ]
}
