{
	"editor": {
		"backDropShape": "entity/humanoid/seraph/seraph-hairless",
		"collapsedPaths": "Root/Cube2,Root/Cube3",
		"allAngles": true,
		"entityTextureMode": true
	},
	"textureWidth": 64,
	"textureHeight": 64,
	"textureSizes": {
		"seraph": [64,64]
	},
	"textures": {
		"seraph": "game:entity/humanoid/seraph-naked-hairless"
	},
	"elements": [
		{
			"name": "Cube4",
			"stepParentName": "Head",
			"from": [ -2.5, 3.5, 2.25 ],
			"to": [ -2.5, 3.5, 2.25 ],
			"uv": [ 11.25, 0.75 ],
			"rotationOrigin": [ -2.5, 3.5, -1.7 ],
			"rotationY": 90.0,
			"rotationZ": 34.0,
			"faces": {
				"north": { "texture": "#seraph", "uv": [ 11.5, 1.5, 12.0, 2.0 ] },
				"east": { "texture": "#seraph", "uv": [ 12.0, 1.5, 12.5, 2.0 ] },
				"south": { "texture": "#seraph", "uv": [ 12.5, 1.5, 13.0, 2.0 ] },
				"west": { "texture": "#seraph", "uv": [ 13.0, 1.5, 13.5, 2.0 ] },
				"up": { "texture": "#seraph", "uv": [ 11.5, 1.0, 12.0, 1.5 ] },
				"down": { "texture": "#seraph", "uv": [ 12.0, 1.0, 12.5, 1.5 ] }
			},
			"children": [
				{
					"name": "Cube2",
					"from": [ -26.1807, -16.9639, -5.5 ],
					"to": [ -26.1807, -16.9639, -5.5 ],
					"uv": [ 9.25, 2.25 ],
					"rotationOrigin": [ -26.1807, -16.9639, -5.5 ],
					"rotationZ": -34.0,
					"faces": {
						"north": { "texture": "#seraph", "uv": [ 9.5, 3.0, 10.0, 3.5 ] },
						"east": { "texture": "#seraph", "uv": [ 10.0, 3.0, 10.5, 3.5 ] },
						"south": { "texture": "#seraph", "uv": [ 10.5, 3.0, 11.0, 3.5 ] },
						"west": { "texture": "#seraph", "uv": [ 11.0, 3.0, 11.5, 3.5 ] },
						"up": { "texture": "#seraph", "uv": [ 9.5, 2.5, 10.0, 3.0 ] },
						"down": { "texture": "#seraph", "uv": [ 10.0, 2.5, 10.5, 3.0 ] }
					},
					"children": [
						{
							"name": "Cube5",
							"from": [ 0.0, 0.0, 0.0 ],
							"to": [ 0.0, 0.0, 0.0 ],
							"uv": [ 10.5, 5.75 ],
							"rotationOrigin": [ 3.7, 29.0, 5.7 ],
							"rotationY": -10.0,
							"faces": {
								"north": { "texture": "#seraph", "uv": [ 10.5, 6.5, 11.0, 7.0 ] },
								"east": { "texture": "#seraph", "uv": [ 11.0, 6.5, 11.5, 7.0 ] },
								"south": { "texture": "#seraph", "uv": [ 11.5, 6.5, 12.0, 7.0 ] },
								"west": { "texture": "#seraph", "uv": [ 12.0, 6.5, 12.5, 7.0 ] },
								"up": { "texture": "#seraph", "uv": [ 10.5, 6.0, 11.0, 6.5 ] },
								"down": { "texture": "#seraph", "uv": [ 11.0, 6.0, 11.5, 6.5 ] }
							},
							"children": [
								{
									"name": "cuber1",
									"from": [ 4.5, 27.5, 5.5 ],
									"to": [ 6.0, 28.5, 5.7 ],
									"uv": [ 20.75, 3.0 ],
									"rotationOrigin": [ 5.0, 27.5, 6.5 ],
									"rotationZ": -35.0,
									"faces": {
										"north": { "texture": "#seraph", "uv": [ 21.0, 3.5, 22.5, 4.5 ] },
										"east": { "texture": "#seraph", "uv": [ 22.5, 3.5, 23.0, 4.5 ] },
										"south": { "texture": "#seraph", "uv": [ 23.0, 3.5, 24.5, 4.5 ] },
										"west": { "texture": "#seraph", "uv": [ 24.5, 3.5, 25.0, 4.5 ], "windMode": [-1,-1,-1,-1], "windData": [1,1,1,1] },
										"up": { "texture": "#seraph", "uv": [ 21.0, 3.0, 22.5, 3.5 ] },
										"down": { "texture": "#seraph", "uv": [ 22.5, 3.0, 24.0, 3.5 ] }
									}
								},
								{
									"name": "cuber3",
									"from": [ 2.744, 27.4332, 5.501 ],
									"to": [ 4.444, 27.6832, 5.701 ],
									"uv": [ 16.75, 2.25 ],
									"rotationOrigin": [ 4.944, 27.4332, 6.5 ],
									"rotationZ": -47.0,
									"faces": {
										"north": { "texture": "#seraph", "uv": [ 17.0, 3.0, 18.5, 3.5 ] },
										"east": { "texture": "#seraph", "uv": [ 18.5, 3.0, 19.0, 3.5 ] },
										"south": { "texture": "#seraph", "uv": [ 19.0, 3.0, 20.5, 3.5 ] },
										"west": { "texture": "#seraph", "uv": [ 20.5, 3.0, 21.0, 3.5 ] },
										"up": { "texture": "#seraph", "uv": [ 17.0, 2.5, 18.5, 3.0 ] },
										"down": { "texture": "#seraph", "uv": [ 18.5, 2.5, 20.0, 3.0 ] }
									}
								},
								{
									"name": "cuber4",
									"from": [ 3.45, 27.75, 5.499 ],
									"to": [ 4.5, 28.5, 5.699 ],
									"uv": [ 21.25, 5.25 ],
									"rotationOrigin": [ 5.0, 27.5, 6.5 ],
									"rotationZ": -35.0,
									"faces": {
										"north": { "texture": "#seraph", "uv": [ 21.5, 6.0, 22.5, 6.5 ] },
										"east": { "texture": "#seraph", "uv": [ 22.5, 6.0, 23.0, 6.5 ] },
										"south": { "texture": "#seraph", "uv": [ 23.0, 6.0, 24.0, 6.5 ] },
										"west": { "texture": "#seraph", "uv": [ 24.0, 6.0, 24.5, 6.5 ] },
										"up": { "texture": "#seraph", "uv": [ 21.5, 5.5, 22.5, 6.0 ] },
										"down": { "texture": "#seraph", "uv": [ 22.5, 5.5, 23.5, 6.0 ] }
									}
								},
								{
									"name": "cuber5",
									"from": [ 3.45, 28.35, 5.4 ],
									"to": [ 4.5, 28.5, 5.5 ],
									"uv": [ 17.75, 0.25 ],
									"rotationOrigin": [ 5.0, 27.5, 6.55 ],
									"rotationZ": -35.0,
									"faces": {
										"north": { "texture": "#seraph", "uv": [ 18.0, 1.0, 19.0, 1.5 ] },
										"east": { "texture": "#seraph", "uv": [ 19.0, 1.0, 19.5, 1.5 ] },
										"south": { "texture": "#seraph", "uv": [ 19.5, 1.0, 20.5, 1.5 ] },
										"west": { "texture": "#seraph", "uv": [ 20.5, 1.0, 21.0, 1.5 ] },
										"up": { "texture": "#seraph", "uv": [ 18.0, 0.5, 19.0, 1.0 ] },
										"down": { "texture": "#seraph", "uv": [ 19.0, 0.5, 20.0, 1.0 ] }
									}
								},
								{
									"name": "cuber6",
									"from": [ 3.54, 28.299, 5.5 ],
									"to": [ 4.04, 28.799, 5.7 ],
									"uv": [ 18.75, 3.25 ],
									"rotationOrigin": [ 6.04, 27.799, 6.5 ],
									"rotationZ": -12.5,
									"faces": {
										"north": { "texture": "#seraph", "uv": [ 19.0, 4.0, 19.5, 4.5 ] },
										"east": { "texture": "#seraph", "uv": [ 19.5, 4.0, 20.0, 4.5 ] },
										"south": { "texture": "#seraph", "uv": [ 20.0, 4.0, 20.5, 4.5 ] },
										"west": { "texture": "#seraph", "uv": [ 20.5, 4.0, 21.0, 4.5 ] },
										"up": { "texture": "#seraph", "uv": [ 19.0, 3.5, 19.5, 4.0 ] },
										"down": { "texture": "#seraph", "uv": [ 19.5, 3.5, 20.0, 4.0 ] }
									}
								},
								{
									"name": "cuber7",
									"from": [ 3.7973, 29.1133, 5.4434 ],
									"to": [ 4.2973, 29.2633, 5.5434 ],
									"uv": [ 21.25, 6.25 ],
									"rotationOrigin": [ 4.0473, 29.1883, 5.4434 ],
									"rotationY": 10.0,
									"rotationZ": -12.5,
									"faces": {
										"north": { "texture": "#seraph", "uv": [ 21.5, 7.0, 22.0, 7.5 ] },
										"east": { "texture": "#seraph", "uv": [ 22.0, 7.0, 22.5, 7.5 ] },
										"south": { "texture": "#seraph", "uv": [ 22.5, 7.0, 23.0, 7.5 ] },
										"west": { "texture": "#seraph", "uv": [ 23.0, 7.0, 23.5, 7.5 ] },
										"up": { "texture": "#seraph", "uv": [ 21.5, 6.5, 22.0, 7.0 ] },
										"down": { "texture": "#seraph", "uv": [ 22.0, 6.5, 22.5, 7.0 ] }
									}
								},
								{
									"name": "cuber8",
									"from": [ 3.3413, 29.0249, 5.5 ],
									"to": [ 3.8413, 29.2749, 5.7 ],
									"uv": [ 20.75, 0.0 ],
									"rotationOrigin": [ 3.5912, 29.1499, 5.6 ],
									"rotationZ": 10.0,
									"faces": {
										"north": { "texture": "#seraph", "uv": [ 21.0, 0.5, 21.5, 1.0 ] },
										"east": { "texture": "#seraph", "uv": [ 21.5, 0.5, 22.0, 1.0 ] },
										"south": { "texture": "#seraph", "uv": [ 22.0, 0.5, 22.5, 1.0 ] },
										"west": { "texture": "#seraph", "uv": [ 22.5, 0.5, 23.0, 1.0 ] },
										"up": { "texture": "#seraph", "uv": [ 21.0, 0.0, 21.5, 0.5 ] },
										"down": { "texture": "#seraph", "uv": [ 21.5, 0.0, 22.0, 0.5 ] }
									}
								},
								{
									"name": "cuber9",
									"from": [ 3.3457, 29.3181, 5.5 ],
									"to": [ 3.5207, 29.4681, 5.7 ],
									"uv": [ 20.75, 1.0 ],
									"rotationOrigin": [ 3.6707, 29.1432, 5.6 ],
									"rotationZ": 51.25,
									"faces": {
										"north": { "texture": "#seraph", "uv": [ 21.0, 1.5, 21.5, 2.0 ] },
										"east": { "texture": "#seraph", "uv": [ 21.5, 1.5, 22.0, 2.0 ] },
										"south": { "texture": "#seraph", "uv": [ 22.0, 1.5, 22.5, 2.0 ] },
										"west": { "texture": "#seraph", "uv": [ 22.5, 1.5, 23.0, 2.0 ] },
										"up": { "texture": "#seraph", "uv": [ 21.0, 1.0, 21.5, 1.5 ] },
										"down": { "texture": "#seraph", "uv": [ 21.5, 1.0, 22.0, 1.5 ] }
									}
								},
								{
									"name": "cuber10",
									"from": [ 3.0189, 28.7229, 5.501 ],
									"to": [ 3.6189, 28.9729, 5.701 ],
									"uv": [ 20.75, 2.0 ],
									"rotationOrigin": [ 3.6689, 28.4478, 5.6 ],
									"rotationZ": -34.0,
									"faces": {
										"north": { "texture": "#seraph", "uv": [ 21.0, 2.5, 21.5, 3.0 ] },
										"east": { "texture": "#seraph", "uv": [ 21.5, 2.5, 22.0, 3.0 ] },
										"south": { "texture": "#seraph", "uv": [ 22.0, 2.5, 22.5, 3.0 ] },
										"west": { "texture": "#seraph", "uv": [ 22.5, 2.5, 23.0, 3.0 ] },
										"up": { "texture": "#seraph", "uv": [ 21.0, 2.0, 21.5, 2.5 ] },
										"down": { "texture": "#seraph", "uv": [ 21.5, 2.0, 22.0, 2.5 ] }
									}
								},
								{
									"name": "cuber2",
									"from": [ 4.5, 28.35, 5.4 ],
									"to": [ 6.0, 28.5, 5.5 ],
									"uv": [ 21.25, 4.25 ],
									"rotationOrigin": [ 5.0, 27.5, 6.55 ],
									"rotationZ": -35.0,
									"faces": {
										"north": { "texture": "#seraph", "uv": [ 21.5, 5.0, 23.0, 5.5 ] },
										"east": { "texture": "#seraph", "uv": [ 23.0, 5.0, 23.5, 5.5 ] },
										"south": { "texture": "#seraph", "uv": [ 23.5, 5.0, 25.0, 5.5 ] },
										"west": { "texture": "#seraph", "uv": [ 25.0, 5.0, 25.5, 5.5 ] },
										"up": { "texture": "#seraph", "uv": [ 21.5, 4.5, 23.0, 5.0 ] },
										"down": { "texture": "#seraph", "uv": [ 23.0, 4.5, 24.5, 5.0 ] }
									}
								}
							]
						}
					]
				},
				{
					"name": "Cube3",
					"from": [ 0.0, 0.0, 0.0 ],
					"to": [ 0.0, 0.0, 0.0 ],
					"uv": [ 9.75, 4.25 ],
					"rotationOrigin": [ 0.0, 0.0, 0.0 ],
					"rotationY": 10.0,
					"faces": {
						"north": { "texture": "#seraph", "uv": [ 10.0, 5.0, 10.5, 5.5 ] },
						"east": { "texture": "#seraph", "uv": [ 10.5, 5.0, 11.0, 5.5 ] },
						"south": { "texture": "#seraph", "uv": [ 11.0, 5.0, 11.5, 5.5 ] },
						"west": { "texture": "#seraph", "uv": [ 11.5, 5.0, 12.0, 5.5 ] },
						"up": { "texture": "#seraph", "uv": [ 10.0, 4.5, 10.5, 5.0 ] },
						"down": { "texture": "#seraph", "uv": [ 10.5, 4.5, 11.0, 5.0 ] }
					},
					"children": [
						{
							"name": "cubel10",
							"from": [ 0.0, 0.0, 0.0 ],
							"to": [ 0.6, 0.25, 0.2 ],
							"uv": [ 15.75, 3.25 ],
							"rotationOrigin": [ -0.05, -0.275, 0.1 ],
							"faces": {
								"north": { "texture": "#seraph", "uv": [ 16.0, 4.0, 16.5, 4.5 ] },
								"east": { "texture": "#seraph", "uv": [ 16.5, 4.0, 17.0, 4.5 ] },
								"south": { "texture": "#seraph", "uv": [ 17.0, 4.0, 17.5, 4.5 ] },
								"west": { "texture": "#seraph", "uv": [ 17.5, 4.0, 18.0, 4.5 ] },
								"up": { "texture": "#seraph", "uv": [ 16.0, 3.5, 16.5, 4.0 ] },
								"down": { "texture": "#seraph", "uv": [ 16.5, 3.5, 17.0, 4.0 ] }
							}
						},
						{
							"name": "cubel8",
							"from": [ -0.1996, 0.4754, -0.0566 ],
							"to": [ 0.3004, 0.6254, 0.0434 ],
							"uv": [ 19.25, 5.25 ],
							"rotationOrigin": [ 0.0504, 0.5504, -0.0566 ],
							"rotationX": -5.6312,
							"rotationY": -8.2771,
							"rotationZ": -21.9078,
							"faces": {
								"north": { "texture": "#seraph", "uv": [ 19.5, 6.0, 20.0, 6.5 ] },
								"east": { "texture": "#seraph", "uv": [ 20.0, 6.0, 20.5, 6.5 ] },
								"south": { "texture": "#seraph", "uv": [ 20.5, 6.0, 21.0, 6.5 ] },
								"west": { "texture": "#seraph", "uv": [ 21.0, 6.0, 21.5, 6.5 ] },
								"up": { "texture": "#seraph", "uv": [ 19.5, 5.5, 20.0, 6.0 ] },
								"down": { "texture": "#seraph", "uv": [ 20.0, 5.5, 20.5, 6.0 ] }
							}
						},
						{
							"name": "cubel5",
							"from": [ -1.1835, 0.5335, -0.1 ],
							"to": [ -0.1335, 0.6835, 0.0 ],
							"uv": [ 15.75, 4.75 ],
							"rotationOrigin": [ -1.6835, -0.3165, 1.05 ],
							"rotationZ": 1.0,
							"faces": {
								"north": { "texture": "#seraph", "uv": [ 16.0, 5.5, 17.0, 6.0 ] },
								"east": { "texture": "#seraph", "uv": [ 17.0, 5.5, 17.5, 6.0 ] },
								"south": { "texture": "#seraph", "uv": [ 17.5, 5.5, 18.5, 6.0 ] },
								"west": { "texture": "#seraph", "uv": [ 18.5, 5.5, 19.0, 6.0 ] },
								"up": { "texture": "#seraph", "uv": [ 16.0, 5.0, 17.0, 5.5 ] },
								"down": { "texture": "#seraph", "uv": [ 17.0, 5.0, 18.0, 5.5 ] }
							}
						},
						{
							"name": "cubel2",
							"from": [ -2.6835, 0.5335, -0.1 ],
							"to": [ -1.1835, 0.6835, 0.0 ],
							"uv": [ 12.25, 2.25 ],
							"rotationOrigin": [ -1.6835, -0.3165, 1.05 ],
							"rotationZ": 1.0,
							"faces": {
								"north": { "texture": "#seraph", "uv": [ 12.5, 3.0, 14.0, 3.5 ] },
								"east": { "texture": "#seraph", "uv": [ 14.0, 3.0, 14.5, 3.5 ] },
								"south": { "texture": "#seraph", "uv": [ 14.5, 3.0, 16.0, 3.5 ] },
								"west": { "texture": "#seraph", "uv": [ 16.0, 3.0, 16.5, 3.5 ] },
								"up": { "texture": "#seraph", "uv": [ 12.5, 2.5, 14.0, 3.0 ] },
								"down": { "texture": "#seraph", "uv": [ 14.0, 2.5, 15.5, 3.0 ] }
							}
						},
						{
							"name": "cubel3",
							"from": [ -1.1744, -0.4032, 0.01 ],
							"to": [ 0.5256, -0.1532, 0.21 ],
							"uv": [ 12.75, 5.75 ],
							"rotationOrigin": [ -1.6744, -0.4032, 1.0 ],
							"rotationZ": 13.0,
							"faces": {
								"north": { "texture": "#seraph", "uv": [ 13.0, 6.5, 14.5, 7.0 ] },
								"east": { "texture": "#seraph", "uv": [ 14.5, 6.5, 15.0, 7.0 ] },
								"south": { "texture": "#seraph", "uv": [ 15.0, 6.5, 16.5, 7.0 ] },
								"west": { "texture": "#seraph", "uv": [ 16.5, 6.5, 17.0, 7.0 ] },
								"up": { "texture": "#seraph", "uv": [ 13.0, 6.0, 14.5, 6.5 ] },
								"down": { "texture": "#seraph", "uv": [ 14.5, 6.0, 16.0, 6.5 ] }
							}
						},
						{
							"name": "cubel4",
							"from": [ -1.1835, -0.0665, -0.01 ],
							"to": [ -0.1335, 0.6835, 0.19 ],
							"uv": [ 18.25, 4.25 ],
							"rotationOrigin": [ -1.6835, -0.3165, 1.0 ],
							"rotationZ": 1.0,
							"faces": {
								"north": { "texture": "#seraph", "uv": [ 18.5, 5.0, 19.5, 5.5 ] },
								"east": { "texture": "#seraph", "uv": [ 19.5, 5.0, 20.0, 5.5 ] },
								"south": { "texture": "#seraph", "uv": [ 20.0, 5.0, 21.0, 5.5 ] },
								"west": { "texture": "#seraph", "uv": [ 21.0, 5.0, 21.5, 5.5 ] },
								"up": { "texture": "#seraph", "uv": [ 18.5, 4.5, 19.5, 5.0 ] },
								"down": { "texture": "#seraph", "uv": [ 19.5, 4.5, 20.5, 5.0 ] }
							}
						},
						{
							"name": "cubel6",
							"from": [ -0.3786, 1.013, 0.0 ],
							"to": [ 0.1214, 1.513, 0.2 ],
							"uv": [ 16.25, 6.75 ],
							"rotationOrigin": [ -2.3786, 0.513, 1.0 ],
							"rotationZ": -21.5,
							"faces": {
								"north": { "texture": "#seraph", "uv": [ 16.5, 7.5, 17.0, 8.0 ] },
								"east": { "texture": "#seraph", "uv": [ 17.0, 7.5, 17.5, 8.0 ] },
								"south": { "texture": "#seraph", "uv": [ 17.5, 7.5, 18.0, 8.0 ] },
								"west": { "texture": "#seraph", "uv": [ 18.0, 7.5, 18.5, 8.0 ] },
								"up": { "texture": "#seraph", "uv": [ 16.5, 7.0, 17.0, 7.5 ] },
								"down": { "texture": "#seraph", "uv": [ 17.0, 7.0, 17.5, 7.5 ] }
							}
						},
						{
							"name": "cubel9",
							"from": [ 0.4874, 0.4774, 0.0 ],
							"to": [ 0.6624, 0.6274, 0.2 ],
							"uv": [ 13.25, 3.75 ],
							"rotationOrigin": [ 0.3374, 0.3024, 0.1 ],
							"rotationZ": -85.25,
							"faces": {
								"north": { "texture": "#seraph", "uv": [ 13.5, 4.5, 14.0, 5.0 ] },
								"east": { "texture": "#seraph", "uv": [ 14.0, 4.5, 14.5, 5.0 ] },
								"south": { "texture": "#seraph", "uv": [ 14.5, 4.5, 15.0, 5.0 ] },
								"west": { "texture": "#seraph", "uv": [ 15.0, 4.5, 15.5, 5.0 ] },
								"up": { "texture": "#seraph", "uv": [ 13.5, 4.0, 14.0, 4.5 ] },
								"down": { "texture": "#seraph", "uv": [ 14.0, 4.0, 14.5, 4.5 ] }
							}
						},
						{
							"name": "cubel7",
							"from": [ 0.157, 0.1386, 0.01 ],
							"to": [ 0.657, 0.3886, 0.21 ],
							"uv": [ 18.75, 6.75 ],
							"rotationOrigin": [ 0.407, 0.2636, 0.1 ],
							"rotationZ": -44.0,
							"faces": {
								"north": { "texture": "#seraph", "uv": [ 19.0, 7.5, 19.5, 8.0 ] },
								"east": { "texture": "#seraph", "uv": [ 19.5, 7.5, 20.0, 8.0 ] },
								"south": { "texture": "#seraph", "uv": [ 20.0, 7.5, 20.5, 8.0 ] },
								"west": { "texture": "#seraph", "uv": [ 20.5, 7.5, 21.0, 8.0 ] },
								"up": { "texture": "#seraph", "uv": [ 19.0, 7.0, 19.5, 7.5 ] },
								"down": { "texture": "#seraph", "uv": [ 19.5, 7.0, 20.0, 7.5 ] }
							}
						},
						{
							"name": "cubel1",
							"from": [ -2.6835, -0.3165, 0.0 ],
							"to": [ -1.1835, 0.6835, 0.2 ],
							"uv": [ 13.25, 0.5 ],
							"rotationOrigin": [ -1.6835, -0.3165, 1.0 ],
							"rotationZ": 1.0,
							"faces": {
								"north": { "texture": "#seraph", "uv": [ 13.5, 1.0, 15.0, 2.0 ] },
								"east": { "texture": "#seraph", "uv": [ 15.0, 1.0, 15.5, 2.0 ] },
								"south": { "texture": "#seraph", "uv": [ 15.5, 1.0, 17.0, 2.0 ] },
								"west": { "texture": "#seraph", "uv": [ 17.0, 1.0, 17.5, 2.0 ] },
								"up": { "texture": "#seraph", "uv": [ 13.5, 0.5, 15.0, 1.0 ] },
								"down": { "texture": "#seraph", "uv": [ 15.0, 0.5, 16.5, 1.0 ] }
							}
						}
					]
				}
			]
		}
	]}