{
	"editor": {
		"backDropShape": "entity/humanoid/seraph/seraph-hairless",
		"allAngles": true,
		"entityTextureMode": true
	},
	"textureWidth": 64,
	"textureHeight": 64,
	"textureSizes": {
		"seraph": [64,64]
	},
	"textures": {
		"seraph": "game:entity/humanoid/seraph-naked-hairless"
	},
	"elements": [
		{
			"name": "Cube2",
			"stepParentName": "Head",
			"from": [ -5.5, -25.0, 10.5 ],
			"to": [ -5.5, -25.0, 10.5 ],
			"uv": [ 19.75, 0.0 ],
			"rotationOrigin": [ -5.5, -25.0, 10.5 ],
			"rotationY": 90.0,
			"faces": {
				"north": { "texture": "#seraph", "uv": [ 20.0, 0.5, 20.5, 1.0 ] },
				"east": { "texture": "#seraph", "uv": [ 20.5, 0.5, 21.0, 1.0 ] },
				"south": { "texture": "#seraph", "uv": [ 21.0, 0.5, 21.5, 1.0 ] },
				"west": { "texture": "#seraph", "uv": [ 21.5, 0.5, 22.0, 1.0 ] },
				"up": { "texture": "#seraph", "uv": [ 20.0, 0.0, 20.5, 0.5 ] },
				"down": { "texture": "#seraph", "uv": [ 20.5, 0.0, 21.0, 0.5 ] }
			},
			"children": [
				{
					"name": "Cube3",
					"from": [ 0.5, 0.0, -0.3 ],
					"to": [ 0.5, 0.0, -0.3 ],
					"uv": [ 14.75, 0.0 ],
					"rotationOrigin": [ 4.5, 28.0, 6.7 ],
					"rotationX": -10.0,
					"rotationY": -15.0,
					"rotationZ": -25.0,
					"faces": {
						"north": { "texture": "#seraph", "uv": [ 15.0, 0.5, 15.5, 1.0 ] },
						"east": { "texture": "#seraph", "uv": [ 15.5, 0.5, 16.0, 1.0 ] },
						"south": { "texture": "#seraph", "uv": [ 16.0, 0.5, 16.5, 1.0 ] },
						"west": { "texture": "#seraph", "uv": [ 16.5, 0.5, 17.0, 1.0 ] },
						"up": { "texture": "#seraph", "uv": [ 15.0, 0.0, 15.5, 0.5 ] },
						"down": { "texture": "#seraph", "uv": [ 15.5, 0.0, 16.0, 0.5 ] }
					},
					"children": [
						{
							"name": "cube",
							"from": [ 3.5501, 28.1855, 7.0302 ],
							"to": [ 3.9731, 28.2705, 7.1662 ],
							"uv": [ 18.45, 1.25 ],
							"rotationOrigin": [ 3.9047, 28.1914, 7.1 ],
							"rotationZ": 6.5,
							"faces": {
								"north": { "texture": "#seraph", "uv": [ 18.5, 2.0, 19.0, 2.5 ] },
								"east": { "texture": "#seraph", "uv": [ 19.0, 2.0, 19.5, 2.5 ] },
								"south": { "texture": "#seraph", "uv": [ 19.5, 2.0, 20.0, 2.5 ] },
								"west": { "texture": "#seraph", "uv": [ 20.0, 2.0, 20.5, 2.5 ] },
								"up": { "texture": "#seraph", "uv": [ 18.5, 1.5, 19.0, 2.0 ] },
								"down": { "texture": "#seraph", "uv": [ 19.0, 1.5, 19.5, 2.0 ] }
							}
						},
						{
							"name": "cube",
							"from": [ 3.6846, 28.17, 6.9699 ],
							"to": [ 4.1076, 28.255, 7.0309 ],
							"uv": [ 12.95, 4.75 ],
							"rotationOrigin": [ 4.0391, 28.1914, 7.9629 ],
							"rotationX": 0.8827,
							"rotationY": 7.6999,
							"rotationZ": 6.5594,
							"faces": {
								"north": { "texture": "#seraph", "uv": [ 13.0, 5.5, 13.5, 6.0 ] },
								"east": { "texture": "#seraph", "uv": [ 13.5, 5.5, 14.0, 6.0 ] },
								"south": { "texture": "#seraph", "uv": [ 14.0, 5.5, 14.5, 6.0 ] },
								"west": { "texture": "#seraph", "uv": [ 14.5, 5.5, 15.0, 6.0 ] },
								"up": { "texture": "#seraph", "uv": [ 13.0, 5.0, 13.5, 5.5 ] },
								"down": { "texture": "#seraph", "uv": [ 13.5, 5.0, 14.0, 5.5 ] }
							}
						},
						{
							"name": "cube",
							"from": [ 3.5296, 28.2525, 7.031 ],
							"to": [ 3.6396, 28.3725, 7.167 ],
							"uv": [ 22.45, 3.0 ],
							"rotationOrigin": [ 3.8211, 28.1464, 7.1 ],
							"rotationZ": 34.5,
							"faces": {
								"north": { "texture": "#seraph", "uv": [ 22.5, 3.5, 23.0, 4.0 ] },
								"east": { "texture": "#seraph", "uv": [ 23.0, 3.5, 23.5, 4.0 ] },
								"south": { "texture": "#seraph", "uv": [ 23.5, 3.5, 24.0, 4.0 ] },
								"west": { "texture": "#seraph", "uv": [ 24.0, 3.5, 24.5, 4.0 ] },
								"up": { "texture": "#seraph", "uv": [ 22.5, 3.0, 23.0, 3.5 ] },
								"down": { "texture": "#seraph", "uv": [ 23.0, 3.0, 23.5, 3.5 ] }
							}
						},
						{
							"name": "cube",
							"from": [ 4.473, 28.3738, 7.031 ],
							"to": [ 5.346, 28.8838, 7.167 ],
							"uv": [ 12.95, 3.75 ],
							"rotationOrigin": [ -3.4278, 26.5223, 15.0507 ],
							"rotationZ": -4.75,
							"faces": {
								"north": { "texture": "#seraph", "uv": [ 13.0, 4.5, 13.5, 5.0 ] },
								"east": { "texture": "#seraph", "uv": [ 13.5, 4.5, 14.0, 5.0 ] },
								"south": { "texture": "#seraph", "uv": [ 14.0, 4.5, 14.5, 5.0 ] },
								"west": { "texture": "#seraph", "uv": [ 14.5, 4.5, 15.0, 5.0 ] },
								"up": { "texture": "#seraph", "uv": [ 13.0, 4.0, 13.5, 4.5 ] },
								"down": { "texture": "#seraph", "uv": [ 13.5, 4.0, 14.0, 4.5 ] }
							}
						},
						{
							"name": "cube",
							"from": [ 3.793, 28.5778, 7.031 ],
							"to": [ 4.541, 28.8838, 7.167 ],
							"uv": [ 15.45, 0.75 ],
							"rotationOrigin": [ -3.4278, 26.5223, 15.0507 ],
							"rotationZ": -4.75,
							"faces": {
								"north": { "texture": "#seraph", "uv": [ 15.5, 1.5, 16.0, 2.0 ] },
								"east": { "texture": "#seraph", "uv": [ 16.0, 1.5, 16.5, 2.0 ] },
								"south": { "texture": "#seraph", "uv": [ 16.5, 1.5, 17.0, 2.0 ] },
								"west": { "texture": "#seraph", "uv": [ 17.0, 1.5, 17.5, 2.0 ] },
								"up": { "texture": "#seraph", "uv": [ 15.5, 1.0, 16.0, 1.5 ] },
								"down": { "texture": "#seraph", "uv": [ 16.0, 1.0, 16.5, 1.5 ] }
							}
						},
						{
							"name": "cube",
							"from": [ 0.5592, 20.2543, 7.032 ],
							"to": [ 0.7202, 20.6263, 7.168 ],
							"uv": [ 20.95, 2.0 ],
							"rotationOrigin": [ -3.4278, 26.5223, 15.0507 ],
							"rotationZ": 68.5,
							"faces": {
								"north": { "texture": "#seraph", "uv": [ 21.0, 2.5, 21.5, 3.0 ] },
								"east": { "texture": "#seraph", "uv": [ 21.5, 2.5, 22.0, 3.0 ] },
								"south": { "texture": "#seraph", "uv": [ 22.0, 2.5, 22.5, 3.0 ] },
								"west": { "texture": "#seraph", "uv": [ 22.5, 2.5, 23.0, 3.0 ] },
								"up": { "texture": "#seraph", "uv": [ 21.0, 2.0, 21.5, 2.5 ] },
								"down": { "texture": "#seraph", "uv": [ 21.5, 2.0, 22.0, 2.5 ] }
							}
						},
						{
							"name": "cube",
							"from": [ 3.8048, 25.2926, 7.032 ],
							"to": [ 4.0418, 25.4616, 7.168 ],
							"uv": [ 12.7, 1.0 ],
							"rotationOrigin": [ -3.4278, 26.5223, 15.0507 ],
							"rotationZ": 21.5,
							"faces": {
								"north": { "texture": "#seraph", "uv": [ 12.5, 1.5, 13.0, 2.0 ] },
								"east": { "texture": "#seraph", "uv": [ 13.5, 1.5, 14.0, 2.0 ] },
								"south": { "texture": "#seraph", "uv": [ 14.0, 1.5, 14.5, 2.0 ] },
								"west": { "texture": "#seraph", "uv": [ 14.5, 1.5, 15.0, 2.0 ] },
								"up": { "texture": "#seraph", "uv": [ 12.5, 1.0, 13.0, 1.5 ] },
								"down": { "texture": "#seraph", "uv": [ 13.5, 1.0, 14.0, 1.5 ] }
							}
						},
						{
							"name": "cube",
							"from": [ 3.1935, 29.8901, 7.029 ],
							"to": [ 4.8365, 30.2471, 7.165 ],
							"uv": [ 12.7, 3.0 ],
							"rotationOrigin": [ -3.4278, 26.5223, 15.0507 ],
							"rotationZ": -16.0,
							"faces": {
								"north": { "texture": "#seraph", "uv": [ 12.5, 3.5, 14.0, 4.0 ] },
								"east": { "texture": "#seraph", "uv": [ 14.5, 3.5, 15.0, 4.0 ] },
								"south": { "texture": "#seraph", "uv": [ 15.0, 3.5, 16.5, 4.0 ] },
								"west": { "texture": "#seraph", "uv": [ 16.5, 3.5, 17.0, 4.0 ] },
								"up": { "texture": "#seraph", "uv": [ 12.5, 3.0, 14.0, 3.5 ] },
								"down": { "texture": "#seraph", "uv": [ 14.5, 3.0, 16.0, 3.5 ] }
							}
						},
						{
							"name": "cube",
							"from": [ 2.9247, 31.2628, 7.032 ],
							"to": [ 4.2677, 31.5998, 7.168 ],
							"uv": [ 12.7, 2.0 ],
							"rotationOrigin": [ -3.4278, 26.5223, 15.0507 ],
							"rotationZ": -27.5,
							"faces": {
								"north": { "texture": "#seraph", "uv": [ 12.5, 2.5, 13.5, 3.0 ] },
								"east": { "texture": "#seraph", "uv": [ 14.0, 2.5, 14.5, 3.0 ] },
								"south": { "texture": "#seraph", "uv": [ 14.5, 2.5, 15.5, 3.0 ] },
								"west": { "texture": "#seraph", "uv": [ 15.5, 2.5, 16.0, 3.0 ] },
								"up": { "texture": "#seraph", "uv": [ 12.5, 2.0, 13.5, 2.5 ] },
								"down": { "texture": "#seraph", "uv": [ 14.0, 2.0, 15.0, 2.5 ] }
							}
						},
						{
							"name": "cube",
							"from": [ 3.793, 28.8028, 6.971 ],
							"to": [ 4.491, 28.8838, 7.032 ],
							"uv": [ 17.45, 0.0 ],
							"rotationOrigin": [ -3.4278, 26.5223, 15.0507 ],
							"rotationZ": -4.75,
							"faces": {
								"north": { "texture": "#seraph", "uv": [ 17.5, 0.5, 18.0, 1.0 ] },
								"east": { "texture": "#seraph", "uv": [ 18.0, 0.5, 18.5, 1.0 ] },
								"south": { "texture": "#seraph", "uv": [ 18.5, 0.5, 19.0, 1.0 ] },
								"west": { "texture": "#seraph", "uv": [ 19.0, 0.5, 19.5, 1.0 ] },
								"up": { "texture": "#seraph", "uv": [ 17.5, 0.0, 18.0, 0.5 ] },
								"down": { "texture": "#seraph", "uv": [ 18.0, 0.0, 18.5, 0.5 ] }
							}
						},
						{
							"name": "cube",
							"from": [ 4.473, 28.7988, 6.971 ],
							"to": [ 5.346, 28.8838, 7.032 ],
							"uv": [ 17.45, 5.0 ],
							"rotationOrigin": [ -3.4278, 26.5223, 15.0507 ],
							"rotationZ": -4.75,
							"faces": {
								"north": { "texture": "#seraph", "uv": [ 17.5, 5.5, 18.0, 6.0 ] },
								"east": { "texture": "#seraph", "uv": [ 18.0, 5.5, 18.5, 6.0 ] },
								"south": { "texture": "#seraph", "uv": [ 18.5, 5.5, 19.0, 6.0 ] },
								"west": { "texture": "#seraph", "uv": [ 19.0, 5.5, 19.5, 6.0 ] },
								"up": { "texture": "#seraph", "uv": [ 17.5, 5.0, 18.0, 5.5 ] },
								"down": { "texture": "#seraph", "uv": [ 18.0, 5.0, 18.5, 5.5 ] }
							}
						}
					]
				},
				{
					"name": "Cube4",
					"from": [ -0.5, 0.1, -0.3 ],
					"to": [ -0.5, 0.1, -0.3 ],
					"uv": [ 20.0, 2.75 ],
					"rotationOrigin": [ 11.5, 28.1, 6.7 ],
					"rotationX": 10.0,
					"rotationY": 25.0,
					"rotationZ": 25.0,
					"faces": {
						"north": { "texture": "#seraph", "uv": [ 20.0, 3.5, 20.5, 4.0 ] },
						"east": { "texture": "#seraph", "uv": [ 20.5, 3.5, 21.0, 4.0 ] },
						"south": { "texture": "#seraph", "uv": [ 21.0, 3.5, 21.5, 4.0 ] },
						"west": { "texture": "#seraph", "uv": [ 21.5, 3.5, 22.0, 4.0 ] },
						"up": { "texture": "#seraph", "uv": [ 20.0, 3.0, 20.5, 3.5 ] },
						"down": { "texture": "#seraph", "uv": [ 20.5, 3.0, 21.0, 3.5 ] }
					},
					"children": [
						{
							"name": "cube",
							"from": [ 15.2798, 20.2543, 7.031 ],
							"to": [ 15.4408, 20.6263, 7.167 ],
							"uv": [ 12.5, 0.0 ],
							"rotationOrigin": [ 19.4278, 26.5223, 15.0507 ],
							"rotationZ": -68.5,
							"faces": {
								"north": { "texture": "#seraph", "uv": [ 12.5, 0.5, 13.0, 1.0 ] },
								"east": { "texture": "#seraph", "uv": [ 13.0, 0.5, 13.5, 1.0 ] },
								"south": { "texture": "#seraph", "uv": [ 13.5, 0.5, 14.0, 1.0 ] },
								"west": { "texture": "#seraph", "uv": [ 14.0, 0.5, 14.5, 1.0 ] },
								"up": { "texture": "#seraph", "uv": [ 12.5, 0.0, 13.0, 0.5 ] },
								"down": { "texture": "#seraph", "uv": [ 13.0, 0.0, 13.5, 0.5 ] }
							}
						},
						{
							"name": "cube",
							"from": [ 11.9582, 25.2926, 7.032 ],
							"to": [ 12.1952, 25.4616, 7.168 ],
							"uv": [ 16.5, 1.75 ],
							"rotationOrigin": [ 19.4278, 26.5223, 15.0507 ],
							"rotationZ": -21.5,
							"faces": {
								"north": { "texture": "#seraph", "uv": [ 16.5, 2.5, 17.0, 3.0 ] },
								"east": { "texture": "#seraph", "uv": [ 17.0, 2.5, 17.5, 3.0 ] },
								"south": { "texture": "#seraph", "uv": [ 17.5, 2.5, 18.0, 3.0 ] },
								"west": { "texture": "#seraph", "uv": [ 18.0, 2.5, 18.5, 3.0 ] },
								"up": { "texture": "#seraph", "uv": [ 16.5, 2.0, 17.0, 2.5 ] },
								"down": { "texture": "#seraph", "uv": [ 17.0, 2.0, 17.5, 2.5 ] }
							}
						},
						{
							"name": "cube",
							"from": [ 12.3604, 28.2525, 7.032 ],
							"to": [ 12.4704, 28.3725, 7.168 ],
							"uv": [ 19.75, 5.0 ],
							"rotationOrigin": [ 12.1789, 28.1464, 7.1 ],
							"rotationZ": -34.5,
							"faces": {
								"north": { "texture": "#seraph", "uv": [ 20.0, 5.5, 20.5, 6.0 ] },
								"east": { "texture": "#seraph", "uv": [ 20.5, 5.5, 21.0, 6.0 ] },
								"south": { "texture": "#seraph", "uv": [ 21.0, 5.5, 21.5, 6.0 ] },
								"west": { "texture": "#seraph", "uv": [ 21.5, 5.5, 22.0, 6.0 ] },
								"up": { "texture": "#seraph", "uv": [ 20.0, 5.0, 20.5, 5.5 ] },
								"down": { "texture": "#seraph", "uv": [ 20.5, 5.0, 21.0, 5.5 ] }
							}
						},
						{
							"name": "cube",
							"from": [ 11.8924, 28.17, 6.9699 ],
							"to": [ 12.3154, 28.255, 7.0309 ],
							"uv": [ 17.25, 3.0 ],
							"rotationOrigin": [ 11.9609, 28.1914, 7.9629 ],
							"rotationX": 0.8827,
							"rotationY": -7.6999,
							"rotationZ": -6.5594,
							"faces": {
								"north": { "texture": "#seraph", "uv": [ 17.5, 3.5, 18.0, 4.0 ] },
								"east": { "texture": "#seraph", "uv": [ 18.0, 3.5, 18.5, 4.0 ] },
								"south": { "texture": "#seraph", "uv": [ 18.5, 3.5, 19.0, 4.0 ] },
								"west": { "texture": "#seraph", "uv": [ 19.0, 3.5, 19.5, 4.0 ] },
								"up": { "texture": "#seraph", "uv": [ 17.5, 3.0, 18.0, 3.5 ] },
								"down": { "texture": "#seraph", "uv": [ 18.0, 3.0, 18.5, 3.5 ] }
							}
						},
						{
							"name": "cube",
							"from": [ 12.0269, 28.1855, 7.032 ],
							"to": [ 12.4499, 28.2705, 7.168 ],
							"uv": [ 22.5, 4.5 ],
							"rotationOrigin": [ 12.0953, 28.1914, 7.1 ],
							"rotationZ": -6.5,
							"faces": {
								"north": { "texture": "#seraph", "uv": [ 22.5, 5.0, 23.0, 5.5 ] },
								"east": { "texture": "#seraph", "uv": [ 23.0, 5.0, 23.5, 5.5 ] },
								"south": { "texture": "#seraph", "uv": [ 23.5, 5.0, 24.0, 5.5 ] },
								"west": { "texture": "#seraph", "uv": [ 24.0, 5.0, 24.5, 5.5 ] },
								"up": { "texture": "#seraph", "uv": [ 22.5, 4.5, 23.0, 5.0 ] },
								"down": { "texture": "#seraph", "uv": [ 23.0, 4.5, 23.5, 5.0 ] }
							}
						},
						{
							"name": "cube",
							"from": [ 11.7323, 31.2628, 7.032 ],
							"to": [ 13.0753, 31.5998, 7.168 ],
							"uv": [ 19.0, 4.0 ],
							"rotationOrigin": [ 19.4278, 26.5223, 15.0507 ],
							"rotationZ": 27.5,
							"faces": {
								"north": { "texture": "#seraph", "uv": [ 19.0, 4.5, 20.0, 5.0 ] },
								"east": { "texture": "#seraph", "uv": [ 20.0, 4.5, 20.5, 5.0 ] },
								"south": { "texture": "#seraph", "uv": [ 20.5, 4.5, 21.5, 5.0 ] },
								"west": { "texture": "#seraph", "uv": [ 21.5, 4.5, 22.0, 5.0 ] },
								"up": { "texture": "#seraph", "uv": [ 19.0, 4.0, 20.0, 4.5 ] },
								"down": { "texture": "#seraph", "uv": [ 20.0, 4.0, 21.0, 4.5 ] }
							}
						},
						{
							"name": "cube",
							"from": [ 11.1635, 29.8901, 7.029 ],
							"to": [ 12.8065, 30.2471, 7.165 ],
							"uv": [ 20.0, 1.0 ],
							"rotationOrigin": [ 19.4278, 26.5223, 15.0507 ],
							"rotationZ": 16.0,
							"faces": {
								"north": { "texture": "#seraph", "uv": [ 20.0, 1.5, 21.5, 2.0 ] },
								"east": { "texture": "#seraph", "uv": [ 21.5, 1.5, 22.0, 2.0 ] },
								"south": { "texture": "#seraph", "uv": [ 22.0, 1.5, 23.5, 2.0 ] },
								"west": { "texture": "#seraph", "uv": [ 23.5, 1.5, 24.0, 2.0 ] },
								"up": { "texture": "#seraph", "uv": [ 20.0, 1.0, 21.5, 1.5 ] },
								"down": { "texture": "#seraph", "uv": [ 21.5, 1.0, 23.0, 1.5 ] }
							}
						},
						{
							"name": "cube",
							"from": [ 11.509, 28.8028, 6.971 ],
							"to": [ 12.207, 28.8838, 7.032 ],
							"uv": [ 20.5, 6.0 ],
							"rotationOrigin": [ 19.4278, 26.5223, 15.0507 ],
							"rotationZ": 4.75,
							"faces": {
								"north": { "texture": "#seraph", "uv": [ 20.5, 6.5, 21.0, 7.0 ] },
								"east": { "texture": "#seraph", "uv": [ 21.0, 6.5, 21.5, 7.0 ] },
								"south": { "texture": "#seraph", "uv": [ 21.5, 6.5, 22.0, 7.0 ] },
								"west": { "texture": "#seraph", "uv": [ 22.0, 6.5, 22.5, 7.0 ] },
								"up": { "texture": "#seraph", "uv": [ 20.5, 6.0, 21.0, 6.5 ] },
								"down": { "texture": "#seraph", "uv": [ 21.0, 6.0, 21.5, 6.5 ] }
							}
						},
						{
							"name": "cube",
							"from": [ 11.459, 28.5778, 7.032 ],
							"to": [ 12.207, 28.8838, 7.168 ],
							"uv": [ 17.5, 6.0 ],
							"rotationOrigin": [ 19.4278, 26.5223, 15.0507 ],
							"rotationZ": 4.75,
							"faces": {
								"north": { "texture": "#seraph", "uv": [ 17.5, 6.5, 18.0, 7.0 ] },
								"east": { "texture": "#seraph", "uv": [ 18.0, 6.5, 18.5, 7.0 ] },
								"south": { "texture": "#seraph", "uv": [ 18.5, 6.5, 19.0, 7.0 ] },
								"west": { "texture": "#seraph", "uv": [ 19.0, 6.5, 19.5, 7.0 ] },
								"up": { "texture": "#seraph", "uv": [ 17.5, 6.0, 18.0, 6.5 ] },
								"down": { "texture": "#seraph", "uv": [ 18.0, 6.0, 18.5, 6.5 ] }
							}
						},
						{
							"name": "cube",
							"from": [ 10.654, 28.7988, 6.971 ],
							"to": [ 11.527, 28.8838, 7.032 ],
							"uv": [ 17.0, 4.0 ],
							"rotationOrigin": [ 19.4278, 26.5223, 15.0507 ],
							"rotationZ": 4.75,
							"faces": {
								"north": { "texture": "#seraph", "uv": [ 17.0, 4.5, 17.5, 5.0 ] },
								"east": { "texture": "#seraph", "uv": [ 17.5, 4.5, 18.0, 5.0 ] },
								"south": { "texture": "#seraph", "uv": [ 18.0, 4.5, 18.5, 5.0 ] },
								"west": { "texture": "#seraph", "uv": [ 18.5, 4.5, 19.0, 5.0 ] },
								"up": { "texture": "#seraph", "uv": [ 17.0, 4.0, 17.5, 4.5 ] },
								"down": { "texture": "#seraph", "uv": [ 17.5, 4.0, 18.0, 4.5 ] }
							}
						},
						{
							"name": "cube",
							"from": [ 10.654, 28.3738, 7.031 ],
							"to": [ 11.527, 28.8838, 7.167 ],
							"uv": [ 15.25, 5.0 ],
							"rotationOrigin": [ 19.4278, 26.5223, 15.0507 ],
							"rotationZ": 4.75,
							"faces": {
								"north": { "texture": "#seraph", "uv": [ 15.5, 5.5, 16.0, 6.0 ] },
								"east": { "texture": "#seraph", "uv": [ 16.0, 5.5, 16.5, 6.0 ] },
								"south": { "texture": "#seraph", "uv": [ 16.5, 5.5, 17.0, 6.0 ] },
								"west": { "texture": "#seraph", "uv": [ 17.0, 5.5, 17.5, 6.0 ] },
								"up": { "texture": "#seraph", "uv": [ 15.5, 5.0, 16.0, 5.5 ] },
								"down": { "texture": "#seraph", "uv": [ 16.0, 5.0, 16.5, 5.5 ] }
							}
						}
					]
				}
			]
		}
	]}