{
	"editor": {
		"backDropShape": "entity/humanoid/seraph/seraph-hairless",
		"allAngles": true,
		"entityTextureMode": true
	},
	"textureWidth": 64,
	"textureHeight": 64,
	"textureSizes": {
		"seraph": [64,64]
	},
	"textures": {
		"seraph": "game:entity/humanoid/seraph-naked-hairless"
	},
	"elements": [
		{
			"name": "Cube2",
			"stepParentName": "Head",
			"from": [ -5.5, -25.0, 10.5 ],
			"to": [ -5.5, -25.0, 10.5 ],
			"uv": [ 14.5, 2.5 ],
			"rotationOrigin": [ -5.5, -25.0, 10.5 ],
			"rotationY": 90.0,
			"faces": {
				"north": { "texture": "#seraph", "uv": [ 14.5, 3.0, 15.0, 3.5 ] },
				"east": { "texture": "#seraph", "uv": [ 15.0, 3.0, 15.5, 3.5 ] },
				"south": { "texture": "#seraph", "uv": [ 15.5, 3.0, 16.0, 3.5 ] },
				"west": { "texture": "#seraph", "uv": [ 16.0, 3.0, 16.5, 3.5 ] },
				"up": { "texture": "#seraph", "uv": [ 14.5, 2.5, 15.0, 3.0 ] },
				"down": { "texture": "#seraph", "uv": [ 15.0, 2.5, 15.5, 3.0 ] }
			},
			"children": [
				{
					"name": "cube6",
					"from": [ 2.86, 28.31, 6.92 ],
					"to": [ 3.5199, 28.4426, 7.0152 ],
					"uv": [ 19.45, 3.5 ],
					"rotationOrigin": [ 3.3916, 28.342, 8.4737 ],
					"rotationX": 0.8827,
					"rotationY": 8.5,
					"rotationZ": 6.5594,
					"faces": {
						"north": { "texture": "#seraph", "uv": [ 19.5, 4.0, 20.0, 4.5 ] },
						"east": { "texture": "#seraph", "uv": [ 20.0, 4.0, 20.5, 4.5 ] },
						"south": { "texture": "#seraph", "uv": [ 20.5, 4.0, 21.0, 4.5 ] },
						"west": { "texture": "#seraph", "uv": [ 21.0, 4.0, 21.5, 4.5 ] },
						"up": { "texture": "#seraph", "uv": [ 19.5, 3.5, 20.0, 4.0 ] },
						"down": { "texture": "#seraph", "uv": [ 20.0, 3.5, 20.5, 4.0 ] }
					}
				},
				{
					"name": "cube",
					"from": [ 2.5968, 28.4373, 7.0215 ],
					"to": [ 2.7684, 28.6245, 7.2337 ],
					"uv": [ 12.7, 5.75 ],
					"rotationOrigin": [ 3.0516, 28.2717, 7.1276 ],
					"rotationZ": 34.5,
					"faces": {
						"north": { "texture": "#seraph", "uv": [ 12.5, 6.5, 13.0, 7.0 ] },
						"east": { "texture": "#seraph", "uv": [ 13.5, 6.5, 14.0, 7.0 ] },
						"south": { "texture": "#seraph", "uv": [ 14.0, 6.5, 14.5, 7.0 ] },
						"west": { "texture": "#seraph", "uv": [ 14.5, 6.5, 15.0, 7.0 ] },
						"up": { "texture": "#seraph", "uv": [ 12.5, 6.0, 13.0, 6.5 ] },
						"down": { "texture": "#seraph", "uv": [ 13.5, 6.0, 14.0, 6.5 ] }
					}
				},
				{
					"name": "cube",
					"from": [ 2.6288, 28.3329, 7.0215 ],
					"to": [ 3.2887, 28.4655, 7.2337 ],
					"uv": [ 21.95, 1.0 ],
					"rotationOrigin": [ 3.1819, 28.342, 7.1276 ],
					"rotationZ": 6.5,
					"faces": {
						"north": { "texture": "#seraph", "uv": [ 22.0, 1.5, 22.5, 2.0 ] },
						"east": { "texture": "#seraph", "uv": [ 22.5, 1.5, 23.0, 2.0 ] },
						"south": { "texture": "#seraph", "uv": [ 23.0, 1.5, 23.5, 2.0 ] },
						"west": { "texture": "#seraph", "uv": [ 23.5, 1.5, 24.0, 2.0 ] },
						"up": { "texture": "#seraph", "uv": [ 22.0, 1.0, 22.5, 1.5 ] },
						"down": { "texture": "#seraph", "uv": [ 22.5, 1.0, 23.0, 1.5 ] }
					}
				},
				{
					"name": "cube",
					"from": [ 4.0684, 28.6266, 7.022 ],
					"to": [ 5.4303, 29.4222, 7.2342 ],
					"uv": [ 16.2, 7.0 ],
					"rotationOrigin": [ -8.2567, 25.7383, 19.5308 ],
					"rotationZ": -4.75,
					"faces": {
						"north": { "texture": "#seraph", "uv": [ 16.0, 7.5, 17.0, 8.0 ] },
						"east": { "texture": "#seraph", "uv": [ 17.5, 7.5, 18.0, 8.0 ] },
						"south": { "texture": "#seraph", "uv": [ 18.0, 7.5, 19.0, 8.0 ] },
						"west": { "texture": "#seraph", "uv": [ 19.0, 7.5, 19.5, 8.0 ] },
						"up": { "texture": "#seraph", "uv": [ 16.0, 7.0, 17.0, 7.5 ] },
						"down": { "texture": "#seraph", "uv": [ 17.5, 7.0, 18.5, 7.5 ] }
					}
				},
				{
					"name": "cube",
					"from": [ 3.0076, 28.9448, 7.0201 ],
					"to": [ 4.1745, 29.4222, 7.2323 ],
					"uv": [ 15.95, 3.5 ],
					"rotationOrigin": [ -8.2567, 25.7383, 19.5308 ],
					"rotationZ": -4.75,
					"faces": {
						"north": { "texture": "#seraph", "uv": [ 16.0, 4.0, 17.0, 4.5 ] },
						"east": { "texture": "#seraph", "uv": [ 17.0, 4.0, 17.5, 4.5 ] },
						"south": { "texture": "#seraph", "uv": [ 17.5, 4.0, 18.5, 4.5 ] },
						"west": { "texture": "#seraph", "uv": [ 18.5, 4.0, 19.0, 4.5 ] },
						"up": { "texture": "#seraph", "uv": [ 16.0, 3.5, 17.0, 4.0 ] },
						"down": { "texture": "#seraph", "uv": [ 17.0, 3.5, 18.0, 4.0 ] }
					}
				},
				{
					"name": "cube",
					"from": [ -2.0371, 15.9602, 7.0201 ],
					"to": [ -1.7859, 16.5405, 7.2323 ],
					"uv": [ 11.45, 2.25 ],
					"rotationOrigin": [ -8.2567, 25.7383, 19.5308 ],
					"rotationZ": 68.5,
					"faces": {
						"north": { "texture": "#seraph", "uv": [ 11.5, 3.0, 12.0, 3.5 ] },
						"east": { "texture": "#seraph", "uv": [ 12.0, 3.0, 12.5, 3.5 ] },
						"south": { "texture": "#seraph", "uv": [ 12.5, 3.0, 13.0, 3.5 ] },
						"west": { "texture": "#seraph", "uv": [ 13.0, 3.0, 13.5, 3.5 ] },
						"up": { "texture": "#seraph", "uv": [ 11.5, 2.5, 12.0, 3.0 ] },
						"down": { "texture": "#seraph", "uv": [ 12.0, 2.5, 12.5, 3.0 ] }
					}
				},
				{
					"name": "cube",
					"from": [ 3.0261, 23.8199, 7.0215 ],
					"to": [ 3.3958, 24.0836, 7.2337 ],
					"uv": [ 22.95, 2.5 ],
					"rotationOrigin": [ -8.2567, 25.7383, 19.5308 ],
					"rotationZ": 21.5,
					"faces": {
						"north": { "texture": "#seraph", "uv": [ 23.0, 3.0, 23.5, 3.5 ] },
						"east": { "texture": "#seraph", "uv": [ 23.5, 3.0, 24.0, 3.5 ] },
						"south": { "texture": "#seraph", "uv": [ 24.0, 3.0, 24.5, 3.5 ] },
						"west": { "texture": "#seraph", "uv": [ 24.5, 3.0, 25.0, 3.5 ] },
						"up": { "texture": "#seraph", "uv": [ 23.0, 2.5, 23.5, 3.0 ] },
						"down": { "texture": "#seraph", "uv": [ 23.5, 2.5, 24.0, 3.0 ] }
					}
				},
				{
					"name": "cube",
					"from": [ 2.0725, 30.9921, 7.0202 ],
					"to": [ 4.6356, 31.549, 7.2324 ],
					"uv": [ 9.95, 1.0 ],
					"rotationOrigin": [ -8.2567, 25.7383, 19.5308 ],
					"rotationZ": -16.0,
					"faces": {
						"north": { "texture": "#seraph", "uv": [ 10.0, 1.5, 12.5, 2.0 ] },
						"east": { "texture": "#seraph", "uv": [ 12.5, 1.5, 13.0, 2.0 ] },
						"south": { "texture": "#seraph", "uv": [ 13.0, 1.5, 15.5, 2.0 ] },
						"west": { "texture": "#seraph", "uv": [ 15.5, 1.5, 16.0, 2.0 ] },
						"up": { "texture": "#seraph", "uv": [ 10.0, 1.0, 12.5, 1.5 ] },
						"down": { "texture": "#seraph", "uv": [ 12.5, 1.0, 15.0, 1.5 ] }
					}
				},
				{
					"name": "cube",
					"from": [ 1.6532, 33.1333, 7.0215 ],
					"to": [ 3.7483, 33.6591, 7.2337 ],
					"uv": [ 16.45, 8.25 ],
					"rotationOrigin": [ -8.2567, 25.7383, 19.5308 ],
					"rotationZ": -27.5,
					"faces": {
						"north": { "texture": "#seraph", "uv": [ 16.5, 9.0, 18.5, 9.5 ] },
						"east": { "texture": "#seraph", "uv": [ 18.5, 9.0, 19.0, 9.5 ] },
						"south": { "texture": "#seraph", "uv": [ 19.0, 9.0, 21.0, 9.5 ] },
						"west": { "texture": "#seraph", "uv": [ 21.0, 9.0, 21.5, 9.5 ] },
						"up": { "texture": "#seraph", "uv": [ 16.5, 8.5, 18.5, 9.0 ] },
						"down": { "texture": "#seraph", "uv": [ 18.5, 8.5, 20.5, 9.0 ] }
					}
				},
				{
					"name": "cube",
					"from": [ 3.0076, 29.2958, 6.9263 ],
					"to": [ 4.0965, 29.4222, 7.0215 ],
					"uv": [ 12.45, 7.25 ],
					"rotationOrigin": [ -8.2567, 25.7383, 19.5308 ],
					"rotationZ": -4.75,
					"faces": {
						"north": { "texture": "#seraph", "uv": [ 12.5, 8.0, 13.5, 8.5 ] },
						"east": { "texture": "#seraph", "uv": [ 13.5, 8.0, 14.0, 8.5 ] },
						"south": { "texture": "#seraph", "uv": [ 14.0, 8.0, 15.0, 8.5 ] },
						"west": { "texture": "#seraph", "uv": [ 15.0, 8.0, 15.5, 8.5 ] },
						"up": { "texture": "#seraph", "uv": [ 12.5, 7.5, 13.5, 8.0 ] },
						"down": { "texture": "#seraph", "uv": [ 13.5, 7.5, 14.5, 8.0 ] }
					}
				},
				{
					"name": "cube",
					"from": [ 4.0684, 29.2896, 6.9263 ],
					"to": [ 5.4303, 29.4222, 7.0215 ],
					"uv": [ 10.45, 3.75 ],
					"rotationOrigin": [ -8.2567, 25.7383, 19.5308 ],
					"rotationZ": -4.75,
					"faces": {
						"north": { "texture": "#seraph", "uv": [ 10.5, 4.5, 11.5, 5.0 ] },
						"east": { "texture": "#seraph", "uv": [ 11.5, 4.5, 12.0, 5.0 ] },
						"south": { "texture": "#seraph", "uv": [ 12.0, 4.5, 13.0, 5.0 ] },
						"west": { "texture": "#seraph", "uv": [ 13.0, 4.5, 13.5, 5.0 ] },
						"up": { "texture": "#seraph", "uv": [ 10.5, 4.0, 11.5, 4.5 ] },
						"down": { "texture": "#seraph", "uv": [ 11.5, 4.0, 12.5, 4.5 ] }
					}
				},
				{
					"name": "cube",
					"from": [ 17.7859, 15.9602, 7.0215 ],
					"to": [ 18.0371, 16.5405, 7.2337 ],
					"uv": [ 8.5, 2.0 ],
					"rotationOrigin": [ 24.2567, 25.7383, 19.5308 ],
					"rotationZ": -68.5,
					"faces": {
						"north": { "texture": "#seraph", "uv": [ 8.5, 2.5, 9.0, 3.0 ] },
						"east": { "texture": "#seraph", "uv": [ 9.0, 2.5, 9.5, 3.0 ] },
						"south": { "texture": "#seraph", "uv": [ 9.5, 2.5, 10.0, 3.0 ] },
						"west": { "texture": "#seraph", "uv": [ 10.0, 2.5, 10.5, 3.0 ] },
						"up": { "texture": "#seraph", "uv": [ 8.5, 2.0, 9.0, 2.5 ] },
						"down": { "texture": "#seraph", "uv": [ 9.0, 2.0, 9.5, 2.5 ] }
					}
				},
				{
					"name": "cube",
					"from": [ 12.6042, 23.8199, 7.0215 ],
					"to": [ 12.9739, 24.0836, 7.2337 ],
					"uv": [ 7.25, 1.0 ],
					"rotationOrigin": [ 24.2567, 25.7383, 19.5308 ],
					"rotationZ": -21.5,
					"faces": {
						"north": { "texture": "#seraph", "uv": [ 7.5, 1.5, 8.0, 2.0 ] },
						"east": { "texture": "#seraph", "uv": [ 8.0, 1.5, 8.5, 2.0 ] },
						"south": { "texture": "#seraph", "uv": [ 8.5, 1.5, 9.0, 2.0 ] },
						"west": { "texture": "#seraph", "uv": [ 9.0, 1.5, 9.5, 2.0 ] },
						"up": { "texture": "#seraph", "uv": [ 7.5, 1.0, 8.0, 1.5 ] },
						"down": { "texture": "#seraph", "uv": [ 8.0, 1.0, 8.5, 1.5 ] }
					}
				},
				{
					"name": "cube",
					"from": [ 13.2316, 28.4373, 7.0215 ],
					"to": [ 13.4032, 28.6245, 7.2337 ],
					"uv": [ 19.75, 2.5 ],
					"rotationOrigin": [ 12.9484, 28.2717, 7.1276 ],
					"rotationZ": -34.5,
					"faces": {
						"north": { "texture": "#seraph", "uv": [ 20.0, 3.0, 20.5, 3.5 ] },
						"east": { "texture": "#seraph", "uv": [ 20.5, 3.0, 21.0, 3.5 ] },
						"south": { "texture": "#seraph", "uv": [ 21.0, 3.0, 21.5, 3.5 ] },
						"west": { "texture": "#seraph", "uv": [ 21.5, 3.0, 22.0, 3.5 ] },
						"up": { "texture": "#seraph", "uv": [ 20.0, 2.5, 20.5, 3.0 ] },
						"down": { "texture": "#seraph", "uv": [ 20.5, 2.5, 21.0, 3.0 ] }
					}
				},
				{
					"name": "cube7",
					"from": [ 12.49, 28.31, 6.9246 ],
					"to": [ 13.1499, 28.4426, 7.0198 ],
					"uv": [ 19.0, 1.0 ],
					"rotationOrigin": [ 12.6084, 28.342, 8.4737 ],
					"rotationX": 0.8827,
					"rotationY": -8.5,
					"rotationZ": -6.5594,
					"faces": {
						"north": { "texture": "#seraph", "uv": [ 19.0, 1.5, 19.5, 2.0 ] },
						"east": { "texture": "#seraph", "uv": [ 19.5, 1.5, 20.0, 2.0 ] },
						"south": { "texture": "#seraph", "uv": [ 20.0, 1.5, 20.5, 2.0 ] },
						"west": { "texture": "#seraph", "uv": [ 20.5, 1.5, 21.0, 2.0 ] },
						"up": { "texture": "#seraph", "uv": [ 19.0, 1.0, 19.5, 1.5 ] },
						"down": { "texture": "#seraph", "uv": [ 19.5, 1.0, 20.0, 1.5 ] }
					}
				},
				{
					"name": "cubee",
					"from": [ 12.71, 28.3329, 7.0215 ],
					"to": [ 13.3699, 28.4655, 7.2337 ],
					"uv": [ 16.5, 1.5 ],
					"rotationOrigin": [ 12.82, 28.342, 7.1276 ],
					"rotationZ": -6.5,
					"faces": {
						"north": { "texture": "#seraph", "uv": [ 16.5, 2.0, 17.0, 2.5 ] },
						"east": { "texture": "#seraph", "uv": [ 17.0, 2.0, 17.5, 2.5 ] },
						"south": { "texture": "#seraph", "uv": [ 17.5, 2.0, 18.0, 2.5 ] },
						"west": { "texture": "#seraph", "uv": [ 18.0, 2.0, 18.5, 2.5 ] },
						"up": { "texture": "#seraph", "uv": [ 16.5, 1.5, 17.0, 2.0 ] },
						"down": { "texture": "#seraph", "uv": [ 17.0, 1.5, 17.5, 2.0 ] }
					}
				},
				{
					"name": "cube",
					"from": [ 12.2517, 33.1333, 7.0203 ],
					"to": [ 14.3468, 33.659, 7.2325 ],
					"uv": [ 20.5, 7.5 ],
					"rotationOrigin": [ 24.2567, 25.7383, 19.5308 ],
					"rotationZ": 27.5,
					"faces": {
						"north": { "texture": "#seraph", "uv": [ 20.5, 8.0, 22.5, 8.5 ] },
						"east": { "texture": "#seraph", "uv": [ 22.5, 8.0, 23.0, 8.5 ] },
						"south": { "texture": "#seraph", "uv": [ 23.0, 8.0, 25.0, 8.5 ] },
						"west": { "texture": "#seraph", "uv": [ 25.0, 8.0, 25.5, 8.5 ] },
						"up": { "texture": "#seraph", "uv": [ 20.5, 7.5, 22.5, 8.0 ] },
						"down": { "texture": "#seraph", "uv": [ 22.5, 7.5, 24.5, 8.0 ] }
					}
				},
				{
					"name": "cube",
					"from": [ 11.3644, 30.9921, 7.0202 ],
					"to": [ 13.9275, 31.549, 7.2324 ],
					"uv": [ 17.0, 5.75 ],
					"rotationOrigin": [ 24.2567, 25.7383, 19.5308 ],
					"rotationZ": 16.0,
					"faces": {
						"north": { "texture": "#seraph", "uv": [ 17.0, 6.5, 19.5, 7.0 ] },
						"east": { "texture": "#seraph", "uv": [ 19.5, 6.5, 20.0, 7.0 ] },
						"south": { "texture": "#seraph", "uv": [ 20.0, 6.5, 22.5, 7.0 ] },
						"west": { "texture": "#seraph", "uv": [ 22.5, 6.5, 23.0, 7.0 ] },
						"up": { "texture": "#seraph", "uv": [ 17.0, 6.0, 19.5, 6.5 ] },
						"down": { "texture": "#seraph", "uv": [ 19.5, 6.0, 22.0, 6.5 ] }
					}
				},
				{
					"name": "cube",
					"from": [ 11.9035, 29.2958, 6.9263 ],
					"to": [ 12.9924, 29.4222, 7.0215 ],
					"uv": [ 9.0, 5.25 ],
					"rotationOrigin": [ 24.2567, 25.7383, 19.5308 ],
					"rotationZ": 4.75,
					"faces": {
						"north": { "texture": "#seraph", "uv": [ 9.0, 6.0, 10.0, 6.5 ] },
						"east": { "texture": "#seraph", "uv": [ 10.0, 6.0, 10.5, 6.5 ] },
						"south": { "texture": "#seraph", "uv": [ 10.5, 6.0, 11.5, 6.5 ] },
						"west": { "texture": "#seraph", "uv": [ 11.5, 6.0, 12.0, 6.5 ] },
						"up": { "texture": "#seraph", "uv": [ 9.0, 5.5, 10.0, 6.0 ] },
						"down": { "texture": "#seraph", "uv": [ 10.0, 5.5, 11.0, 6.0 ] }
					}
				},
				{
					"name": "cube",
					"from": [ 11.8255, 28.9448, 7.0201 ],
					"to": [ 12.9924, 29.4222, 7.2323 ],
					"uv": [ 21.5, 10.0 ],
					"rotationOrigin": [ 24.2567, 25.7383, 19.5308 ],
					"rotationZ": 4.75,
					"faces": {
						"north": { "texture": "#seraph", "uv": [ 21.5, 10.5, 22.5, 11.0 ] },
						"east": { "texture": "#seraph", "uv": [ 22.5, 10.5, 23.0, 11.0 ] },
						"south": { "texture": "#seraph", "uv": [ 23.0, 10.5, 24.0, 11.0 ] },
						"west": { "texture": "#seraph", "uv": [ 24.0, 10.5, 24.5, 11.0 ] },
						"up": { "texture": "#seraph", "uv": [ 21.5, 10.0, 22.5, 10.5 ] },
						"down": { "texture": "#seraph", "uv": [ 22.5, 10.0, 23.5, 10.5 ] }
					}
				},
				{
					"name": "cube",
					"from": [ 10.5697, 29.2896, 6.9263 ],
					"to": [ 11.9316, 29.4222, 7.0215 ],
					"uv": [ 16.0, 0.25 ],
					"rotationOrigin": [ 24.2567, 25.7383, 19.5308 ],
					"rotationZ": 4.75,
					"faces": {
						"north": { "texture": "#seraph", "uv": [ 16.0, 1.0, 17.0, 1.5 ] },
						"east": { "texture": "#seraph", "uv": [ 17.0, 1.0, 17.5, 1.5 ] },
						"south": { "texture": "#seraph", "uv": [ 17.5, 1.0, 18.5, 1.5 ] },
						"west": { "texture": "#seraph", "uv": [ 18.5, 1.0, 19.0, 1.5 ] },
						"up": { "texture": "#seraph", "uv": [ 16.0, 0.5, 17.0, 1.0 ] },
						"down": { "texture": "#seraph", "uv": [ 17.0, 0.5, 18.0, 1.0 ] }
					}
				},
				{
					"name": "cube",
					"from": [ 10.5697, 28.6266, 7.0201 ],
					"to": [ 11.9316, 29.4222, 7.2323 ],
					"uv": [ 13.5, 4.75 ],
					"rotationOrigin": [ 24.2567, 25.7383, 19.5308 ],
					"rotationZ": 4.75,
					"faces": {
						"north": { "texture": "#seraph", "uv": [ 13.5, 5.5, 14.5, 6.0 ] },
						"east": { "texture": "#seraph", "uv": [ 14.5, 5.5, 15.0, 6.0 ] },
						"south": { "texture": "#seraph", "uv": [ 15.0, 5.5, 16.0, 6.0 ] },
						"west": { "texture": "#seraph", "uv": [ 16.0, 5.5, 16.5, 6.0 ] },
						"up": { "texture": "#seraph", "uv": [ 13.5, 5.0, 14.5, 5.5 ] },
						"down": { "texture": "#seraph", "uv": [ 14.5, 5.0, 15.5, 5.5 ] }
					}
				}
			]
		}
	]}