{
	"editor": {
		"backDropShape": "entity/humanoid/seraph/seraph-hairless",
		"allAngles": true,
		"entityTextureMode": true
	},
	"textureWidth": 64,
	"textureHeight": 64,
	"textureSizes": {
		"seraph": [64,64]
	},
	"textures": {
		"seraph": "game:entity/humanoid/seraph-naked-hairless"
	},
	"elements": [
		{
			"name": "Cube2",
			"stepParentName": "Head",
			"from": [ 9.0, -25.0, -5.5 ],
			"to": [ 9.0, -25.0, -5.5 ],
			"uv": [ 12.0, 1.75 ],
			"rotationOrigin": [ 9.0, -25.0, -5.5 ],
			"rotationY": -90.0,
			"faces": {
				"north": { "texture": "#seraph", "uv": [ 12.0, 2.5, 12.5, 3.0 ] },
				"east": { "texture": "#seraph", "uv": [ 12.5, 2.5, 13.0, 3.0 ] },
				"south": { "texture": "#seraph", "uv": [ 13.0, 2.5, 13.5, 3.0 ] },
				"west": { "texture": "#seraph", "uv": [ 13.5, 2.5, 14.0, 3.0 ] },
				"up": { "texture": "#seraph", "uv": [ 12.0, 2.0, 12.5, 2.5 ] },
				"down": { "texture": "#seraph", "uv": [ 12.5, 2.0, 13.0, 2.5 ] }
			},
			"children": [
				{
					"name": "cube",
					"from": [ 9.9, 27.0, 7.0 ],
					"to": [ 11.1, 28.35, 7.2 ],
					"uv": [ 11.5, 3.25 ],
					"rotationOrigin": [ 9.9, 27.0, 7.0 ],
					"rotationY": -10.0,
					"rotationZ": -13.75,
					"faces": {
						"north": { "texture": "#seraph", "uv": [ 11.5, 4.0, 12.5, 5.0 ] },
						"east": { "texture": "#seraph", "uv": [ 12.5, 4.0, 13.0, 5.0 ] },
						"south": { "texture": "#seraph", "uv": [ 13.0, 4.0, 14.0, 5.0 ] },
						"west": { "texture": "#seraph", "uv": [ 14.0, 4.0, 14.5, 5.0 ] },
						"up": { "texture": "#seraph", "uv": [ 11.5, 3.5, 12.5, 4.0 ] },
						"down": { "texture": "#seraph", "uv": [ 12.5, 3.5, 13.5, 4.0 ] }
					}
				},
				{
					"name": "cube",
					"from": [ 4.9, 27.0, 7.0 ],
					"to": [ 6.1, 28.35, 7.2 ],
					"uv": [ 14.5, 3.25 ],
					"rotationOrigin": [ 6.0, 27.0, 7.0 ],
					"rotationY": 10.0,
					"rotationZ": 13.75,
					"faces": {
						"north": { "texture": "#seraph", "uv": [ 14.5, 4.0, 15.5, 5.0 ] },
						"east": { "texture": "#seraph", "uv": [ 15.5, 4.0, 16.0, 5.0 ] },
						"south": { "texture": "#seraph", "uv": [ 16.0, 4.0, 17.0, 5.0 ] },
						"west": { "texture": "#seraph", "uv": [ 17.0, 4.0, 17.5, 5.0 ] },
						"up": { "texture": "#seraph", "uv": [ 14.5, 3.5, 15.5, 4.0 ] },
						"down": { "texture": "#seraph", "uv": [ 15.5, 3.5, 16.5, 4.0 ] }
					}
				}
			]
		}
	]}