{
	"editor": {
		"backDropShape": "seraph-hairless",
		"allAngles": true,
		"entityTextureMode": true
	},
	"textureWidth": 64,
	"textureHeight": 64,
	"textureSizes": {
		"seraph": [64,64]
	},
	"textures": {
		"seraph": "game:entity/humanoid/seraph-naked-hairless"
	},
	"elements": [
		{
			"name": "Cube2",
			"stepParentName": "Head",
			"from": [ 8.0, -25.0, -2.0 ],
			"to": [ 8.0, -25.0, -2.0 ],
			"uv": [ 21.75, 5.0 ],
			"rotationOrigin": [ 8.0, 0.0, -2.0 ],
			"rotationY": -90.0,
			"faces": {
				"north": { "texture": "#seraph", "uv": [ 22.0, 5.5, 22.5, 6.0 ] },
				"east": { "texture": "#seraph", "uv": [ 22.5, 5.5, 23.0, 6.0 ] },
				"south": { "texture": "#seraph", "uv": [ 23.0, 5.5, 23.5, 6.0 ] },
				"west": { "texture": "#seraph", "uv": [ 23.5, 5.5, 24.0, 6.0 ] },
				"up": { "texture": "#seraph", "uv": [ 22.0, 5.0, 22.5, 5.5 ] },
				"down": { "texture": "#seraph", "uv": [ 22.5, 5.0, 23.0, 5.5 ] }
			},
			"children": [
				{
					"name": "Cube3",
					"from": [ -0.2, 0.0, -0.5 ],
					"to": [ -0.2, 0.0, -0.5 ],
					"uv": [ 13.5, 0.75 ],
					"rotationOrigin": [ 8.8, 27.0, 6.0 ],
					"rotationY": 10.0,
					"faces": {
						"north": { "texture": "#seraph", "uv": [ 13.5, 1.5, 14.0, 2.0 ] },
						"east": { "texture": "#seraph", "uv": [ 14.0, 1.5, 14.5, 2.0 ] },
						"south": { "texture": "#seraph", "uv": [ 14.5, 1.5, 15.0, 2.0 ] },
						"west": { "texture": "#seraph", "uv": [ 15.0, 1.5, 15.5, 2.0 ] },
						"up": { "texture": "#seraph", "uv": [ 13.5, 1.0, 14.0, 1.5 ] },
						"down": { "texture": "#seraph", "uv": [ 14.0, 1.0, 14.5, 1.5 ] }
					},
					"children": [
						{
							"name": "cube",
							"from": [ 9.0228, 26.4117, 6.8 ],
							"to": [ 9.3228, 27.1617, 6.925 ],
							"uv": [ 19.25, 6.5 ],
							"rotationOrigin": [ 9.0728, 26.7867, 6.8625 ],
							"rotationZ": -52.5,
							"faces": {
								"north": { "texture": "#seraph", "uv": [ 19.5, 7.0, 20.0, 7.5 ] },
								"east": { "texture": "#seraph", "uv": [ 20.0, 7.0, 20.5, 7.5 ] },
								"south": { "texture": "#seraph", "uv": [ 20.5, 7.0, 21.0, 7.5 ] },
								"west": { "texture": "#seraph", "uv": [ 21.0, 7.0, 21.5, 7.5 ] },
								"up": { "texture": "#seraph", "uv": [ 19.5, 6.5, 20.0, 7.0 ] },
								"down": { "texture": "#seraph", "uv": [ 20.0, 6.5, 20.5, 7.0 ] }
							}
						},
						{
							"name": "cube",
							"from": [ 6.25, 27.25, 6.8 ],
							"to": [ 7.25, 28.25, 6.925 ],
							"uv": [ 13.5, 2.5 ],
							"rotationOrigin": [ 6.25, 26.25, 6.05 ],
							"rotationZ": -4.5,
							"faces": {
								"north": { "texture": "#seraph", "uv": [ 13.5, 3.0, 14.5, 4.0 ] },
								"east": { "texture": "#seraph", "uv": [ 14.5, 3.0, 15.0, 4.0 ] },
								"south": { "texture": "#seraph", "uv": [ 15.0, 3.0, 16.0, 4.0 ] },
								"west": { "texture": "#seraph", "uv": [ 16.0, 3.0, 16.5, 4.0 ] },
								"up": { "texture": "#seraph", "uv": [ 13.5, 2.5, 14.5, 3.0 ] },
								"down": { "texture": "#seraph", "uv": [ 14.5, 2.5, 15.5, 3.0 ] }
							}
						},
						{
							"name": "cube",
							"from": [ 6.0959, 27.1834, 6.802 ],
							"to": [ 6.5459, 27.9334, 6.927 ],
							"uv": [ 11.5, 3.0 ],
							"rotationOrigin": [ 6.0959, 26.2584, 6.05 ],
							"rotationZ": -61.0,
							"faces": {
								"north": { "texture": "#seraph", "uv": [ 11.5, 3.5, 12.0, 4.0 ] },
								"east": { "texture": "#seraph", "uv": [ 12.0, 3.5, 12.5, 4.0 ] },
								"south": { "texture": "#seraph", "uv": [ 12.5, 3.5, 13.0, 4.0 ] },
								"west": { "texture": "#seraph", "uv": [ 13.0, 3.5, 13.5, 4.0 ] },
								"up": { "texture": "#seraph", "uv": [ 11.5, 3.0, 12.0, 3.5 ] },
								"down": { "texture": "#seraph", "uv": [ 12.0, 3.0, 12.5, 3.5 ] }
							}
						},
						{
							"name": "cube",
							"from": [ 6.4959, 28.1334, 6.75 ],
							"to": [ 8.9959, 28.3834, 7.0 ],
							"uv": [ 15.56, 1.0 ],
							"rotationOrigin": [ 6.4959, 26.3834, 6.0 ],
							"rotationZ": -27.0,
							"faces": {
								"north": { "texture": "#seraph", "uv": [ 15.5, 1.5, 18.0, 2.0 ] },
								"east": { "texture": "#seraph", "uv": [ 18.5, 1.5, 19.0, 2.0 ] },
								"south": { "texture": "#seraph", "uv": [ 19.0, 1.5, 21.5, 2.0 ] },
								"west": { "texture": "#seraph", "uv": [ 21.5, 1.5, 22.0, 2.0 ] },
								"up": { "texture": "#seraph", "uv": [ 15.5, 1.0, 18.0, 1.5 ] },
								"down": { "texture": "#seraph", "uv": [ 18.5, 1.0, 21.0, 1.5 ] }
							}
						},
						{
							"name": "cube",
							"from": [ 6.5459, 27.3834, 6.799 ],
							"to": [ 8.6709, 28.3584, 6.924 ],
							"uv": [ 20.53, 3.0 ],
							"rotationOrigin": [ 6.4959, 26.3584, 6.05 ],
							"rotationZ": -27.0,
							"faces": {
								"north": { "texture": "#seraph", "uv": [ 20.5, 3.5, 22.5, 4.0 ] },
								"east": { "texture": "#seraph", "uv": [ 23.0, 3.5, 23.5, 4.0 ] },
								"south": { "texture": "#seraph", "uv": [ 23.5, 3.5, 25.5, 4.0 ] },
								"west": { "texture": "#seraph", "uv": [ 25.5, 3.5, 26.0, 4.0 ] },
								"up": { "texture": "#seraph", "uv": [ 20.5, 3.0, 22.5, 3.5 ], "rotation": 180 },
								"down": { "texture": "#seraph", "uv": [ 23.0, 3.0, 25.0, 3.5 ] }
							}
						},
						{
							"name": "cube",
							"from": [ 6.25, 28.0, 6.75 ],
							"to": [ 7.25, 28.25, 7.0 ],
							"uv": [ 23.81, 1.75 ],
							"rotationOrigin": [ 6.25, 26.25, 6.0 ],
							"rotationZ": -4.5,
							"faces": {
								"north": { "texture": "#seraph", "uv": [ 24.0, 2.5, 25.0, 3.0 ] },
								"east": { "texture": "#seraph", "uv": [ 25.0, 2.5, 25.5, 3.0 ] },
								"south": { "texture": "#seraph", "uv": [ 25.5, 2.5, 26.5, 3.0 ] },
								"west": { "texture": "#seraph", "uv": [ 26.5, 2.5, 27.0, 3.0 ] },
								"up": { "texture": "#seraph", "uv": [ 24.0, 2.0, 25.0, 2.5 ] },
								"down": { "texture": "#seraph", "uv": [ 25.0, 2.0, 26.0, 2.5 ] }
							}
						},
						{
							"name": "cube",
							"from": [ 6.4959, 26.5584, 6.801 ],
							"to": [ 8.6709, 27.2834, 6.926 ],
							"uv": [ 16.03, 4.75 ],
							"rotationOrigin": [ 6.4959, 25.6084, 6.05 ],
							"rotationZ": -5.5,
							"faces": {
								"north": { "texture": "#seraph", "uv": [ 16.0, 5.5, 18.0, 6.0 ] },
								"east": { "texture": "#seraph", "uv": [ 18.5, 5.5, 19.0, 6.0 ] },
								"south": { "texture": "#seraph", "uv": [ 19.0, 5.5, 21.0, 6.0 ] },
								"west": { "texture": "#seraph", "uv": [ 21.0, 5.5, 21.5, 6.0 ] },
								"up": { "texture": "#seraph", "uv": [ 16.0, 5.0, 18.0, 5.5 ] },
								"down": { "texture": "#seraph", "uv": [ 18.5, 5.0, 20.5, 5.5 ] }
							}
						}
					]
				},
				{
					"name": "Cube4",
					"from": [ 0.1, 0.0, -0.5 ],
					"to": [ 0.1, 0.0, -0.5 ],
					"uv": [ 11.5, 1.5 ],
					"rotationOrigin": [ 0.1, 27.0, 7.0 ],
					"rotationY": -10.0,
					"faces": {
						"north": { "texture": "#seraph", "uv": [ 11.5, 2.0, 12.0, 2.5 ] },
						"east": { "texture": "#seraph", "uv": [ 12.0, 2.0, 12.5, 2.5 ] },
						"south": { "texture": "#seraph", "uv": [ 12.5, 2.0, 13.0, 2.5 ] },
						"west": { "texture": "#seraph", "uv": [ 13.0, 2.0, 13.5, 2.5 ] },
						"up": { "texture": "#seraph", "uv": [ 11.5, 1.5, 12.0, 2.0 ] },
						"down": { "texture": "#seraph", "uv": [ 12.0, 1.5, 12.5, 2.0 ] }
					},
					"children": [
						{
							"name": "cube",
							"from": [ 1.75, 28.0, 6.75 ],
							"to": [ 2.75, 28.25, 7.0 ],
							"uv": [ 16.5, 2.5 ],
							"rotationOrigin": [ 2.75, 26.25, 6.0 ],
							"rotationZ": 4.5,
							"faces": {
								"north": { "texture": "#seraph", "uv": [ 16.5, 3.0, 17.5, 3.5 ] },
								"east": { "texture": "#seraph", "uv": [ 17.5, 3.0, 18.0, 3.5 ] },
								"south": { "texture": "#seraph", "uv": [ 18.0, 3.0, 19.0, 3.5 ] },
								"west": { "texture": "#seraph", "uv": [ 19.0, 3.0, 19.5, 3.5 ] },
								"up": { "texture": "#seraph", "uv": [ 16.5, 2.5, 17.5, 3.0 ] },
								"down": { "texture": "#seraph", "uv": [ 17.5, 2.5, 18.5, 3.0 ] }
							}
						},
						{
							"name": "cube",
							"from": [ 1.75, 27.25, 6.8 ],
							"to": [ 2.75, 28.25, 6.925 ],
							"uv": [ 17.5, 3.5 ],
							"rotationOrigin": [ 2.75, 26.25, 6.05 ],
							"rotationZ": 4.5,
							"faces": {
								"north": { "texture": "#seraph", "uv": [ 17.5, 4.0, 18.5, 5.0 ] },
								"east": { "texture": "#seraph", "uv": [ 18.5, 4.0, 19.0, 5.0 ] },
								"south": { "texture": "#seraph", "uv": [ 19.0, 4.0, 20.0, 5.0 ] },
								"west": { "texture": "#seraph", "uv": [ 20.0, 4.0, 20.5, 5.0 ] },
								"up": { "texture": "#seraph", "uv": [ 17.5, 3.5, 18.5, 4.0 ] },
								"down": { "texture": "#seraph", "uv": [ 18.5, 3.5, 19.5, 4.0 ] }
							}
						},
						{
							"name": "cube",
							"from": [ 0.0042, 28.1334, 6.75 ],
							"to": [ 2.5042, 28.3834, 7.0 ],
							"uv": [ 11.5, 3.75 ],
							"rotationOrigin": [ 2.5042, 26.3834, 6.0 ],
							"rotationZ": 27.0,
							"faces": {
								"north": { "texture": "#seraph", "uv": [ 11.5, 4.5, 14.0, 5.0 ] },
								"east": { "texture": "#seraph", "uv": [ 14.0, 4.5, 14.5, 5.0 ] },
								"south": { "texture": "#seraph", "uv": [ 14.5, 4.5, 17.0, 5.0 ] },
								"west": { "texture": "#seraph", "uv": [ 17.0, 4.5, 17.5, 5.0 ] },
								"up": { "texture": "#seraph", "uv": [ 11.5, 4.0, 14.0, 4.5 ] },
								"down": { "texture": "#seraph", "uv": [ 14.0, 4.0, 16.5, 4.5 ] }
							}
						},
						{
							"name": "cube",
							"from": [ 0.3292, 27.3834, 6.799 ],
							"to": [ 2.4542, 28.3584, 6.924 ],
							"uv": [ 21.75, 0.75 ],
							"rotationOrigin": [ 2.5042, 26.3584, 6.05 ],
							"rotationZ": 27.0,
							"faces": {
								"north": { "texture": "#seraph", "uv": [ 22.0, 1.5, 24.0, 2.0 ] },
								"east": { "texture": "#seraph", "uv": [ 24.0, 1.5, 24.5, 2.0 ] },
								"south": { "texture": "#seraph", "uv": [ 24.5, 1.5, 26.5, 2.0 ] },
								"west": { "texture": "#seraph", "uv": [ 26.5, 1.5, 27.0, 2.0 ] },
								"up": { "texture": "#seraph", "uv": [ 22.0, 1.0, 24.0, 1.5 ], "rotation": 180 },
								"down": { "texture": "#seraph", "uv": [ 24.0, 1.0, 26.0, 1.5 ] }
							}
						},
						{
							"name": "cube",
							"from": [ 0.3292, 26.5584, 6.8 ],
							"to": [ 2.5042, 27.2834, 6.925 ],
							"uv": [ 21.0, 4.0 ],
							"rotationOrigin": [ 2.5042, 25.6084, 6.05 ],
							"rotationZ": 5.5,
							"faces": {
								"north": { "texture": "#seraph", "uv": [ 21.0, 4.5, 23.0, 5.0 ] },
								"east": { "texture": "#seraph", "uv": [ 23.0, 4.5, 23.5, 5.0 ] },
								"south": { "texture": "#seraph", "uv": [ 23.5, 4.5, 25.5, 5.0 ] },
								"west": { "texture": "#seraph", "uv": [ 25.5, 4.5, 26.0, 5.0 ] },
								"up": { "texture": "#seraph", "uv": [ 21.0, 4.0, 23.0, 4.5 ] },
								"down": { "texture": "#seraph", "uv": [ 23.0, 4.0, 25.0, 4.5 ] }
							}
						},
						{
							"name": "cube",
							"from": [ 2.4542, 27.1834, 6.801 ],
							"to": [ 2.9042, 27.9334, 6.926 ],
							"uv": [ 21.87, 5.75 ],
							"rotationOrigin": [ 2.9042, 26.2584, 6.05 ],
							"rotationZ": 61.0,
							"faces": {
								"north": { "texture": "#seraph", "uv": [ 22.0, 6.5, 22.5, 7.0 ] },
								"east": { "texture": "#seraph", "uv": [ 22.5, 6.5, 23.0, 7.0 ] },
								"south": { "texture": "#seraph", "uv": [ 23.0, 6.5, 23.5, 7.0 ] },
								"west": { "texture": "#seraph", "uv": [ 23.5, 6.5, 24.0, 7.0 ] },
								"up": { "texture": "#seraph", "uv": [ 22.0, 6.0, 22.5, 6.5 ] },
								"down": { "texture": "#seraph", "uv": [ 22.5, 6.0, 23.0, 6.5 ] }
							}
						},
						{
							"name": "cube",
							"from": [ -0.3228, 26.4117, 6.801 ],
							"to": [ -0.0228, 27.1617, 6.926 ],
							"uv": [ 19.62, 1.75 ],
							"rotationOrigin": [ -0.0728, 26.7867, 6.8625 ],
							"rotationZ": 52.5,
							"faces": {
								"north": { "texture": "#seraph", "uv": [ 19.5, 2.5, 20.0, 3.0 ] },
								"east": { "texture": "#seraph", "uv": [ 20.5, 2.5, 21.0, 3.0 ] },
								"south": { "texture": "#seraph", "uv": [ 21.0, 2.5, 21.5, 3.0 ] },
								"west": { "texture": "#seraph", "uv": [ 21.5, 2.5, 22.0, 3.0 ] },
								"up": { "texture": "#seraph", "uv": [ 19.5, 2.0, 20.0, 2.5 ] },
								"down": { "texture": "#seraph", "uv": [ 20.5, 2.0, 21.0, 2.5 ] }
							}
						}
					]
				}
			]
		}
	]}