[
    // Ready
    {
        "file": "armory:config/animations/light-shields.json",
        "op": "replace",
        "path": "/shield-light-ready",
        "dependsOn": [{"modid": "armory"}],

        "value": {
            "Hold": true,
            "PlayerKeyFrames": [
              {
                "EasingTime": 300.0,
                "EasingFunction": "Sin",
                "DetachedAnchor": false,
                "SwitchArms": false,
                "PitchFollow": false,
                "PitchDontFollow": false,
                "FOVMultiplier": 1.0,
                "BobbingAmplitude": 1.0,
                "Elements": {
                  "ItemAnchorL": [
                    0.0,
                    0.0,
                    0.0,
                    15.0,
                    -10.0,
                    -33.0
                  ],
                  "LowerArmL": [
                    0.0,
                    0.0,
                    0.0,
                    0.0,
                    0.0,
                    -72.0
                  ],
                  "UpperArmL": [
                    0.0,
                    0.0,
                    0.0,
                    0.0,
                    -8.0,
                    21.0
                  ]
                }
              }
            ],
            "ItemKeyFrames": [],
            "SoundFrames": [],
            "ParticlesFrames": [],
            "CallbackFrames": [],
            "ItemAnimationStart": 0,
            "ItemAnimationEnd": 0
        }
    },

    // Parry
    {
        "file": "armory:config/animations/light-shields.json",
        "op": "replace",
        "path": "/shield-light-parry",
        "dependsOn": [{"modid": "armory"}],

        "value": {
            "Hold": true,
            "PlayerKeyFrames": [
              {
                "EasingTime": 50.0,
                "EasingFunction": "Sin",
                "DetachedAnchor": false,
                "SwitchArms": false,
                "PitchFollow": true,
                "PitchDontFollow": false,
                "FOVMultiplier": 1.0,
                "BobbingAmplitude": 0.8,
                "Elements": {
                  "ItemAnchorL": [
                    0.0,
                    0.0,
                    0.0,
                    54.0,
                    -6.0,
                    -6.0
                  ],
                  "LowerArmL": [
                    0.0,
                    0.0,
                    0.0,
                    38.0,
                    -27.0,
                    0.0
                  ],
                  "UpperArmL": [
                    0.0,
                    0.0,
                    0.0,
                    0.0,
                    13.0,
                    -67.0
                  ]
                }
              },
              {
                "EasingTime": 250.0,
                "EasingFunction": "Quadratic",
                "DetachedAnchor": false,
                "SwitchArms": false,
                "PitchFollow": true,
                "PitchDontFollow": false,
                "FOVMultiplier": 1.0,
                "BobbingAmplitude": 0.8,
                "Elements": {
                  "ItemAnchorL": [
                    0.0,
                    0.0,
                    0.0,
                    26.0,
                    -18.0,
                    -17.0
                  ],
                  "LowerArmL": [
                    0.0,
                    0.0,
                    0.0,
                    2.0,
                    1.0,
                    0.0
                  ],
                  "UpperArmL": [
                    -0.3,
                    -1.6,
                    0.0,
                    0.0,
                    25.0,
                    -90.0
                  ]
                }
              },
              {
                "EasingTime": 750.0,
                "EasingFunction": "Bounce",
                "DetachedAnchor": false,
                "SwitchArms": false,
                "PitchFollow": true,
                "PitchDontFollow": false,
                "FOVMultiplier": 1.0,
                "BobbingAmplitude": 0.8,
                "Elements": {
                  "ItemAnchorL": [
                    0.0,
                    0.0,
                    0.0,
                    63.0,
                    -18.0,
                    -7.0
                  ],
                  "LowerArmL": [
                    0.0,
                    0.0,
                    0.0,
                    11.0,
                    -4.0,
                    0.0
                  ],
                  "UpperArmL": [
                    0.0,
                    0.0,
                    0.0,
                    0.0,
                    13.0,
                    -67.0
                  ]
                }
              }
            ],
            "ItemKeyFrames": [],
            "SoundFrames": [],
            "ParticlesFrames": [],
            "CallbackFrames": [
              {
                "Code": "startParry",
                "DurationFraction": 0.2
              },
              {
                "Code": "stopParry",
                "DurationFraction": 1.0
              }
            ],
            "ItemAnimationStart": 0,
            "ItemAnimationEnd": 0
        }
    }
]