[
    // Idle
    {
        "file": "armory:config/animations/mace.json",
        "op": "replace",
        "path": "/mace-idle-1h",
        "dependsOn": [{"modid": "armory"}],

        "value": {
            "Hold": false,
            "PlayerKeyFrames": [
              {
                "EasingTime": 300.0,
                "EasingFunction": "Sin",
                "DetachedAnchor": false,
                "SwitchArms": false,
                "PitchFollow": false,
                "PitchDontFollow": false,
                "FOVMultiplier": 1.0,
                "BobbingAmplitude": 1.0,
                "Elements": {
                  "ItemAnchor": [
                    0.0,
                    0.0,
                    0.0,
                    0.0,
                    1.0,
                    -29.0
                  ],
                  "LowerArmR": [
                    0.0,
                    0.0,
                    0.0,
                    0.0,
                    0.0,
                    -107.0
                  ],
                  "UpperArmR": [
                    0.0,
                    0.0,
                    -0.7,
                    0.0,
                    -12.0,
                    -28.0
                  ]
                }
              }
            ],
            "ItemKeyFrames": [],
            "SoundFrames": [],
            "ParticlesFrames": [],
            "CallbackFrames": [],
            "ItemAnimationStart": 0,
            "ItemAnimationEnd": 0
        }
    },

    // Slash (Right)
    {
        "file": "armory:config/animations/mace.json",
        "op": "replace",
        "path": "/mace-strike-1h-1",
        "dependsOn": [{"modid": "armory"}],

        "value": {
            "Hold": false,
            "PlayerKeyFrames": [
              {
                "EasingTime": 100.0,
                "EasingFunction": "Sin",
                "DetachedAnchor": false,
                "SwitchArms": false,
                "PitchFollow": true,
                "PitchDontFollow": false,
                "FOVMultiplier": 1.0,
                "BobbingAmplitude": 1.0,
                "Elements": {
                  "ItemAnchor": [
                    0.0,
                    0.0,
                    0.0,
                    0.0,
                    -6.0,
                    5.0
                  ],
                  "LowerArmR": [
                    0.0,
                    0.0,
                    0.0,
                    0.0,
                    0.0,
                    -71.0
                  ],
                  "UpperArmR": [
                    1.6,
                    0.0,
                    0.0,
                    -15.0,
                    -17.0,
                    -93.2
                  ]
                }
              },
              {
                "EasingTime": 300.0,
                "EasingFunction": "Quintic",
                "DetachedAnchor": false,
                "SwitchArms": false,
                "PitchFollow": true,
                "PitchDontFollow": false,
                "FOVMultiplier": 1.0,
                "BobbingAmplitude": 1.0,
                "Elements": {
                  "ItemAnchor": [
                    0.0,
                    0.0,
                    0.0,
                    0.0,
                    0.0,
                    70.0
                  ],
                  "LowerArmR": [
                    0.0,
                    0.0,
                    0.0,
                    0.0,
                    0.0,
                    -2.0
                  ],
                  "UpperArmR": [
                    0.0,
                    -1.6,
                    0.0,
                    -39.4,
                    2.9,
                    -82.1
                  ]
                }
              },
              {
                "EasingTime": 450.0,
                "EasingFunction": "CosShifted",
                "DetachedAnchor": false,
                "SwitchArms": false,
                "PitchFollow": true,
                "PitchDontFollow": false,
                "FOVMultiplier": 1.0,
                "BobbingAmplitude": 1.0,
                "Elements": {
                  "ItemAnchor": [
                    0.0,
                    0.0,
                    0.0,
                    0.0,
                    0.0,
                    92.0
                  ],
                  "LowerArmR": [
                    0.0,
                    0.0,
                    0.0,
                    -16.0,
                    0.0,
                    3.0
                  ],
                  "UpperArmR": [
                    0.0,
                    0.0,
                    0.0,
                    -24.0,
                    0.2,
                    -47.2
                  ]
                }
              },
              {
                "EasingTime": 750.0,
                "EasingFunction": "Sin",
                "DetachedAnchor": false,
                "SwitchArms": false,
                "PitchFollow": true,
                "PitchDontFollow": false,
                "FOVMultiplier": 1.0,
                "BobbingAmplitude": 1.0,
                "Elements": {
                  "ItemAnchor": [
                    0.0,
                    0.0,
                    0.0,
                    0.0,
                    34.0,
                    22.0
                  ],
                  "LowerArmR": [
                    0.0,
                    0.0,
                    0.0,
                    -22.0,
                    4.0,
                    0.0
                  ],
                  "UpperArmR": [
                    1.6,
                    0.0,
                    0.0,
                    7.0,
                    16.0,
                    -64.2
                  ]
                }
              },
              {
                "EasingTime": 1050.0,
                "EasingFunction": "Bounce",
                "DetachedAnchor": false,
                "SwitchArms": false,
                "PitchFollow": true,
                "PitchDontFollow": false,
                "FOVMultiplier": 1.0,
                "BobbingAmplitude": 1.0,
                "Elements": {
                  "ItemAnchor": [
                    0.0,
                    0.0,
                    0.0,
                    0.0,
                    -9.0,
                    12.0
                  ],
                  "LowerArmR": [
                    0.0,
                    0.0,
                    0.0,
                    0.0,
                    0.0,
                    -34.0
                  ],
                  "UpperArmR": [
                    0.0,
                    0.0,
                    0.0,
                    -16.0,
                    -23.0,
                    -41.0
                  ]
                }
              }
            ],
            "ItemKeyFrames": [],
            "SoundFrames": [
              {
                "Code": [
                  "game:sounds/player/strike1",
                  "game:sounds/player/strike2"
                ],
                "DurationFraction": 0.21904762,
                "RandomizePitch": true,
                "Range": 16.0,
                "Volume": 0.5,
                "Synchronize": true
              }
            ],
            "ParticlesFrames": [],
            "CallbackFrames": [
              {
                "Code": "start",
                "DurationFraction": 0.0952381
              },
              {
                "Code": "stop",
                "DurationFraction": 0.42857143
              },
              {
                "Code": "ready",
                "DurationFraction": 0.71428573
              }
            ],
            "ItemAnimationStart": 0,
            "ItemAnimationEnd": 0
        }
    },

    {
        "file": "armory:config/animations/mace.json",
        "op": "replace",
        "path": "/mace-strike-1h-2",
        "dependsOn": [{"modid": "armory"}],

        "value": {
            "Hold": false,
            "PlayerKeyFrames": [
              {
                "EasingTime": 100.0,
                "EasingFunction": "Sin",
                "DetachedAnchor": false,
                "SwitchArms": false,
                "PitchFollow": true,
                "PitchDontFollow": false,
                "FOVMultiplier": 1.0,
                "BobbingAmplitude": 1.0,
                "Elements": {
                  "ItemAnchor": [
                    0.0,
                    0.0,
                    0.0,
                    0.0,
                    9.0,
                    18.0
                  ],
                  "LowerArmR": [
                    0.0,
                    0.0,
                    0.0,
                    0.0,
                    45.0,
                    -72.0
                  ],
                  "UpperArmR": [
                    1.6,
                    0.0,
                    0.0,
                    -2.0,
                    0.0,
                    -75.2
                  ]
                }
              },
              {
                "EasingTime": 300.0,
                "EasingFunction": "Quintic",
                "DetachedAnchor": false,
                "SwitchArms": false,
                "PitchFollow": true,
                "PitchDontFollow": false,
                "FOVMultiplier": 1.0,
                "BobbingAmplitude": 1.0,
                "Elements": {
                  "ItemAnchor": [
                    0.0,
                    0.0,
                    0.0,
                    0.0,
                    0.0,
                    78.0
                  ],
                  "LowerArmR": [
                    0.0,
                    0.0,
                    0.0,
                    0.0,
                    0.0,
                    -2.0
                  ],
                  "UpperArmR": [
                    0.8,
                    -1.6,
                    0.0,
                    32.6,
                    -3.1,
                    -93.1
                  ]
                }
              },
              {
                "EasingTime": 450.0,
                "EasingFunction": "CosShifted",
                "DetachedAnchor": false,
                "SwitchArms": false,
                "PitchFollow": true,
                "PitchDontFollow": false,
                "FOVMultiplier": 1.0,
                "BobbingAmplitude": 1.0,
                "Elements": {
                  "ItemAnchor": [
                    0.0,
                    0.0,
                    0.0,
                    0.0,
                    0.0,
                    92.0
                  ],
                  "LowerArmR": [
                    0.0,
                    0.0,
                    0.0,
                    9.0,
                    0.0,
                    -1.0
                  ],
                  "UpperArmR": [
                    0.0,
                    0.0,
                    0.0,
                    15.0,
                    0.0,
                    -39.2
                  ]
                }
              },
              {
                "EasingTime": 750.0,
                "EasingFunction": "Sin",
                "DetachedAnchor": false,
                "SwitchArms": false,
                "PitchFollow": true,
                "PitchDontFollow": false,
                "FOVMultiplier": 1.0,
                "BobbingAmplitude": 1.0,
                "Elements": {
                  "ItemAnchor": [
                    0.0,
                    0.0,
                    0.0,
                    -3.0,
                    9.0,
                    22.0
                  ],
                  "LowerArmR": [
                    0.0,
                    0.0,
                    0.0,
                    0.0,
                    0.0,
                    -6.0
                  ],
                  "UpperArmR": [
                    0.0,
                    0.0,
                    0.0,
                    -6.0,
                    -38.0,
                    -42.0
                  ]
                }
              },
              {
                "EasingTime": 1050.0,
                "EasingFunction": "Bounce",
                "DetachedAnchor": false,
                "SwitchArms": false,
                "PitchFollow": true,
                "PitchDontFollow": false,
                "FOVMultiplier": 1.0,
                "BobbingAmplitude": 1.0,
                "Elements": {
                  "ItemAnchor": [
                    0.0,
                    0.0,
                    0.0,
                    0.0,
                    -9.0,
                    12.0
                  ],
                  "LowerArmR": [
                    0.0,
                    0.0,
                    0.0,
                    0.0,
                    0.0,
                    -34.0
                  ],
                  "UpperArmR": [
                    0.0,
                    0.0,
                    0.0,
                    -16.0,
                    -23.0,
                    -41.0
                  ]
                }
              }
            ],
            "ItemKeyFrames": [],
            "SoundFrames": [
              {
                "Code": [
                  "game:sounds/player/strike1",
                  "game:sounds/player/strike2"
                ],
                "DurationFraction": 0.21904762,
                "RandomizePitch": true,
                "Range": 16.0,
                "Volume": 0.5,
                "Synchronize": true
              }
            ],
            "ParticlesFrames": [],
            "CallbackFrames": [
              {
                "Code": "start",
                "DurationFraction": 0.0952381
              },
              {
                "Code": "stop",
                "DurationFraction": 0.42857143
              },
              {
                "Code": "ready",
                "DurationFraction": 0.71428573
              }
            ],
            "ItemAnimationStart": 0,
            "ItemAnimationEnd": 0
        }
    },
]