[
    // Ready
    {
        "file": "armory:config/animations/pike.json",
        "op": "replace",
        "path": "/pike-ready-2h",
        "dependsOn": [{"modid": "armory"}],

        "value": {
            "Hold": true,
            "PlayerKeyFrames": [
              {
                "EasingTime": 300.0,
                "EasingFunction": "Sin",
                "DetachedAnchor": false,
                "SwitchArms": false,
                "PitchFollow": true,
                "PitchDontFollow": false,
                "FOVMultiplier": 1.0,
                "BobbingAmplitude": 1.0,
                "Elements": {
                  "ItemAnchor": [
                    0.0,
                    0.0,
                    0.0,
                    0.0,
                    11.0,
                    8.0
                  ],
                  "LowerArmR": [
                    0.0,
                    0.0,
                    0.0,
                    0.0,
                    0.0,
                    -86.0
                  ],
                  "UpperArmR": [
                    0.0,
                    -2.0,
                    0.0,
                    8.0,
                    -0.5,
                    73.0
                  ],
                  "ItemAnchorL": [
                    0.0,
                    0.0,
                    0.0,
                    0.0,
                    0.0,
                    0.0
                  ],
                  "LowerArmL": [
                    0.0,
                    0.0,
                    0.0,
                    0.0,
                    0.0,
                    -64.0
                  ],
                  "UpperArmL": [
                    0.6,
                    -0.1,
                    0.0,
                    -37.0,
                    -69.0,
                    -69.0
                  ]
                }
              }
            ],
            "ItemKeyFrames": [],
            "SoundFrames": [],
            "ParticlesFrames": [],
            "CallbackFrames": [],
            "ItemAnimationStart": 0,
            "ItemAnimationEnd": 0
        }
    },

    // 2-Handed Thrust Below
    {
        "file": "armory:config/animations/pike.json",
        "op": "replace",
        "path": "/pike-thrust-2h-bottom",
        "dependsOn": [{"modid": "armory"}],

        "value": {
            "Hold": false,
            "PlayerKeyFrames": [
              {
                "EasingTime": 75.0,
                "EasingFunction": "Sin",
                "DetachedAnchor": false,
                "SwitchArms": false,
                "PitchFollow": true,
                "PitchDontFollow": false,
                "FOVMultiplier": 1.0,
                "BobbingAmplitude": 1.0,
                "Elements": {
                  "ItemAnchor": [
                    0.0,
                    0.0,
                    0.0,
                    0.0,
                    11.0,
                    0.0
                  ],
                  "LowerArmR": [
                    0.0,
                    0.0,
                    0.0,
                    0.0,
                    0.0,
                    -79.0
                  ],
                  "UpperArmR": [
                    0.0,
                    -2.0,
                    0.0,
                    8.0,
                    -0.5,
                    75.0
                  ],
                  "ItemAnchorL": [
                    0.0,
                    0.0,
                    0.0,
                    0.0,
                    0.0,
                    0.0
                  ],
                  "LowerArmL": [
                    0.0,
                    0.0,
                    0.0,
                    0.0,
                    -15.0,
                    -64.0
                  ],
                  "UpperArmL": [
                    0.6,
                    -0.1,
                    0.0,
                    -39.0,
                    -64.0,
                    -70.0
                  ]
                }
              },
              {
                "EasingTime": 300.0,
                "EasingFunction": "Quintic",
                "DetachedAnchor": false,
                "SwitchArms": false,
                "PitchFollow": true,
                "PitchDontFollow": false,
                "FOVMultiplier": 1.0,
                "BobbingAmplitude": 0.8,
                "Elements": {
                  "ItemAnchor": [
                    0.0,
                    0.0,
                    0.0,
                    0.0,
                    0.0,
                    94.6
                  ],
                  "LowerArmR": [
                    0.0,
                    0.0,
                    0.0,
                    0.0,
                    0.0,
                    -72.0
                  ],
                  "UpperArmR": [
                    0.0,
                    -1.0,
                    0.0,
                    6.0,
                    0.5,
                    -28.0
                  ],
                  "ItemAnchorL": [
                    0.0,
                    0.0,
                    0.0,
                    0.0,
                    0.0,
                    0.0
                  ],
                  "LowerArmL": [
                    0.0,
                    0.0,
                    0.0,
                    0.0,
                    -1.0,
                    0.0
                  ],
                  "UpperArmL": [
                    0.7,
                    -1.4,
                    -0.5,
                    -25.0,
                    -29.0,
                    -98.0
                  ]
                }
              },
              {
                "EasingTime": 500.0,
                "EasingFunction": "Linear",
                "DetachedAnchor": false,
                "SwitchArms": false,
                "PitchFollow": true,
                "PitchDontFollow": false,
                "FOVMultiplier": 1.0,
                "BobbingAmplitude": 0.8,
                "Elements": {
                  "ItemAnchor": [
                    0.0,
                    0.0,
                    0.0,
                    0.0,
                    0.0,
                    78.3
                  ],
                  "LowerArmR": [
                    0.0,
                    0.0,
                    0.0,
                    0.0,
                    0.0,
                    -52.0
                  ],
                  "UpperArmR": [
                    0.0,
                    0.0,
                    0.0,
                    5.6,
                    -0.4,
                    -32.0
                  ],
                  "ItemAnchorL": [
                    0.0,
                    0.0,
                    0.0,
                    0.0,
                    0.0,
                    0.0
                  ],
                  "LowerArmL": [
                    0.0,
                    0.0,
                    0.0,
                    0.0,
                    -8.0,
                    -4.0
                  ],
                  "UpperArmL": [
                    0.8,
                    -2.0,
                    0.0,
                    0.0,
                    -28.0,
                    -83.0
                  ]
                }
              },
              {
                "EasingTime": 750.0,
                "EasingFunction": "CosShifted",
                "DetachedAnchor": false,
                "SwitchArms": false,
                "PitchFollow": true,
                "PitchDontFollow": false,
                "FOVMultiplier": 1.0,
                "BobbingAmplitude": 1.0,
                "Elements": {
                  "ItemAnchor": [
                    0.0,
                    0.0,
                    0.0,
                    0.0,
                    11.0,
                    8.0
                  ],
                  "LowerArmR": [
                    0.0,
                    0.0,
                    0.0,
                    0.0,
                    0.0,
                    -86.0
                  ],
                  "UpperArmR": [
                    0.0,
                    -2.0,
                    0.0,
                    8.0,
                    -0.5,
                    73.0
                  ],
                  "ItemAnchorL": [
                    0.0,
                    0.0,
                    0.0,
                    0.0,
                    0.0,
                    0.0
                  ],
                  "LowerArmL": [
                    0.0,
                    0.0,
                    0.0,
                    0.0,
                    0.0,
                    -64.0
                  ],
                  "UpperArmL": [
                    0.6,
                    -0.1,
                    0.0,
                    -37.0,
                    -69.0,
                    -69.0
                  ]
                }
              }
            ],
            "ItemKeyFrames": [],
            "SoundFrames": [
              {
                "Code": [
                  "game:sounds/player/strike1",
                  "game:sounds/player/strike2"
                ],
                "DurationFraction": 0.256,
                "RandomizePitch": true,
                "Range": 16.0,
                "Volume": 0.5,
                "Synchronize": true
              }
            ],
            "ParticlesFrames": [],
            "CallbackFrames": [
              {
                "Code": "start",
                "DurationFraction": 0.1
              },
              {
                "Code": "stop",
                "DurationFraction": 0.6666667
              },
              {
                "Code": "ready",
                "DurationFraction": 1.0
              }
            ],
            "ItemAnimationStart": 0,
            "ItemAnimationEnd": 0
        }
    },

    // 2-Handed Thrust Above
    {
        "file": "armory:config/animations/pike.json",
        "op": "replace",
        "path": "/pike-thrust-2h-top",
        "dependsOn": [{"modid": "armory"}],

        "value": {
            "Hold": false,
            "PlayerKeyFrames": [
              {
                "EasingTime": 75.0,
                "EasingFunction": "Sin",
                "DetachedAnchor": false,
                "SwitchArms": false,
                "PitchFollow": true,
                "PitchDontFollow": false,
                "FOVMultiplier": 1.0,
                "BobbingAmplitude": 1.0,
                "Elements": {
                  "ItemAnchor": [
                    0.0,
                    0.0,
                    0.0,
                    0.0,
                    -10.0,
                    165.0
                  ],
                  "LowerArmR": [
                    0.0,
                    0.0,
                    0.0,
                    -11.0,
                    0.0,
                    -173.0
                  ],
                  "UpperArmR": [
                    2.6,
                    -1.6,
                    0.0,
                    34.0,
                    0.0,
                    10.0
                  ],
                  "ItemAnchorL": [
                    0.0,
                    0.0,
                    0.0,
                    0.0,
                    0.0,
                    0.0
                  ],
                  "LowerArmL": [
                    0.0,
                    0.0,
                    0.0,
                    -57.0,
                    2.0,
                    -94.0
                  ],
                  "UpperArmL": [
                    0.0,
                    -0.1,
                    0.6,
                    -17.0,
                    -54.0,
                    -83.0
                  ]
                }
              },
              {
                "EasingTime": 300.0,
                "EasingFunction": "Quintic",
                "DetachedAnchor": false,
                "SwitchArms": false,
                "PitchFollow": true,
                "PitchDontFollow": false,
                "FOVMultiplier": 1.0,
                "BobbingAmplitude": 1.0,
                "Elements": {
                  "ItemAnchor": [
                    0.0,
                    0.0,
                    0.0,
                    2.0,
                    -7.0,
                    174.5
                  ],
                  "LowerArmR": [
                    0.0,
                    0.0,
                    0.0,
                    0.0,
                    -25.0,
                    -90.0
                  ],
                  "UpperArmR": [
                    1.5,
                    0.7,
                    0.0,
                    21.0,
                    -3.0,
                    -82.0
                  ],
                  "ItemAnchorL": [
                    0.0,
                    0.0,
                    0.0,
                    0.0,
                    0.0,
                    0.0
                  ],
                  "LowerArmL": [
                    0.0,
                    0.0,
                    0.0,
                    -19.0,
                    -8.0,
                    -53.0
                  ],
                  "UpperArmL": [
                    1.5,
                    -1.2,
                    0.1,
                    -30.0,
                    -18.0,
                    -119.0
                  ]
                }
              },
              {
                "EasingTime": 500.0,
                "EasingFunction": "Linear",
                "DetachedAnchor": false,
                "SwitchArms": false,
                "PitchFollow": true,
                "PitchDontFollow": false,
                "FOVMultiplier": 1.0,
                "BobbingAmplitude": 1.0,
                "Elements": {
                  "ItemAnchor": [
                    0.0,
                    0.0,
                    0.0,
                    -24.0,
                    -8.0,
                    171.0
                  ],
                  "LowerArmR": [
                    0.0,
                    0.0,
                    0.0,
                    -6.0,
                    -21.0,
                    -92.0
                  ],
                  "UpperArmR": [
                    1.3,
                    -1.6,
                    0.0,
                    26.0,
                    -12.5,
                    -79.0
                  ],
                  "ItemAnchorL": [
                    0.0,
                    0.0,
                    0.0,
                    0.0,
                    0.0,
                    0.0
                  ],
                  "LowerArmL": [
                    0.0,
                    0.0,
                    0.0,
                    -24.0,
                    -7.0,
                    -31.0
                  ],
                  "UpperArmL": [
                    1.5,
                    -1.2,
                    0.1,
                    -38.0,
                    -18.0,
                    -129.0
                  ]
                }
              },
              {
                "EasingTime": 750.0,
                "EasingFunction": "CosShifted",
                "DetachedAnchor": false,
                "SwitchArms": false,
                "PitchFollow": true,
                "PitchDontFollow": false,
                "FOVMultiplier": 1.0,
                "BobbingAmplitude": 1.0,
                "Elements": {
                  "ItemAnchor": [
                    0.0,
                    0.0,
                    0.0,
                    9.0,
                    -7.0,
                    171.0
                  ],
                  "LowerArmR": [
                    0.0,
                    0.0,
                    0.0,
                    -17.0,
                    0.0,
                    -168.0
                  ],
                  "UpperArmR": [
                    2.6,
                    -1.6,
                    0.0,
                    37.0,
                    1.0,
                    -4.0
                  ],
                  "ItemAnchorL": [
                    0.0,
                    0.0,
                    0.0,
                    0.0,
                    0.0,
                    0.0
                  ],
                  "LowerArmL": [
                    0.0,
                    0.0,
                    0.0,
                    -60.0,
                    -12.0,
                    -86.0
                  ],
                  "UpperArmL": [
                    0.0,
                    -0.1,
                    0.6,
                    -16.0,
                    -49.0,
                    -89.0
                  ]
                }
              },
              {
                "EasingTime": 1500.0,
                "EasingFunction": "Bounce",
                "DetachedAnchor": false,
                "SwitchArms": false,
                "PitchFollow": true,
                "PitchDontFollow": false,
                "FOVMultiplier": 1.0,
                "BobbingAmplitude": 1.0,
                "Elements": {
                  "ItemAnchor": [
                    0.0,
                    0.0,
                    0.0,
                    0.0,
                    11.0,
                    8.0
                  ],
                  "LowerArmR": [
                    0.0,
                    0.0,
                    0.0,
                    0.0,
                    0.0,
                    -86.0
                  ],
                  "UpperArmR": [
                    0.0,
                    -2.0,
                    0.0,
                    8.0,
                    -0.5,
                    73.0
                  ],
                  "ItemAnchorL": [
                    0.0,
                    0.0,
                    0.0,
                    0.0,
                    0.0,
                    0.0
                  ],
                  "LowerArmL": [
                    0.0,
                    0.0,
                    0.0,
                    0.0,
                    0.0,
                    -64.0
                  ],
                  "UpperArmL": [
                    0.6,
                    -0.1,
                    0.0,
                    -37.0,
                    -69.0,
                    -69.0
                  ]
                }
              }
            ],
            "ItemKeyFrames": [],
            "SoundFrames": [
              {
                "Code": [
                  "game:sounds/player/strike1",
                  "game:sounds/player/strike2"
                ],
                "DurationFraction": 0.128,
                "RandomizePitch": true,
                "Range": 16.0,
                "Volume": 0.5,
                "Synchronize": true
              }
            ],
            "ParticlesFrames": [],
            "CallbackFrames": [
              {
                "Code": "start",
                "DurationFraction": 0.05
              },
              {
                "Code": "stop",
                "DurationFraction": 0.33333334
              },
              {
                "Code": "ready",
                "DurationFraction": 0.5
              }
            ],
            "ItemAnimationStart": 0,
            "ItemAnimationEnd": 0
        }
    }
]