{
	"editor": {
		"backDropShape": "E:/Programs/VSModelCreator/seraph-faceless",
		"collapsedPaths": "Root/ArmorLowerArmL,Root/ArmorUpperArmR,Root/ArmorLowerArmR,Root/ArmorUpperArmL",
		"allAngles": true,
		"entityTextureMode": true
	},
	"textureWidth": 64,
	"textureHeight": 64,
	"textureSizes": {
	},
	"textures": {
	},
	"elements": [
		{
			"name": "ArmorUpperArmR",
			"stepParentName": "UpperArmR",
			"from": [ -0.15, -0.15, -0.225 ],
			"to": [ 2.325, 5.4, 1.575 ],
			"uv": [ 54.0, 0.0 ],
			"rotationOrigin": [ -0.15, -0.15, -0.225 ],
			"faces": {
				"north": { "texture": "#material", "uv": [ 54.0, 2.0, 57.0, 9.0 ], "autoUv": false },
				"east": { "texture": "#material", "uv": [ 57.0, 2.0, 59.0, 9.0 ], "autoUv": false },
				"south": { "texture": "#material", "uv": [ 59.0, 2.0, 62.0, 9.0 ], "autoUv": false },
				"west": { "texture": "#material", "uv": [ 62.0, 2.0, 64.0, 9.0 ], "autoUv": false },
				"up": { "texture": "#material", "uv": [ 54.0, 0.0, 57.0, 2.0 ], "autoUv": false },
				"down": { "texture": "#material", "uv": [ 57.0, 0.0, 60.0, 2.0 ], "autoUv": false }
			},
			"children": [
				{
					"name": "ArmorPauldronR",
					"from": [ -0.225, 3.0, -0.375 ],
					"to": [ 2.625, 6.0, 1.125 ],
					"unwrapMode": 1,
					"uv": [ 22.0, 12.0 ],
					"rotationOrigin": [ -0.225, 3.0, -0.375 ],
					"faces": {
						"north": { "texture": "#material", "uv": [ 24.0, 14.0, 27.5, 18.0 ], "autoUv": false },
						"east": { "texture": "#material", "uv": [ 22.0, 14.0, 24.0, 18.0 ], "autoUv": false },
						"south": { "texture": "#material", "uv": [ 29.5, 14.0, 33.0, 18.0 ], "autoUv": false },
						"west": { "texture": "#material", "uv": [ 27.5, 14.0, 29.5, 18.0 ], "autoUv": false },
						"up": { "texture": "#material", "uv": [ 24.0, 12.0, 27.5, 14.0 ], "rotation": 180, "autoUv": false },
						"down": { "texture": "#material", "uv": [ 24.0, 18.0, 27.5, 20.0 ], "autoUv": false }
					}
				}
			]
		},
		{
			"name": "ArmorUpperArmL",
			"stepParentName": "UpperArmL",
			"from": [ -0.15, -0.15, -0.075 ],
			"to": [ 2.325, 5.4, 1.725 ],
			"uv": [ 44.0, 0.0 ],
			"rotationOrigin": [ -0.15, -0.15, -0.075 ],
			"faces": {
				"north": { "texture": "#material", "uv": [ 44.0, 2.0, 47.0, 9.0 ], "autoUv": false },
				"east": { "texture": "#material", "uv": [ 47.0, 2.0, 49.0, 9.0 ], "autoUv": false },
				"south": { "texture": "#material", "uv": [ 49.0, 2.0, 52.0, 9.0 ], "autoUv": false },
				"west": { "texture": "#material", "uv": [ 52.0, 2.0, 54.0, 9.0 ], "autoUv": false },
				"up": { "texture": "#material", "uv": [ 44.0, 0.0, 47.0, 2.0 ], "autoUv": false },
				"down": { "texture": "#material", "uv": [ 47.0, 0.0, 50.0, 2.0 ], "autoUv": false }
			},
			"children": [
				{
					"name": "ArmorPauldronL",
					"from": [ -0.225, 3.0, 0.6 ],
					"to": [ 2.625, 6.0, 2.1 ],
					"unwrapMode": 3,
					"uv": [ 11.0, 12.0 ],
					"rotationOrigin": [ -0.225, 3.0, -0.375 ],
					"faces": {
						"north": { "texture": "#material", "uv": [ 18.5, 14.0, 22.0, 18.0 ], "autoUv": false },
						"east": { "texture": "#material", "uv": [ 16.5, 14.0, 18.5, 18.0 ], "autoUv": false },
						"south": { "texture": "#material", "uv": [ 13.0, 14.0, 16.5, 18.0 ], "autoUv": false },
						"west": { "texture": "#material", "uv": [ 11.0, 14.0, 13.0, 18.0 ], "autoUv": false },
						"up": { "texture": "#material", "uv": [ 13.0, 12.0, 16.5, 14.0 ], "autoUv": false },
						"down": { "texture": "#material", "uv": [ 13.0, 18.0, 16.5, 20.0 ], "rotation": 180, "autoUv": false }
					}
				}
			]
		}
	]}