{
	"editor": {
		"backDropShape": "E:/Programs/VSModelCreator/seraph",
		"allAngles": true,
		"entityTextureMode": true
	},
	"textureWidth": 64,
	"textureHeight": 64,
	"textureSizes": {
	},
	"textures": {
	},
	"elements": [
		{
			"name": "ArmorLowerLegR",
			"stepParentName": "LowerFootR",
			"from": [ -0.225, -0.15, -0.2625 ],
			"to": [ 3.15, 6.975, 2.3625 ],
			"uv": [ 16.0, 51.0 ],
			"rotationOrigin": [ -0.225, -0.15, -0.375 ],
			"faces": {
				"north": { "texture": "#material", "uv": [ 16.0, 54.5, 20.5, 64.0 ], "autoUv": false },
				"east": { "texture": "#material", "uv": [ 20.5, 54.5, 24.0, 64.0 ], "autoUv": false },
				"south": { "texture": "#material", "uv": [ 24.0, 54.5, 28.5, 64.0 ], "autoUv": false },
				"west": { "texture": "#material", "uv": [ 28.5, 54.5, 32.0, 64.0 ], "autoUv": false },
				"up": { "texture": "#material", "uv": [ 16.0, 51.0, 20.5, 54.5 ], "autoUv": false },
				"down": { "texture": "#material", "uv": [ 20.5, 51.0, 25.0, 54.5 ], "autoUv": false }
			}
		},
		{
			"name": "ArmorLowerLegL",
			"stepParentName": "LowerFootL",
			"from": [ -0.225, -0.15, -0.1125 ],
			"to": [ 3.15, 6.975, 2.5125 ],
			"uv": [ 0.0, 51.0 ],
			"rotationOrigin": [ -0.225, -0.15, -0.225 ],
			"faces": {
				"north": { "texture": "#material", "uv": [ 0.0, 54.5, 4.5, 64.0 ], "autoUv": false },
				"east": { "texture": "#material", "uv": [ 4.5, 54.5, 8.0, 64.0 ], "autoUv": false },
				"south": { "texture": "#material", "uv": [ 8.0, 54.5, 12.5, 64.0 ], "autoUv": false },
				"west": { "texture": "#material", "uv": [ 12.5, 54.5, 16.0, 64.0 ], "autoUv": false },
				"up": { "texture": "#material", "uv": [ 0.0, 51.0, 4.5, 54.5 ], "autoUv": false },
				"down": { "texture": "#material", "uv": [ 4.5, 51.0, 9.0, 54.5 ], "autoUv": false }
			}
		}
	]}