{
	"editor": {
		"backDropShape": "E:/Programs/VSModelCreator/seraph-faceless",
		"collapsedPaths": "Root/ArmorLowerArmL,Root/ArmorLowerArmR,Root/ArmorUpperArmR,Root/ArmorUpperArmL",
		"allAngles": true,
		"entityTextureMode": true
	},
	"textureWidth": 64,
	"textureHeight": 64,
	"textureSizes": {
	},
	"textures": {
	},
	"elements": [
		{
			"name": "ArmorLowerArmR",
			"stepParentName": "LowerArmR",
			"from": [ -0.15, -0.15, -0.2625 ],
			"to": [ 2.025, 6.15, 1.6875 ],
			"uv": [ 54.0, 9.0 ],
			"rotationOrigin": [ -0.15, -0.15, -0.375 ],
			"faces": {
				"north": { "texture": "#material", "uv": [ 54.0, 11.5, 56.5, 19.5 ], "autoUv": false },
				"east": { "texture": "#material", "uv": [ 56.5, 11.5, 59.0, 19.5 ], "autoUv": false },
				"south": { "texture": "#material", "uv": [ 59.0, 11.5, 61.5, 19.5 ], "autoUv": false },
				"west": { "texture": "#material", "uv": [ 61.5, 11.5, 64.0, 19.5 ], "autoUv": false },
				"up": { "texture": "#material", "uv": [ 54.0, 9.0, 56.5, 11.5 ], "autoUv": false },
				"down": { "texture": "#material", "uv": [ 56.5, 9.0, 59.0, 11.5 ], "autoUv": false }
			},
			"children": [
				{
					"name": "ArmorElbowSideR",
					"from": [ 0.45, 4.2, -0.15 ],
					"to": [ 2.7, 6.45, 0.225 ],
					"unwrapMode": 1,
					"uv": [ 44.5, 52.5 ],
					"rotationOrigin": [ 0.45, 4.2, -0.15 ],
					"faces": {
						"north": { "texture": "#material", "uv": [ 45.0, 53.0, 48.0, 56.0 ], "autoUv": false },
						"east": { "texture": "#material", "uv": [ 44.5, 53.0, 45.0, 56.0 ], "autoUv": false },
						"south": { "texture": "#material", "uv": [ 48.5, 53.0, 51.5, 56.0 ], "autoUv": false },
						"west": { "texture": "#material", "uv": [ 48.0, 53.0, 48.5, 56.0 ], "autoUv": false },
						"up": { "texture": "#material", "uv": [ 45.0, 52.5, 48.0, 53.0 ], "rotation": 180, "autoUv": false },
						"down": { "texture": "#material", "uv": [ 45.0, 56.0, 48.0, 56.5 ], "autoUv": false }
					}
				},
				{
					"name": "ArmorElbowR",
					"from": [ 1.5, 4.65, 0.225 ],
					"to": [ 3.0, 6.15, 1.725 ],
					"unwrapMode": 1,
					"uv": [ 40.0, 47.0 ],
					"rotationOrigin": [ 2.25, 5.4, 0.975 ],
					"rotationZ": -45.0,
					"faces": {
						"north": { "texture": "#material", "uv": [ 42.0, 49.0, 44.0, 51.0 ], "autoUv": false },
						"east": { "texture": "#material", "uv": [ 40.0, 49.0, 42.0, 51.0 ], "autoUv": false },
						"south": { "texture": "#material", "uv": [ 46.0, 49.0, 48.0, 51.0 ], "autoUv": false },
						"west": { "texture": "#material", "uv": [ 44.0, 49.0, 46.0, 51.0 ], "autoUv": false },
						"up": { "texture": "#material", "uv": [ 42.0, 47.0, 44.0, 49.0 ], "rotation": 180, "autoUv": false },
						"down": { "texture": "#material", "uv": [ 42.0, 51.0, 44.0, 53.0 ], "autoUv": false }
					}
				},
				{
					"name": "ArmorHandR",
					"from": [ -0.225, -0.225, -0.375 ],
					"to": [ 2.4, 2.325, 1.125 ],
					"unwrapMode": 1,
					"uv": [ 43.0, 40.0 ],
					"rotationOrigin": [ -0.225, -0.225, -0.375 ],
					"faces": {
						"north": { "texture": "#material", "uv": [ 45.0, 42.0, 48.5, 45.0 ], "autoUv": false },
						"east": { "texture": "#material", "uv": [ 43.0, 42.0, 45.0, 45.0 ], "autoUv": false },
						"south": { "texture": "#material", "uv": [ 50.5, 42.0, 54.0, 45.0 ], "autoUv": false },
						"west": { "texture": "#material", "uv": [ 48.5, 42.0, 50.5, 45.0 ], "autoUv": false },
						"up": { "texture": "#material", "uv": [ 45.0, 40.0, 48.5, 42.0 ], "rotation": 180, "autoUv": false },
						"down": { "texture": "#material", "uv": [ 45.0, 45.0, 48.5, 47.0 ], "autoUv": false }
					}
				}
			]
		},
		{
			"name": "ArmorLowerArmL",
			"stepParentName": "LowerArmL",
			"from": [ -0.15, -0.15, -0.2625 ],
			"to": [ 2.025, 6.15, 1.6875 ],
			"uv": [ 44.0, 9.0 ],
			"rotationOrigin": [ -0.15, -0.15, -0.225 ],
			"faces": {
				"north": { "texture": "#material", "uv": [ 44.0, 11.5, 46.5, 19.5 ], "autoUv": false },
				"east": { "texture": "#material", "uv": [ 46.5, 11.5, 49.0, 19.5 ], "autoUv": false },
				"south": { "texture": "#material", "uv": [ 49.0, 11.5, 51.5, 19.5 ], "autoUv": false },
				"west": { "texture": "#material", "uv": [ 51.5, 11.5, 54.0, 19.5 ], "autoUv": false },
				"up": { "texture": "#material", "uv": [ 44.0, 9.0, 46.5, 11.5 ], "autoUv": false },
				"down": { "texture": "#material", "uv": [ 46.5, 9.0, 49.0, 11.5 ], "autoUv": false }
			},
			"children": [
				{
					"name": "ArmorElbowSideL",
					"from": [ 0.45, 4.2, 1.8 ],
					"to": [ 2.7, 6.45, 2.175 ],
					"unwrapMode": 3,
					"uv": [ 35.0, 53.0 ],
					"rotationOrigin": [ 0.45, 4.2, 1.8 ],
					"faces": {
						"north": { "texture": "#material", "uv": [ 39.0, 53.5, 42.0, 56.5 ], "autoUv": false },
						"east": { "texture": "#material", "uv": [ 38.5, 53.5, 39.0, 56.5 ], "autoUv": false },
						"south": { "texture": "#material", "uv": [ 35.5, 53.5, 38.5, 56.5 ], "autoUv": false },
						"west": { "texture": "#material", "uv": [ 35.0, 53.5, 35.5, 56.5 ], "autoUv": false },
						"up": { "texture": "#material", "uv": [ 35.5, 53.0, 38.5, 53.5 ], "autoUv": false },
						"down": { "texture": "#material", "uv": [ 35.5, 56.5, 38.5, 57.0 ], "rotation": 180, "autoUv": false }
					}
				},
				{
					"name": "ArmorElbowL",
					"from": [ 1.5, 4.575, 0.3 ],
					"to": [ 3.0, 6.075, 1.8 ],
					"unwrapMode": 3,
					"uv": [ 32.0, 47.0 ],
					"rotationOrigin": [ 2.25, 5.325, 1.05 ],
					"rotationZ": 45.0,
					"faces": {
						"north": { "texture": "#material", "uv": [ 38.0, 49.0, 40.0, 51.0 ], "autoUv": false },
						"east": { "texture": "#material", "uv": [ 36.0, 49.0, 38.0, 51.0 ], "autoUv": false },
						"south": { "texture": "#material", "uv": [ 34.0, 49.0, 36.0, 51.0 ], "autoUv": false },
						"west": { "texture": "#material", "uv": [ 32.0, 49.0, 34.0, 51.0 ], "autoUv": false },
						"up": { "texture": "#material", "uv": [ 34.0, 47.0, 36.0, 49.0 ], "autoUv": false },
						"down": { "texture": "#material", "uv": [ 34.0, 51.0, 36.0, 53.0 ], "rotation": 180, "autoUv": false }
					}
				},
				{
					"name": "ArmorHandL",
					"from": [ -0.225, -0.225, 0.7125 ],
					"to": [ 2.4, 2.325, 2.2125 ],
					"unwrapMode": 3,
					"uv": [ 32.0, 40.0 ],
					"rotationOrigin": [ -0.225, -0.225, 0.6 ],
					"faces": {
						"north": { "texture": "#material", "uv": [ 39.5, 42.0, 43.0, 45.0 ], "autoUv": false },
						"east": { "texture": "#material", "uv": [ 37.5, 42.0, 39.5, 45.0 ], "autoUv": false },
						"south": { "texture": "#material", "uv": [ 34.0, 42.0, 37.5, 45.0 ], "autoUv": false },
						"west": { "texture": "#material", "uv": [ 32.0, 42.0, 34.0, 45.0 ], "autoUv": false },
						"up": { "texture": "#material", "uv": [ 34.0, 40.0, 37.5, 42.0 ], "autoUv": false },
						"down": { "texture": "#material", "uv": [ 34.0, 45.0, 37.5, 47.0 ], "rotation": 180, "autoUv": false }
					}
				}
			]
		}
	]}