{
	"editor": {
		"backDropShape": "E:/Programs/VSModelCreator/seraph-hairless",
		"collapsedPaths": "Root/ArmorLowerArmL,Root/ArmorLowerArmR",
		"allAngles": true,
		"entityTextureMode": true
	},
	"textureWidth": 64,
	"textureHeight": 64,
	"textureSizes": {
	},
	"textures": {
	},
	"elements": [
		{
			"name": "ArmorUpperTorso",
			"stepParentName": "UpperTorso",
			"from": [ -0.375, -0.15, -0.3 ],
			"to": [ 4.125, 3.9, 4.95 ],
			"uv": [ 0.0, 0.0 ],
			"rotationOrigin": [ -0.375, -0.15, -0.3 ],
			"faces": {
				"north": { "texture": "#material", "uv": [ 0.0, 7.0, 6.0, 12.0 ], "autoUv": false },
				"east": { "texture": "#material", "uv": [ 6.0, 7.0, 13.0, 12.0 ], "autoUv": false },
				"south": { "texture": "#material", "uv": [ 13.0, 7.0, 19.0, 12.0 ], "autoUv": false },
				"west": { "texture": "#material", "uv": [ 19.0, 7.0, 26.0, 12.0 ], "autoUv": false },
				"up": { "texture": "#material", "uv": [ 0.0, 0.0, 6.0, 7.0 ], "autoUv": false },
				"down": { "texture": "#material", "uv": [ 6.0, 0.0, 12.0, 7.0 ], "autoUv": false }
			}
		},
		{
			"name": "ArmorLowerTorso",
			"stepParentName": "LowerTorso",
			"from": [ -0.225, -0.375, -0.2625 ],
			"to": [ 3.9, 3.825, 4.7625 ],
			"uv": [ 0.0, 18.0 ],
			"rotationOrigin": [ -0.225, -0.375, -0.225 ],
			"faces": {
				"north": { "texture": "#material", "uv": [ 0.0, 24.5, 5.5, 30.0 ], "autoUv": false },
				"east": { "texture": "#material", "uv": [ 5.5, 24.5, 12.0, 30.0 ], "autoUv": false },
				"south": { "texture": "#material", "uv": [ 12.0, 24.5, 17.5, 30.0 ], "autoUv": false },
				"west": { "texture": "#material", "uv": [ 17.5, 24.5, 24.0, 30.0 ], "autoUv": false },
				"up": { "texture": "#material", "uv": [ 0.0, 18.0, 5.5, 24.5 ], "autoUv": false },
				"down": { "texture": "#material", "uv": [ 5.5, 18.0, 11.0, 24.5 ], "autoUv": false }
			}
		},
		{
			"name": "ArmorCoatR",
			"stepParentName": "UpperFootR",
			"from": [ -0.675, 0.9, -0.6375 ],
			"to": [ 3.825, 5.4, 2.3625 ],
			"autoUnwrap": false,
			"uv": [ 19.0, 30.0 ],
			"rotationOrigin": [ -0.675, 0.9, -0.75 ],
			"faces": {
				"north": { "texture": "#material", "uv": [ 19.0, 34.0, 24.5, 40.0 ], "autoUv": false },
				"east": { "texture": "#material", "uv": [ 34.0, 34.0, 38.0, 40.0 ], "autoUv": false },
				"south": { "texture": "#material", "uv": [ 28.5, 34.0, 34.0, 40.0 ], "autoUv": false },
				"west": { "texture": "#material", "uv": [ 24.5, 34.0, 28.5, 40.0 ], "autoUv": false },
				"up": { "texture": "#material", "uv": [ 19.0, 30.0, 24.5, 34.0 ], "rotation": 180, "autoUv": false },
				"down": { "texture": "#material", "uv": [ 24.5, 30.0, 30.0, 34.0 ], "rotation": 180, "autoUv": false }
			}
		},
		{
			"name": "ArmorCoatL",
			"stepParentName": "UpperFootL",
			"from": [ -0.675, 0.9, 0.0375 ],
			"to": [ 3.825, 5.4, 3.0375 ],
			"autoUnwrap": false,
			"uv": [ 0.0, 30.0 ],
			"rotationOrigin": [ -0.675, 0.9, -0.075 ],
			"faces": {
				"north": { "texture": "#material", "uv": [ 0.0, 34.0, 5.5, 40.0 ], "autoUv": false },
				"east": { "texture": "#material", "uv": [ 15.0, 34.0, 19.0, 40.0 ], "autoUv": false },
				"south": { "texture": "#material", "uv": [ 9.5, 34.0, 15.0, 40.0 ], "autoUv": false },
				"west": { "texture": "#material", "uv": [ 5.5, 34.0, 9.5, 40.0 ], "autoUv": false },
				"up": { "texture": "#material", "uv": [ 0.0, 30.0, 5.5, 34.0 ], "autoUv": false },
				"down": { "texture": "#material", "uv": [ 5.5, 30.0, 11.0, 34.0 ], "autoUv": false }
			}
		}
	]}