{
  "textureWidth":16,
  "textureHeight":16,
  "textures":{
    "material":"game:item/tool/material/string",
    "wood":"game:block/wood/debarked/oak"
  },
  "textureSizes":{
    "material":[
      32,
      32
    ],
    "wood":[
      32,
      32
    ]
  },
  "elements":[
    {
      "name":"origin",
      "from":[
        11.0,
        0.5,
        7.699999988079071
      ],
      "to":[
        11.0,
        0.5,
        7.699999988079071
      ],
      "rotationOrigin":[
        8.0,
        0.0,
        8.0
      ],
      "group":"unv_string_metalhead",
      "faces":{
        "north":{
          "texture":"#0",
          "uv":[
            0,
            0,
            4,
            4
          ],
          "autoUv":false
        },
        "east":{
          "texture":"#0",
          "uv":[
            0,
            0,
            4,
            4
          ],
          "autoUv":false
        },
        "south":{
          "texture":"#0",
          "uv":[
            0,
            0,
            4,
            4
          ],
          "autoUv":false
        },
        "west":{
          "texture":"#0",
          "uv":[
            0,
            0,
            4,
            4
          ],
          "autoUv":false
        },
        "up":{
          "texture":"#material",
          "uv":[
            0.0,
            0.0,
            1.0,
            1.0
          ],
          "autoUv":false,
          "rotation":180
        },
        "down":{
          "texture":"#0",
          "uv":[
            0,
            0,
            4,
            4
          ],
          "autoUv":false
        }
      },
      "children":[
        {
          "name":"unv_string_metalhead 01",
          "from":[
            3.017374038696289,
            0.04937586188316345,
            -0.2518617510795593
          ],
          "to":[
            4.563442230224609,
            0.4788389503955841,
            1.3455350995063782
          ],
          "rotationOrigin":[
            3.790408134460449,
            0.2641074061393738,
            0.5468366742134094
          ],
          "rotationX":89.03183001981803,
          "rotationY":-0.01602046382984279,
          "rotationZ":89.99975661766804,
          "group":"unv_string_metalhead",
          "faces":{
            "north":{
              "texture":"#material",
              "uv":[
                11.0,
                2.0,
                14.0,
                3.0
              ],
              "autoUv":false
            },
            "east":{
              "texture":"#material",
              "uv":[
                6.0,
                9.0,
                9.0,
                10.0
              ],
              "autoUv":false,
              "rotation":180
            },
            "south":{
              "texture":"#material",
              "uv":[
                11.0,
                4.000001907348633,
                14.0,
                5.0
              ],
              "autoUv":false,
              "rotation":180
            },
            "west":{
              "texture":"#material",
              "uv":[
                1.0,
                15.0,
                4.0,
                16.0
              ],
              "autoUv":false
            },
            "up":{
              "texture":"#material",
              "uv":[
                2.0008692741394043,
                6.0,
                4.999130725860596,
                9.0
              ],
              "autoUv":false
            },
            "down":{
              "texture":"#material",
              "uv":[
                9.000868797302246,
                14.0,
                5.999131202697754,
                11.0
              ],
              "autoUv":false,
              "rotation":180
            }
          },
          "children":[]
        },
        {
          "name":"unv_string_metalhead 02",
          "from":[
            2.4652296900749207,
            0.05533546209335327,
            -0.26794594526290894
          ],
          "to":[
            4.070964157581329,
            0.48479872941970825,
            1.320561707019806
          ],
          "rotationOrigin":[
            3.268096923828125,
            0.27006709575653076,
            0.5263078808784485
          ],
          "rotationX":87.968608622668,
          "rotationY":0.2031676320804523,
          "rotationZ":111.0260841662021,
          "group":"unv_string_metalhead",
          "faces":{
            "north":{
              "texture":"#material",
              "uv":[
                10.0,
                1.0,
                14.0,
                2.0
              ],
              "autoUv":false
            },
            "east":{
              "texture":"#material",
              "uv":[
                10.0,
                11.000791549682617,
                13.0,
                12.0
              ],
              "autoUv":false,
              "rotation":180
            },
            "south":{
              "texture":"#material",
              "uv":[
                17.000001907348633,
                1.0,
                21.0,
                2.0
              ],
              "autoUv":false,
              "rotation":180
            },
            "west":{
              "texture":"#material",
              "uv":[
                20.0,
                5.0,
                23.0,
                6.000789642333984
              ],
              "autoUv":false
            },
            "up":{
              "texture":"#material",
              "uv":[
                12.001611709594727,
                4.0,
                15.99838924407959,
                6.999998092651367
              ],
              "autoUv":false
            },
            "down":{
              "texture":"#material",
              "uv":[
                10.0,
                15.0,
                5.998388767242432,
                12.0
              ],
              "autoUv":false,
              "rotation":180
            }
          },
          "children":[]
        },
        {
          "name":"unv_string_metalhead 03",
          "from":[
            4.894226640462875,
            -0.6283267736434937,
            -0.32394570112228394
          ],
          "to":[
            5.313292890787125,
            1.1856449842453003,
            1.3523191213607788
          ],
          "rotationOrigin":[
            5.103759765625,
            0.2786591053009033,
            0.514186680316925
          ],
          "rotationY":-171.92009612650634,
          "group":"unv_string_metalhead",
          "faces":{
            "north":{
              "texture":"#material",
              "uv":[
                21.0,
                3.0,
                24.0,
                4.0
              ],
              "autoUv":false,
              "rotation":90
            },
            "east":{
              "texture":"#material",
              "uv":[
                4.0,
                2.0,
                8.0,
                5.0
              ],
              "autoUv":false
            },
            "south":{
              "texture":"#material",
              "uv":[
                6.0,
                3.0,
                9.0,
                4.0
              ],
              "autoUv":false,
              "rotation":90
            },
            "west":{
              "texture":"#material",
              "uv":[
                8.0,
                7.0,
                12.0,
                10.0
              ],
              "autoUv":false
            },
            "up":{
              "texture":"#material",
              "uv":[
                4.0,
                2.0,
                5.0,
                6.0
              ],
              "autoUv":false
            },
            "down":{
              "texture":"#material",
              "uv":[
                5.0,
                6.0,
                4.0,
                2.0
              ],
              "autoUv":false,
              "rotation":180
            }
          },
          "children":[]
        },
        {
          "name":"unv_string_metalhead 04",
          "from":[
            4.554487705230713,
            0.03613591194152832,
            -0.418728768825531
          ],
          "to":[
            6.2103705406188965,
            0.4500647783279419,
            1.375685214996338
          ],
          "rotationOrigin":[
            5.382429122924805,
            0.2431003451347351,
            0.47847825288772583
          ],
          "rotationX":88.04107692976183,
          "rotationY":0.07912357938807224,
          "rotationZ":116.08629128450858,
          "group":"unv_string_metalhead",
          "faces":{
            "north":{
              "texture":"#material",
              "uv":[
                10.0,
                3.0,
                14.0,
                4.0
              ],
              "autoUv":false
            },
            "east":{
              "texture":"#material",
              "uv":[
                1.0,
                1.00091552734375,
                3.999999523162842,
                1.99908447265625
              ],
              "autoUv":false,
              "rotation":180
            },
            "south":{
              "texture":"#material",
              "uv":[
                13.0,
                3.0,
                17.0,
                4.0
              ],
              "autoUv":false,
              "rotation":180
            },
            "west":{
              "texture":"#material",
              "uv":[
                5.000937461853027,
                0.9999980926513672,
                8.0,
                2.0
              ],
              "autoUv":false
            },
            "up":{
              "texture":"#material",
              "uv":[
                1.0,
                0.0,
                4.997188568115234,
                2.999998092651367
              ],
              "autoUv":false
            },
            "down":{
              "texture":"#material",
              "uv":[
                5.001874923706055,
                10.0,
                1.0,
                7.0
              ],
              "autoUv":false,
              "rotation":180
            }
          },
          "children":[]
        },
        {
          "name":"unv_string_metalhead 05",
          "from":[
            3.768162727355957,
            0.025098279118537903,
            -0.33597517013549805
          ],
          "to":[
            5.484349250793457,
            0.5018164366483688,
            1.4371882677078247
          ],
          "rotationOrigin":[
            4.626255989074707,
            0.26345735788345337,
            0.5506065487861633
          ],
          "rotationX":89.03183001981803,
          "rotationY":-0.01602046382984279,
          "rotationZ":89.99975661766804,
          "group":"unv_string_metalhead",
          "faces":{
            "north":{
              "texture":"#material",
              "uv":[
                10.0,
                2.0,
                13.0,
                3.0
              ],
              "autoUv":false
            },
            "east":{
              "texture":"#material",
              "uv":[
                3.0,
                2.0,
                6.0,
                3.0
              ],
              "autoUv":false,
              "rotation":180
            },
            "south":{
              "texture":"#material",
              "uv":[
                6.0,
                4.000001907348633,
                9.0,
                5.0
              ],
              "autoUv":false,
              "rotation":180
            },
            "west":{
              "texture":"#material",
              "uv":[
                1.0,
                8.0,
                4.0,
                9.0
              ],
              "autoUv":false
            },
            "up":{
              "texture":"#material",
              "uv":[
                1.0,
                7.0,
                4.0,
                10.0
              ],
              "autoUv":false
            },
            "down":{
              "texture":"#material",
              "uv":[
                8.0,
                7.999998092651367,
                5.0,
                5.0
              ],
              "autoUv":false,
              "rotation":180
            }
          },
          "children":[]
        },
        {
          "name":"unv_string_metalhead 06",
          "from":[
            -17.611315459012985,
            -0.7864906787872314,
            -2.6623048186302185
          ],
          "to":[
            -16.611315995454788,
            0.19221800565719604,
            3.739746630191803
          ],
          "rotationOrigin":[
            -17.111315727233887,
            -0.2971363365650177,
            0.5387209057807922
          ],
          "rotationX":1.5029153556263253e-09,
          "rotationY":-2.634909396872499,
          "rotationZ":3.100004084771936,
          "group":"unv_string_metalhead",
          "faces":{
            "north":{
              "texture":"#wood",
              "uv":[
                2.0,
                17.0,
                4.0,
                19.0
              ],
              "autoUv":false
            },
            "east":{
              "texture":"#wood",
              "uv":[
                25.0,
                15.0,
                15.0,
                17.0
              ],
              "autoUv":false
            },
            "south":{
              "texture":"#wood",
              "uv":[
                6.0,
                10.0,
                8.0,
                12.0
              ],
              "autoUv":false
            },
            "west":{
              "texture":"#wood",
              "uv":[
                15.0,
                15.0,
                25.0,
                17.0
              ],
              "autoUv":false
            },
            "up":{
              "texture":"#wood",
              "uv":[
                14.0,
                10.0,
                23.0,
                12.0
              ],
              "autoUv":false,
              "rotation":90
            },
            "down":{
              "texture":"#wood",
              "uv":[
                25.0,
                13.0,
                16.0,
                11.0
              ],
              "autoUv":false,
              "rotation":270
            }
          },
          "children":[]
        },
        {
          "name":"unv_string_metalhead 07",
          "from":[
            -16.904736787080765,
            -0.9957553446292877,
            -0.24981045722961426
          ],
          "to":[
            -16.49586746096611,
            0.4761742055416107,
            1.222117304801941
          ],
          "rotationOrigin":[
            -16.700302124023438,
            -0.2597905695438385,
            0.48615342378616333
          ],
          "rotationX":1.0010185442136115,
          "rotationY":-2.58450879065674,
          "rotationZ":3.1460177885498424,
          "group":"unv_string_metalhead",
          "faces":{
            "north":{
              "texture":"#material",
              "uv":[
                2.0,
                1.0,
                5.0,
                2.0
              ],
              "autoUv":false,
              "rotation":90
            },
            "east":{
              "texture":"#material",
              "uv":[
                0.0,
                4.0,
                3.0,
                7.0
              ],
              "autoUv":false
            },
            "south":{
              "texture":"#material",
              "uv":[
                0.0,
                5.0,
                3.0,
                6.0
              ],
              "autoUv":false,
              "rotation":90
            },
            "west":{
              "texture":"#material",
              "uv":[
                4.0,
                5.0,
                7.0,
                8.0
              ],
              "autoUv":false
            },
            "up":{
              "texture":"#material",
              "uv":[
                9.0,
                0.0,
                12.0,
                1.0
              ],
              "autoUv":false,
              "rotation":90
            },
            "down":{
              "texture":"#material",
              "uv":[
                8.0,
                5.0,
                5.0,
                4.0
              ],
              "autoUv":false,
              "rotation":270
            }
          },
          "children":[]
        },
        {
          "name":"unv_string_metalhead 08",
          "from":[
            -17.33710691332817,
            -0.8609306812286377,
            -0.3093032240867615
          ],
          "to":[
            -16.928237706422806,
            0.3656773567199707,
            1.735042154788971
          ],
          "rotationOrigin":[
            -17.13267230987549,
            -0.2476266622543335,
            0.7128694653511047
          ],
          "rotationX":3.690272234495611,
          "rotationY":-29.62958943085251,
          "rotationZ":3.6902701000614955,
          "group":"unv_string_metalhead",
          "faces":{
            "north":{
              "texture":"#material",
              "uv":[
                0.0,
                1.0,
                3.0,
                2.0
              ],
              "autoUv":false,
              "rotation":90
            },
            "east":{
              "texture":"#material",
              "uv":[
                0.0,
                0.0,
                5.0,
                3.0
              ],
              "autoUv":false
            },
            "south":{
              "texture":"#material",
              "uv":[
                4.0,
                1.0,
                7.0,
                2.0
              ],
              "autoUv":false,
              "rotation":90
            },
            "west":{
              "texture":"#material",
              "uv":[
                0.0,
                8.0,
                5.0,
                11.0
              ],
              "autoUv":false
            },
            "up":{
              "texture":"#material",
              "uv":[
                10.0,
                3.0,
                15.0,
                4.0
              ],
              "autoUv":false,
              "rotation":90
            },
            "down":{
              "texture":"#material",
              "uv":[
                18.0,
                4.0,
                13.0,
                3.0
              ],
              "autoUv":false,
              "rotation":270
            }
          },
          "children":[]
        },
        {
          "name":"unv_string_metalhead 09",
          "from":[
            -17.33437669277191,
            -0.8316037952899933,
            -0.6882190108299255
          ],
          "to":[
            -16.925585389137268,
            0.40158435702323914,
            1.3557963967323303
          ],
          "rotationOrigin":[
            -17.12998104095459,
            -0.21500971913337708,
            0.3337886929512024
          ],
          "rotationX":-2.4111103513108034,
          "rotationY":22.267478788657506,
          "rotationZ":3.3378342598795414,
          "group":"unv_string_metalhead",
          "faces":{
            "north":{
              "texture":"#material",
              "uv":[
                17.0,
                1.0,
                20.0,
                2.0
              ],
              "autoUv":false,
              "rotation":90
            },
            "east":{
              "texture":"#material",
              "uv":[
                0.0,
                0.0,
                5.0,
                3.0
              ],
              "autoUv":false
            },
            "south":{
              "texture":"#material",
              "uv":[
                2.0,
                1.0,
                5.0,
                2.0
              ],
              "autoUv":false,
              "rotation":90
            },
            "west":{
              "texture":"#material",
              "uv":[
                4.0,
                5.0,
                9.0,
                8.0
              ],
              "autoUv":false
            },
            "up":{
              "texture":"#material",
              "uv":[
                0.0,
                0.0,
                1.0,
                5.0
              ],
              "autoUv":false
            },
            "down":{
              "texture":"#material",
              "uv":[
                1.0,
                5.0,
                0.0,
                0.0
              ],
              "autoUv":false,
              "rotation":180
            }
          },
          "children":[]
        },
        {
          "name":"unv_string_metalhead 10",
          "from":[
            -17.073243379592896,
            -0.8518659174442291,
            0.08412903547286987
          ],
          "to":[
            -16.664374113082886,
            0.3747421205043793,
            1.7196062803268433
          ],
          "rotationOrigin":[
            -16.86880874633789,
            -0.23856189846992493,
            0.901867687702179
          ],
          "rotationX":-7.192492285667846,
          "rotationY":69.38873189142745,
          "rotationZ":9.532744760425055,
          "group":"unv_string_metalhead",
          "faces":{
            "north":{
              "texture":"#material",
              "uv":[
                10.0,
                11.0,
                13.0,
                12.0
              ],
              "autoUv":false,
              "rotation":90
            },
            "east":{
              "texture":"#material",
              "uv":[
                12.0,
                4.0,
                16.0,
                7.0
              ],
              "autoUv":false
            },
            "south":{
              "texture":"#material",
              "uv":[
                20.0,
                5.0,
                23.0,
                6.0
              ],
              "autoUv":false,
              "rotation":90
            },
            "west":{
              "texture":"#material",
              "uv":[
                6.0,
                12.0,
                10.0,
                15.0
              ],
              "autoUv":false
            },
            "up":{
              "texture":"#material",
              "uv":[
                10.0,
                1.0,
                14.0,
                2.0
              ],
              "autoUv":false,
              "rotation":90
            },
            "down":{
              "texture":"#material",
              "uv":[
                21.0,
                2.0,
                17.0,
                1.0
              ],
              "autoUv":false,
              "rotation":270
            }
          },
          "children":[]
        },
        {
          "name":"unv_string_metalhead 11",
          "from":[
            -16.071303486824036,
            -0.9502998292446136,
            -0.2429518699645996
          ],
          "to":[
            -15.662434458732605,
            0.5216297209262848,
            1.3925238847732544
          ],
          "rotationOrigin":[
            -15.86686897277832,
            -0.21433505415916443,
            0.5747860074043274
          ],
          "rotationX":3.950000849855924,
          "rotationY":-31.999999752116263,
          "rotationZ":3.700000985194648,
          "group":"unv_string_metalhead",
          "faces":{
            "north":{
              "texture":"#material",
              "uv":[
                0.0,
                1.0,
                3.0,
                2.0
              ],
              "autoUv":false,
              "rotation":90
            },
            "east":{
              "texture":"#material",
              "uv":[
                0.0,
                0.0,
                4.0,
                3.0
              ],
              "autoUv":false
            },
            "south":{
              "texture":"#material",
              "uv":[
                4.0,
                1.0,
                7.0,
                2.0
              ],
              "autoUv":false,
              "rotation":90
            },
            "west":{
              "texture":"#material",
              "uv":[
                0.0,
                8.0,
                4.0,
                11.0
              ],
              "autoUv":false
            },
            "up":{
              "texture":"#material",
              "uv":[
                10.0,
                3.0,
                14.0,
                4.0
              ],
              "autoUv":false,
              "rotation":90
            },
            "down":{
              "texture":"#material",
              "uv":[
                17.0,
                4.0,
                13.0,
                3.0
              ],
              "autoUv":false,
              "rotation":270
            }
          },
          "children":[]
        },
        {
          "name":"unv_string_metalhead 12",
          "from":[
            -15.166314363479614,
            -0.892989456653595,
            -0.29883867502212524
          ],
          "to":[
            -14.757445096969604,
            0.5789384245872498,
            1.3366382122039795
          ],
          "rotationOrigin":[
            -14.96187973022461,
            -0.1570255160331726,
            0.5188997387886047
          ],
          "rotationX":0.33000139016195945,
          "rotationY":28.000001917535847,
          "rotationZ":3.5500023470583515,
          "group":"unv_string_metalhead",
          "faces":{
            "north":{
              "texture":"#material",
              "uv":[
                10.0,
                11.0,
                13.0,
                12.0
              ],
              "autoUv":false,
              "rotation":90
            },
            "east":{
              "texture":"#material",
              "uv":[
                12.0,
                4.0,
                16.0,
                7.0
              ],
              "autoUv":false
            },
            "south":{
              "texture":"#material",
              "uv":[
                20.0,
                5.0,
                23.0,
                6.0
              ],
              "autoUv":false,
              "rotation":90
            },
            "west":{
              "texture":"#material",
              "uv":[
                6.0,
                12.0,
                10.0,
                15.0
              ],
              "autoUv":false
            },
            "up":{
              "texture":"#material",
              "uv":[
                10.0,
                1.0,
                14.0,
                2.0
              ],
              "autoUv":false,
              "rotation":90
            },
            "down":{
              "texture":"#material",
              "uv":[
                21.0,
                2.0,
                17.0,
                1.0
              ],
              "autoUv":false,
              "rotation":270
            }
          },
          "children":[]
        },
        {
          "name":"unv_string_metalhead 13",
          "from":[
            -14.538522005081177,
            -0.8258044123649597,
            -0.19893282651901245
          ],
          "to":[
            -14.129652738571167,
            0.6461250185966492,
            1.2729966640472412
          ],
          "rotationOrigin":[
            -14.334087371826172,
            -0.08983969688415527,
            0.5370319485664368
          ],
          "rotationX":1.5999996674406958,
          "rotationY":-10.900001783194453,
          "rotationZ":3.19999912143798,
          "group":"unv_string_metalhead",
          "faces":{
            "north":{
              "texture":"#material",
              "uv":[
                2.0,
                1.0,
                5.0,
                2.0
              ],
              "autoUv":false,
              "rotation":90
            },
            "east":{
              "texture":"#material",
              "uv":[
                0.0,
                4.0,
                3.0,
                7.0
              ],
              "autoUv":false
            },
            "south":{
              "texture":"#material",
              "uv":[
                0.0,
                5.0,
                3.0,
                6.0
              ],
              "autoUv":false,
              "rotation":90
            },
            "west":{
              "texture":"#material",
              "uv":[
                4.0,
                5.0,
                7.0,
                8.0
              ],
              "autoUv":false
            },
            "up":{
              "texture":"#material",
              "uv":[
                9.0,
                0.0,
                12.0,
                1.0
              ],
              "autoUv":false,
              "rotation":90
            },
            "down":{
              "texture":"#material",
              "uv":[
                8.0,
                5.0,
                5.0,
                4.0
              ],
              "autoUv":false,
              "rotation":270
            }
          },
          "children":[]
        },
        {
          "name":"unv_string_metalhead 14",
          "from":[
            -13.991057321429253,
            -0.8278737962245941,
            -0.28505170345306396
          ],
          "to":[
            -13.582188680768013,
            0.6113461554050446,
            1.350425660610199
          ],
          "rotationOrigin":[
            -13.786623001098633,
            -0.10826382040977478,
            0.5326870083808899
          ],
          "rotationX":-0.15999980932955357,
          "rotationY":2.900000137618095,
          "rotationZ":3.100000456233939,
          "group":"unv_string_metalhead",
          "faces":{
            "north":{
              "texture":"#material",
              "uv":[
                17.0,
                1.0,
                20.0,
                2.0
              ],
              "autoUv":false,
              "rotation":90
            },
            "east":{
              "texture":"#material",
              "uv":[
                0.0,
                0.0,
                4.0,
                3.0
              ],
              "autoUv":false
            },
            "south":{
              "texture":"#material",
              "uv":[
                2.0,
                1.0,
                5.0,
                2.0
              ],
              "autoUv":false,
              "rotation":90
            },
            "west":{
              "texture":"#material",
              "uv":[
                4.0,
                5.0,
                8.0,
                8.0
              ],
              "autoUv":false
            },
            "up":{
              "texture":"#material",
              "uv":[
                0.0,
                0.0,
                1.0,
                4.0
              ],
              "autoUv":false
            },
            "down":{
              "texture":"#material",
              "uv":[
                1.0,
                4.0,
                0.0,
                0.0
              ],
              "autoUv":false,
              "rotation":180
            }
          },
          "children":[]
        },
        {
          "name":"unv_string_metalhead 15",
          "from":[
            4.100942850112915,
            -0.4291936755180359,
            -0.037131428718566895
          ],
          "to":[
            7.8315887451171875,
            1.0914378762245178,
            1.1259781122207642
          ],
          "rotationOrigin":[
            5.792482376098633,
            0.2693491578102112,
            0.5444229245185852
          ],
          "rotationY":-6.830189170012751e-06,
          "group":"unv_string_metalhead",
          "faces":{
            "north":{
              "texture":"#wood",
              "uv":[
                24.0,
                12.001476287841797,
                17.999998092651367,
                15.0
              ],
              "autoUv":false
            },
            "east":{
              "texture":"#wood",
              "uv":[
                8.0,
                10.0,
                4.0,
                12.0
              ],
              "autoUv":false
            },
            "south":{
              "texture":"#wood",
              "uv":[
                14.0,
                12.01468276977539,
                24.0,
                15.000001907348633
              ],
              "autoUv":false
            },
            "west":{
              "texture":"#wood",
              "uv":[
                18.0,
                12.0,
                14.0,
                15.0
              ],
              "autoUv":false
            },
            "up":{
              "texture":"#wood",
              "uv":[
                9.000001907348633,
                13.999324798583984,
                19.0,
                17.000676155090332
              ],
              "autoUv":false
            },
            "down":{
              "texture":"#wood",
              "uv":[
                8.999999046325684,
                17.000676155090332,
                19.0,
                13.99932861328125
              ],
              "autoUv":false,
              "rotation":180
            }
          },
          "children":[]
        },
        {
          "name":"unv_string_metalhead 16",
          "from":[
            7.251072824001312,
            -0.3100546598434448,
            -0.036319196224212646
          ],
          "to":[
            8.412104845046997,
            0.8509789109230042,
            1.1251668334007263
          ],
          "rotationOrigin":[
            7.8315887451171875,
            0.27046215534210205,
            0.5444238781929016
          ],
          "rotationX":4.8296762531345925e-06,
          "rotationY":-4.8296786958005884e-06,
          "rotationZ":45.00000125223908,
          "group":"unv_string_metalhead",
          "faces":{
            "north":{
              "texture":"#wood",
              "uv":[
                27.0,
                12.01468276977539,
                24.0,
                15.0
              ],
              "autoUv":false
            },
            "east":{
              "texture":"#wood",
              "uv":[
                15.999999046325684,
                14.000679016113281,
                19.0,
                16.9993257522583
              ],
              "autoUv":false,
              "rotation":90
            },
            "south":{
              "texture":"#wood",
              "uv":[
                24.0,
                12.01468276977539,
                27.000001907348633,
                15.0
              ],
              "autoUv":false
            },
            "west":{
              "texture":"#wood",
              "uv":[
                16.0,
                4.302942276000977,
                12.0,
                6.0
              ],
              "autoUv":false
            },
            "up":{
              "texture":"#wood",
              "uv":[
                15.999999046325684,
                15.30294418334961,
                12.0,
                17.0
              ],
              "autoUv":false,
              "rotation":90
            },
            "down":{
              "texture":"#wood",
              "uv":[
                15.999999046325684,
                16.9993257522583,
                19.0,
                14.000679016113281
              ],
              "autoUv":false,
              "rotation":180
            }
          },
          "children":[]
        },
        {
          "name":"unv_string_metalhead 17",
          "from":[
            -16.766616821289062,
            -0.8392689526081085,
            -0.046957433223724365
          ],
          "to":[
            -13.748172283172607,
            0.42851051688194275,
            1.1358032822608948
          ],
          "rotationOrigin":[
            -15.257394790649414,
            -0.20537921786308289,
            0.5444229245185852
          ],
          "rotationX":7.223796082348506e-16,
          "rotationY":2.0524994695461307e-17,
          "rotationZ":3.2499999481438815,
          "group":"unv_string_metalhead",
          "faces":{
            "north":{
              "texture":"#wood",
              "uv":[
                6.866701126098633,
                21.0,
                1.0,
                24.0
              ],
              "autoUv":false
            },
            "east":{
              "texture":"#wood",
              "uv":[
                1.0,
                1.0,
                4.0,
                4.0
              ],
              "autoUv":false
            },
            "south":{
              "texture":"#wood",
              "uv":[
                1.0,
                21.0,
                6.866701126098633,
                24.000000476837158
              ],
              "autoUv":false
            },
            "west":{
              "texture":"#wood",
              "uv":[
                28.0,
                20.0,
                31.0,
                23.0
              ],
              "autoUv":false
            },
            "up":{
              "texture":"#wood",
              "uv":[
                21.0,
                9.0,
                14.824524879455566,
                12.0
              ],
              "autoUv":false
            },
            "down":{
              "texture":"#wood",
              "uv":[
                22.0,
                13.0,
                15.824525833129883,
                10.0
              ],
              "autoUv":false,
              "rotation":180
            }
          },
          "children":[]
        }
      ]
    }
  ],
  "groups":[]
}