{
  "textureWidth":16,
  "textureHeight":16,
  "textures":{
    "bone":"game:block/creature/bone-yellow"
  },
  "textureSizes":{
    "bone":[
      32,
      32
    ]
  },
  "elements":[
    {
      "name":"origin",
      "from":[
        8.166474342346191,
        0.1638624668121338,
        9.242021083831787
      ],
      "to":[
        8.166474342346191,
        0.1638624668121338,
        9.242021083831787
      ],
      "rotationOrigin":[
        8.0,
        0.0,
        8.0
      ],
      "group":"Bone",
      "faces":{
        "north":{
          "texture":"#0",
          "uv":[
            0,
            0,
            4,
            4
          ],
          "autoUv":false
        },
        "east":{
          "texture":"#0",
          "uv":[
            0,
            0,
            4,
            4
          ],
          "autoUv":false
        },
        "south":{
          "texture":"#0",
          "uv":[
            0,
            0,
            4,
            4
          ],
          "autoUv":false
        },
        "west":{
          "texture":"#0",
          "uv":[
            0,
            0,
            4,
            4
          ],
          "autoUv":false
        },
        "up":{
          "texture":"#bone",
          "uv":[
            0.0,
            0.0,
            1.0,
            1.0
          ],
          "autoUv":false,
          "rotation":180
        },
        "down":{
          "texture":"#0",
          "uv":[
            0,
            0,
            4,
            4
          ],
          "autoUv":false
        }
      },
      "children":[
        {
          "name":"handle_bone 01",
          "from":[
            -6.187864780426025,
            0.3361375331878662,
            -1.742021083831787
          ],
          "to":[
            -3.2760814428329468,
            1.3361375331878662,
            -0.7420210838317871
          ],
          "rotationOrigin":[
            -4.082496643066406,
            0.8361375331878662,
            -1.242021083831787
          ],
          "rotationY":-179.9999230466863,
          "group":"Bone",
          "faces":{
            "north":{
              "texture":"#bone",
              "uv":[
                2.597904920578003,
                8.0,
                8.42147159576416,
                11.999998092651367
              ],
              "autoUv":false
            },
            "east":{
              "texture":"#bone",
              "uv":[
                6.0,
                0.0,
                9.0,
                3.0
              ],
              "autoUv":false
            },
            "south":{
              "texture":"#bone",
              "uv":[
                1.5785285234451294,
                17.999999046325684,
                7.402094841003418,
                22.0
              ],
              "autoUv":false
            },
            "west":{
              "texture":"#bone",
              "uv":[
                6.0,
                0.0,
                8.0,
                4.0
              ],
              "autoUv":false
            },
            "up":{
              "texture":"#bone",
              "uv":[
                1.5785285234451294,
                4.999998092651367,
                7.402094841003418,
                9.0
              ],
              "autoUv":false
            },
            "down":{
              "texture":"#bone",
              "uv":[
                8.42147159576416,
                18.0,
                2.597904920578003,
                14.0
              ],
              "autoUv":false,
              "rotation":180
            }
          },
          "children":[]
        },
        {
          "name":"handle_bone 02",
          "from":[
            -5.632160425186157,
            0.47583192586898804,
            -1.7451740503311157
          ],
          "to":[
            -4.621353566646576,
            1.0808341205120087,
            -0.7404159307479858
          ],
          "rotationOrigin":[
            -5.126308441162109,
            0.8262466192245483,
            -1.2427949905395508
          ],
          "rotationX":9.228039979470788e-07,
          "rotationY":-7.70253766271509e-06,
          "rotationZ":-87.97114945303925,
          "group":"Bone",
          "faces":{
            "north":{
              "texture":"#bone",
              "uv":[
                0.0,
                12.0,
                2.0,
                15.0
              ],
              "autoUv":false,
              "rotation":270
            },
            "east":{
              "texture":"#bone",
              "uv":[
                27.0,
                14.0,
                29.0,
                17.0
              ],
              "autoUv":false,
              "rotation":90
            },
            "south":{
              "texture":"#bone",
              "uv":[
                9.0,
                18.0,
                11.0,
                21.0
              ],
              "autoUv":false,
              "rotation":90
            },
            "west":{
              "texture":"#bone",
              "uv":[
                20.0,
                4.0,
                22.0,
                7.0
              ],
              "autoUv":false,
              "rotation":270
            },
            "up":{
              "texture":"#bone",
              "uv":[
                7.0,
                17.0,
                10.0,
                20.0
              ],
              "autoUv":false
            },
            "down":{
              "texture":"#bone",
              "uv":[
                17.15732192993164,
                5.157321929931641,
                14.84267807006836,
                2.8426780700683594
              ],
              "autoUv":false,
              "rotation":90
            }
          },
          "children":[]
        },
        {
          "name":"handle_bone 03",
          "from":[
            -6.52732527256012,
            0.541377067565918,
            -1.8648422360420227
          ],
          "to":[
            -5.476226210594177,
            1.0549901723861694,
            -1.1641094088554382
          ],
          "rotationOrigin":[
            -6.001775741577148,
            0.7981836199760437,
            -1.5144758224487305
          ],
          "rotationX":-90.0000161648565,
          "rotationY":-1.8359798217785803,
          "rotationZ":-6.94725393784057e-06,
          "group":"Bone",
          "faces":{
            "north":{
              "texture":"#bone",
              "uv":[
                16.931800842285156,
                22.279014587402344,
                19.1590518951416,
                26.837042331695557
              ],
              "autoUv":false,
              "rotation":270
            },
            "east":{
              "texture":"#bone",
              "uv":[
                16.931798934936523,
                17.720985412597656,
                19.1590518951416,
                22.279014587402344
              ],
              "autoUv":false,
              "rotation":270
            },
            "south":{
              "texture":"#bone",
              "uv":[
                16.931798934936523,
                13.162958145141602,
                19.1590518951416,
                17.720985412597656
              ],
              "autoUv":false,
              "rotation":270
            },
            "west":{
              "texture":"#bone",
              "uv":[
                7.0,
                18.0,
                9.0,
                19.465930938720703
              ],
              "autoUv":false
            },
            "up":{
              "texture":"#bone",
              "uv":[
                20.0,
                8.0,
                23.0,
                10.0
              ],
              "autoUv":false
            },
            "down":{
              "texture":"#bone",
              "uv":[
                11.0,
                13.0,
                8.0,
                11.0
              ],
              "autoUv":false,
              "rotation":180
            }
          },
          "children":[]
        },
        {
          "name":"handle_bone 04",
          "from":[
            -6.473719656467438,
            -0.24165210127830505,
            -1.5085068047046661
          ],
          "to":[
            -5.4226197600364685,
            0.7954330742359161,
            -0.9829568564891815
          ],
          "rotationOrigin":[
            -5.948169708251953,
            0.27689048647880554,
            -1.2457318305969238
          ],
          "rotationX":-90.00000933466734,
          "rotationY":-10.8359764436884,
          "rotationZ":-1.392660613530422e-05,
          "group":"Bone",
          "faces":{
            "north":{
              "texture":"#bone",
              "uv":[
                9.0,
                14.0,
                12.0,
                16.0
              ],
              "autoUv":false
            },
            "east":{
              "texture":"#bone",
              "uv":[
                8.0,
                5.0,
                9.0,
                7.0
              ],
              "autoUv":false
            },
            "south":{
              "texture":"#bone",
              "uv":[
                12.0,
                8.0,
                20.0,
                16.0
              ],
              "autoUv":false,
              "rotation":270
            },
            "west":{
              "texture":"#bone",
              "uv":[
                20.0,
                16.0,
                21.0,
                18.0
              ],
              "autoUv":false
            },
            "up":{
              "texture":"#bone",
              "uv":[
                0.0,
                0.0,
                3.0,
                1.0
              ],
              "autoUv":false
            },
            "down":{
              "texture":"#bone",
              "uv":[
                16.0,
                21.0,
                13.0,
                20.0
              ],
              "autoUv":false,
              "rotation":180
            }
          },
          "children":[]
        },
        {
          "name":"handle_bone 05",
          "from":[
            -6.524441957473755,
            0.6897546648979187,
            -1.5085067451000214
          ],
          "to":[
            -5.459309339523315,
            1.72683984041214,
            -0.9829569160938263
          ],
          "rotationOrigin":[
            -5.991875648498535,
            1.2082972526550293,
            -1.2457318305969238
          ],
          "rotationX":-90.00000250447816,
          "rotationY":7.164018934565355,
          "rotationZ":-6.983611392737566e-06,
          "group":"Bone",
          "faces":{
            "north":{
              "texture":"#bone",
              "uv":[
                13.865225791931152,
                25.632072925567627,
                18.13477325439453,
                29.367927074432373
              ],
              "autoUv":false,
              "rotation":270
            },
            "east":{
              "texture":"#bone",
              "uv":[
                21.0,
                14.0,
                22.0,
                16.0
              ],
              "autoUv":false
            },
            "south":{
              "texture":"#bone",
              "uv":[
                7.95994758605957,
                11.000001907348633,
                11.0,
                13.0
              ],
              "autoUv":false
            },
            "west":{
              "texture":"#bone",
              "uv":[
                21.0,
                15.0,
                22.0,
                17.0
              ],
              "autoUv":false
            },
            "up":{
              "texture":"#bone",
              "uv":[
                -0.04005219042301178,
                -3.814697265625e-06,
                3.0,
                1.0
              ],
              "autoUv":false
            },
            "down":{
              "texture":"#bone",
              "uv":[
                19.040054321289062,
                25.999999523162842,
                16.0,
                25.0
              ],
              "autoUv":false,
              "rotation":180
            }
          },
          "children":[]
        },
        {
          "name":"handle_bone 06",
          "from":[
            -1.9103288650512695,
            0.3689354658126831,
            -1.0614530593156815
          ],
          "to":[
            -1.1276428997516632,
            1.2780115604400635,
            -0.3521460294723511
          ],
          "rotationOrigin":[
            -1.5219287872314453,
            0.7523843050003052,
            -0.967073917388916
          ],
          "rotationX":-1.722405419086488e-06,
          "rotationY":179.999991348578,
          "rotationZ":-88.02042243771172,
          "group":"Bone",
          "faces":{
            "north":{
              "texture":"#bone",
              "uv":[
                20.0,
                8.0,
                23.0,
                10.0
              ],
              "autoUv":false,
              "rotation":270
            },
            "east":{
              "texture":"#bone",
              "uv":[
                16.929039001464844,
                22.284664154052734,
                19.16181182861328,
                26.853992462158203
              ],
              "autoUv":false
            },
            "south":{
              "texture":"#bone",
              "uv":[
                8.0,
                11.0,
                11.0,
                13.0
              ],
              "autoUv":false,
              "rotation":90
            },
            "west":{
              "texture":"#bone",
              "uv":[
                16.929039001464844,
                13.146007537841797,
                19.16181182861328,
                17.715335845947266
              ],
              "autoUv":false,
              "rotation":180
            },
            "up":{
              "texture":"#bone",
              "uv":[
                16.929039001464844,
                17.715335845947266,
                19.16181182861328,
                22.284664154052734
              ],
              "autoUv":false,
              "rotation":270
            },
            "down":{
              "texture":"#bone",
              "uv":[
                9.0,
                19.465930938720703,
                7.0,
                18.0
              ],
              "autoUv":false,
              "rotation":180
            }
          },
          "children":[]
        },
        {
          "name":"handle_bone 07",
          "from":[
            -2.1010847687721252,
            -0.21669995784759521,
            -1.508046180009842
          ],
          "to":[
            -1.049984872341156,
            0.5369007587432861,
            -0.9824962317943573
          ],
          "rotationOrigin":[
            -1.5755348205566406,
            0.16010040044784546,
            -1.2452712059020996
          ],
          "rotationX":90.00000250447816,
          "rotationY":169.16401917375782,
          "rotationZ":-2.30006946477512e-06,
          "group":"Bone",
          "faces":{
            "north":{
              "texture":"#bone",
              "uv":[
                9.0,
                14.0,
                12.0,
                17.0
              ],
              "autoUv":false
            },
            "east":{
              "texture":"#bone",
              "uv":[
                8.0,
                5.0,
                9.0,
                7.0
              ],
              "autoUv":false
            },
            "south":{
              "texture":"#bone",
              "uv":[
                12.0,
                8.0,
                20.0,
                16.0
              ],
              "autoUv":false,
              "rotation":270
            },
            "west":{
              "texture":"#bone",
              "uv":[
                20.0,
                16.0,
                21.0,
                18.0
              ],
              "autoUv":false
            },
            "up":{
              "texture":"#bone",
              "uv":[
                0.0,
                0.0,
                3.0,
                1.0
              ],
              "autoUv":false
            },
            "down":{
              "texture":"#bone",
              "uv":[
                16.0,
                21.0,
                13.0,
                20.0
              ],
              "autoUv":false,
              "rotation":180
            }
          },
          "children":[]
        },
        {
          "name":"handle_bone 08",
          "from":[
            -2.0643951892852783,
            0.9103315472602844,
            -1.5080461204051971
          ],
          "to":[
            -0.9992625713348389,
            1.698600709438324,
            -0.9824962913990021
          ],
          "rotationOrigin":[
            -1.5318288803100586,
            1.3044661283493042,
            -1.2452712059020996
          ],
          "rotationX":90.00000250447816,
          "rotationY":-172.83598351307003,
          "rotationZ":6.345977209930153e-05,
          "group":"Bone",
          "faces":{
            "north":{
              "texture":"#bone",
              "uv":[
                13.861334800720215,
                25.6286678314209,
                18.13866424560547,
                29.3713321685791
              ],
              "autoUv":false,
              "rotation":270
            },
            "east":{
              "texture":"#bone",
              "uv":[
                21.0,
                14.0,
                22.0,
                16.0
              ],
              "autoUv":false
            },
            "south":{
              "texture":"#bone",
              "uv":[
                11.0,
                10.000001907348633,
                7.95994758605957,
                13.0
              ],
              "autoUv":false
            },
            "west":{
              "texture":"#bone",
              "uv":[
                21.0,
                15.0,
                22.0,
                17.0
              ],
              "autoUv":false
            },
            "up":{
              "texture":"#bone",
              "uv":[
                -0.04005219042301178,
                -3.814697265625e-06,
                3.0,
                1.0
              ],
              "autoUv":false
            },
            "down":{
              "texture":"#bone",
              "uv":[
                19.040054321289062,
                25.999999523162842,
                16.0,
                25.0
              ],
              "autoUv":false,
              "rotation":180
            }
          },
          "children":[]
        },
        {
          "name":"handle_bone 09",
          "from":[
            -2.5935943126678467,
            0.9438242316246033,
            -1.5080461204051971
          ],
          "to":[
            -1.5284616947174072,
            1.5328217148780823,
            -0.9824962913990021
          ],
          "rotationOrigin":[
            -2.061028003692627,
            1.2383229732513428,
            -1.2452712059020996
          ],
          "rotationX":90.00002299504568,
          "rotationY":176.72154152810688,
          "rotationZ":-2.3195000992573415e-05,
          "group":"Bone",
          "faces":{
            "north":{
              "texture":"#bone",
              "uv":[
                13.826364517211914,
                25.598069190979004,
                18.173635482788086,
                29.401931047439575
              ],
              "autoUv":false,
              "rotation":270
            },
            "east":{
              "texture":"#bone",
              "uv":[
                21.0,
                14.0,
                22.0,
                16.0
              ],
              "autoUv":false
            },
            "south":{
              "texture":"#bone",
              "uv":[
                11.0,
                11.000001907348633,
                7.95994758605957,
                13.0
              ],
              "autoUv":false
            },
            "west":{
              "texture":"#bone",
              "uv":[
                21.0,
                15.0,
                22.0,
                17.0
              ],
              "autoUv":false
            },
            "up":{
              "texture":"#bone",
              "uv":[
                -0.04005219042301178,
                -3.814697265625e-06,
                3.0,
                1.0
              ],
              "autoUv":false
            },
            "down":{
              "texture":"#bone",
              "uv":[
                19.040054321289062,
                25.999999523162842,
                16.0,
                25.0
              ],
              "autoUv":false,
              "rotation":180
            }
          },
          "children":[]
        },
        {
          "name":"handle_bone 10",
          "from":[
            -2.5935943126678467,
            0.17859899997711182,
            -1.5080461204051971
          ],
          "to":[
            -1.5284616947174072,
            0.7675964832305908,
            -0.9824962913990021
          ],
          "rotationOrigin":[
            -2.061028003692627,
            0.4730977416038513,
            -1.2452712059020996
          ],
          "rotationX":-90.00004348561319,
          "rotationY":176.72154152810688,
          "rotationZ":7.817462655130971e-05,
          "group":"Bone",
          "faces":{
            "north":{
              "texture":"#bone",
              "uv":[
                18.190969467163086,
                25.58290195465088,
                13.809030532836914,
                29.41709804534912
              ],
              "autoUv":false,
              "rotation":270
            },
            "east":{
              "texture":"#bone",
              "uv":[
                22.0,
                14.0,
                21.0,
                16.0
              ],
              "autoUv":false,
              "rotation":180
            },
            "south":{
              "texture":"#bone",
              "uv":[
                7.95994758605957,
                11.000001907348633,
                11.0,
                13.0
              ],
              "autoUv":false,
              "rotation":180
            },
            "west":{
              "texture":"#bone",
              "uv":[
                22.0,
                15.0,
                21.0,
                17.0
              ],
              "autoUv":false,
              "rotation":180
            },
            "up":{
              "texture":"#bone",
              "uv":[
                19.040054321289062,
                25.0,
                16.0,
                25.999999523162842
              ],
              "autoUv":false
            },
            "down":{
              "texture":"#bone",
              "uv":[
                -0.04005219042301178,
                1.0,
                3.0,
                -3.814697265625e-06
              ],
              "autoUv":false,
              "rotation":180
            }
          },
          "children":[]
        },
        {
          "name":"handle_bone 11",
          "from":[
            -2.4873160123825073,
            0.5983609557151794,
            -1.4362596720457077
          ],
          "to":[
            -1.4054690599441528,
            1.052306354045868,
            -1.0576215535402298
          ],
          "rotationOrigin":[
            -1.94639253616333,
            0.8253336548805237,
            -1.2469406127929688
          ],
          "rotationX":89.84182215348984,
          "rotationY":50.231724665888336,
          "rotationZ":-89.60570934407167,
          "group":"Bone",
          "faces":{
            "north":{
              "texture":"#bone",
              "uv":[
                13.000000953674316,
                12.0,
                17.0,
                14.0
              ],
              "autoUv":false
            },
            "east":{
              "texture":"#bone",
              "uv":[
                16.0,
                11.0,
                18.0,
                13.0
              ],
              "autoUv":false
            },
            "south":{
              "texture":"#bone",
              "uv":[
                17.0,
                11.0,
                13.000000953674316,
                13.0
              ],
              "autoUv":false
            },
            "west":{
              "texture":"#bone",
              "uv":[
                16.0,
                9.0,
                18.0,
                11.0
              ],
              "autoUv":false,
              "rotation":180
            },
            "up":{
              "texture":"#bone",
              "uv":[
                13.000000953674316,
                11.0,
                17.0,
                13.0
              ],
              "autoUv":false,
              "rotation":180
            },
            "down":{
              "texture":"#bone",
              "uv":[
                13.000000953674316,
                14.0,
                17.0,
                12.0
              ],
              "autoUv":false
            }
          },
          "children":[]
        }
      ]
    }
  ],
  "groups":[]
}