{
	"editor": {
		"backDropShape": "E:/Programs/VSModelCreator/seraph-hairless",
		"allAngles": true,
		"entityTextureMode": true
	},
	"textureWidth": 64,
	"textureHeight": 64,
	"textureSizes": {
	},
	"textures": {
	},
	"elements": [
		{
			"name": "ArmorHelmet",
			"stepParentName": "Head",
			"from": [ 0.075, 1.5, -0.45 ],
			"to": [ 4.575, 4.125, 4.275 ],
			"unwrapMode": 1,
			"autoUnwrap": false,
			"uv": [ 36.0, 17.5 ],
			"rotationOrigin": [ 0.075, 1.5, -0.45 ],
			"faces": {
				"north": { "texture": "#material", "uv": [ 42.0, 23.5, 48.0, 27.0 ], "autoUv": false },
				"east": { "texture": "#material", "uv": [ 36.0, 23.5, 42.0, 27.0 ], "autoUv": false },
				"south": { "texture": "#material", "uv": [ 55.0, 23.5, 61.0, 27.0 ], "autoUv": false },
				"west": { "texture": "#material", "uv": [ 48.5, 23.5, 54.5, 27.0 ], "autoUv": false },
				"up": { "texture": "#material", "uv": [ 42.0, 17.5, 48.0, 23.5 ], "rotation": 180, "autoUv": false },
				"down": { "texture": "#material", "uv": [ 42.0, 29.0, 48.0, 35.0 ], "autoUv": false }
			},
			"children": [
				{
					"name": "ArmorHelmetFace",
					"from": [ -0.525, 0.6, 0.0 ],
					"to": [ 0.0, 2.625, 4.725 ],
					"unwrapMode": 1,
					"uv": [ 32.0, 35.5 ],
					"rotationOrigin": [ -0.375, 0.6, 0.0 ],
					"faces": {
						"north": { "texture": "#material", "uv": [ 32.0, 41.5, 32.5, 44.0 ], "autoUv": false },
						"south": { "texture": "#material", "uv": [ 38.5, 41.5, 39.0, 44.0 ], "autoUv": false },
						"west": { "texture": "#material", "uv": [ 32.5, 41.5, 38.5, 44.0 ], "autoUv": false },
						"up": { "texture": "#material", "uv": [ 32.0, 35.5, 32.5, 41.5 ], "rotation": 180, "autoUv": false },
						"down": { "texture": "#material", "uv": [ 32.0, 44.0, 32.5, 50.0 ], "autoUv": false }
					},
					"children": [
						{
							"name": "ArmorHelmetNasal",
							"from": [ 0.0, -1.875, 1.95 ],
							"to": [ 0.375, 0.0, 2.7 ],
							"unwrapMode": 1,
							"uv": [ 32.5, 35.5 ],
							"rotationOrigin": [ 0.0, -1.125, 1.95 ],
							"faces": {
								"north": { "texture": "#material", "uv": [ 32.5, 35.5, 33.0, 38.0 ], "autoUv": false },
								"south": { "texture": "#material", "uv": [ 34.0, 35.5, 34.5, 38.0 ], "autoUv": false },
								"west": { "texture": "#material", "uv": [ 33.0, 35.5, 34.0, 38.0 ], "autoUv": false },
								"down": { "texture": "#material", "uv": [ 32.5, 38.0, 33.0, 39.0 ], "autoUv": false }
							},
							"children": [
								{
									"name": "ArmorOcularL",
									"from": [ 0.0, 0.375, 0.75 ],
									"to": [ 0.375, 1.125, 2.25 ],
									"autoUnwrap": false,
									"uv": [ 42.0, 36.5 ],
									"rotationOrigin": [ 0.0, 0.375, 0.75 ],
									"faces": {
										"north": { "texture": "#material", "uv": [ 32.0, 35.5, 32.5, 36.5 ], "autoUv": false },
										"south": { "texture": "#material", "uv": [ 32.0, 49.0, 32.5, 50.0 ], "autoUv": false },
										"west": { "texture": "#material", "uv": [ 46.5, 20.0, 48.5, 21.0 ], "autoUv": false },
										"up": { "texture": "#material", "uv": [ 32.0, 46.5, 32.5, 48.5 ], "autoUv": false },
										"down": { "texture": "#material", "uv": [ 32.0, 44.5, 32.5, 46.5 ], "autoUv": false }
									}
								},
								{
									"name": "ArmorOcularR",
									"from": [ 0.0, 0.375, -1.5 ],
									"to": [ 0.375, 1.125, 0.0 ],
									"autoUnwrap": false,
									"uv": [ 41.5, 18.0 ],
									"rotationOrigin": [ 0.0, 0.375, 0.0 ],
									"faces": {
										"north": { "texture": "#material", "uv": [ 32.0, 45.5, 32.5, 46.5 ], "autoUv": false },
										"south": { "texture": "#material", "uv": [ 38.5, 33.5, 39.0, 34.5 ], "autoUv": false },
										"west": { "texture": "#material", "uv": [ 42.5, 20.0, 44.5, 21.0 ], "autoUv": false },
										"up": { "texture": "#material", "uv": [ 35.5, 42.0, 36.0, 44.0 ], "autoUv": false },
										"down": { "texture": "#material", "uv": [ 38.5, 30.5, 39.0, 32.5 ], "autoUv": false }
									}
								},
								{
									"name": "R",
									"from": [ 0.0, 0.75, -1.875 ],
									"to": [ 0.525, 1.875, -1.5 ],
									"autoUnwrap": false,
									"uv": [ 37.0, 21.0 ],
									"rotationOrigin": [ 0.0, 0.75, -1.875 ],
									"faces": {
										"north": { "texture": "#material", "uv": [ 39.0, 24.0, 39.5, 25.5 ], "autoUv": false },
										"south": { "texture": "#material", "uv": [ 33.5, 35.5, 34.0, 37.0 ], "autoUv": false },
										"west": { "texture": "#material", "uv": [ 39.0, 25.5, 39.5, 27.0 ], "autoUv": false },
										"down": { "texture": "#material", "uv": [ 39.0, 24.5, 39.5, 25.0 ], "autoUv": false }
									}
								},
								{
									"name": "L",
									"from": [ 0.0, 0.75, 2.25 ],
									"to": [ 0.525, 1.875, 2.625 ],
									"autoUnwrap": false,
									"uv": [ 37.0, 21.0 ],
									"rotationOrigin": [ 0.0, 0.75, 2.25 ],
									"faces": {
										"north": { "texture": "#material", "uv": [ 39.0, 24.0, 39.5, 25.5 ], "autoUv": false },
										"south": { "texture": "#material", "uv": [ 33.5, 35.5, 34.0, 37.0 ], "autoUv": false },
										"west": { "texture": "#material", "uv": [ 39.0, 25.5, 39.5, 27.0 ], "autoUv": false },
										"down": { "texture": "#material", "uv": [ 39.0, 24.5, 39.5, 25.0 ], "autoUv": false }
									}
								}
							]
						}
					]
				},
				{
					"name": "ArmorHelmetTop",
					"from": [ 0.375, 2.625, 0.375 ],
					"to": [ 4.125, 3.225, 4.275 ],
					"unwrapMode": 1,
					"autoUnwrap": false,
					"uv": [ 31.0, 30.0 ],
					"rotationOrigin": [ 0.375, 2.625, 0.375 ],
					"faces": {
						"north": { "texture": "#material", "uv": [ 36.0, 35.0, 41.0, 35.5 ], "autoUv": false },
						"east": { "texture": "#material", "uv": [ 41.5, 35.0, 46.5, 35.5 ], "autoUv": false },
						"south": { "texture": "#material", "uv": [ 47.0, 35.0, 52.0, 35.5 ], "autoUv": false },
						"west": { "texture": "#material", "uv": [ 41.5, 35.0, 46.5, 35.5 ], "autoUv": false },
						"up": { "texture": "#material", "uv": [ 36.0, 30.0, 41.0, 35.0 ], "rotation": 180, "autoUv": false }
					}
				}
			]
		}
	]}