{
	"editor": {
		"backDropShape": "E:/Programs/VSModelCreator/seraph-hairless",
		"allAngles": true,
		"entityTextureMode": true
	},
	"textureWidth": 64,
	"textureHeight": 64,
	"textureSizes": {
	},
	"textures": {
	},
	"elements": [
		{
			"name": "ArmorHelmet",
			"stepParentName": "Head",
			"from": [ 0.075, 2.1, -0.45 ],
			"to": [ 4.575, 4.275, 4.275 ],
			"unwrapMode": 1,
			"autoUnwrap": false,
			"uv": [ 36.5, 17.5 ],
			"rotationOrigin": [ 0.075, 2.1, -0.45 ],
			"faces": {
				"north": { "texture": "#material", "uv": [ 42.0, 23.5, 48.0, 26.0 ], "autoUv": false },
				"east": { "texture": "#material", "uv": [ 36.0, 23.5, 42.0, 26.0 ], "autoUv": false },
				"south": { "texture": "#material", "uv": [ 55.0, 23.5, 61.0, 26.0 ], "autoUv": false },
				"west": { "texture": "#material", "uv": [ 48.5, 23.5, 54.5, 26.0 ], "autoUv": false },
				"up": { "texture": "#material", "uv": [ 42.0, 17.5, 48.0, 23.5 ], "rotation": 180, "autoUv": false },
				"down": { "texture": "#material", "uv": [ 42.0, 29.0, 48.0, 35.0 ], "autoUv": false }
			},
			"children": [
				{
					"name": "ArmorHelmetFace",
					"from": [ -0.525, 0.0, 0.0 ],
					"to": [ 0.0, 2.175, 4.725 ],
					"unwrapMode": 1,
					"uv": [ 32.0, 35.5 ],
					"rotationOrigin": [ -0.375, 0.0, 0.0 ],
					"faces": {
						"north": { "texture": "#material", "uv": [ 32.0, 41.5, 32.5, 44.0 ], "autoUv": false },
						"south": { "texture": "#material", "uv": [ 38.5, 41.5, 39.0, 44.0 ], "autoUv": false },
						"west": { "texture": "#material", "uv": [ 32.5, 41.5, 38.5, 44.0 ], "autoUv": false },
						"up": { "texture": "#material", "uv": [ 32.0, 35.5, 32.5, 41.5 ], "rotation": 180, "autoUv": false },
						"down": { "texture": "#material", "uv": [ 32.0, 44.0, 32.5, 50.0 ], "autoUv": false }
					},
					"children": [
						{
							"name": "ArmorHelmetNasal",
							"from": [ 0.0, -1.5, 1.95 ],
							"to": [ 0.375, 0.0, 2.7 ],
							"unwrapMode": 1,
							"uv": [ 32.5, 35.0 ],
							"rotationOrigin": [ 0.0, -1.5, 1.95 ],
							"faces": {
								"north": { "texture": "#material", "uv": [ 32.5, 35.0, 33.0, 37.0 ], "autoUv": false },
								"south": { "texture": "#material", "uv": [ 34.0, 35.0, 34.5, 37.0 ], "autoUv": false },
								"west": { "texture": "#material", "uv": [ 33.0, 35.0, 34.0, 37.0 ], "autoUv": false },
								"down": { "texture": "#material", "uv": [ 32.5, 37.0, 33.0, 38.0 ], "autoUv": false }
							}
						},
						{
							"name": "OcularR",
							"from": [ 0.0, -1.35, 0.0 ],
							"to": [ 0.525, 0.0, 0.75 ],
							"autoUnwrap": false,
							"uv": [ 54.5, 31.5 ],
							"rotationOrigin": [ 0.0, -1.35, 0.0 ],
							"faces": {
								"north": { "texture": "#material", "uv": [ 52.5, 31.0, 53.0, 32.5 ], "autoUv": false },
								"south": { "texture": "#material", "uv": [ 52.5, 31.0, 53.0, 32.5 ], "autoUv": false },
								"west": { "texture": "#material", "uv": [ 52.5, 31.0, 53.5, 32.5 ], "autoUv": false },
								"down": { "texture": "#material", "uv": [ 52.5, 30.0, 53.0, 31.0 ], "autoUv": false }
							},
							"children": [
								{
									"name": "CheekR",
									"from": [ 0.0, -0.225, 0.75 ],
									"to": [ 0.375, 0.525, 1.95 ],
									"autoUnwrap": false,
									"uv": [ 49.5, 39.0 ],
									"rotationOrigin": [ 0.0, -0.225, 0.75 ],
									"faces": {
										"north": { "texture": "#material", "uv": [ 52.5, 31.0, 53.0, 32.0 ], "autoUv": false },
										"south": { "texture": "#material", "uv": [ 52.5, 30.0, 53.0, 31.0 ], "autoUv": false },
										"west": { "texture": "#material", "uv": [ 51.5, 32.5, 53.0, 33.5 ], "autoUv": false },
										"up": { "texture": "#material", "uv": [ 52.5, 31.5, 53.0, 33.0 ], "autoUv": false },
										"down": { "texture": "#material", "uv": [ 52.5, 32.0, 53.0, 33.5 ], "autoUv": false }
									}
								}
							]
						},
						{
							"name": "OcularL",
							"from": [ 0.0, -1.35, 3.975 ],
							"to": [ 0.525, 0.0, 4.725 ],
							"autoUnwrap": false,
							"uv": [ 0.0, 0.0 ],
							"rotationOrigin": [ 0.0, -1.35, 3.975 ],
							"faces": {
								"north": { "texture": "#material", "uv": [ 52.5, 31.0, 53.0, 32.5 ], "autoUv": false },
								"south": { "texture": "#material", "uv": [ 52.5, 31.0, 53.0, 32.5 ], "autoUv": false },
								"west": { "texture": "#material", "uv": [ 52.0, 31.0, 53.0, 32.5 ], "autoUv": false },
								"down": { "texture": "#material", "uv": [ 52.5, 30.0, 53.0, 31.0 ], "autoUv": false }
							},
							"children": [
								{
									"name": "CheekL",
									"from": [ 0.0, -0.225, -1.275 ],
									"to": [ 0.375, 0.525, 0.0 ],
									"autoUnwrap": false,
									"uv": [ 53.5, 36.0 ],
									"rotationOrigin": [ 0.0, -0.225, -1.275 ],
									"faces": {
										"north": { "texture": "#material", "uv": [ 52.5, 31.5, 53.0, 32.5 ], "autoUv": false },
										"south": { "texture": "#material", "uv": [ 52.5, 30.0, 53.0, 31.0 ], "autoUv": false },
										"west": { "texture": "#material", "uv": [ 52.5, 32.5, 54.0, 33.5 ], "autoUv": false },
										"up": { "texture": "#material", "uv": [ 52.5, 31.5, 53.0, 33.0 ], "autoUv": false },
										"down": { "texture": "#material", "uv": [ 52.5, 30.0, 53.0, 31.5 ], "autoUv": false }
									}
								}
							]
						}
					]
				},
				{
					"name": "ArmorHelmetBottom",
					"from": [ 0.75, -2.25, 0.0 ],
					"to": [ 4.5, 0.0, 4.725 ],
					"autoUnwrap": false,
					"uv": [ 41.5, 39.0 ],
					"rotationOrigin": [ 0.75, -2.25, 0.0 ],
					"faces": {
						"north": { "texture": "#material", "uv": [ 42.0, 26.0, 47.0, 29.0 ], "autoUv": false },
						"east": { "texture": "#material", "uv": [ 36.0, 26.0, 42.0, 29.0 ], "autoUv": false },
						"south": { "texture": "#material", "uv": [ 56.0, 26.0, 61.0, 29.0 ], "autoUv": false },
						"west": { "texture": "#material", "uv": [ 48.5, 26.0, 54.5, 29.0 ], "autoUv": false },
						"down": { "texture": "#material", "uv": [ 42.0, 29.0, 47.0, 35.0 ], "autoUv": false }
					}
				}
			]
		}
	]}