{
  "textureWidth":16,
  "textureHeight":16,
  "textures":{
    "material":"game:block/metal/ingot/iron"
  },
  "textureSizes":{
    "material":[
      32,
      32
    ]
  },
  "elements":[
    {
      "name":"origin",
      "from":[
        15.28004789352417,
        0.5,
        9.914989352226257
      ],
      "to":[
        15.28004789352417,
        0.5,
        9.914989352226257
      ],
      "rotationOrigin":[
        8.0,
        0.0,
        8.000000953674316
      ],
      "group":"advanced",
      "faces":{
        "north":{
          "texture":"#0",
          "uv":[
            0,
            0,
            4,
            4
          ],
          "autoUv":false
        },
        "east":{
          "texture":"#0",
          "uv":[
            0,
            0,
            4,
            4
          ],
          "autoUv":false
        },
        "south":{
          "texture":"#0",
          "uv":[
            0,
            0,
            4,
            4
          ],
          "autoUv":false
        },
        "west":{
          "texture":"#0",
          "uv":[
            0,
            0,
            4,
            4
          ],
          "autoUv":false
        },
        "up":{
          "texture":"#material",
          "uv":[
            0.0,
            0.0,
            1.0,
            1.0
          ],
          "autoUv":false,
          "rotation":180
        },
        "down":{
          "texture":"#0",
          "uv":[
            0,
            0,
            4,
            4
          ],
          "autoUv":false
        }
      },
      "children":[
        {
          "name":"advanced_head 01",
          "from":[
            -3.1191909313201904,
            -0.6337997317314148,
            -4.013584494590759
          ],
          "to":[
            -1.1127569675445557,
            1.148710548877716,
            -1.0021127462387085
          ],
          "rotationOrigin":[
            -2.115973949432373,
            0.25745540857315063,
            -2.507848620414734
          ],
          "group":"advanced",
          "faces":{
            "north":{
              "texture":"#material",
              "uv":[
                14.0,
                16.000001907348633,
                11.0,
                19.0
              ],
              "autoUv":false
            },
            "east":{
              "texture":"#material",
              "uv":[
                12.0,
                14.0,
                17.0,
                17.0
              ],
              "autoUv":false
            },
            "south":{
              "texture":"#material",
              "uv":[
                8.304140090942383,
                0.3508491516113281,
                12.607114791870117,
                3.6712112426757812
              ],
              "autoUv":false
            },
            "west":{
              "texture":"#material",
              "uv":[
                17.0,
                13.0,
                12.0,
                16.0
              ],
              "autoUv":false
            },
            "up":{
              "texture":"#material",
              "uv":[
                17.0,
                14.000001907348633,
                11.999999046325684,
                18.0
              ],
              "autoUv":false,
              "rotation":90
            },
            "down":{
              "texture":"#material",
              "uv":[
                17.0,
                18.0,
                11.999999046325684,
                14.000001907348633
              ],
              "autoUv":false,
              "rotation":90
            }
          },
          "children":[]
        },
        {
          "name":"advanced_head 03",
          "from":[
            -3.1129384636878967,
            -0.08914521336555481,
            -1.347636103630066
          ],
          "to":[
            -1.9034790396690369,
            0.6040559113025665,
            0.5938427448272705
          ],
          "rotationOrigin":[
            -2.508208751678467,
            0.25745534896850586,
            -0.3768967390060425
          ],
          "group":"advanced",
          "faces":{
            "north":{
              "texture":"#material",
              "uv":[
                11.895973205566406,
                16.844523429870605,
                9.77714729309082,
                18.05892848968506
              ],
              "autoUv":false
            },
            "east":{
              "texture":"#material",
              "uv":[
                4.05430793762207,
                6.444437026977539,
                7.402464866638184,
                9.555561065673828
              ],
              "autoUv":false
            },
            "south":{
              "texture":"#material",
              "uv":[
                10.0,
                17.0,
                13.0,
                18.0
              ],
              "autoUv":false
            },
            "west":{
              "texture":"#material",
              "uv":[
                12.0,
                14.0,
                9.0,
                15.0
              ],
              "autoUv":false
            },
            "up":{
              "texture":"#material",
              "uv":[
                12.7245512008667,
                15.339986801147461,
                9.374680519104004,
                17.426814079284668
              ],
              "autoUv":false,
              "rotation":90
            },
            "down":{
              "texture":"#material",
              "uv":[
                12.724552154541016,
                17.432430267333984,
                9.369551658630371,
                15.339986801147461
              ],
              "autoUv":false,
              "rotation":90
            }
          },
          "children":[]
        },
        {
          "name":"advanced_head 04",
          "from":[
            -2.2415488958358765,
            -0.08896920084953308,
            -1.268002450466156
          ],
          "to":[
            -1.4674230813980103,
            0.6038798987865448,
            0.5035678744316101
          ],
          "rotationOrigin":[
            -1.8544859886169434,
            0.25745534896850586,
            -0.38221728801727295
          ],
          "rotationY":-26.50906382927586,
          "group":"advanced",
          "faces":{
            "north":{
              "texture":"#material",
              "uv":[
                2.0,
                22.444437980651855,
                6.0,
                25.555561542510986
              ],
              "autoUv":false
            },
            "east":{
              "texture":"#material",
              "uv":[
                9.0,
                16.0,
                12.0,
                17.0
              ],
              "autoUv":false
            },
            "south":{
              "texture":"#material",
              "uv":[
                4.0,
                14.444438934326172,
                8.0,
                17.555561065673828
              ],
              "autoUv":false
            },
            "west":{
              "texture":"#material",
              "uv":[
                2.0,
                22.444437980651855,
                5.055143356323242,
                25.555561542510986
              ],
              "autoUv":false
            },
            "up":{
              "texture":"#material",
              "uv":[
                12.724549293518066,
                15.170921325683594,
                9.393038749694824,
                15.339984893798828
              ],
              "autoUv":false
            },
            "down":{
              "texture":"#material",
              "uv":[
                12.128375053405762,
                16.53524684906006,
                9.989212989807129,
                13.975650787353516
              ],
              "autoUv":false,
              "rotation":90
            }
          },
          "children":[]
        },
        {
          "name":"advanced_head 05",
          "from":[
            -3.635474592447281,
            -0.3447650671005249,
            -2.5802719593048096
          ],
          "to":[
            -2.999309152364731,
            0.8596757650375366,
            -1.375831127166748
          ],
          "rotationOrigin":[
            -3.317391872406006,
            0.25745534896850586,
            -1.9780515432357788
          ],
          "group":"advanced",
          "faces":{
            "north":{
              "texture":"#material",
              "uv":[
                12.0,
                16.996607780456543,
                11.0,
                19.003392219543457
              ],
              "autoUv":false
            },
            "east":{
              "texture":"#material",
              "uv":[
                6.0,
                0.0,
                8.0,
                4.0
              ],
              "autoUv":false
            },
            "south":{
              "texture":"#material",
              "uv":[
                11.0,
                16.996607780456543,
                12.0,
                19.003392219543457
              ],
              "autoUv":false
            },
            "west":{
              "texture":"#material",
              "uv":[
                8.0,
                0.0,
                10.0,
                4.0
              ],
              "autoUv":false
            },
            "up":{
              "texture":"#material",
              "uv":[
                14.0,
                17.0,
                12.0,
                18.0
              ],
              "autoUv":false,
              "rotation":90
            },
            "down":{
              "texture":"#material",
              "uv":[
                14.0,
                18.0,
                12.0,
                17.0
              ],
              "autoUv":false,
              "rotation":90
            }
          },
          "children":[]
        },
        {
          "name":"advanced_head 06",
          "from":[
            -4.061308592557907,
            -0.34097421169281006,
            -2.4038852751255035
          ],
          "to":[
            -3.209640771150589,
            0.8558849096298218,
            -1.552217811346054
          ],
          "rotationOrigin":[
            -3.635474681854248,
            0.25745534896850586,
            -1.9780515432357788
          ],
          "rotationY":-45.00000125223908,
          "group":"advanced",
          "faces":{
            "north":{
              "texture":"#material",
              "uv":[
                7.536716461181641,
                12.0,
                22.724153518676758,
                16.0
              ],
              "autoUv":false
            },
            "east":{
              "texture":"#material",
              "uv":[
                6.280746936798096,
                0.0,
                7.694961071014404,
                4.0
              ],
              "autoUv":false
            },
            "south":{
              "texture":"#material",
              "uv":[
                10.0,
                17.003392219543457,
                11.0,
                18.996607780456543
              ],
              "autoUv":false
            },
            "west":{
              "texture":"#material",
              "uv":[
                11.0,
                17.003392219543457,
                10.0,
                18.996607780456543
              ],
              "autoUv":false
            },
            "up":{
              "texture":"#material",
              "uv":[
                14.0,
                18.0,
                12.0,
                19.0
              ],
              "autoUv":false,
              "rotation":90
            },
            "down":{
              "texture":"#material",
              "uv":[
                14.0,
                18.999999046325684,
                12.0,
                18.0
              ],
              "autoUv":false,
              "rotation":90
            }
          },
          "children":[]
        },
        {
          "name":"advanced_head 07",
          "from":[
            -3.112305521965027,
            0.40645283460617065,
            -1.3521088361740112
          ],
          "to":[
            -1.903478741645813,
            1.077308714389801,
            0.5893700122833252
          ],
          "rotationOrigin":[
            -2.50789213180542,
            0.7418807744979858,
            -0.3813694715499878
          ],
          "rotationX":3.9999948463726556,
          "rotationY":5.369988475310616e-07,
          "rotationZ":-1.8752195770061913e-08,
          "group":"advanced",
          "faces":{
            "north":{
              "texture":"#material",
              "uv":[
                11.89597225189209,
                16.88366985321045,
                9.7782564163208,
                18.058929443359375
              ],
              "autoUv":false
            },
            "east":{
              "texture":"#material",
              "uv":[
                4.05430793762207,
                6.5447235107421875,
                7.402464866638184,
                9.555561065673828
              ],
              "autoUv":false
            },
            "south":{
              "texture":"#material",
              "uv":[
                10.0,
                16.0,
                13.0,
                17.0
              ],
              "autoUv":false
            },
            "west":{
              "texture":"#material",
              "uv":[
                12.0,
                13.0,
                9.0,
                14.0
              ],
              "autoUv":false
            },
            "up":{
              "texture":"#material",
              "uv":[
                11.999999046325684,
                16.0,
                9.0,
                18.0
              ],
              "autoUv":false,
              "rotation":90
            },
            "down":{
              "texture":"#material",
              "uv":[
                12.724552154541016,
                17.431337356567383,
                9.369555473327637,
                15.339986801147461
              ],
              "autoUv":false,
              "rotation":90
            }
          },
          "children":[]
        },
        {
          "name":"advanced_head 08",
          "from":[
            -2.241548866033554,
            0.4070001542568207,
            -1.272462785243988
          ],
          "to":[
            -1.4674231112003326,
            1.0775152742862701,
            0.4991075396537781
          ],
          "rotationOrigin":[
            -1.8544859886169434,
            0.7422577142715454,
            -0.386677622795105
          ],
          "rotationX":3.9999995421277097,
          "rotationY":-26.509060414181274,
          "rotationZ":4.7540927629067324e-08,
          "group":"advanced",
          "faces":{
            "north":{
              "texture":"#material",
              "uv":[
                2.0,
                22.54472541809082,
                6.0,
                25.555561542510986
              ],
              "autoUv":false
            },
            "east":{
              "texture":"#material",
              "uv":[
                12.0,
                14.0,
                9.0,
                15.0
              ],
              "autoUv":false,
              "rotation":180
            },
            "south":{
              "texture":"#material",
              "uv":[
                4.0,
                14.54472541809082,
                8.0,
                17.555561065673828
              ],
              "autoUv":false
            },
            "west":{
              "texture":"#material",
              "uv":[
                2.0,
                22.54472541809082,
                5.055143356323242,
                25.555561542510986
              ],
              "autoUv":false
            },
            "up":{
              "texture":"#material",
              "uv":[
                12.999999046325684,
                14.000001907348633,
                10.0,
                16.0
              ],
              "autoUv":false,
              "rotation":90
            },
            "down":{
              "texture":"#material",
              "uv":[
                12.128375053405762,
                16.53524684906006,
                9.989212989807129,
                13.975650787353516
              ],
              "autoUv":false,
              "rotation":90
            }
          },
          "children":[]
        },
        {
          "name":"advanced_head 09",
          "from":[
            -3.112303614616394,
            -0.5623985528945923,
            -1.3521089553833008
          ],
          "to":[
            -1.9034768342971802,
            0.10845732688903809,
            0.5893700122833252
          ],
          "rotationOrigin":[
            -2.507890224456787,
            -0.2269706130027771,
            -0.3813694715499878
          ],
          "rotationX":-3.999993138825363,
          "rotationY":-179.99988206555128,
          "rotationZ":-2.5336820203506133e-07,
          "group":"advanced",
          "faces":{
            "north":{
              "texture":"#material",
              "uv":[
                13.0,
                18.0,
                10.0,
                19.0
              ],
              "autoUv":false,
              "rotation":180
            },
            "east":{
              "texture":"#material",
              "uv":[
                12.0,
                15.0,
                9.0,
                16.0
              ],
              "autoUv":false
            },
            "south":{
              "texture":"#material",
              "uv":[
                9.7782564163208,
                16.88366985321045,
                11.89597225189209,
                18.058927536010742
              ],
              "autoUv":false,
              "rotation":180
            },
            "west":{
              "texture":"#material",
              "uv":[
                7.402464866638184,
                6.5447235107421875,
                4.05430793762207,
                9.555561065673828
              ],
              "autoUv":false,
              "rotation":180
            },
            "up":{
              "texture":"#material",
              "uv":[
                12.724552154541016,
                15.339986801147461,
                9.369555473327637,
                17.431337356567383
              ],
              "autoUv":false,
              "rotation":270
            },
            "down":{
              "texture":"#material",
              "uv":[
                11.999999046325684,
                18.0,
                9.0,
                16.0
              ],
              "autoUv":false,
              "rotation":270
            }
          },
          "children":[]
        },
        {
          "name":"advanced_head 10",
          "from":[
            -2.241548627614975,
            -0.562604546546936,
            -1.272462785243988
          ],
          "to":[
            -1.4674233496189117,
            0.10791057348251343,
            0.4991075396537781
          ],
          "rotationOrigin":[
            -1.8544859886169434,
            -0.2273469865322113,
            -0.386677622795105
          ],
          "rotationX":-3.999999115240887,
          "rotationY":153.4909343494913,
          "rotationZ":-1.5722957567846363e-07,
          "group":"advanced",
          "faces":{
            "north":{
              "texture":"#material",
              "uv":[
                8.0,
                14.54472541809082,
                4.0,
                17.555561065673828
              ],
              "autoUv":false,
              "rotation":180
            },
            "east":{
              "texture":"#material",
              "uv":[
                5.055143356323242,
                22.54472541809082,
                2.0,
                25.555561542510986
              ],
              "autoUv":false,
              "rotation":180
            },
            "south":{
              "texture":"#material",
              "uv":[
                6.0,
                22.54472541809082,
                2.0,
                25.555561542510986
              ],
              "autoUv":false,
              "rotation":180
            },
            "west":{
              "texture":"#material",
              "uv":[
                9.0,
                15.0,
                12.0,
                16.0
              ],
              "autoUv":false
            },
            "up":{
              "texture":"#material",
              "uv":[
                12.128375053405762,
                13.975650787353516,
                9.989212989807129,
                16.53524684906006
              ],
              "autoUv":false,
              "rotation":270
            },
            "down":{
              "texture":"#material",
              "uv":[
                12.999999046325684,
                16.0,
                10.0,
                14.000001907348633
              ],
              "autoUv":false,
              "rotation":270
            }
          },
          "children":[]
        }
      ]
    }
  ],
  "groups":[]
}