{
	"editor": {
		"backDropShape": "seraph-hairless",
		"collapsedPaths": "Root/Body/abdomen,Root/Body/Left Shoulder,Root/Body/Right Shoulder,Root/Horn Attachment/LHorn1,Root/Horn Attachment/RHorn1,Root/Body/neck/neck2/head/HAIRFuzzBase",
		"allAngles": true,
		"entityTextureMode": true
	},
	"textureWidth": 44,
	"textureHeight": 80,
	"textureSizes": {
		"hide": [44,80],
		"angora-adult": [44,80]
	},
	"textures": {
		"angora-adult": "game:entity/hooved/goat/angora-adult"
	},
	"elements": [
		{
			"name": "Horn Attachment",
			"stepParentName": "Head",
			"from": [ 0.2, 4.0, 1.25 ],
			"to": [ 1.2, 5.0, 2.25 ],
			"unwrapMode": 4,
			"uv": [ 1.0, 19.5 ],
			"rotationOrigin": [ 0.2, 4.0, 1.25 ],
			"faces": {
			},
			"children": [
				{
					"name": "LHorn1",
					"from": [ -0.2, 1.0, 2.0 ],
					"to": [ 0.4, 2.5, 3.1 ],
					"unwrapMode": 4,
					"uv": [ 29.0, 50.0 ],
					"rotationOrigin": [ -0.2, 1.0, 2.0 ],
					"rotationX": 30.0,
					"rotationZ": -20.0,
					"faces": {
						"north": { "texture": "#angora-adult", "uv": [ 29.0, 50.5, 29.5, 52.0 ] },
						"east": { "texture": "#angora-adult", "uv": [ 31.0, 50.5, 32.0, 52.0 ] },
						"south": { "texture": "#angora-adult", "uv": [ 30.5, 50.5, 31.0, 52.0 ] },
						"west": { "texture": "#angora-adult", "uv": [ 29.5, 50.5, 30.5, 52.0 ], "windMode": [-1,-1,-1,-1], "windData": [1,1,1,1] },
						"up": { "texture": "#angora-adult", "uv": [ 29.5, 50.0, 30.5, 50.5 ], "rotation": 90 }
					},
					"children": [
						{
							"name": "LHorn2",
							"from": [ 0.0, 1.5, 0.0 ],
							"to": [ 0.6, 3.0, 1.0 ],
							"unwrapMode": 4,
							"uv": [ 29.0, 48.5 ],
							"rotationOrigin": [ 0.0, 1.5, 0.0 ],
							"rotationX": 20.0,
							"rotationZ": -20.0,
							"faces": {
								"north": { "texture": "#angora-adult", "uv": [ 29.0, 49.0, 29.5, 50.5 ] },
								"east": { "texture": "#angora-adult", "uv": [ 31.0, 49.0, 32.0, 50.5 ] },
								"south": { "texture": "#angora-adult", "uv": [ 30.5, 49.0, 31.0, 50.5 ] },
								"west": { "texture": "#angora-adult", "uv": [ 29.5, 49.0, 30.5, 50.5 ] },
								"up": { "texture": "#angora-adult", "uv": [ 29.5, 48.5, 30.5, 49.0 ], "rotation": 90 },
								"down": { "texture": "#angora-adult", "uv": [ 29.5, 50.5, 30.5, 51.0 ], "rotation": 90, "windMode": [-1,-1,-1,-1], "windData": [1,1,1,1] }
							},
							"children": [
								{
									"name": "LHorn3",
									"from": [ 0.0, 1.5, 0.15 ],
									"to": [ 0.6, 3.5, 1.05 ],
									"unwrapMode": 4,
									"uv": [ 29.0, 46.0 ],
									"rotationOrigin": [ 0.0, 1.5, 0.15 ],
									"rotationX": 45.0,
									"rotationZ": -20.0,
									"faces": {
										"north": { "texture": "#angora-adult", "uv": [ 29.0, 46.5, 29.5, 48.5 ] },
										"east": { "texture": "#angora-adult", "uv": [ 30.5, 46.5, 31.0, 48.5 ] },
										"south": { "texture": "#angora-adult", "uv": [ 30.0, 46.5, 30.5, 48.5 ] },
										"west": { "texture": "#angora-adult", "uv": [ 29.5, 46.5, 30.0, 48.5 ] },
										"up": { "texture": "#angora-adult", "uv": [ 29.5, 46.0, 30.0, 46.5 ], "rotation": 90 },
										"down": { "texture": "#angora-adult", "uv": [ 29.5, 48.5, 30.0, 49.0 ], "rotation": 90, "windMode": [-1,-1,-1,-1], "windData": [1,1,1,1] }
									},
									"children": [
										{
											"name": "LHorn4",
											"from": [ 0.0, 2.0, 0.05 ],
											"to": [ 0.6, 3.5, 0.85 ],
											"unwrapMode": 4,
											"uv": [ 29.0, 44.5 ],
											"rotationOrigin": [ 0.6, 2.0, 0.05 ],
											"rotationX": 45.0,
											"rotationY": -1.0,
											"rotationZ": 15.0,
											"faces": {
												"north": { "texture": "#angora-adult", "uv": [ 29.0, 45.0, 29.5, 46.5 ] },
												"east": { "texture": "#angora-adult", "uv": [ 30.5, 45.0, 31.0, 46.5 ] },
												"south": { "texture": "#angora-adult", "uv": [ 30.0, 45.0, 30.5, 46.5 ] },
												"west": { "texture": "#angora-adult", "uv": [ 29.5, 45.0, 30.0, 46.5 ] },
												"up": { "texture": "#angora-adult", "uv": [ 29.5, 44.5, 30.0, 45.0 ], "rotation": 90 },
												"down": { "texture": "#angora-adult", "uv": [ 29.5, 46.5, 30.0, 47.0 ], "rotation": 90, "windMode": [-1,-1,-1,-1], "windData": [1,1,1,1] }
											},
											"children": [
												{
													"name": "LHorn5",
													"from": [ 0.1, 1.5, 0.05 ],
													"to": [ 0.6, 2.5, 0.75 ],
													"unwrapMode": 4,
													"uv": [ 29.0, 43.5 ],
													"rotationOrigin": [ 0.6, 1.5, 0.75 ],
													"rotationX": -5.0,
													"rotationY": -1.0,
													"rotationZ": 45.0,
													"faces": {
														"north": { "texture": "#angora-adult", "uv": [ 29.0, 44.0, 29.5, 45.0 ] },
														"east": { "texture": "#angora-adult", "uv": [ 30.5, 44.0, 31.0, 45.0 ] },
														"south": { "texture": "#angora-adult", "uv": [ 30.0, 44.0, 30.5, 45.0 ] },
														"west": { "texture": "#angora-adult", "uv": [ 29.5, 44.0, 30.0, 45.0 ] },
														"up": { "texture": "#angora-adult", "uv": [ 29.5, 43.5, 30.0, 44.0 ], "rotation": 90 },
														"down": { "texture": "#angora-adult", "uv": [ 29.5, 45.0, 30.0, 45.5 ], "rotation": 90 }
													},
													"children": [
														{
															"name": "LHorn6",
															"from": [ 0.0, 1.0, 0.05 ],
															"to": [ 0.5, 2.0, 0.65 ],
															"unwrapMode": 4,
															"uv": [ 29.0, 42.5 ],
															"rotationOrigin": [ 0.5, 1.0, 0.05 ],
															"rotationX": 5.0,
															"rotationY": -1.0,
															"rotationZ": 45.0,
															"faces": {
																"north": { "texture": "#angora-adult", "uv": [ 29.0, 43.0, 29.5, 44.0 ] },
																"east": { "texture": "#angora-adult", "uv": [ 30.5, 43.0, 31.0, 44.0 ] },
																"south": { "texture": "#angora-adult", "uv": [ 30.0, 43.0, 30.5, 44.0 ] },
																"west": { "texture": "#angora-adult", "uv": [ 29.5, 43.0, 30.0, 44.0 ] },
																"up": { "texture": "#angora-adult", "uv": [ 29.5, 42.5, 30.0, 43.0 ], "rotation": 90 },
																"down": { "texture": "#angora-adult", "uv": [ 29.5, 44.0, 30.0, 44.5 ], "rotation": 90 }
															},
															"children": [
																{
																	"name": "LHorn7",
																	"from": [ 0.05, 1.0, 0.05 ],
																	"to": [ 0.45, 2.0, 0.55 ],
																	"unwrapMode": 4,
																	"uv": [ 29.0, 41.5 ],
																	"rotationOrigin": [ 0.45, 1.0, 0.55 ],
																	"rotationX": -45.0,
																	"rotationY": 1.0,
																	"rotationZ": 5.0,
																	"faces": {
																		"north": { "texture": "#angora-adult", "uv": [ 29.0, 42.0, 29.5, 43.0 ] },
																		"east": { "texture": "#angora-adult", "uv": [ 30.5, 42.0, 31.0, 43.0 ] },
																		"south": { "texture": "#angora-adult", "uv": [ 30.0, 42.0, 30.5, 43.0 ] },
																		"west": { "texture": "#angora-adult", "uv": [ 29.5, 42.0, 30.0, 43.0 ] },
																		"up": { "texture": "#angora-adult", "uv": [ 29.5, 41.5, 30.0, 42.0 ], "rotation": 90 },
																		"down": { "texture": "#angora-adult", "uv": [ 29.5, 43.0, 30.0, 43.5 ], "rotation": 90 }
																	},
																	"children": [
																		{
																			"name": "LHorn8",
																			"from": [ 0.0, 1.0, 0.05 ],
																			"to": [ 0.4, 2.0, 0.45 ],
																			"unwrapMode": 4,
																			"uv": [ 29.0, 40.5 ],
																			"rotationOrigin": [ 0.4, 1.0, 0.45 ],
																			"rotationX": -30.0,
																			"rotationY": 1.0,
																			"rotationZ": 5.0,
																			"faces": {
																				"north": { "texture": "#angora-adult", "uv": [ 29.0, 41.0, 29.5, 42.0 ] },
																				"east": { "texture": "#angora-adult", "uv": [ 30.5, 41.0, 31.0, 42.0 ] },
																				"south": { "texture": "#angora-adult", "uv": [ 30.0, 41.0, 30.5, 42.0 ] },
																				"west": { "texture": "#angora-adult", "uv": [ 29.5, 41.0, 30.0, 42.0 ] },
																				"up": { "texture": "#angora-adult", "uv": [ 29.5, 40.5, 30.0, 41.0 ], "rotation": 90 },
																				"down": { "texture": "#angora-adult", "uv": [ 29.5, 42.0, 30.0, 42.5 ], "rotation": 90 }
																			},
																			"children": [
																				{
																					"name": "LHorn9",
																					"from": [ 0.0, 1.0, 0.05 ],
																					"to": [ 0.3, 2.0, 0.35 ],
																					"unwrapMode": 4,
																					"uv": [ 30.0, 39.5 ],
																					"rotationOrigin": [ 0.0, 1.0, 0.05 ],
																					"rotationX": 5.0,
																					"rotationY": 1.0,
																					"rotationZ": -45.0,
																					"faces": {
																						"north": { "texture": "#angora-adult", "uv": [ 30.0, 40.0, 30.5, 41.0 ] },
																						"east": { "texture": "#angora-adult", "uv": [ 31.5, 40.0, 32.0, 41.0 ] },
																						"south": { "texture": "#angora-adult", "uv": [ 31.0, 40.0, 31.5, 41.0 ] },
																						"west": { "texture": "#angora-adult", "uv": [ 30.5, 40.0, 31.0, 41.0 ] },
																						"up": { "texture": "#angora-adult", "uv": [ 30.5, 39.5, 31.0, 40.0 ], "rotation": 90 },
																						"down": { "texture": "#angora-adult", "uv": [ 30.5, 41.0, 31.0, 41.5 ], "rotation": 90 }
																					},
																					"children": [
																						{
																							"name": "LHorn10",
																							"from": [ 0.0, 1.0, 0.05 ],
																							"to": [ 0.2, 2.0, 0.25 ],
																							"unwrapMode": 4,
																							"uv": [ 30.5, 38.5 ],
																							"rotationOrigin": [ 0.0, 1.0, 0.05 ],
																							"rotationX": 5.0,
																							"rotationY": 5.0,
																							"rotationZ": -45.0,
																							"faces": {
																								"north": { "texture": "#angora-adult", "uv": [ 30.5, 39.0, 31.0, 40.0 ] },
																								"east": { "texture": "#angora-adult", "uv": [ 32.0, 39.0, 32.5, 40.0 ] },
																								"south": { "texture": "#angora-adult", "uv": [ 31.5, 39.0, 32.0, 40.0 ] },
																								"west": { "texture": "#angora-adult", "uv": [ 31.0, 39.0, 31.5, 40.0 ] },
																								"up": { "texture": "#angora-adult", "uv": [ 31.0, 38.5, 31.5, 39.0 ], "rotation": 90 },
																								"down": { "texture": "#angora-adult", "uv": [ 31.0, 40.0, 31.5, 40.5 ], "rotation": 90 }
																							}
																						}
																					]
																				}
																			]
																		}
																	]
																}
															]
														}
													]
												}
											]
										}
									]
								}
							]
						}
					]
				},
				{
					"name": "RHorn1",
					"from": [ -0.2, 1.0, -0.6 ],
					"to": [ 0.4, 2.5, 0.5 ],
					"unwrapMode": 4,
					"uv": [ 31.5, 50.0 ],
					"rotationOrigin": [ -0.2, 1.0, 0.5 ],
					"rotationX": -30.0,
					"rotationZ": -20.0,
					"faces": {
						"north": { "texture": "#angora-adult", "uv": [ 31.5, 50.5, 32.0, 52.0 ] },
						"east": { "texture": "#angora-adult", "uv": [ 33.5, 50.5, 34.5, 52.0 ] },
						"south": { "texture": "#angora-adult", "uv": [ 33.0, 50.5, 33.5, 52.0 ] },
						"west": { "texture": "#angora-adult", "uv": [ 32.0, 50.5, 33.0, 52.0 ] },
						"up": { "texture": "#angora-adult", "uv": [ 32.0, 50.0, 33.0, 50.5 ], "rotation": 90 },
						"down": { "texture": "#angora-adult", "uv": [ 32.0, 52.0, 33.0, 52.5 ], "rotation": 90, "windMode": [-1,-1,-1,-1], "windData": [1,1,1,1] }
					},
					"children": [
						{
							"name": "RHorn2",
							"from": [ 0.0, 1.5, 0.0 ],
							"to": [ 0.6, 3.0, 1.0 ],
							"unwrapMode": 4,
							"uv": [ 31.5, 48.5 ],
							"rotationOrigin": [ 0.0, 1.5, 1.0 ],
							"rotationX": -20.0,
							"rotationZ": -20.0,
							"faces": {
								"north": { "texture": "#angora-adult", "uv": [ 31.5, 49.0, 32.0, 50.5 ] },
								"east": { "texture": "#angora-adult", "uv": [ 33.5, 49.0, 34.5, 50.5 ] },
								"south": { "texture": "#angora-adult", "uv": [ 33.0, 49.0, 33.5, 50.5 ] },
								"west": { "texture": "#angora-adult", "uv": [ 32.0, 49.0, 33.0, 50.5 ] },
								"up": { "texture": "#angora-adult", "uv": [ 32.0, 48.5, 33.0, 49.0 ], "rotation": 90 },
								"down": { "texture": "#angora-adult", "uv": [ 32.0, 50.5, 33.0, 51.0 ], "rotation": 90, "windMode": [-1,-1,-1,-1], "windData": [1,1,1,1] }
							},
							"children": [
								{
									"name": "RHorn3",
									"from": [ 0.0, 1.5, -0.05 ],
									"to": [ 0.6, 3.5, 0.85 ],
									"unwrapMode": 4,
									"uv": [ 31.5, 46.0 ],
									"rotationOrigin": [ 0.0, 1.5, 0.85 ],
									"rotationX": -45.0,
									"rotationZ": -20.0,
									"faces": {
										"north": { "texture": "#angora-adult", "uv": [ 31.5, 46.5, 32.0, 48.5 ] },
										"east": { "texture": "#angora-adult", "uv": [ 33.0, 46.5, 33.5, 48.5 ] },
										"south": { "texture": "#angora-adult", "uv": [ 32.5, 46.5, 33.0, 48.5 ] },
										"west": { "texture": "#angora-adult", "uv": [ 32.0, 46.5, 32.5, 48.5 ] },
										"up": { "texture": "#angora-adult", "uv": [ 32.0, 46.0, 32.5, 46.5 ], "rotation": 90 },
										"down": { "texture": "#angora-adult", "uv": [ 32.0, 48.5, 32.5, 49.0 ], "rotation": 90, "windMode": [-1,-1,-1,-1], "windData": [1,1,1,1] }
									},
									"children": [
										{
											"name": "RHorn4",
											"from": [ 0.0, 2.0, 0.05 ],
											"to": [ 0.6, 3.5, 0.85 ],
											"unwrapMode": 4,
											"uv": [ 31.5, 44.5 ],
											"rotationOrigin": [ 0.6, 2.0, 0.85 ],
											"rotationX": -45.0,
											"rotationY": 1.0,
											"rotationZ": 15.0,
											"faces": {
												"north": { "texture": "#angora-adult", "uv": [ 31.5, 45.0, 32.0, 46.5 ] },
												"east": { "texture": "#angora-adult", "uv": [ 33.0, 45.0, 33.5, 46.5 ] },
												"south": { "texture": "#angora-adult", "uv": [ 32.5, 45.0, 33.0, 46.5 ] },
												"west": { "texture": "#angora-adult", "uv": [ 32.0, 45.0, 32.5, 46.5 ] },
												"up": { "texture": "#angora-adult", "uv": [ 32.0, 44.5, 32.5, 45.0 ], "rotation": 90 },
												"down": { "texture": "#angora-adult", "uv": [ 32.0, 46.5, 32.5, 47.0 ], "rotation": 90, "windMode": [-1,-1,-1,-1], "windData": [1,1,1,1] }
											},
											"children": [
												{
													"name": "RHorn5",
													"from": [ 0.0, 1.5, 0.05 ],
													"to": [ 0.5, 2.5, 0.75 ],
													"unwrapMode": 4,
													"uv": [ 32.5, 43.5 ],
													"rotationOrigin": [ 0.5, 1.5, 0.05 ],
													"rotationX": 5.0,
													"rotationY": 1.0,
													"rotationZ": 45.0,
													"faces": {
														"north": { "texture": "#angora-adult", "uv": [ 32.5, 44.0, 33.0, 45.0 ] },
														"east": { "texture": "#angora-adult", "uv": [ 34.0, 44.0, 34.5, 45.0 ] },
														"south": { "texture": "#angora-adult", "uv": [ 33.5, 44.0, 34.0, 45.0 ] },
														"west": { "texture": "#angora-adult", "uv": [ 33.0, 44.0, 33.5, 45.0 ] },
														"up": { "texture": "#angora-adult", "uv": [ 33.0, 43.5, 33.5, 44.0 ], "rotation": 90 },
														"down": { "texture": "#angora-adult", "uv": [ 33.0, 45.0, 33.5, 45.5 ], "rotation": 90 }
													},
													"children": [
														{
															"name": "RHorn6",
															"from": [ 0.0, 1.0, 0.05 ],
															"to": [ 0.5, 2.0, 0.65 ],
															"unwrapMode": 4,
															"uv": [ 32.5, 42.5 ],
															"rotationOrigin": [ 0.5, 1.0, 0.65 ],
															"rotationX": -5.0,
															"rotationY": 1.0,
															"rotationZ": 45.0,
															"faces": {
																"north": { "texture": "#angora-adult", "uv": [ 32.5, 43.0, 33.0, 44.0 ] },
																"east": { "texture": "#angora-adult", "uv": [ 34.0, 43.0, 34.5, 44.0 ] },
																"south": { "texture": "#angora-adult", "uv": [ 33.5, 43.0, 34.0, 44.0 ] },
																"west": { "texture": "#angora-adult", "uv": [ 33.0, 43.0, 33.5, 44.0 ] },
																"up": { "texture": "#angora-adult", "uv": [ 33.0, 42.5, 33.5, 43.0 ], "rotation": 90 },
																"down": { "texture": "#angora-adult", "uv": [ 33.0, 44.0, 33.5, 44.5 ], "rotation": 90 }
															},
															"children": [
																{
																	"name": "RHorn7",
																	"from": [ 0.05, 1.0, 0.05 ],
																	"to": [ 0.45, 2.0, 0.55 ],
																	"unwrapMode": 4,
																	"uv": [ 32.5, 41.5 ],
																	"rotationOrigin": [ 0.45, 1.0, 0.05 ],
																	"rotationX": 45.0,
																	"rotationY": -1.0,
																	"rotationZ": 5.0,
																	"faces": {
																		"north": { "texture": "#angora-adult", "uv": [ 32.5, 42.0, 33.0, 43.0 ] },
																		"east": { "texture": "#angora-adult", "uv": [ 34.0, 42.0, 34.5, 43.0 ] },
																		"south": { "texture": "#angora-adult", "uv": [ 33.5, 42.0, 34.0, 43.0 ] },
																		"west": { "texture": "#angora-adult", "uv": [ 33.0, 42.0, 33.5, 43.0 ] },
																		"up": { "texture": "#angora-adult", "uv": [ 33.0, 41.5, 33.5, 42.0 ], "rotation": 90 },
																		"down": { "texture": "#angora-adult", "uv": [ 33.0, 43.0, 33.5, 43.5 ], "rotation": 90 }
																	},
																	"children": [
																		{
																			"name": "RHorn8",
																			"from": [ 0.0, 1.0, 0.05 ],
																			"to": [ 0.4, 2.0, 0.45 ],
																			"unwrapMode": 4,
																			"uv": [ 32.5, 40.5 ],
																			"rotationOrigin": [ 0.4, 1.0, 0.05 ],
																			"rotationX": 30.0,
																			"rotationY": -1.0,
																			"rotationZ": 5.0,
																			"faces": {
																				"north": { "texture": "#angora-adult", "uv": [ 32.5, 41.0, 33.0, 42.0 ] },
																				"east": { "texture": "#angora-adult", "uv": [ 34.0, 41.0, 34.5, 42.0 ] },
																				"south": { "texture": "#angora-adult", "uv": [ 33.5, 41.0, 34.0, 42.0 ] },
																				"west": { "texture": "#angora-adult", "uv": [ 33.0, 41.0, 33.5, 42.0 ] },
																				"up": { "texture": "#angora-adult", "uv": [ 33.0, 40.5, 33.5, 41.0 ], "rotation": 90 },
																				"down": { "texture": "#angora-adult", "uv": [ 33.0, 42.0, 33.5, 42.5 ], "rotation": 90 }
																			},
																			"children": [
																				{
																					"name": "RHorn9",
																					"from": [ 0.0, 1.0, 0.05 ],
																					"to": [ 0.3, 2.0, 0.35 ],
																					"unwrapMode": 4,
																					"uv": [ 32.5, 39.5 ],
																					"rotationOrigin": [ 0.0, 1.0, 0.35 ],
																					"rotationX": -5.0,
																					"rotationY": -1.0,
																					"rotationZ": -45.0,
																					"faces": {
																						"north": { "texture": "#angora-adult", "uv": [ 32.5, 40.0, 33.0, 41.0 ] },
																						"east": { "texture": "#angora-adult", "uv": [ 34.0, 40.0, 34.5, 41.0 ] },
																						"south": { "texture": "#angora-adult", "uv": [ 33.5, 40.0, 34.0, 41.0 ] },
																						"west": { "texture": "#angora-adult", "uv": [ 33.0, 40.0, 33.5, 41.0 ] },
																						"up": { "texture": "#angora-adult", "uv": [ 33.0, 39.5, 33.5, 40.0 ], "rotation": 90 },
																						"down": { "texture": "#angora-adult", "uv": [ 33.0, 41.0, 33.5, 41.5 ], "rotation": 90 }
																					},
																					"children": [
																						{
																							"name": "RHorn10",
																							"from": [ 0.0, 1.0, 0.05 ],
																							"to": [ 0.2, 2.0, 0.25 ],
																							"unwrapMode": 4,
																							"uv": [ 32.5, 38.5 ],
																							"rotationOrigin": [ 0.0, 1.0, 0.25 ],
																							"rotationX": -5.0,
																							"rotationY": -5.0,
																							"rotationZ": -45.0,
																							"faces": {
																								"north": { "texture": "#angora-adult", "uv": [ 32.5, 39.0, 33.0, 40.0 ] },
																								"east": { "texture": "#angora-adult", "uv": [ 34.0, 39.0, 34.5, 40.0 ] },
																								"south": { "texture": "#angora-adult", "uv": [ 33.5, 39.0, 34.0, 40.0 ] },
																								"west": { "texture": "#angora-adult", "uv": [ 33.0, 39.0, 33.5, 40.0 ] },
																								"up": { "texture": "#angora-adult", "uv": [ 33.0, 38.5, 33.5, 39.0 ], "rotation": 90 },
																								"down": { "texture": "#angora-adult", "uv": [ 33.0, 40.0, 33.5, 40.5 ], "rotation": 90 }
																							}
																						}
																					]
																				}
																			]
																		}
																	]
																}
															]
														}
													]
												}
											]
										}
									]
								}
							]
						}
					]
				}
			]
		}
	],
	"animations": [
	]
}