{
	"editor": {
		"backDropShape": "seraph-hairless",
		"collapsedPaths": "Root/Horn attachment/R antler base,Root/Body/Left Shoulder,Root/Body/Right Shoulder,Root/Horn attachment/L antler base",
		"allAngles": true,
		"entityTextureMode": true
	},
	"textureWidth": 52,
	"textureHeight": 64,
	"textureSizes": {
		"skin": [64,32],
		"taruca-adult": [52,64],
		"fallow-adult": [52,64]
	},
	"textures": {
		"fallow-adult": "game:entity/hooved/deer/fallow-adult"
	},
	"elements": [
		{
			"name": "Horn attachment",
			"stepParentName": "Head",
			"from": [ 0.0, 5.0, 1.35 ],
			"to": [ 0.0, 5.0, 1.35 ],
			"uv": [ 0.0, 0.0 ],
			"rotationOrigin": [ 0.0, 5.0, 1.35 ],
			"rotationZ": -28.0,
			"faces": {
			},
			"children": [
				{
					"name": "R antler base",
					"from": [ 0.1, -0.1, -1.0 ],
					"to": [ 0.9, 0.4, -0.2 ],
					"unwrapMode": 4,
					"autoUnwrap": false,
					"uv": [ 39.5, 62.5 ],
					"rotationOrigin": [ 0.1, -0.1, -0.4 ],
					"rotationY": -20.0,
					"rotationZ": 10.0,
					"faces": {
						"north": { "texture": "#fallow-adult", "uv": [ 39.5, 63.0, 40.0, 63.5 ] },
						"east": { "texture": "#fallow-adult", "uv": [ 41.0, 63.0, 41.5, 63.5 ] },
						"south": { "texture": "#fallow-adult", "uv": [ 40.5, 63.0, 41.0, 63.5 ] },
						"west": { "texture": "#fallow-adult", "uv": [ 40.0, 63.0, 40.5, 63.5 ] },
						"up": { "texture": "#fallow-adult", "uv": [ 39.5, 63.5, 40.0, 64.0 ], "rotation": 90 },
						"down": { "texture": "#fallow-adult", "uv": [ 40.0, 63.5, 40.5, 64.0 ], "rotation": 90, "windMode": [-1,-1,-1,-1] }
					},
					"children": [
						{
							"name": "RBeam1",
							"from": [ 0.1, 0.5, 0.1 ],
							"to": [ 0.7, 2.0, 0.7 ],
							"unwrapMode": 4,
							"uv": [ 38.0, 61.0 ],
							"rotationOrigin": [ 0.1, 0.5, 0.7 ],
							"rotationX": -25.0,
							"faces": {
								"north": { "texture": "#fallow-adult", "uv": [ 38.0, 61.5, 38.5, 63.0 ] },
								"east": { "texture": "#fallow-adult", "uv": [ 39.5, 61.5, 40.0, 63.0 ] },
								"south": { "texture": "#fallow-adult", "uv": [ 39.0, 61.5, 39.5, 63.0 ] },
								"west": { "texture": "#fallow-adult", "uv": [ 38.5, 61.5, 39.0, 63.0 ] },
								"up": { "texture": "#fallow-adult", "uv": [ 38.5, 61.0, 39.0, 61.5 ], "rotation": 90 }
							},
							"children": [
								{
									"name": "RBeam2",
									"from": [ 0.05, 1.5, 0.1 ],
									"to": [ 0.55, 4.0, 0.6 ],
									"unwrapMode": 4,
									"uv": [ 38.0, 59.0 ],
									"rotationOrigin": [ 0.05, 1.5, 0.6 ],
									"rotationX": -30.0,
									"rotationZ": -10.0,
									"faces": {
										"north": { "texture": "#fallow-adult", "uv": [ 38.0, 59.5, 38.5, 62.0 ] },
										"east": { "texture": "#fallow-adult", "uv": [ 39.5, 59.5, 40.0, 62.0 ] },
										"south": { "texture": "#fallow-adult", "uv": [ 39.0, 59.5, 39.5, 62.0 ] },
										"west": { "texture": "#fallow-adult", "uv": [ 38.5, 59.5, 39.0, 62.0 ] },
										"up": { "texture": "#fallow-adult", "uv": [ 38.5, 59.0, 39.0, 59.5 ], "rotation": 90 }
									},
									"children": [
										{
											"name": "RBeam3",
											"from": [ 0.0, 2.5, 0.0 ],
											"to": [ 0.5, 5.0, 0.5 ],
											"unwrapMode": 4,
											"uv": [ 38.0, 57.5 ],
											"rotationOrigin": [ 0.5, 2.5, 0.0 ],
											"rotationX": 20.0,
											"rotationZ": 20.0,
											"faces": {
												"north": { "texture": "#fallow-adult", "uv": [ 38.0, 58.0, 38.5, 60.5 ] },
												"east": { "texture": "#fallow-adult", "uv": [ 39.5, 58.0, 40.0, 60.5 ] },
												"south": { "texture": "#fallow-adult", "uv": [ 39.0, 58.0, 39.5, 60.5 ] },
												"west": { "texture": "#fallow-adult", "uv": [ 38.5, 58.0, 39.0, 60.5 ] },
												"up": { "texture": "#fallow-adult", "uv": [ 38.5, 57.5, 39.0, 58.0 ], "rotation": 90 }
											},
											"children": [
												{
													"name": "RBeam3Taper",
													"from": [ 0.0, 2.5, 0.0 ],
													"to": [ 0.5, 4.5, 0.3 ],
													"unwrapMode": 4,
													"uv": [ 38.0, 50.5 ],
													"rotationOrigin": [ 0.5, 2.5, 0.0 ],
													"rotationX": 34.0,
													"rotationZ": 1.0,
													"faces": {
														"north": { "texture": "#fallow-adult", "uv": [ 38.0, 51.0, 38.5, 53.0 ] },
														"east": { "texture": "#fallow-adult", "uv": [ 39.5, 51.0, 40.0, 53.0 ] },
														"south": { "texture": "#fallow-adult", "uv": [ 39.0, 51.0, 39.5, 53.0 ] },
														"west": { "texture": "#fallow-adult", "uv": [ 38.5, 51.0, 39.0, 53.0 ] },
														"up": { "texture": "#fallow-adult", "uv": [ 38.5, 50.5, 39.0, 51.0 ], "rotation": 90 }
													}
												},
												{
													"name": "RFlatA",
													"from": [ -1.0, 3.4, 0.05 ],
													"to": [ 1.5, 5.4, 0.45 ],
													"unwrapMode": 3,
													"uv": [ 34.5, 51.0 ],
													"rotationOrigin": [ 0.3, 2.3, 0.45 ],
													"rotationX": 30.0,
													"rotationZ": 10.0,
													"faces": {
														"north": { "texture": "#fallow-adult", "uv": [ 38.0, 51.5, 40.5, 53.5 ] },
														"east": { "texture": "#fallow-adult", "uv": [ 37.5, 51.5, 38.0, 53.5 ] },
														"south": { "texture": "#fallow-adult", "uv": [ 35.0, 51.5, 37.5, 53.5 ] },
														"west": { "texture": "#fallow-adult", "uv": [ 34.5, 51.5, 35.0, 53.5 ] },
														"up": { "texture": "#fallow-adult", "uv": [ 35.0, 51.0, 37.5, 51.5 ] }
													},
													"children": [
														{
															"name": "RFlatDiag",
															"from": [ 0.4, -0.85, 0.01 ],
															"to": [ 2.1, 0.85, 0.39 ],
															"unwrapMode": 3,
															"uv": [ 37.0, 60.5 ],
															"rotationOrigin": [ 1.25, 0.05, 0.0 ],
															"rotationZ": 45.0,
															"faces": {
																"north": { "texture": "#fallow-adult", "uv": [ 39.0, 60.5, 40.5, 62.0 ] },
																"south": { "texture": "#fallow-adult", "uv": [ 37.5, 60.5, 39.0, 62.0 ] },
																"west": { "texture": "#fallow-adult", "uv": [ 37.0, 60.5, 37.5, 62.0 ] },
																"down": { "texture": "#fallow-adult", "uv": [ 37.5, 62.0, 39.0, 62.5 ], "rotation": 180 }
															}
														},
														{
															"name": "RFlatB",
															"from": [ 0.0, 2.0, 0.0 ],
															"to": [ 2.0, 4.0, 0.4 ],
															"unwrapMode": 3,
															"uv": [ 35.5, 58.0 ],
															"rotationOrigin": [ 2.5, 2.0, 0.0 ],
															"rotationX": 10.0,
															"rotationZ": 1.0,
															"faces": {
																"north": { "texture": "#fallow-adult", "uv": [ 38.5, 58.5, 40.5, 60.5 ] },
																"east": { "texture": "#fallow-adult", "uv": [ 38.0, 58.5, 38.5, 60.5 ] },
																"south": { "texture": "#fallow-adult", "uv": [ 36.0, 58.5, 38.0, 60.5 ] },
																"west": { "texture": "#fallow-adult", "uv": [ 35.5, 58.5, 36.0, 60.5 ] },
																"up": { "texture": "#fallow-adult", "uv": [ 36.0, 58.0, 38.0, 58.5 ] }
															},
															"children": [
																{
																	"name": "RFlatC",
																	"from": [ 0.0, 2.0, 0.0 ],
																	"to": [ 1.5, 3.0, 0.4 ],
																	"unwrapMode": 3,
																	"uv": [ 36.0, 43.5 ],
																	"rotationOrigin": [ 1.5, 2.0, 0.0 ],
																	"rotationX": 15.0,
																	"rotationZ": 1.0,
																	"faces": {
																		"north": { "texture": "#fallow-adult", "uv": [ 38.5, 44.0, 40.0, 45.0 ] },
																		"east": { "texture": "#fallow-adult", "uv": [ 38.0, 44.0, 38.5, 45.0 ] },
																		"south": { "texture": "#fallow-adult", "uv": [ 36.5, 44.0, 38.0, 45.0 ] },
																		"west": { "texture": "#fallow-adult", "uv": [ 36.0, 44.0, 36.5, 45.0 ] },
																		"up": { "texture": "#fallow-adult", "uv": [ 36.5, 43.5, 38.0, 44.0 ] }
																	},
																	"children": [
																		{
																			"name": "RTineC1",
																			"from": [ 0.0, 1.0, 0.05 ],
																			"to": [ 0.3, 2.0, 0.35 ],
																			"unwrapMode": 3,
																			"uv": [ 38.0, 42.0 ],
																			"rotationOrigin": [ 0.3, 1.0, 0.05 ],
																			"rotationZ": 20.0,
																			"faces": {
																				"north": { "texture": "#fallow-adult", "uv": [ 39.5, 42.5, 40.0, 43.5 ] },
																				"east": { "texture": "#fallow-adult", "uv": [ 39.0, 42.5, 39.5, 43.5 ] },
																				"south": { "texture": "#fallow-adult", "uv": [ 38.5, 42.5, 39.0, 43.5 ] },
																				"west": { "texture": "#fallow-adult", "uv": [ 38.0, 42.5, 38.5, 43.5 ] },
																				"up": { "texture": "#fallow-adult", "uv": [ 38.5, 42.0, 39.0, 42.5 ] }
																			}
																		},
																		{
																			"name": "RTineC2",
																			"from": [ 0.7, 1.0, 0.05 ],
																			"to": [ 1.0, 1.8, 0.35 ],
																			"unwrapMode": 3,
																			"uv": [ 38.0, 41.0 ],
																			"rotationOrigin": [ 1.0, 1.0, 0.05 ],
																			"faces": {
																				"north": { "texture": "#fallow-adult", "uv": [ 39.5, 41.5, 40.0, 42.0 ] },
																				"east": { "texture": "#fallow-adult", "uv": [ 39.0, 41.5, 39.5, 42.0 ] },
																				"south": { "texture": "#fallow-adult", "uv": [ 38.5, 41.5, 39.0, 42.0 ] },
																				"west": { "texture": "#fallow-adult", "uv": [ 38.0, 41.5, 38.5, 42.0 ] },
																				"up": { "texture": "#fallow-adult", "uv": [ 38.5, 41.0, 39.0, 41.5 ] }
																			}
																		},
																		{
																			"name": "RTineC3",
																			"from": [ 1.2, 0.9, 0.05 ],
																			"to": [ 1.5, 1.9, 0.35 ],
																			"unwrapMode": 3,
																			"uv": [ 38.0, 39.5 ],
																			"rotationOrigin": [ 1.2, 0.9, 0.05 ],
																			"rotationZ": -30.0,
																			"faces": {
																				"north": { "texture": "#fallow-adult", "uv": [ 39.5, 40.0, 40.0, 41.0 ] },
																				"east": { "texture": "#fallow-adult", "uv": [ 39.0, 40.0, 39.5, 41.0 ] },
																				"south": { "texture": "#fallow-adult", "uv": [ 38.5, 40.0, 39.0, 41.0 ] },
																				"west": { "texture": "#fallow-adult", "uv": [ 38.0, 40.0, 38.5, 41.0 ] },
																				"up": { "texture": "#fallow-adult", "uv": [ 38.5, 39.5, 39.0, 40.0 ] }
																			}
																		}
																	]
																},
																{
																	"name": "RTineB1",
																	"from": [ 1.7, 1.9, 0.0 ],
																	"to": [ 2.0, 2.7, 0.3 ],
																	"unwrapMode": 3,
																	"uv": [ 39.5, 50.0 ],
																	"rotationOrigin": [ 1.7, 1.9, 0.0 ],
																	"rotationZ": -45.0,
																	"faces": {
																		"north": { "texture": "#fallow-adult", "uv": [ 41.0, 50.5, 41.5, 51.0 ] },
																		"east": { "texture": "#fallow-adult", "uv": [ 40.5, 50.5, 41.0, 51.0 ] },
																		"south": { "texture": "#fallow-adult", "uv": [ 40.0, 50.5, 40.5, 51.0 ] },
																		"west": { "texture": "#fallow-adult", "uv": [ 39.5, 50.5, 40.0, 51.0 ] },
																		"up": { "texture": "#fallow-adult", "uv": [ 40.0, 50.0, 40.5, 50.5 ] }
																	}
																},
																{
																	"name": "RTineB2",
																	"from": [ 1.8, 0.9, 0.0 ],
																	"to": [ 2.1, 1.9, 0.3 ],
																	"unwrapMode": 3,
																	"uv": [ 39.5, 48.5 ],
																	"rotationOrigin": [ 1.8, 0.9, 0.0 ],
																	"rotationZ": -50.0,
																	"faces": {
																		"north": { "texture": "#fallow-adult", "uv": [ 41.0, 49.0, 41.5, 50.0 ] },
																		"east": { "texture": "#fallow-adult", "uv": [ 40.5, 49.0, 41.0, 50.0 ] },
																		"south": { "texture": "#fallow-adult", "uv": [ 40.0, 49.0, 40.5, 50.0 ] },
																		"west": { "texture": "#fallow-adult", "uv": [ 39.5, 49.0, 40.0, 50.0 ] },
																		"up": { "texture": "#fallow-adult", "uv": [ 40.0, 48.5, 40.5, 49.0 ] }
																	}
																}
															]
														},
														{
															"name": "RTineA1",
															"from": [ 2.2, 1.9, 0.0 ],
															"to": [ 2.5, 2.9, 0.3 ],
															"unwrapMode": 3,
															"uv": [ 39.5, 56.5 ],
															"rotationOrigin": [ 2.2, 1.9, 0.0 ],
															"rotationZ": -50.0,
															"faces": {
																"north": { "texture": "#fallow-adult", "uv": [ 41.0, 57.0, 41.5, 58.0 ] },
																"east": { "texture": "#fallow-adult", "uv": [ 40.5, 57.0, 41.0, 58.0 ] },
																"south": { "texture": "#fallow-adult", "uv": [ 40.0, 57.0, 40.5, 58.0 ] },
																"west": { "texture": "#fallow-adult", "uv": [ 39.5, 57.0, 40.0, 58.0 ] },
																"up": { "texture": "#fallow-adult", "uv": [ 40.0, 56.5, 40.5, 57.0 ] }
															}
														},
														{
															"name": "RTineA2",
															"from": [ 2.2, 1.0, 0.0 ],
															"to": [ 2.5, 2.0, 0.3 ],
															"unwrapMode": 3,
															"uv": [ 39.5, 55.5 ],
															"rotationOrigin": [ 2.2, 1.0, 0.0 ],
															"rotationZ": -55.0,
															"faces": {
																"north": { "texture": "#fallow-adult", "uv": [ 41.0, 56.0, 41.5, 57.0 ] },
																"east": { "texture": "#fallow-adult", "uv": [ 40.5, 56.0, 41.0, 57.0 ] },
																"south": { "texture": "#fallow-adult", "uv": [ 40.0, 56.0, 40.5, 57.0 ] },
																"west": { "texture": "#fallow-adult", "uv": [ 39.5, 56.0, 40.0, 57.0 ] },
																"up": { "texture": "#fallow-adult", "uv": [ 40.0, 55.5, 40.5, 56.0 ] }
															}
														},
														{
															"name": "RTineA3",
															"from": [ 2.3, 0.3, 0.0 ],
															"to": [ 2.6, 1.3, 0.3 ],
															"unwrapMode": 3,
															"uv": [ 39.5, 54.0 ],
															"rotationOrigin": [ 2.3, 0.3, 0.0 ],
															"rotationZ": -65.0,
															"faces": {
																"north": { "texture": "#fallow-adult", "uv": [ 41.0, 54.5, 41.5, 55.5 ] },
																"east": { "texture": "#fallow-adult", "uv": [ 40.5, 54.5, 41.0, 55.5 ] },
																"south": { "texture": "#fallow-adult", "uv": [ 40.0, 54.5, 40.5, 55.5 ] },
																"west": { "texture": "#fallow-adult", "uv": [ 39.5, 54.5, 40.0, 55.5 ] },
																"up": { "texture": "#fallow-adult", "uv": [ 40.0, 54.0, 40.5, 54.5 ] }
															}
														}
													]
												},
												{
													"name": "RTine2A",
													"from": [ 0.0, 0.7, 0.05 ],
													"to": [ 0.4, 1.7, 0.45 ],
													"unwrapMode": 3,
													"uv": [ 38.0, 49.5 ],
													"rotationOrigin": [ 0.0, 0.7, 0.45 ],
													"rotationZ": 80.0,
													"faces": {
														"north": { "texture": "#fallow-adult", "uv": [ 39.5, 50.0, 40.0, 51.0 ] },
														"east": { "texture": "#fallow-adult", "uv": [ 39.0, 50.0, 39.5, 51.0 ] },
														"south": { "texture": "#fallow-adult", "uv": [ 38.5, 50.0, 39.0, 51.0 ] },
														"west": { "texture": "#fallow-adult", "uv": [ 38.0, 50.0, 38.5, 51.0 ] },
														"up": { "texture": "#fallow-adult", "uv": [ 38.5, 49.5, 39.0, 50.0 ] }
													},
													"children": [
														{
															"name": "RTine2B",
															"from": [ 0.05, 1.0, 0.05 ],
															"to": [ 0.35, 2.0, 0.35 ],
															"unwrapMode": 3,
															"uv": [ 38.0, 48.0 ],
															"rotationOrigin": [ 0.05, 1.0, 0.05 ],
															"rotationX": 15.0,
															"rotationZ": -35.0,
															"faces": {
																"north": { "texture": "#fallow-adult", "uv": [ 39.5, 48.5, 40.0, 49.5 ] },
																"east": { "texture": "#fallow-adult", "uv": [ 39.0, 48.5, 39.5, 49.5 ] },
																"south": { "texture": "#fallow-adult", "uv": [ 38.5, 48.5, 39.0, 49.5 ] },
																"west": { "texture": "#fallow-adult", "uv": [ 38.0, 48.5, 38.5, 49.5 ] },
																"up": { "texture": "#fallow-adult", "uv": [ 38.5, 48.0, 39.0, 48.5 ] }
															}
														}
													]
												},
												{
													"name": "RTine3A",
													"from": [ 0.1, 1.6, 0.05 ],
													"to": [ 0.5, 2.6, 0.45 ],
													"unwrapMode": 3,
													"uv": [ 38.0, 47.0 ],
													"rotationOrigin": [ 0.5, 1.6, 0.05 ],
													"rotationZ": -80.0,
													"faces": {
														"north": { "texture": "#fallow-adult", "uv": [ 39.5, 47.5, 40.0, 48.5 ] },
														"east": { "texture": "#fallow-adult", "uv": [ 39.0, 47.5, 39.5, 48.5 ] },
														"south": { "texture": "#fallow-adult", "uv": [ 38.5, 47.5, 39.0, 48.5 ] },
														"west": { "texture": "#fallow-adult", "uv": [ 38.0, 47.5, 38.5, 48.5 ] },
														"up": { "texture": "#fallow-adult", "uv": [ 38.5, 47.0, 39.0, 47.5 ] }
													},
													"children": [
														{
															"name": "RTine3B",
															"from": [ 0.05, 1.0, 0.05 ],
															"to": [ 0.35, 2.0, 0.35 ],
															"unwrapMode": 3,
															"uv": [ 38.0, 45.5 ],
															"rotationOrigin": [ 0.35, 1.0, 0.05 ],
															"rotationX": 15.0,
															"rotationZ": 35.0,
															"faces": {
																"north": { "texture": "#fallow-adult", "uv": [ 39.5, 46.0, 40.0, 47.0 ] },
																"east": { "texture": "#fallow-adult", "uv": [ 39.0, 46.0, 39.5, 47.0 ] },
																"south": { "texture": "#fallow-adult", "uv": [ 38.5, 46.0, 39.0, 47.0 ] },
																"west": { "texture": "#fallow-adult", "uv": [ 38.0, 46.0, 38.5, 47.0 ] },
																"up": { "texture": "#fallow-adult", "uv": [ 38.5, 45.5, 39.0, 46.0 ] }
															}
														}
													]
												}
											]
										}
									]
								},
								{
									"name": "RTine1A",
									"from": [ -0.5, 1.0, 0.05 ],
									"to": [ 0.0, 2.0, 0.55 ],
									"unwrapMode": 4,
									"uv": [ 38.0, 56.0 ],
									"rotationOrigin": [ 0.0, 1.0, 0.55 ],
									"rotationY": -5.0,
									"rotationZ": 100.0,
									"faces": {
										"north": { "texture": "#fallow-adult", "uv": [ 38.0, 56.5, 38.5, 57.5 ] },
										"east": { "texture": "#fallow-adult", "uv": [ 39.5, 56.5, 40.0, 57.5 ] },
										"south": { "texture": "#fallow-adult", "uv": [ 39.0, 56.5, 39.5, 57.5 ] },
										"west": { "texture": "#fallow-adult", "uv": [ 38.5, 56.5, 39.0, 57.5 ] },
										"up": { "texture": "#fallow-adult", "uv": [ 38.5, 56.0, 39.0, 56.5 ], "rotation": 90 }
									},
									"children": [
										{
											"name": "RBTine1B",
											"from": [ 0.05, 1.0, 0.1 ],
											"to": [ 0.45, 2.5, 0.5 ],
											"unwrapMode": 4,
											"uv": [ 38.0, 54.5 ],
											"rotationOrigin": [ 0.05, 1.0, 0.1 ],
											"rotationX": 15.0,
											"rotationZ": -40.0,
											"faces": {
												"north": { "texture": "#fallow-adult", "uv": [ 38.0, 55.0, 38.5, 56.5 ] },
												"east": { "texture": "#fallow-adult", "uv": [ 39.5, 55.0, 40.0, 56.5 ] },
												"south": { "texture": "#fallow-adult", "uv": [ 39.0, 55.0, 39.5, 56.5 ] },
												"west": { "texture": "#fallow-adult", "uv": [ 38.5, 55.0, 39.0, 56.5 ] },
												"up": { "texture": "#fallow-adult", "uv": [ 38.5, 54.5, 39.0, 55.0 ], "rotation": 90 }
											},
											"children": [
												{
													"name": "RTine1C",
													"from": [ 0.0, 1.5, 0.0 ],
													"to": [ 0.3, 3.0, 0.3 ],
													"unwrapMode": 4,
													"uv": [ 38.0, 52.5 ],
													"rotationOrigin": [ 0.0, 1.5, 0.0 ],
													"rotationX": 25.0,
													"rotationZ": -25.0,
													"faces": {
														"north": { "texture": "#fallow-adult", "uv": [ 38.0, 53.0, 38.5, 54.5 ] },
														"east": { "texture": "#fallow-adult", "uv": [ 39.5, 53.0, 40.0, 54.5 ] },
														"south": { "texture": "#fallow-adult", "uv": [ 39.0, 53.0, 39.5, 54.5 ] },
														"west": { "texture": "#fallow-adult", "uv": [ 38.5, 53.0, 39.0, 54.5 ] },
														"up": { "texture": "#fallow-adult", "uv": [ 38.5, 52.5, 39.0, 53.0 ], "rotation": 90 }
													}
												}
											]
										}
									]
								}
							]
						}
					]
				},
				{
					"name": "L antler base",
					"from": [ 0.1, -0.1, 2.5 ],
					"to": [ 0.9, 0.4, 3.3 ],
					"unwrapMode": 4,
					"autoUnwrap": false,
					"uv": [ 33.0, 62.5 ],
					"rotationOrigin": [ 0.1, -0.1, 2.5 ],
					"rotationY": 20.0,
					"rotationZ": 10.0,
					"faces": {
						"north": { "texture": "#fallow-adult", "uv": [ 33.0, 63.0, 33.5, 63.5 ] },
						"east": { "texture": "#fallow-adult", "uv": [ 34.5, 63.0, 35.0, 63.5 ] },
						"south": { "texture": "#fallow-adult", "uv": [ 34.0, 63.0, 34.5, 63.5 ] },
						"west": { "texture": "#fallow-adult", "uv": [ 33.5, 63.0, 34.0, 63.5 ] },
						"up": { "texture": "#fallow-adult", "uv": [ 34.0, 63.5, 34.5, 64.0 ], "rotation": 90, "windMode": [-1,-1,-1,-1], "windData": [0,0,0,0] },
						"down": { "texture": "#fallow-adult", "uv": [ 33.5, 63.5, 34.0, 64.0 ], "rotation": 90, "windMode": [-1,-1,-1,-1] }
					},
					"children": [
						{
							"name": "LBeam1",
							"from": [ 0.1, 0.5, 0.1 ],
							"to": [ 0.7, 2.0, 0.7 ],
							"unwrapMode": 4,
							"uv": [ 36.0, 61.0 ],
							"rotationOrigin": [ 0.1, 0.5, 0.1 ],
							"rotationX": 25.0,
							"faces": {
								"north": { "texture": "#fallow-adult", "uv": [ 36.0, 61.5, 36.5, 63.0 ] },
								"east": { "texture": "#fallow-adult", "uv": [ 37.5, 61.5, 38.0, 63.0 ] },
								"south": { "texture": "#fallow-adult", "uv": [ 37.0, 61.5, 37.5, 63.0 ] },
								"west": { "texture": "#fallow-adult", "uv": [ 36.5, 61.5, 37.0, 63.0 ] },
								"up": { "texture": "#fallow-adult", "uv": [ 36.5, 61.0, 37.0, 61.5 ], "rotation": 90 }
							},
							"children": [
								{
									"name": "LBeam2",
									"from": [ 0.05, 1.5, 0.0 ],
									"to": [ 0.55, 4.0, 0.5 ],
									"unwrapMode": 4,
									"uv": [ 36.0, 59.0 ],
									"rotationOrigin": [ 0.05, 1.5, 0.0 ],
									"rotationX": 30.0,
									"rotationZ": -10.0,
									"faces": {
										"north": { "texture": "#fallow-adult", "uv": [ 36.0, 59.5, 36.5, 62.0 ] },
										"east": { "texture": "#fallow-adult", "uv": [ 37.5, 59.5, 38.0, 62.0 ] },
										"south": { "texture": "#fallow-adult", "uv": [ 37.0, 59.5, 37.5, 62.0 ] },
										"west": { "texture": "#fallow-adult", "uv": [ 36.5, 59.5, 37.0, 62.0 ] },
										"up": { "texture": "#fallow-adult", "uv": [ 36.5, 59.0, 37.0, 59.5 ], "rotation": 90 }
									},
									"children": [
										{
											"name": "LBeam3",
											"from": [ 0.0, 2.5, 0.0 ],
											"to": [ 0.5, 5.0, 0.5 ],
											"unwrapMode": 4,
											"uv": [ 36.0, 57.5 ],
											"rotationOrigin": [ 0.5, 2.5, 0.5 ],
											"rotationX": -20.0,
											"rotationZ": 20.0,
											"faces": {
												"north": { "texture": "#fallow-adult", "uv": [ 36.0, 58.0, 36.5, 60.5 ] },
												"east": { "texture": "#fallow-adult", "uv": [ 37.5, 58.0, 38.0, 60.5 ] },
												"south": { "texture": "#fallow-adult", "uv": [ 37.0, 58.0, 37.5, 60.5 ] },
												"west": { "texture": "#fallow-adult", "uv": [ 36.5, 58.0, 37.0, 60.5 ] },
												"up": { "texture": "#fallow-adult", "uv": [ 36.5, 57.5, 37.0, 58.0 ], "rotation": 90 }
											},
											"children": [
												{
													"name": "LFlatA",
													"from": [ -1.0, 3.4, 0.05 ],
													"to": [ 1.5, 5.4, 0.45 ],
													"unwrapMode": 3,
													"uv": [ 32.5, 58.0 ],
													"rotationOrigin": [ 0.3, 2.3, 0.45 ],
													"rotationX": -30.0,
													"rotationZ": 10.0,
													"faces": {
														"north": { "texture": "#fallow-adult", "uv": [ 36.0, 58.5, 38.5, 60.5 ], "windMode": [-1,-1,-1,-1] },
														"east": { "texture": "#fallow-adult", "uv": [ 35.5, 58.5, 36.0, 60.5 ], "windMode": [-1,-1,-1,-1] },
														"south": { "texture": "#fallow-adult", "uv": [ 33.0, 58.5, 35.5, 60.5 ], "windMode": [-1,-1,-1,-1] },
														"west": { "texture": "#fallow-adult", "uv": [ 32.5, 58.5, 33.0, 60.5 ], "windMode": [-1,-1,-1,-1] },
														"up": { "texture": "#fallow-adult", "uv": [ 33.0, 58.0, 35.5, 58.5 ], "windMode": [-1,-1,-1,-1] }
													},
													"children": [
														{
															"name": "LFlatDiag",
															"from": [ 0.4, -0.85, 0.01 ],
															"to": [ 2.1, 0.85, 0.39 ],
															"unwrapMode": 3,
															"uv": [ 32.5, 60.5 ],
															"rotationOrigin": [ 1.25, 0.05, 0.4 ],
															"rotationZ": 45.0,
															"faces": {
																"north": { "texture": "#fallow-adult", "uv": [ 34.5, 61.0, 36.0, 62.5 ] },
																"south": { "texture": "#fallow-adult", "uv": [ 33.0, 61.0, 34.5, 62.5 ] },
																"west": { "texture": "#fallow-adult", "uv": [ 32.5, 61.0, 33.0, 62.5 ] },
																"up": { "texture": "#fallow-adult", "uv": [ 33.0, 60.5, 34.5, 61.0 ] }
															}
														},
														{
															"name": "LTineA1",
															"from": [ 2.2, 1.9, 0.0 ],
															"to": [ 2.5, 2.9, 0.3 ],
															"unwrapMode": 3,
															"uv": [ 32.5, 56.5 ],
															"rotationOrigin": [ 2.2, 1.9, 0.3 ],
															"rotationZ": -50.0,
															"faces": {
																"north": { "texture": "#fallow-adult", "uv": [ 34.0, 57.0, 34.5, 58.0 ] },
																"east": { "texture": "#fallow-adult", "uv": [ 33.5, 57.0, 34.0, 58.0 ] },
																"south": { "texture": "#fallow-adult", "uv": [ 33.0, 57.0, 33.5, 58.0 ] },
																"west": { "texture": "#fallow-adult", "uv": [ 32.5, 57.0, 33.0, 58.0 ] },
																"up": { "texture": "#fallow-adult", "uv": [ 33.0, 56.5, 33.5, 57.0 ] }
															}
														},
														{
															"name": "LFlatB",
															"from": [ 0.0, 2.0, 0.0 ],
															"to": [ 2.0, 3.5, 0.4 ],
															"unwrapMode": 3,
															"uv": [ 32.5, 51.0 ],
															"rotationOrigin": [ 2.5, 2.0, 0.4 ],
															"rotationX": -10.0,
															"rotationZ": 1.0,
															"faces": {
																"north": { "texture": "#fallow-adult", "uv": [ 35.5, 51.5, 37.5, 53.0 ] },
																"east": { "texture": "#fallow-adult", "uv": [ 35.0, 51.5, 35.5, 53.0 ] },
																"south": { "texture": "#fallow-adult", "uv": [ 33.0, 51.5, 35.0, 53.0 ] },
																"west": { "texture": "#fallow-adult", "uv": [ 32.5, 51.5, 33.0, 53.0 ] },
																"up": { "texture": "#fallow-adult", "uv": [ 33.0, 51.0, 35.0, 51.5 ] },
																"down": { "texture": "#fallow-adult", "uv": [ 33.0, 53.0, 35.0, 53.5 ], "rotation": 180 }
															},
															"children": [
																{
																	"name": "LFlatC",
																	"from": [ 0.0, 1.5, 0.0 ],
																	"to": [ 1.5, 2.5, 0.4 ],
																	"unwrapMode": 3,
																	"uv": [ 34.0, 43.5 ],
																	"rotationOrigin": [ 1.5, 1.5, 0.4 ],
																	"rotationX": -15.0,
																	"rotationZ": 1.0,
																	"faces": {
																		"north": { "texture": "#fallow-adult", "uv": [ 36.5, 44.0, 38.0, 45.0 ] },
																		"east": { "texture": "#fallow-adult", "uv": [ 36.0, 44.0, 36.5, 45.0 ] },
																		"south": { "texture": "#fallow-adult", "uv": [ 34.5, 44.0, 36.0, 45.0 ] },
																		"west": { "texture": "#fallow-adult", "uv": [ 34.0, 44.0, 34.5, 45.0 ] },
																		"up": { "texture": "#fallow-adult", "uv": [ 34.5, 43.5, 36.0, 44.0 ] }
																	},
																	"children": [
																		{
																			"name": "LTineC1",
																			"from": [ 0.0, 1.0, 0.05 ],
																			"to": [ 0.3, 2.0, 0.35 ],
																			"unwrapMode": 3,
																			"uv": [ 34.0, 42.0 ],
																			"rotationOrigin": [ 0.3, 1.0, 0.05 ],
																			"rotationZ": 20.0,
																			"faces": {
																				"north": { "texture": "#fallow-adult", "uv": [ 35.5, 42.5, 36.0, 43.5 ] },
																				"east": { "texture": "#fallow-adult", "uv": [ 35.0, 42.5, 35.5, 43.5 ] },
																				"south": { "texture": "#fallow-adult", "uv": [ 34.5, 42.5, 35.0, 43.5 ] },
																				"west": { "texture": "#fallow-adult", "uv": [ 34.0, 42.5, 34.5, 43.5 ] },
																				"up": { "texture": "#fallow-adult", "uv": [ 34.5, 42.0, 35.0, 42.5 ] }
																			}
																		},
																		{
																			"name": "LTineC2",
																			"from": [ 0.7, 1.0, 0.05 ],
																			"to": [ 1.0, 1.8, 0.35 ],
																			"unwrapMode": 3,
																			"uv": [ 34.0, 41.0 ],
																			"rotationOrigin": [ 1.0, 1.0, 0.05 ],
																			"faces": {
																				"north": { "texture": "#fallow-adult", "uv": [ 35.5, 41.5, 36.0, 42.0 ] },
																				"east": { "texture": "#fallow-adult", "uv": [ 35.0, 41.5, 35.5, 42.0 ] },
																				"south": { "texture": "#fallow-adult", "uv": [ 34.5, 41.5, 35.0, 42.0 ] },
																				"west": { "texture": "#fallow-adult", "uv": [ 34.0, 41.5, 34.5, 42.0 ] },
																				"up": { "texture": "#fallow-adult", "uv": [ 34.5, 41.0, 35.0, 41.5 ] }
																			}
																		},
																		{
																			"name": "LTineC3",
																			"from": [ 1.2, 0.9, 0.05 ],
																			"to": [ 1.5, 1.9, 0.35 ],
																			"unwrapMode": 3,
																			"uv": [ 34.0, 39.5 ],
																			"rotationOrigin": [ 1.2, 0.9, 0.05 ],
																			"rotationZ": -30.0,
																			"faces": {
																				"north": { "texture": "#fallow-adult", "uv": [ 35.5, 40.0, 36.0, 41.0 ] },
																				"east": { "texture": "#fallow-adult", "uv": [ 35.0, 40.0, 35.5, 41.0 ] },
																				"south": { "texture": "#fallow-adult", "uv": [ 34.5, 40.0, 35.0, 41.0 ] },
																				"west": { "texture": "#fallow-adult", "uv": [ 34.0, 40.0, 34.5, 41.0 ] },
																				"up": { "texture": "#fallow-adult", "uv": [ 34.5, 39.5, 35.0, 40.0 ] }
																			}
																		}
																	]
																},
																{
																	"name": "LTineB1",
																	"from": [ 1.7, 1.4, 0.0 ],
																	"to": [ 2.0, 2.2, 0.3 ],
																	"unwrapMode": 3,
																	"uv": [ 32.5, 50.0 ],
																	"rotationOrigin": [ 1.7, 1.4, 0.3 ],
																	"rotationZ": -45.0,
																	"faces": {
																		"north": { "texture": "#fallow-adult", "uv": [ 34.0, 50.5, 34.5, 51.0 ] },
																		"east": { "texture": "#fallow-adult", "uv": [ 33.5, 50.5, 34.0, 51.0 ] },
																		"south": { "texture": "#fallow-adult", "uv": [ 33.0, 50.5, 33.5, 51.0 ] },
																		"west": { "texture": "#fallow-adult", "uv": [ 32.5, 50.5, 33.0, 51.0 ] },
																		"up": { "texture": "#fallow-adult", "uv": [ 33.0, 50.0, 33.5, 50.5 ] }
																	}
																},
																{
																	"name": "LTineB2",
																	"from": [ 1.8, 0.6, 0.0 ],
																	"to": [ 2.1, 1.6, 0.3 ],
																	"unwrapMode": 3,
																	"uv": [ 32.5, 48.5 ],
																	"rotationOrigin": [ 1.8, 0.6, 0.3 ],
																	"rotationZ": -50.0,
																	"faces": {
																		"north": { "texture": "#fallow-adult", "uv": [ 34.0, 49.0, 34.5, 50.0 ] },
																		"east": { "texture": "#fallow-adult", "uv": [ 33.5, 49.0, 34.0, 50.0 ] },
																		"south": { "texture": "#fallow-adult", "uv": [ 33.0, 49.0, 33.5, 50.0 ] },
																		"west": { "texture": "#fallow-adult", "uv": [ 32.5, 49.0, 33.0, 50.0 ] },
																		"up": { "texture": "#fallow-adult", "uv": [ 33.0, 48.5, 33.5, 49.0 ] }
																	}
																}
															]
														},
														{
															"name": "LTineA2",
															"from": [ 2.3, 1.0, 0.0 ],
															"to": [ 2.6, 2.0, 0.3 ],
															"unwrapMode": 3,
															"uv": [ 32.5, 55.5 ],
															"rotationOrigin": [ 2.3, 1.0, 0.3 ],
															"rotationZ": -55.0,
															"faces": {
																"north": { "texture": "#fallow-adult", "uv": [ 34.0, 56.0, 34.5, 57.0 ] },
																"east": { "texture": "#fallow-adult", "uv": [ 33.5, 56.0, 34.0, 57.0 ] },
																"south": { "texture": "#fallow-adult", "uv": [ 33.0, 56.0, 33.5, 57.0 ] },
																"west": { "texture": "#fallow-adult", "uv": [ 32.5, 56.0, 33.0, 57.0 ] },
																"up": { "texture": "#fallow-adult", "uv": [ 33.0, 55.5, 33.5, 56.0 ] }
															}
														},
														{
															"name": "LTineA3",
															"from": [ 2.3, 0.3, 0.0 ],
															"to": [ 2.6, 1.3, 0.3 ],
															"unwrapMode": 3,
															"uv": [ 32.5, 54.0 ],
															"rotationOrigin": [ 2.3, 0.3, 0.3 ],
															"rotationZ": -65.0,
															"faces": {
																"north": { "texture": "#fallow-adult", "uv": [ 34.0, 54.5, 34.5, 55.5 ] },
																"east": { "texture": "#fallow-adult", "uv": [ 33.5, 54.5, 34.0, 55.5 ] },
																"south": { "texture": "#fallow-adult", "uv": [ 33.0, 54.5, 33.5, 55.5 ] },
																"west": { "texture": "#fallow-adult", "uv": [ 32.5, 54.5, 33.0, 55.5 ] },
																"up": { "texture": "#fallow-adult", "uv": [ 33.0, 54.0, 33.5, 54.5 ] }
															}
														}
													]
												},
												{
													"name": "LBeam3Taper",
													"from": [ 0.0, 2.5, 0.2 ],
													"to": [ 0.5, 4.5, 0.5 ],
													"unwrapMode": 3,
													"uv": [ 36.0, 50.5 ],
													"rotationOrigin": [ 0.5, 2.5, 0.5 ],
													"rotationX": -34.0,
													"rotationZ": 1.0,
													"faces": {
														"east": { "texture": "#fallow-adult", "uv": [ 37.0, 51.0, 37.5, 53.0 ] },
														"south": { "texture": "#fallow-adult", "uv": [ 36.5, 51.0, 37.0, 53.0 ] },
														"west": { "texture": "#fallow-adult", "uv": [ 36.0, 51.0, 36.5, 53.0 ] },
														"up": { "texture": "#fallow-adult", "uv": [ 36.5, 50.5, 37.0, 51.0 ] }
													}
												},
												{
													"name": "LTine2A",
													"from": [ 0.0, 0.7, 0.05 ],
													"to": [ 0.4, 1.7, 0.45 ],
													"unwrapMode": 3,
													"uv": [ 36.0, 49.5 ],
													"rotationOrigin": [ 0.0, 0.7, 0.05 ],
													"rotationZ": 80.0,
													"faces": {
														"north": { "texture": "#fallow-adult", "uv": [ 37.5, 50.0, 38.0, 51.0 ] },
														"east": { "texture": "#fallow-adult", "uv": [ 37.0, 50.0, 37.5, 51.0 ] },
														"south": { "texture": "#fallow-adult", "uv": [ 36.5, 50.0, 37.0, 51.0 ] },
														"west": { "texture": "#fallow-adult", "uv": [ 36.0, 50.0, 36.5, 51.0 ] },
														"up": { "texture": "#fallow-adult", "uv": [ 36.5, 49.5, 37.0, 50.0 ] }
													},
													"children": [
														{
															"name": "LTine2B",
															"from": [ 0.05, 1.0, 0.05 ],
															"to": [ 0.35, 2.0, 0.35 ],
															"unwrapMode": 3,
															"uv": [ 36.0, 48.0 ],
															"rotationOrigin": [ 0.05, 1.0, 0.35 ],
															"rotationX": -15.0,
															"rotationZ": -35.0,
															"faces": {
																"north": { "texture": "#fallow-adult", "uv": [ 37.5, 48.5, 38.0, 49.5 ] },
																"east": { "texture": "#fallow-adult", "uv": [ 37.0, 48.5, 37.5, 49.5 ] },
																"south": { "texture": "#fallow-adult", "uv": [ 36.5, 48.5, 37.0, 49.5 ] },
																"west": { "texture": "#fallow-adult", "uv": [ 36.0, 48.5, 36.5, 49.5 ] },
																"up": { "texture": "#fallow-adult", "uv": [ 36.5, 48.0, 37.0, 48.5 ] }
															}
														}
													]
												},
												{
													"name": "LTine3A",
													"from": [ 0.1, 1.6, 0.05 ],
													"to": [ 0.5, 2.6, 0.45 ],
													"unwrapMode": 3,
													"uv": [ 36.0, 47.0 ],
													"rotationOrigin": [ 0.5, 1.6, 0.45 ],
													"rotationZ": -75.0,
													"faces": {
														"north": { "texture": "#fallow-adult", "uv": [ 37.5, 47.5, 38.0, 48.5 ] },
														"east": { "texture": "#fallow-adult", "uv": [ 37.0, 47.5, 37.5, 48.5 ] },
														"south": { "texture": "#fallow-adult", "uv": [ 36.5, 47.5, 37.0, 48.5 ] },
														"west": { "texture": "#fallow-adult", "uv": [ 36.0, 47.5, 36.5, 48.5 ] },
														"up": { "texture": "#fallow-adult", "uv": [ 36.5, 47.0, 37.0, 47.5 ] }
													},
													"children": [
														{
															"name": "LTine3B",
															"from": [ 0.05, 1.0, 0.05 ],
															"to": [ 0.35, 2.0, 0.35 ],
															"unwrapMode": 3,
															"uv": [ 36.0, 45.5 ],
															"rotationOrigin": [ 0.35, 1.0, 0.35 ],
															"rotationX": -15.0,
															"rotationZ": 35.0,
															"faces": {
																"north": { "texture": "#fallow-adult", "uv": [ 37.5, 46.0, 38.0, 47.0 ] },
																"east": { "texture": "#fallow-adult", "uv": [ 37.0, 46.0, 37.5, 47.0 ] },
																"south": { "texture": "#fallow-adult", "uv": [ 36.5, 46.0, 37.0, 47.0 ] },
																"west": { "texture": "#fallow-adult", "uv": [ 36.0, 46.0, 36.5, 47.0 ] },
																"up": { "texture": "#fallow-adult", "uv": [ 36.5, 45.5, 37.0, 46.0 ] }
															}
														}
													]
												}
											]
										}
									]
								},
								{
									"name": "LTine1A",
									"from": [ -0.5, 1.0, 0.05 ],
									"to": [ 0.0, 2.0, 0.55 ],
									"unwrapMode": 4,
									"uv": [ 36.0, 56.0 ],
									"rotationOrigin": [ 0.0, 1.0, 0.05 ],
									"rotationY": 5.0,
									"rotationZ": 100.0,
									"faces": {
										"north": { "texture": "#fallow-adult", "uv": [ 36.0, 56.5, 36.5, 57.5 ] },
										"east": { "texture": "#fallow-adult", "uv": [ 37.5, 56.5, 38.0, 57.5 ] },
										"south": { "texture": "#fallow-adult", "uv": [ 37.0, 56.5, 37.5, 57.5 ] },
										"west": { "texture": "#fallow-adult", "uv": [ 36.5, 56.5, 37.0, 57.5 ] },
										"up": { "texture": "#fallow-adult", "uv": [ 36.5, 56.0, 37.0, 56.5 ], "rotation": 90 }
									},
									"children": [
										{
											"name": "LTine1B",
											"from": [ 0.05, 1.0, 0.0 ],
											"to": [ 0.45, 2.5, 0.4 ],
											"unwrapMode": 4,
											"uv": [ 36.0, 54.5 ],
											"rotationOrigin": [ 0.05, 1.0, 0.4 ],
											"rotationX": -15.0,
											"rotationZ": -40.0,
											"faces": {
												"north": { "texture": "#fallow-adult", "uv": [ 36.0, 55.0, 36.5, 56.5 ] },
												"east": { "texture": "#fallow-adult", "uv": [ 37.5, 55.0, 38.0, 56.5 ] },
												"south": { "texture": "#fallow-adult", "uv": [ 37.0, 55.0, 37.5, 56.5 ] },
												"west": { "texture": "#fallow-adult", "uv": [ 36.5, 55.0, 37.0, 56.5 ] },
												"up": { "texture": "#fallow-adult", "uv": [ 36.5, 54.5, 37.0, 55.0 ], "rotation": 90 }
											},
											"children": [
												{
													"name": "LTine1C",
													"from": [ 0.0, 1.5, 0.05 ],
													"to": [ 0.3, 3.0, 0.35 ],
													"unwrapMode": 4,
													"uv": [ 36.0, 52.5 ],
													"rotationOrigin": [ 0.0, 1.5, 0.35 ],
													"rotationX": -25.0,
													"rotationZ": -25.0,
													"faces": {
														"north": { "texture": "#fallow-adult", "uv": [ 36.0, 53.0, 36.5, 54.5 ] },
														"east": { "texture": "#fallow-adult", "uv": [ 37.5, 53.0, 38.0, 54.5 ] },
														"south": { "texture": "#fallow-adult", "uv": [ 37.0, 53.0, 37.5, 54.5 ] },
														"west": { "texture": "#fallow-adult", "uv": [ 36.5, 53.0, 37.0, 54.5 ] },
														"up": { "texture": "#fallow-adult", "uv": [ 36.5, 52.5, 37.0, 53.0 ], "rotation": 90 }
													}
												}
											]
										}
									]
								}
							]
						}
					]
				}
			]
		}
	]}