{
	"editor": {
		"backDropShape": "seraph-hairless",
		"collapsedPaths": "Root/Horn attachment/R antler base,Root/Horn attachment/L antler base",
		"allAngles": true,
		"entityTextureMode": true
	},
	"textureWidth": 52,
	"textureHeight": 64,
	"textureSizes": {
		"skin": [64,32],
		"taruca-adult": [52,64],
		"guemal-adult": [52,64]
	},
	"textures": {
		"guemal-adult": "game:entity/hooved/deer/guemal-adult"
	},
	"elements": [
		{
			"name": "Horn attachment",
			"stepParentName": "Head",
			"from": [ -0.3, 4.9, 1.25 ],
			"to": [ -0.3, 4.9, 1.25 ],
			"uv": [ 0.0, 0.0 ],
			"rotationOrigin": [ -0.3, 4.9, 1.25 ],
			"rotationZ": -30.0,
			"faces": {
			},
			"children": [
				{
					"name": "R antler base",
					"from": [ 0.1, -0.1, -1.0 ],
					"to": [ 0.7, 1.2, -0.4 ],
					"unwrapMode": 4,
					"uv": [ 38.5, 62.0 ],
					"rotationOrigin": [ 0.1, 0.7, -0.4 ],
					"rotationY": -25.0,
					"rotationZ": 25.0,
					"faces": {
						"north": { "texture": "#guemal-adult", "uv": [ 38.5, 62.5, 39.0, 63.5 ] },
						"east": { "texture": "#guemal-adult", "uv": [ 40.0, 62.5, 40.5, 63.5 ] },
						"south": { "texture": "#guemal-adult", "uv": [ 39.5, 62.5, 40.0, 63.5 ] },
						"west": { "texture": "#guemal-adult", "uv": [ 39.0, 62.5, 39.5, 63.5 ] },
						"up": { "texture": "#guemal-adult", "uv": [ 39.0, 62.0, 39.5, 62.5 ], "rotation": 90 },
						"down": { "texture": "#guemal-adult", "uv": [ 39.0, 63.5, 39.5, 64.0 ], "rotation": 90, "windMode": [-1,-1,-1,-1] }
					},
					"children": [
						{
							"name": "R antler branch 1",
							"from": [ 0.1, 1.4, 0.0 ],
							"to": [ 0.6, 2.9, 0.5 ],
							"unwrapMode": 4,
							"uv": [ 38.5, 59.5 ],
							"rotationOrigin": [ 0.1, 1.4, 0.6 ],
							"rotationZ": -15.0,
							"faces": {
								"north": { "texture": "#guemal-adult", "uv": [ 38.5, 60.0, 39.0, 61.5 ] },
								"east": { "texture": "#guemal-adult", "uv": [ 40.0, 60.0, 40.5, 61.5 ] },
								"south": { "texture": "#guemal-adult", "uv": [ 39.5, 60.0, 40.0, 61.5 ] },
								"west": { "texture": "#guemal-adult", "uv": [ 39.0, 60.0, 39.5, 61.5 ] },
								"up": { "texture": "#guemal-adult", "uv": [ 39.0, 59.5, 39.5, 60.0 ], "rotation": 90 }
							},
							"children": [
								{
									"name": "R antler point 1",
									"from": [ 0.05, 1.5, 0.05 ],
									"to": [ 0.45, 4.8, 0.45 ],
									"unwrapMode": 4,
									"uv": [ 38.5, 54.5 ],
									"rotationOrigin": [ 0.45, 1.5, 0.45 ],
									"rotationZ": 5.0,
									"faces": {
										"north": { "texture": "#guemal-adult", "uv": [ 38.5, 55.0, 39.0, 58.0 ] },
										"east": { "texture": "#guemal-adult", "uv": [ 40.0, 55.0, 40.5, 58.0 ] },
										"south": { "texture": "#guemal-adult", "uv": [ 39.5, 55.0, 40.0, 58.0 ] },
										"west": { "texture": "#guemal-adult", "uv": [ 39.0, 55.0, 39.5, 58.0 ] },
										"up": { "texture": "#guemal-adult", "uv": [ 39.0, 54.5, 39.5, 55.0 ], "rotation": 90 }
									}
								}
							]
						},
						{
							"name": "R antler branch 2",
							"from": [ 0.0, 0.9, 0.0 ],
							"to": [ 0.5, 2.4, 0.5 ],
							"unwrapMode": 4,
							"uv": [ 38.5, 51.0 ],
							"rotationOrigin": [ 0.0, 0.9, 0.0 ],
							"rotationY": -1.0,
							"rotationZ": 45.0,
							"faces": {
								"north": { "texture": "#guemal-adult", "uv": [ 38.5, 51.5, 39.0, 53.0 ] },
								"east": { "texture": "#guemal-adult", "uv": [ 40.0, 51.5, 40.5, 53.0 ] },
								"south": { "texture": "#guemal-adult", "uv": [ 39.5, 51.5, 40.0, 53.0 ] },
								"west": { "texture": "#guemal-adult", "uv": [ 39.0, 51.5, 39.5, 53.0 ] },
								"up": { "texture": "#guemal-adult", "uv": [ 39.0, 51.0, 39.5, 51.5 ], "rotation": 90 }
							},
							"children": [
								{
									"name": "R antler point 2",
									"from": [ 0.05, 1.5, 0.05 ],
									"to": [ 0.45, 2.5, 0.45 ],
									"unwrapMode": 4,
									"uv": [ 36.5, 48.0 ],
									"rotationOrigin": [ 0.05, 1.5, 0.05 ],
									"rotationZ": -25.0,
									"faces": {
										"north": { "texture": "#guemal-adult", "uv": [ 36.5, 48.5, 37.0, 49.5 ] },
										"east": { "texture": "#guemal-adult", "uv": [ 38.0, 48.5, 38.5, 49.5 ] },
										"south": { "texture": "#guemal-adult", "uv": [ 37.5, 48.5, 38.0, 49.5 ] },
										"west": { "texture": "#guemal-adult", "uv": [ 37.0, 48.5, 37.5, 49.5 ] },
										"up": { "texture": "#guemal-adult", "uv": [ 37.0, 48.0, 37.5, 48.5 ], "rotation": 90 }
									},
									"children": [
										{
											"name": "R antler point 3",
											"from": [ 0.0, 1.0, 0.0 ],
											"to": [ 0.4, 2.5, 0.4 ],
											"unwrapMode": 4,
											"uv": [ 36.5, 45.0 ],
											"rotationOrigin": [ 0.0, 1.0, 0.0 ],
											"rotationX": 20.0,
											"rotationZ": -5.0,
											"faces": {
												"north": { "texture": "#guemal-adult", "uv": [ 36.5, 45.5, 37.0, 47.0 ] },
												"east": { "texture": "#guemal-adult", "uv": [ 38.0, 45.5, 38.5, 47.0 ] },
												"south": { "texture": "#guemal-adult", "uv": [ 37.5, 45.5, 38.0, 47.0 ] },
												"west": { "texture": "#guemal-adult", "uv": [ 37.0, 45.5, 37.5, 47.0 ] },
												"up": { "texture": "#guemal-adult", "uv": [ 37.0, 45.0, 37.5, 45.5 ], "rotation": 90 }
											}
										}
									]
								}
							]
						}
					]
				},
				{
					"name": "L antler base",
					"from": [ 0.1, -0.1, 2.9 ],
					"to": [ 0.7, 1.2, 3.5 ],
					"unwrapMode": 4,
					"uv": [ 36.5, 62.0 ],
					"rotationOrigin": [ 0.1, 0.7, 2.9 ],
					"rotationY": 25.0,
					"rotationZ": 25.0,
					"faces": {
						"north": { "texture": "#guemal-adult", "uv": [ 36.5, 62.5, 37.0, 63.5 ] },
						"east": { "texture": "#guemal-adult", "uv": [ 38.0, 62.5, 38.5, 63.5 ] },
						"south": { "texture": "#guemal-adult", "uv": [ 37.5, 62.5, 38.0, 63.5 ] },
						"west": { "texture": "#guemal-adult", "uv": [ 37.0, 62.5, 37.5, 63.5 ] },
						"up": { "texture": "#guemal-adult", "uv": [ 37.0, 62.0, 37.5, 62.5 ], "rotation": 90, "windMode": [-1,-1,-1,-1], "windData": [1,1,1,1] },
						"down": { "texture": "#guemal-adult", "uv": [ 37.0, 63.5, 37.5, 64.0 ], "rotation": 90, "windMode": [-1,-1,-1,-1] }
					},
					"children": [
						{
							"name": "L antler branch 1",
							"from": [ 0.1, 1.4, 0.0 ],
							"to": [ 0.6, 2.9, 0.5 ],
							"unwrapMode": 4,
							"uv": [ 36.5, 59.5 ],
							"rotationOrigin": [ 0.1, 1.4, 0.1 ],
							"rotationZ": -15.0,
							"faces": {
								"north": { "texture": "#guemal-adult", "uv": [ 36.5, 60.0, 37.0, 61.5 ] },
								"east": { "texture": "#guemal-adult", "uv": [ 38.0, 60.0, 38.5, 61.5 ] },
								"south": { "texture": "#guemal-adult", "uv": [ 37.5, 60.0, 38.0, 61.5 ] },
								"west": { "texture": "#guemal-adult", "uv": [ 37.0, 60.0, 37.5, 61.5 ] },
								"up": { "texture": "#guemal-adult", "uv": [ 37.0, 59.5, 37.5, 60.0 ], "rotation": 90 }
							},
							"children": [
								{
									"name": "L antler point 1",
									"from": [ 0.05, 1.4, 0.05 ],
									"to": [ 0.45, 4.7, 0.45 ],
									"unwrapMode": 4,
									"uv": [ 36.5, 54.5 ],
									"rotationOrigin": [ 0.05, 1.4, 0.05 ],
									"rotationZ": 5.0,
									"faces": {
										"north": { "texture": "#guemal-adult", "uv": [ 36.5, 55.0, 37.0, 58.0 ] },
										"east": { "texture": "#guemal-adult", "uv": [ 38.0, 55.0, 38.5, 58.0 ] },
										"south": { "texture": "#guemal-adult", "uv": [ 37.5, 55.0, 38.0, 58.0 ] },
										"west": { "texture": "#guemal-adult", "uv": [ 37.0, 55.0, 37.5, 58.0 ] },
										"up": { "texture": "#guemal-adult", "uv": [ 37.0, 54.5, 37.5, 55.0 ], "rotation": 90 }
									}
								}
							]
						},
						{
							"name": "L antlerbranch 2",
							"from": [ 0.0, 0.9, 0.0 ],
							"to": [ 0.5, 2.4, 0.5 ],
							"unwrapMode": 4,
							"uv": [ 36.5, 51.5 ],
							"rotationOrigin": [ 0.0, 0.9, 0.8 ],
							"rotationY": 1.0,
							"rotationZ": 45.0,
							"faces": {
								"north": { "texture": "#guemal-adult", "uv": [ 36.5, 52.0, 37.0, 53.5 ] },
								"east": { "texture": "#guemal-adult", "uv": [ 38.0, 52.0, 38.5, 53.5 ] },
								"south": { "texture": "#guemal-adult", "uv": [ 37.5, 52.0, 38.0, 53.5 ] },
								"west": { "texture": "#guemal-adult", "uv": [ 37.0, 52.0, 37.5, 53.5 ] },
								"up": { "texture": "#guemal-adult", "uv": [ 37.0, 51.5, 37.5, 52.0 ], "rotation": 90 }
							},
							"children": [
								{
									"name": "L antler point 2",
									"from": [ 0.05, 1.5, 0.05 ],
									"to": [ 0.45, 2.5, 0.45 ],
									"unwrapMode": 4,
									"uv": [ 38.5, 45.0 ],
									"rotationOrigin": [ 0.05, 1.5, 0.45 ],
									"rotationZ": -25.0,
									"faces": {
										"north": { "texture": "#guemal-adult", "uv": [ 38.5, 45.5, 39.0, 46.5 ] },
										"east": { "texture": "#guemal-adult", "uv": [ 40.0, 45.5, 40.5, 46.5 ] },
										"south": { "texture": "#guemal-adult", "uv": [ 39.5, 45.5, 40.0, 46.5 ] },
										"west": { "texture": "#guemal-adult", "uv": [ 39.0, 45.5, 39.5, 46.5 ] },
										"up": { "texture": "#guemal-adult", "uv": [ 39.0, 45.0, 39.5, 45.5 ], "rotation": 90 }
									},
									"children": [
										{
											"name": "L antler point 3",
											"from": [ 0.0, 1.0, 0.0 ],
											"to": [ 0.4, 2.5, 0.4 ],
											"unwrapMode": 4,
											"uv": [ 38.5, 47.5 ],
											"rotationOrigin": [ 0.0, 1.0, 0.4 ],
											"rotationX": -20.0,
											"rotationZ": -5.0,
											"faces": {
												"north": { "texture": "#guemal-adult", "uv": [ 38.5, 48.0, 39.0, 49.5 ] },
												"east": { "texture": "#guemal-adult", "uv": [ 40.0, 48.0, 40.5, 49.5 ] },
												"south": { "texture": "#guemal-adult", "uv": [ 39.5, 48.0, 40.0, 49.5 ] },
												"west": { "texture": "#guemal-adult", "uv": [ 39.0, 48.0, 39.5, 49.5 ] },
												"up": { "texture": "#guemal-adult", "uv": [ 39.0, 47.5, 39.5, 48.0 ], "rotation": 90 }
											}
										}
									]
								}
							]
						}
					]
				}
			]
		}
	]}