{
	"editor": {
		"backDropShape": "seraph-hairless",
		"collapsedPaths": "Root/Horn attachment/R antler base,Root/Body/Left Shoulder,Root/Body/Right Shoulder,Root/Horn attachment/L antler base",
		"allAngles": true,
		"entityTextureMode": true
	},
	"textureWidth": 64,
	"textureHeight": 84,
	"textureSizes": {
		"whitetail-antlers": [64,84],
		"marsh-adult": [64,84]
	},
	"textures": {
		"marsh-adult": "game:entity/hooved/deer/marsh-adult"
	},
	"elements": [
		{
			"name": "Horn attachment",
			"stepParentName": "Head",
			"from": [ -0.68, 3.9, 1.3 ],
			"to": [ 0.32, 4.9, 2.3 ],
			"uv": [ 999.0, 999.0 ],
			"rotationOrigin": [ -0.7, 3.9, 1.3 ],
			"rotationZ": -17.0,
			"faces": {
			},
			"children": [
				{
					"name": "R antler base",
					"from": [ 0.5, 1.2, -0.7 ],
					"to": [ 1.5, 2.2, 0.3 ],
					"unwrapMode": 4,
					"uv": [ 35.0, 30.5 ],
					"rotationOrigin": [ 0.5, 1.2, 0.3 ],
					"rotationX": -30.0,
					"faces": {
						"north": { "texture": "#marsh-adult", "uv": [ 35.0, 31.5, 36.0, 32.5 ], "windMode": [-1,-1,-1,-1], "windData": [1,1,1,1] },
						"east": { "texture": "#marsh-adult", "uv": [ 38.0, 31.5, 39.0, 32.5 ], "windMode": [-1,-1,-1,-1], "windData": [1,1,1,1] },
						"south": { "texture": "#marsh-adult", "uv": [ 37.0, 31.5, 38.0, 32.5 ], "windMode": [-1,-1,-1,-1], "windData": [1,1,1,1] },
						"west": { "texture": "#marsh-adult", "uv": [ 36.0, 31.5, 37.0, 32.5 ], "windMode": [-1,-1,-1,-1], "windData": [1,1,1,1] },
						"up": { "texture": "#marsh-adult", "uv": [ 36.0, 30.5, 37.0, 31.5 ], "rotation": 90, "windMode": [-1,-1,-1,-1], "windData": [1,1,1,1] },
						"down": { "texture": "#marsh-adult", "uv": [ 36.0, 32.5, 37.0, 33.5 ], "rotation": 90, "windMode": [-1,-1,-1,-1], "windData": [1,1,1,1] }
					},
					"children": [
						{
							"name": "RAntlerBase2",
							"from": [ 0.1, 0.9, 0.1 ],
							"to": [ 0.9, 2.9, 0.9 ],
							"unwrapMode": 4,
							"uv": [ 40.0, 30.0 ],
							"rotationOrigin": [ 0.1, 0.9, 0.8 ],
							"rotationX": -7.0,
							"faces": {
								"north": { "texture": "#marsh-adult", "uv": [ 40.0, 30.5, 40.5, 32.5 ] },
								"east": { "texture": "#marsh-adult", "uv": [ 41.5, 30.5, 42.0, 32.5 ] },
								"south": { "texture": "#marsh-adult", "uv": [ 41.0, 30.5, 41.5, 32.5 ] },
								"west": { "texture": "#marsh-adult", "uv": [ 40.5, 30.5, 41.0, 32.5 ] },
								"up": { "texture": "#marsh-adult", "uv": [ 40.5, 30.0, 41.0, 30.5 ], "rotation": 90 }
							},
							"children": [
								{
									"name": "RAntlerBeam1",
									"from": [ 0.1, 2.0, 0.05 ],
									"to": [ 0.8, 4.5, 0.75 ],
									"unwrapMode": 2,
									"uv": [ 40.0, 28.5 ],
									"rotationOrigin": [ 0.1, 2.0, 0.05 ],
									"rotationX": 10.0,
									"rotationY": -1.0,
									"rotationZ": -45.0,
									"faces": {
										"north": { "texture": "#marsh-adult", "uv": [ 41.0, 29.0, 41.5, 31.5 ] },
										"east": { "texture": "#marsh-adult", "uv": [ 40.5, 29.0, 41.0, 31.5 ] },
										"south": { "texture": "#marsh-adult", "uv": [ 40.0, 29.0, 40.5, 31.5 ] },
										"west": { "texture": "#marsh-adult", "uv": [ 41.5, 29.0, 42.0, 31.5 ] },
										"up": { "texture": "#marsh-adult", "uv": [ 40.5, 28.5, 41.0, 29.0 ], "rotation": 270 }
									},
									"children": [
										{
											"name": "RAntlerBeam2",
											"from": [ 0.1, 2.5, 0.05 ],
											"to": [ 0.7, 5.0, 0.65 ],
											"unwrapMode": 3,
											"uv": [ 40.0, 25.0 ],
											"rotationOrigin": [ 0.6, 2.5, 0.05 ],
											"rotationX": 10.0,
											"rotationZ": 20.0,
											"faces": {
												"north": { "texture": "#marsh-adult", "uv": [ 41.5, 25.5, 42.0, 28.0 ] },
												"east": { "texture": "#marsh-adult", "uv": [ 41.0, 25.5, 41.5, 28.0 ] },
												"south": { "texture": "#marsh-adult", "uv": [ 40.5, 25.5, 41.0, 28.0 ] },
												"west": { "texture": "#marsh-adult", "uv": [ 40.0, 25.5, 40.5, 28.0 ] },
												"up": { "texture": "#marsh-adult", "uv": [ 40.5, 25.0, 41.0, 25.5 ] }
											},
											"children": [
												{
													"name": "RAntlerBeam3",
													"from": [ 0.0, 2.5, 0.05 ],
													"to": [ 0.5, 5.0, 0.55 ],
													"unwrapMode": 3,
													"uv": [ 40.0, 21.5 ],
													"rotationOrigin": [ 0.4, 2.5, 0.05 ],
													"rotationX": 10.0,
													"rotationZ": 25.0,
													"faces": {
														"north": { "texture": "#marsh-adult", "uv": [ 41.5, 22.0, 42.0, 24.5 ] },
														"east": { "texture": "#marsh-adult", "uv": [ 41.0, 22.0, 41.5, 24.5 ] },
														"south": { "texture": "#marsh-adult", "uv": [ 40.5, 22.0, 41.0, 24.5 ] },
														"west": { "texture": "#marsh-adult", "uv": [ 40.0, 22.0, 40.5, 24.5 ] },
														"up": { "texture": "#marsh-adult", "uv": [ 40.5, 21.5, 41.0, 22.0 ] }
													},
													"children": [
														{
															"name": "RAntlerTine3",
															"from": [ 0.1, 0.0, 0.05 ],
															"to": [ 0.5, 1.5, 0.45 ],
															"unwrapMode": 3,
															"uv": [ 40.0, 19.0 ],
															"rotationOrigin": [ 0.1, 0.0, 0.05 ],
															"rotationX": 5.0,
															"rotationZ": -55.0,
															"faces": {
																"north": { "texture": "#marsh-adult", "uv": [ 41.5, 19.5, 42.0, 21.0 ] },
																"east": { "texture": "#marsh-adult", "uv": [ 41.0, 19.5, 41.5, 21.0 ] },
																"south": { "texture": "#marsh-adult", "uv": [ 40.5, 19.5, 41.0, 21.0 ] },
																"west": { "texture": "#marsh-adult", "uv": [ 40.0, 19.5, 40.5, 21.0 ] },
																"up": { "texture": "#marsh-adult", "uv": [ 40.5, 19.0, 41.0, 19.5 ] }
															},
															"children": [
																{
																	"name": "RAntlerTine3B",
																	"from": [ 0.05, 1.5, 0.05 ],
																	"to": [ 0.35, 3.0, 0.35 ],
																	"unwrapMode": 3,
																	"uv": [ 40.0, 19.0 ],
																	"rotationOrigin": [ 0.35, 1.5, 0.05 ],
																	"rotationZ": 35.0,
																	"faces": {
																		"north": { "texture": "#marsh-adult", "uv": [ 41.5, 19.5, 42.0, 21.0 ] },
																		"east": { "texture": "#marsh-adult", "uv": [ 41.0, 19.5, 41.5, 21.0 ] },
																		"south": { "texture": "#marsh-adult", "uv": [ 40.5, 19.5, 41.0, 21.0 ] },
																		"west": { "texture": "#marsh-adult", "uv": [ 40.0, 19.5, 40.5, 21.0 ] },
																		"up": { "texture": "#marsh-adult", "uv": [ 40.5, 19.0, 41.0, 19.5 ] }
																	}
																}
															]
														},
														{
															"name": "RAntlerBeam4",
															"from": [ 0.05, 2.5, 0.05 ],
															"to": [ 0.45, 4.0, 0.45 ],
															"unwrapMode": 3,
															"uv": [ 40.0, 21.5 ],
															"rotationOrigin": [ 0.35, 2.5, 0.05 ],
															"rotationX": 10.0,
															"rotationZ": 15.0,
															"faces": {
																"north": { "texture": "#marsh-adult", "uv": [ 41.5, 22.0, 42.0, 23.5 ] },
																"east": { "texture": "#marsh-adult", "uv": [ 41.0, 22.0, 41.5, 23.5 ] },
																"south": { "texture": "#marsh-adult", "uv": [ 40.5, 22.0, 41.0, 23.5 ] },
																"west": { "texture": "#marsh-adult", "uv": [ 40.0, 22.0, 40.5, 23.5 ] },
																"up": { "texture": "#marsh-adult", "uv": [ 40.5, 21.5, 41.0, 22.0 ] }
															},
															"children": [
																{
																	"name": "RAntlerTine7",
																	"from": [ 0.1, 0.0, 0.05 ],
																	"to": [ 0.4, 1.5, 0.35 ],
																	"unwrapMode": 3,
																	"uv": [ 40.0, 19.0 ],
																	"rotationOrigin": [ 0.1, 0.0, 0.05 ],
																	"rotationX": 5.0,
																	"rotationZ": -55.0,
																	"faces": {
																		"north": { "texture": "#marsh-adult", "uv": [ 41.5, 19.5, 42.0, 21.0 ] },
																		"east": { "texture": "#marsh-adult", "uv": [ 41.0, 19.5, 41.5, 21.0 ] },
																		"south": { "texture": "#marsh-adult", "uv": [ 40.5, 19.5, 41.0, 21.0 ] },
																		"west": { "texture": "#marsh-adult", "uv": [ 40.0, 19.5, 40.5, 21.0 ] },
																		"up": { "texture": "#marsh-adult", "uv": [ 40.5, 19.0, 41.0, 19.5 ] }
																	}
																}
															]
														}
													]
												},
												{
													"name": "RAntlerTine2",
													"from": [ 0.1, 0.0, 0.05 ],
													"to": [ 0.5, 2.0, 0.45 ],
													"unwrapMode": 4,
													"uv": [ 40.0, 17.0 ],
													"rotationOrigin": [ 0.1, 0.0, 0.05 ],
													"rotationX": 5.0,
													"rotationZ": -55.0,
													"faces": {
														"north": { "texture": "#marsh-adult", "uv": [ 40.0, 17.5, 40.5, 19.5 ] },
														"east": { "texture": "#marsh-adult", "uv": [ 41.5, 17.5, 42.0, 19.5 ] },
														"south": { "texture": "#marsh-adult", "uv": [ 41.0, 17.5, 41.5, 19.5 ] },
														"west": { "texture": "#marsh-adult", "uv": [ 40.5, 17.5, 41.0, 19.5 ] },
														"up": { "texture": "#marsh-adult", "uv": [ 40.5, 17.0, 41.0, 17.5 ], "rotation": 90 }
													},
													"children": [
														{
															"name": "RAntlerTine2B",
															"from": [ 0.05, 2.0, 0.05 ],
															"to": [ 0.35, 3.5, 0.35 ],
															"unwrapMode": 4,
															"uv": [ 40.0, 17.0 ],
															"rotationOrigin": [ 0.35, 2.0, 0.05 ],
															"rotationZ": 45.0,
															"faces": {
																"north": { "texture": "#marsh-adult", "uv": [ 40.0, 17.5, 40.5, 19.0 ] },
																"east": { "texture": "#marsh-adult", "uv": [ 41.5, 17.5, 42.0, 19.0 ] },
																"south": { "texture": "#marsh-adult", "uv": [ 41.0, 17.5, 41.5, 19.0 ] },
																"west": { "texture": "#marsh-adult", "uv": [ 40.5, 17.5, 41.0, 19.0 ] },
																"up": { "texture": "#marsh-adult", "uv": [ 40.5, 17.0, 41.0, 17.5 ], "rotation": 90 }
															}
														}
													]
												}
											]
										}
									]
								},
								{
									"name": "RAntlerBeam5",
									"from": [ 0.1, 2.0, 0.1 ],
									"to": [ 0.7, 4.5, 0.7 ],
									"unwrapMode": 2,
									"uv": [ 40.0, 26.5 ],
									"rotationOrigin": [ 0.7, 2.0, 0.1 ],
									"rotationX": 10.0,
									"rotationZ": 45.0,
									"faces": {
										"north": { "texture": "#marsh-adult", "uv": [ 41.0, 27.0, 41.5, 29.5 ] },
										"east": { "texture": "#marsh-adult", "uv": [ 40.5, 27.0, 41.0, 29.5 ] },
										"south": { "texture": "#marsh-adult", "uv": [ 40.0, 27.0, 40.5, 29.5 ] },
										"west": { "texture": "#marsh-adult", "uv": [ 41.5, 27.0, 42.0, 29.5 ] },
										"up": { "texture": "#marsh-adult", "uv": [ 40.5, 26.5, 41.0, 27.0 ], "rotation": 270 }
									},
									"children": [
										{
											"name": "RAntlerTine6",
											"from": [ 0.1, 2.0, 0.1 ],
											"to": [ 0.5, 3.5, 0.5 ],
											"unwrapMode": 3,
											"uv": [ 40.0, 17.0 ],
											"rotationOrigin": [ 0.4, 2.0, 0.2 ],
											"rotationX": 5.0,
											"rotationZ": 35.0,
											"faces": {
												"north": { "texture": "#marsh-adult", "uv": [ 41.5, 17.5, 42.0, 19.0 ] },
												"east": { "texture": "#marsh-adult", "uv": [ 41.0, 17.5, 41.5, 19.0 ] },
												"south": { "texture": "#marsh-adult", "uv": [ 40.5, 17.5, 41.0, 19.0 ] },
												"west": { "texture": "#marsh-adult", "uv": [ 40.0, 17.5, 40.5, 19.0 ] },
												"up": { "texture": "#marsh-adult", "uv": [ 40.5, 17.0, 41.0, 17.5 ] }
											},
											"children": [
												{
													"name": "RAntlerTine6B",
													"from": [ 0.05, 1.5, 0.05 ],
													"to": [ 0.35, 3.0, 0.35 ],
													"unwrapMode": 3,
													"uv": [ 40.0, 17.0 ],
													"rotationOrigin": [ 0.05, 1.5, 0.05 ],
													"rotationZ": -35.0,
													"faces": {
														"north": { "texture": "#marsh-adult", "uv": [ 41.5, 17.5, 42.0, 19.0 ] },
														"east": { "texture": "#marsh-adult", "uv": [ 41.0, 17.5, 41.5, 19.0 ] },
														"south": { "texture": "#marsh-adult", "uv": [ 40.5, 17.5, 41.0, 19.0 ] },
														"west": { "texture": "#marsh-adult", "uv": [ 40.0, 17.5, 40.5, 19.0 ] },
														"up": { "texture": "#marsh-adult", "uv": [ 40.5, 17.0, 41.0, 17.5 ] }
													}
												}
											]
										},
										{
											"name": "RAntlerBeam6",
											"from": [ 0.05, 2.5, 0.05 ],
											"to": [ 0.55, 4.5, 0.55 ],
											"unwrapMode": 3,
											"uv": [ 40.0, 23.5 ],
											"rotationOrigin": [ 0.05, 2.5, 0.05 ],
											"rotationX": 10.0,
											"rotationZ": -20.0,
											"faces": {
												"north": { "texture": "#marsh-adult", "uv": [ 41.5, 24.0, 42.0, 26.0 ] },
												"east": { "texture": "#marsh-adult", "uv": [ 41.0, 24.0, 41.5, 26.0 ] },
												"south": { "texture": "#marsh-adult", "uv": [ 40.5, 24.0, 41.0, 26.0 ] },
												"west": { "texture": "#marsh-adult", "uv": [ 40.0, 24.0, 40.5, 26.0 ] },
												"up": { "texture": "#marsh-adult", "uv": [ 40.5, 23.5, 41.0, 24.0 ] }
											},
											"children": [
												{
													"name": "RAntlerBeam7",
													"from": [ 0.0, 2.0, 0.05 ],
													"to": [ 0.4, 4.0, 0.45 ],
													"unwrapMode": 3,
													"uv": [ 40.0, 20.0 ],
													"rotationOrigin": [ 0.0, 2.0, 0.05 ],
													"rotationX": 10.0,
													"rotationZ": -25.0,
													"faces": {
														"north": { "texture": "#marsh-adult", "uv": [ 41.5, 20.5, 42.0, 22.5 ] },
														"east": { "texture": "#marsh-adult", "uv": [ 41.0, 20.5, 41.5, 22.5 ] },
														"south": { "texture": "#marsh-adult", "uv": [ 40.5, 20.5, 41.0, 22.5 ] },
														"west": { "texture": "#marsh-adult", "uv": [ 40.0, 20.5, 40.5, 22.5 ] },
														"up": { "texture": "#marsh-adult", "uv": [ 40.5, 20.0, 41.0, 20.5 ] }
													},
													"children": [
														{
															"name": "RTine7",
															"from": [ 0.0172, 0.1479, 0.0 ],
															"to": [ 0.3172, 1.6479, 0.3 ],
															"unwrapMode": 3,
															"uv": [ 40.0, 18.0 ],
															"rotationOrigin": [ 0.3172, 0.1479, -0.05 ],
															"rotationX": 5.0,
															"rotationZ": 70.0,
															"faces": {
																"north": { "texture": "#marsh-adult", "uv": [ 41.5, 18.5, 42.0, 20.0 ] },
																"east": { "texture": "#marsh-adult", "uv": [ 41.0, 18.5, 41.5, 20.0 ] },
																"south": { "texture": "#marsh-adult", "uv": [ 40.5, 18.5, 41.0, 20.0 ] },
																"west": { "texture": "#marsh-adult", "uv": [ 40.0, 18.5, 40.5, 20.0 ] },
																"up": { "texture": "#marsh-adult", "uv": [ 40.5, 18.0, 41.0, 18.5 ] }
															}
														}
													]
												}
											]
										}
									]
								}
							]
						}
					]
				},
				{
					"name": "L antler base",
					"from": [ 0.5, 1.2, 2.1 ],
					"to": [ 1.5, 2.2, 3.1 ],
					"unwrapMode": 4,
					"uv": [ 39.5, 30.5 ],
					"rotationOrigin": [ 0.5, 1.2, 2.1 ],
					"rotationX": 30.0,
					"faces": {
						"north": { "texture": "#marsh-adult", "uv": [ 39.5, 31.5, 40.5, 32.5 ] },
						"east": { "texture": "#marsh-adult", "uv": [ 42.5, 31.5, 43.5, 32.5 ] },
						"south": { "texture": "#marsh-adult", "uv": [ 41.5, 31.5, 42.5, 32.5 ] },
						"west": { "texture": "#marsh-adult", "uv": [ 40.5, 31.5, 41.5, 32.5 ], "windMode": [-1,-1,-1,-1], "windData": [0,0,1,1] },
						"up": { "texture": "#marsh-adult", "uv": [ 40.5, 30.5, 41.5, 31.5 ], "rotation": 90 },
						"down": { "texture": "#marsh-adult", "uv": [ 40.5, 32.5, 41.5, 33.5 ], "rotation": 90, "windMode": [-1,-1,-1,-1], "windData": [1,1,1,1] }
					},
					"children": [
						{
							"name": "L antler base 2",
							"from": [ 0.1, 0.9, 0.1 ],
							"to": [ 0.9, 2.9, 0.9 ],
							"unwrapMode": 4,
							"uv": [ 35.5, 30.0 ],
							"rotationOrigin": [ 0.1, 0.9, 0.1 ],
							"rotationX": 7.0,
							"faces": {
								"north": { "texture": "#marsh-adult", "uv": [ 35.5, 30.5, 36.0, 32.5 ] },
								"east": { "texture": "#marsh-adult", "uv": [ 37.0, 30.5, 37.5, 32.5 ] },
								"south": { "texture": "#marsh-adult", "uv": [ 36.5, 30.5, 37.0, 32.5 ] },
								"west": { "texture": "#marsh-adult", "uv": [ 36.0, 30.5, 36.5, 32.5 ] },
								"up": { "texture": "#marsh-adult", "uv": [ 36.0, 30.0, 36.5, 30.5 ], "rotation": 90 }
							},
							"children": [
								{
									"name": "LAntlerBeam1",
									"from": [ 0.1, 2.0, 0.05 ],
									"to": [ 0.8, 4.5, 0.75 ],
									"unwrapMode": 1,
									"uv": [ 35.5, 25.0 ],
									"rotationOrigin": [ 0.1, 2.0, 0.65 ],
									"rotationX": -10.0,
									"rotationY": 1.0,
									"rotationZ": -45.0,
									"faces": {
										"north": { "texture": "#marsh-adult", "uv": [ 36.0, 25.5, 36.5, 28.0 ] },
										"east": { "texture": "#marsh-adult", "uv": [ 35.5, 25.5, 36.0, 28.0 ] },
										"south": { "texture": "#marsh-adult", "uv": [ 37.0, 25.5, 37.5, 28.0 ] },
										"west": { "texture": "#marsh-adult", "uv": [ 36.5, 25.5, 37.0, 28.0 ] },
										"up": { "texture": "#marsh-adult", "uv": [ 36.0, 25.0, 36.5, 25.5 ], "rotation": 180 }
									},
									"children": [
										{
											"name": "LAntlerBeam2",
											"from": [ 0.05, 2.5, 0.05 ],
											"to": [ 0.65, 5.0, 0.65 ],
											"unwrapMode": 1,
											"uv": [ 35.5, 23.0 ],
											"rotationOrigin": [ 0.55, 2.5, 0.55 ],
											"rotationX": -10.0,
											"rotationZ": 20.0,
											"faces": {
												"north": { "texture": "#marsh-adult", "uv": [ 36.0, 23.5, 36.5, 26.0 ] },
												"east": { "texture": "#marsh-adult", "uv": [ 35.5, 23.5, 36.0, 26.0 ] },
												"south": { "texture": "#marsh-adult", "uv": [ 37.0, 23.5, 37.5, 26.0 ] },
												"west": { "texture": "#marsh-adult", "uv": [ 36.5, 23.5, 37.0, 26.0 ] },
												"up": { "texture": "#marsh-adult", "uv": [ 36.0, 23.0, 36.5, 23.5 ], "rotation": 180 }
											},
											"children": [
												{
													"name": "LAntlerBeam3",
													"from": [ 0.05, 2.5, 0.05 ],
													"to": [ 0.55, 5.0, 0.55 ],
													"unwrapMode": 1,
													"uv": [ 35.5, 18.5 ],
													"rotationOrigin": [ 0.45, 2.5, 0.45 ],
													"rotationX": -10.0,
													"rotationZ": 25.0,
													"faces": {
														"north": { "texture": "#marsh-adult", "uv": [ 36.0, 19.0, 36.5, 21.5 ] },
														"east": { "texture": "#marsh-adult", "uv": [ 35.5, 19.0, 36.0, 21.5 ] },
														"south": { "texture": "#marsh-adult", "uv": [ 37.0, 19.0, 37.5, 21.5 ] },
														"west": { "texture": "#marsh-adult", "uv": [ 36.5, 19.0, 37.0, 21.5 ] },
														"up": { "texture": "#marsh-adult", "uv": [ 36.0, 18.5, 36.5, 19.0 ], "rotation": 180 }
													},
													"children": [
														{
															"name": "LAntlerBeam4",
															"from": [ 0.05, 2.5, 0.03 ],
															"to": [ 0.45, 4.0, 0.43 ],
															"unwrapMode": 1,
															"uv": [ 35.5, 17.0 ],
															"rotationOrigin": [ 0.35, 2.5, 0.33 ],
															"rotationX": -10.0,
															"rotationZ": 15.0,
															"faces": {
																"north": { "texture": "#marsh-adult", "uv": [ 36.0, 17.5, 36.5, 19.0 ] },
																"east": { "texture": "#marsh-adult", "uv": [ 35.5, 17.5, 36.0, 19.0 ] },
																"south": { "texture": "#marsh-adult", "uv": [ 37.0, 17.5, 37.5, 19.0 ] },
																"west": { "texture": "#marsh-adult", "uv": [ 36.5, 17.5, 37.0, 19.0 ] },
																"up": { "texture": "#marsh-adult", "uv": [ 36.0, 17.0, 36.5, 17.5 ], "rotation": 180 }
															},
															"children": [
																{
																	"name": "L antler base 7",
																	"from": [ 0.0, 0.0, 0.0 ],
																	"to": [ 0.3, 1.5, 0.3 ],
																	"unwrapMode": 1,
																	"uv": [ 35.5, 19.5 ],
																	"rotationOrigin": [ 0.0, 0.0, 0.3 ],
																	"rotationX": -5.0,
																	"rotationZ": -55.0,
																	"faces": {
																		"north": { "texture": "#marsh-adult", "uv": [ 36.0, 20.0, 36.5, 21.5 ] },
																		"east": { "texture": "#marsh-adult", "uv": [ 35.5, 20.0, 36.0, 21.5 ] },
																		"south": { "texture": "#marsh-adult", "uv": [ 37.0, 20.0, 37.5, 21.5 ] },
																		"west": { "texture": "#marsh-adult", "uv": [ 36.5, 20.0, 37.0, 21.5 ] },
																		"up": { "texture": "#marsh-adult", "uv": [ 36.0, 19.5, 36.5, 20.0 ], "rotation": 180 }
																	}
																}
															]
														},
														{
															"name": "LAntlerTine3",
															"from": [ 0.0, 0.0, 0.05 ],
															"to": [ 0.4, 1.5, 0.45 ],
															"unwrapMode": 1,
															"uv": [ 35.5, 18.5 ],
															"rotationOrigin": [ 0.0, 0.0, 0.35 ],
															"rotationX": -5.0,
															"rotationZ": -55.0,
															"faces": {
																"north": { "texture": "#marsh-adult", "uv": [ 36.0, 19.0, 36.5, 20.5 ] },
																"east": { "texture": "#marsh-adult", "uv": [ 35.5, 19.0, 36.0, 20.5 ] },
																"south": { "texture": "#marsh-adult", "uv": [ 37.0, 19.0, 37.5, 20.5 ] },
																"west": { "texture": "#marsh-adult", "uv": [ 36.5, 19.0, 37.0, 20.5 ] },
																"up": { "texture": "#marsh-adult", "uv": [ 36.0, 18.5, 36.5, 19.0 ], "rotation": 180 }
															},
															"children": [
																{
																	"name": "LAntlerTine3B",
																	"from": [ 0.05, 1.5, 0.05 ],
																	"to": [ 0.35, 2.5, 0.35 ],
																	"unwrapMode": 1,
																	"uv": [ 35.5, 18.5 ],
																	"rotationOrigin": [ 0.35, 1.5, 0.35 ],
																	"rotationZ": 35.0,
																	"faces": {
																		"north": { "texture": "#marsh-adult", "uv": [ 36.0, 19.0, 36.5, 20.0 ] },
																		"east": { "texture": "#marsh-adult", "uv": [ 35.5, 19.0, 36.0, 20.0 ] },
																		"south": { "texture": "#marsh-adult", "uv": [ 37.0, 19.0, 37.5, 20.0 ] },
																		"west": { "texture": "#marsh-adult", "uv": [ 36.5, 19.0, 37.0, 20.0 ] },
																		"up": { "texture": "#marsh-adult", "uv": [ 36.0, 18.5, 36.5, 19.0 ], "rotation": 180 }
																	}
																}
															]
														}
													]
												},
												{
													"name": "LAntlerTine1",
													"from": [ 0.0, 0.0, 0.1 ],
													"to": [ 0.4, 2.0, 0.5 ],
													"uv": [ 35.5, 18.5 ],
													"rotationOrigin": [ 0.0, 0.0, 0.1 ],
													"rotationX": -5.0,
													"rotationZ": -60.0,
													"faces": {
														"north": { "texture": "#marsh-adult", "uv": [ 35.5, 19.0, 36.0, 21.0 ] },
														"east": { "texture": "#marsh-adult", "uv": [ 36.0, 19.0, 36.5, 21.0 ] },
														"south": { "texture": "#marsh-adult", "uv": [ 36.5, 19.0, 37.0, 21.0 ] },
														"west": { "texture": "#marsh-adult", "uv": [ 37.0, 19.0, 37.5, 21.0 ] },
														"up": { "texture": "#marsh-adult", "uv": [ 35.5, 18.5, 36.0, 19.0 ] },
														"down": { "texture": "#marsh-adult", "uv": [ 36.0, 18.5, 36.5, 19.0 ] }
													},
													"children": [
														{
															"name": "LAntlerTine1B",
															"from": [ 0.05, 2.0, 0.05 ],
															"to": [ 0.35, 3.5, 0.35 ],
															"uv": [ 35.5, 18.5 ],
															"rotationOrigin": [ 0.35, 2.0, 0.05 ],
															"rotationZ": 45.0,
															"faces": {
																"north": { "texture": "#marsh-adult", "uv": [ 35.5, 19.0, 36.0, 20.5 ] },
																"east": { "texture": "#marsh-adult", "uv": [ 36.0, 19.0, 36.5, 20.5 ] },
																"south": { "texture": "#marsh-adult", "uv": [ 36.5, 19.0, 37.0, 20.5 ] },
																"west": { "texture": "#marsh-adult", "uv": [ 37.0, 19.0, 37.5, 20.5 ] },
																"up": { "texture": "#marsh-adult", "uv": [ 35.5, 18.5, 36.0, 19.0 ] },
																"down": { "texture": "#marsh-adult", "uv": [ 36.0, 18.5, 36.5, 19.0 ] }
															}
														}
													]
												}
											]
										}
									]
								},
								{
									"name": "LAntlerBeam5",
									"from": [ 0.15, 2.0, 0.1 ],
									"to": [ 0.75, 4.5, 0.7 ],
									"unwrapMode": 1,
									"uv": [ 35.5, 26.5 ],
									"rotationOrigin": [ 0.65, 2.0, 0.6 ],
									"rotationX": -10.0,
									"rotationZ": 45.0,
									"faces": {
										"north": { "texture": "#marsh-adult", "uv": [ 36.0, 27.0, 36.5, 29.5 ] },
										"east": { "texture": "#marsh-adult", "uv": [ 35.5, 27.0, 36.0, 29.5 ] },
										"south": { "texture": "#marsh-adult", "uv": [ 37.0, 27.0, 37.5, 29.5 ] },
										"west": { "texture": "#marsh-adult", "uv": [ 36.5, 27.0, 37.0, 29.5 ] },
										"up": { "texture": "#marsh-adult", "uv": [ 36.0, 26.5, 36.5, 27.0 ], "rotation": 180 }
									},
									"children": [
										{
											"name": "LAntlerBeam6",
											"from": [ 0.05, 2.5, 0.05 ],
											"to": [ 0.55, 4.5, 0.55 ],
											"unwrapMode": 1,
											"uv": [ 35.5, 22.0 ],
											"rotationOrigin": [ 0.05, 2.5, 0.45 ],
											"rotationX": -10.0,
											"rotationZ": -20.0,
											"faces": {
												"north": { "texture": "#marsh-adult", "uv": [ 36.0, 22.5, 36.5, 24.5 ] },
												"east": { "texture": "#marsh-adult", "uv": [ 35.5, 22.5, 36.0, 24.5 ] },
												"south": { "texture": "#marsh-adult", "uv": [ 37.0, 22.5, 37.5, 24.5 ] },
												"west": { "texture": "#marsh-adult", "uv": [ 36.5, 22.5, 37.0, 24.5 ] },
												"up": { "texture": "#marsh-adult", "uv": [ 36.0, 22.0, 36.5, 22.5 ], "rotation": 180 }
											},
											"children": [
												{
													"name": "LAntlerBeam7",
													"from": [ 0.05, 2.0, 0.02 ],
													"to": [ 0.45, 3.5, 0.42 ],
													"unwrapMode": 1,
													"uv": [ 35.5, 17.5 ],
													"rotationOrigin": [ 0.05, 2.0, 0.35 ],
													"rotationX": -10.0,
													"rotationZ": -25.0,
													"faces": {
														"north": { "texture": "#marsh-adult", "uv": [ 36.0, 18.0, 36.5, 19.5 ] },
														"east": { "texture": "#marsh-adult", "uv": [ 35.5, 18.0, 36.0, 19.5 ] },
														"south": { "texture": "#marsh-adult", "uv": [ 37.0, 18.0, 37.5, 19.5 ] },
														"west": { "texture": "#marsh-adult", "uv": [ 36.5, 18.0, 37.0, 19.5 ] },
														"up": { "texture": "#marsh-adult", "uv": [ 36.0, 17.5, 36.5, 18.0 ], "rotation": 180 }
													},
													"children": [
														{
															"name": "LAntlerTine7",
															"from": [ 0.0, 0.0, 0.0 ],
															"to": [ 0.3, 1.5, 0.3 ],
															"unwrapMode": 1,
															"uv": [ 35.5, 18.0 ],
															"rotationOrigin": [ 0.3, 0.0, 0.3 ],
															"rotationX": -5.0,
															"rotationZ": 70.0,
															"faces": {
																"north": { "texture": "#marsh-adult", "uv": [ 36.0, 18.5, 36.5, 20.0 ] },
																"east": { "texture": "#marsh-adult", "uv": [ 35.5, 18.5, 36.0, 20.0 ] },
																"south": { "texture": "#marsh-adult", "uv": [ 37.0, 18.5, 37.5, 20.0 ] },
																"west": { "texture": "#marsh-adult", "uv": [ 36.5, 18.5, 37.0, 20.0 ] },
																"up": { "texture": "#marsh-adult", "uv": [ 36.0, 18.0, 36.5, 18.5 ], "rotation": 180 }
															}
														}
													]
												},
												{
													"name": "LAntlerTine6",
													"from": [ 0.0, 0.0, 0.05 ],
													"to": [ 0.4, 1.5, 0.45 ],
													"unwrapMode": 4,
													"uv": [ 35.5, 20.0 ],
													"rotationOrigin": [ 0.3, 0.0, 0.35 ],
													"rotationX": -5.0,
													"rotationZ": 55.0,
													"faces": {
														"north": { "texture": "#marsh-adult", "uv": [ 35.5, 20.5, 36.0, 22.0 ] },
														"east": { "texture": "#marsh-adult", "uv": [ 37.0, 20.5, 37.5, 22.0 ] },
														"south": { "texture": "#marsh-adult", "uv": [ 36.5, 20.5, 37.0, 22.0 ] },
														"west": { "texture": "#marsh-adult", "uv": [ 36.0, 20.5, 36.5, 22.0 ] },
														"up": { "texture": "#marsh-adult", "uv": [ 36.0, 20.0, 36.5, 20.5 ], "rotation": 90 },
														"down": { "texture": "#marsh-adult", "uv": [ 36.0, 22.0, 36.5, 22.5 ], "rotation": 90 }
													},
													"children": [
														{
															"name": "LAntlerTine5B",
															"from": [ 0.05, 1.5, 0.05 ],
															"to": [ 0.35, 2.5, 0.35 ],
															"unwrapMode": 4,
															"uv": [ 35.5, 20.0 ],
															"rotationOrigin": [ 0.05, 1.5, 0.35 ],
															"rotationZ": -35.0,
															"faces": {
																"north": { "texture": "#marsh-adult", "uv": [ 35.5, 20.5, 36.0, 21.5 ] },
																"east": { "texture": "#marsh-adult", "uv": [ 37.0, 20.5, 37.5, 21.5 ] },
																"south": { "texture": "#marsh-adult", "uv": [ 36.5, 20.5, 37.0, 21.5 ] },
																"west": { "texture": "#marsh-adult", "uv": [ 36.0, 20.5, 36.5, 21.5 ] },
																"up": { "texture": "#marsh-adult", "uv": [ 36.0, 20.0, 36.5, 20.5 ], "rotation": 90 },
																"down": { "texture": "#marsh-adult", "uv": [ 36.0, 21.5, 36.5, 22.0 ], "rotation": 90 }
															}
														}
													]
												}
											]
										}
									]
								}
							]
						}
					]
				}
			]
		}
	]}