{
	"editor": {
		"backDropShape": "seraph-hairless",
		"collapsedPaths": "Root/Body/abdomen,Root/Body/neck/neck2/head/Horn Attachment/HornRBase/HornRrotator/Rhorn1A/Rhorn2A/Rhorn3A,Root/Body/neck/neck2/head/Horn Attachment/RHornRotator/Rhorn1A,Root/Body/neck/neck2/head/Horn Attachment/LHornBase/Lhorn1A/Lhorn2A/Lhorn3A,Root/Horn Attachment/HornL01,Root/Body/Left Shoulder,Root/Body/Right Shoulder,Root/Horn Attachment/HornR01",
		"allAngles": true,
		"entityTextureMode": true
	},
	"textureWidth": 52,
	"textureHeight": 60,
	"textureSizes": {
		"hide": [52,60],
		"leather": [16,16],
		"turdag-adult": [52,60]
	},
	"textures": {
		"turdag-adult": "game:entity/hooved/goat/turdag-adult"
	},
	"elements": [
		{
			"name": "Horn Attachment",
			"stepParentName": "Head",
			"from": [ -0.4, 3.3, 1.5 ],
			"to": [ -0.4, 3.3, 1.5 ],
			"unwrapMode": 4,
			"uv": [ 1.0, 19.5 ],
			"rotationOrigin": [ -0.4, 3.3, 1.5 ],
			"faces": {
			},
			"children": [
				{
					"name": "HornL01",
					"from": [ 0.4, 1.5, 1.4 ],
					"to": [ 1.9, 3.0, 2.9 ],
					"unwrapMode": 4,
					"uv": [ 32.0, 57.0 ],
					"rotationOrigin": [ 0.4, 1.5, 1.4 ],
					"rotationX": 25.0,
					"rotationY": 1.0,
					"faces": {
						"north": { "texture": "#turdag-adult", "uv": [ 32.0, 58.5, 33.5, 60.0 ] },
						"east": { "texture": "#turdag-adult", "uv": [ 36.5, 58.5, 38.0, 60.0 ] },
						"south": { "texture": "#turdag-adult", "uv": [ 35.0, 58.5, 36.5, 60.0 ] },
						"west": { "texture": "#turdag-adult", "uv": [ 33.5, 58.5, 35.0, 60.0 ] },
						"up": { "texture": "#turdag-adult", "uv": [ 33.5, 57.0, 35.0, 58.5 ], "rotation": 90 }
					},
					"children": [
						{
							"name": "HornL02",
							"from": [ 0.0, 1.5, 0.0 ],
							"to": [ 1.4, 2.5, 1.4 ],
							"unwrapMode": 4,
							"uv": [ 32.5, 56.0 ],
							"rotationOrigin": [ 0.0, 1.5, 0.0 ],
							"rotationX": 20.0,
							"rotationZ": -3.0,
							"faces": {
								"north": { "texture": "#turdag-adult", "uv": [ 32.5, 57.0, 33.5, 58.0 ], "windMode": [-1,-1,-1,-1], "windData": [1,1,1,1] },
								"east": { "texture": "#turdag-adult", "uv": [ 35.5, 57.0, 36.5, 58.0 ] },
								"south": { "texture": "#turdag-adult", "uv": [ 34.5, 57.0, 35.5, 58.0 ] },
								"west": { "texture": "#turdag-adult", "uv": [ 33.5, 57.0, 34.5, 58.0 ] },
								"up": { "texture": "#turdag-adult", "uv": [ 33.5, 56.0, 34.5, 57.0 ], "rotation": 90 },
								"down": { "texture": "#turdag-adult", "uv": [ 33.5, 58.0, 34.5, 59.0 ], "rotation": 90, "windMode": [-1,-1,-1,-1], "windData": [1,1,1,1] }
							},
							"children": [
								{
									"name": "HornL03",
									"from": [ 0.05, 1.0, 0.0 ],
									"to": [ 1.45, 2.0, 1.4 ],
									"unwrapMode": 4,
									"uv": [ 33.5, 54.0 ],
									"rotationOrigin": [ 1.45, 1.0, 0.0 ],
									"rotationX": 20.0,
									"rotationY": 4.0,
									"rotationZ": 10.0,
									"faces": {
										"north": { "texture": "#turdag-adult", "uv": [ 33.5, 55.0, 34.5, 56.0 ] },
										"east": { "texture": "#turdag-adult", "uv": [ 36.5, 55.0, 37.5, 56.0 ] },
										"south": { "texture": "#turdag-adult", "uv": [ 35.5, 55.0, 36.5, 56.0 ] },
										"west": { "texture": "#turdag-adult", "uv": [ 34.5, 55.0, 35.5, 56.0 ] },
										"up": { "texture": "#turdag-adult", "uv": [ 34.5, 54.0, 35.5, 55.0 ], "rotation": 90 },
										"down": { "texture": "#turdag-adult", "uv": [ 34.5, 56.0, 35.5, 57.0 ], "rotation": 90, "windMode": [-1,-1,-1,-1], "windData": [1,1,1,1] }
									},
									"children": [
										{
											"name": "HornL04",
											"from": [ 0.0, 1.0, 0.0 ],
											"to": [ 1.3, 2.0, 1.3 ],
											"unwrapMode": 4,
											"uv": [ 33.5, 53.0 ],
											"rotationOrigin": [ 1.3, 1.0, 0.0 ],
											"rotationX": 10.0,
											"rotationY": -2.0,
											"rotationZ": 10.0,
											"faces": {
												"north": { "texture": "#turdag-adult", "uv": [ 33.5, 54.0, 34.5, 55.0 ] },
												"east": { "texture": "#turdag-adult", "uv": [ 36.5, 54.0, 37.5, 55.0 ] },
												"south": { "texture": "#turdag-adult", "uv": [ 35.5, 54.0, 36.5, 55.0 ] },
												"west": { "texture": "#turdag-adult", "uv": [ 34.5, 54.0, 35.5, 55.0 ] },
												"up": { "texture": "#turdag-adult", "uv": [ 34.5, 53.0, 35.5, 54.0 ], "rotation": 90 },
												"down": { "texture": "#turdag-adult", "uv": [ 34.5, 55.0, 35.5, 56.0 ], "rotation": 90, "windMode": [-1,-1,-1,-1], "windData": [1,1,1,1] }
											},
											"children": [
												{
													"name": "HornL05",
													"from": [ 0.0, 1.0, 0.0 ],
													"to": [ 1.3, 2.5, 1.3 ],
													"unwrapMode": 4,
													"uv": [ 33.5, 51.5 ],
													"rotationOrigin": [ 0.0, 1.0, 0.0 ],
													"rotationX": 10.0,
													"rotationY": 2.0,
													"rotationZ": -22.0,
													"faces": {
														"north": { "texture": "#turdag-adult", "uv": [ 33.5, 52.5, 34.5, 54.0 ] },
														"east": { "texture": "#turdag-adult", "uv": [ 36.5, 52.5, 37.5, 54.0 ] },
														"south": { "texture": "#turdag-adult", "uv": [ 35.5, 52.5, 36.5, 54.0 ] },
														"west": { "texture": "#turdag-adult", "uv": [ 34.5, 52.5, 35.5, 54.0 ] },
														"up": { "texture": "#turdag-adult", "uv": [ 34.5, 51.5, 35.5, 52.5 ], "rotation": 90 },
														"down": { "texture": "#turdag-adult", "uv": [ 34.5, 54.0, 35.5, 55.0 ], "rotation": 90, "windMode": [-1,-1,-1,-1], "windData": [1,1,1,1] }
													},
													"children": [
														{
															"name": "HornL06",
															"from": [ 0.0, 1.5, 0.0 ],
															"to": [ 1.3, 3.0, 1.3 ],
															"unwrapMode": 4,
															"uv": [ 33.5, 50.0 ],
															"rotationOrigin": [ 0.0, 1.5, 0.0 ],
															"rotationX": 10.0,
															"rotationY": 2.0,
															"rotationZ": -22.0,
															"faces": {
																"north": { "texture": "#turdag-adult", "uv": [ 33.5, 51.0, 34.5, 52.5 ] },
																"east": { "texture": "#turdag-adult", "uv": [ 36.5, 51.0, 37.5, 52.5 ] },
																"south": { "texture": "#turdag-adult", "uv": [ 35.5, 51.0, 36.5, 52.5 ] },
																"west": { "texture": "#turdag-adult", "uv": [ 34.5, 51.0, 35.5, 52.5 ] },
																"up": { "texture": "#turdag-adult", "uv": [ 34.5, 50.0, 35.5, 51.0 ], "rotation": 90 },
																"down": { "texture": "#turdag-adult", "uv": [ 34.5, 52.5, 35.5, 53.5 ], "rotation": 90, "windMode": [-1,-1,-1,-1], "windData": [1,1,1,1] }
															},
															"children": [
																{
																	"name": "HornL07",
																	"from": [ 0.0, 1.5, 0.0 ],
																	"to": [ 1.2, 3.0, 1.2 ],
																	"unwrapMode": 4,
																	"uv": [ 33.5, 48.5 ],
																	"rotationOrigin": [ 0.0, 1.5, 0.0 ],
																	"rotationY": 7.0,
																	"rotationZ": -22.0,
																	"faces": {
																		"north": { "texture": "#turdag-adult", "uv": [ 33.5, 49.5, 34.5, 51.0 ] },
																		"east": { "texture": "#turdag-adult", "uv": [ 36.5, 49.5, 37.5, 51.0 ] },
																		"south": { "texture": "#turdag-adult", "uv": [ 35.5, 49.5, 36.5, 51.0 ] },
																		"west": { "texture": "#turdag-adult", "uv": [ 34.5, 49.5, 35.5, 51.0 ] },
																		"up": { "texture": "#turdag-adult", "uv": [ 34.5, 48.5, 35.5, 49.5 ], "rotation": 90 },
																		"down": { "texture": "#turdag-adult", "uv": [ 34.5, 51.0, 35.5, 52.0 ], "rotation": 90, "windMode": [-1,-1,-1,-1], "windData": [1,1,1,1] }
																	},
																	"children": [
																		{
																			"name": "HornL08",
																			"from": [ 0.0, 1.5, 0.0 ],
																			"to": [ 1.1, 3.0, 1.1 ],
																			"unwrapMode": 4,
																			"uv": [ 33.5, 47.0 ],
																			"rotationOrigin": [ 0.0, 1.5, 0.0 ],
																			"rotationY": 7.0,
																			"rotationZ": -22.0,
																			"faces": {
																				"north": { "texture": "#turdag-adult", "uv": [ 33.5, 48.0, 34.5, 49.5 ] },
																				"east": { "texture": "#turdag-adult", "uv": [ 36.5, 48.0, 37.5, 49.5 ] },
																				"south": { "texture": "#turdag-adult", "uv": [ 35.5, 48.0, 36.5, 49.5 ] },
																				"west": { "texture": "#turdag-adult", "uv": [ 34.5, 48.0, 35.5, 49.5 ] },
																				"up": { "texture": "#turdag-adult", "uv": [ 34.5, 47.0, 35.5, 48.0 ], "rotation": 90 },
																				"down": { "texture": "#turdag-adult", "uv": [ 34.5, 49.5, 35.5, 50.5 ], "rotation": 90, "windMode": [-1,-1,-1,-1], "windData": [1,1,1,1] }
																			},
																			"children": [
																				{
																					"name": "HornL09",
																					"from": [ 0.0, 1.5, 0.1 ],
																					"to": [ 0.9, 3.0, 1.0 ],
																					"unwrapMode": 4,
																					"uv": [ 33.5, 45.5 ],
																					"rotationOrigin": [ 0.0, 1.5, 0.1 ],
																					"rotationY": 7.0,
																					"rotationZ": -22.0,
																					"faces": {
																						"north": { "texture": "#turdag-adult", "uv": [ 33.5, 46.0, 34.0, 47.5 ] },
																						"east": { "texture": "#turdag-adult", "uv": [ 35.0, 46.0, 35.5, 47.5 ] },
																						"south": { "texture": "#turdag-adult", "uv": [ 34.5, 46.0, 35.0, 47.5 ] },
																						"west": { "texture": "#turdag-adult", "uv": [ 34.0, 46.0, 34.5, 47.5 ] },
																						"up": { "texture": "#turdag-adult", "uv": [ 34.0, 45.5, 34.5, 46.0 ], "rotation": 90 },
																						"down": { "texture": "#turdag-adult", "uv": [ 34.0, 47.5, 34.5, 48.0 ], "rotation": 90, "windMode": [-1,-1,-1,-1], "windData": [1,1,1,1] }
																					},
																					"children": [
																						{
																							"name": "HornL10",
																							"from": [ 0.0, 1.5, 0.1 ],
																							"to": [ 0.7, 2.5, 0.8 ],
																							"unwrapMode": 4,
																							"uv": [ 33.5, 44.0 ],
																							"rotationOrigin": [ 0.0, 1.5, 0.1 ],
																							"rotationY": 5.0,
																							"rotationZ": -22.0,
																							"faces": {
																								"north": { "texture": "#turdag-adult", "uv": [ 33.5, 44.5, 34.0, 45.5 ] },
																								"east": { "texture": "#turdag-adult", "uv": [ 35.0, 44.5, 35.5, 45.5 ] },
																								"south": { "texture": "#turdag-adult", "uv": [ 34.5, 44.5, 35.0, 45.5 ] },
																								"west": { "texture": "#turdag-adult", "uv": [ 34.0, 44.5, 34.5, 45.5 ] },
																								"up": { "texture": "#turdag-adult", "uv": [ 34.0, 44.0, 34.5, 44.5 ], "rotation": 90 },
																								"down": { "texture": "#turdag-adult", "uv": [ 34.0, 45.5, 34.5, 46.0 ], "rotation": 90, "windMode": [-1,-1,-1,-1], "windData": [1,1,1,1] }
																							},
																							"children": [
																								{
																									"name": "HornL11",
																									"from": [ 0.05, 1.0, 0.1 ],
																									"to": [ 0.55, 2.0, 0.6 ],
																									"unwrapMode": 4,
																									"uv": [ 35.0, 43.0 ],
																									"rotationOrigin": [ 0.05, 1.0, 0.1 ],
																									"rotationY": 5.0,
																									"rotationZ": -22.0,
																									"faces": {
																										"north": { "texture": "#turdag-adult", "uv": [ 35.0, 43.5, 35.5, 44.5 ] },
																										"east": { "texture": "#turdag-adult", "uv": [ 36.5, 43.5, 37.0, 44.5 ] },
																										"south": { "texture": "#turdag-adult", "uv": [ 36.0, 43.5, 36.5, 44.5 ] },
																										"west": { "texture": "#turdag-adult", "uv": [ 35.5, 43.5, 36.0, 44.5 ] },
																										"up": { "texture": "#turdag-adult", "uv": [ 35.5, 43.0, 36.0, 43.5 ], "rotation": 90 }
																									}
																								}
																							]
																						}
																					]
																				}
																			]
																		}
																	]
																}
															]
														}
													]
												}
											]
										}
									]
								}
							]
						}
					]
				},
				{
					"name": "HornR01",
					"from": [ 0.4, 1.5, -0.9 ],
					"to": [ 1.9, 3.0, 0.6 ],
					"unwrapMode": 4,
					"uv": [ 37.0, 57.0 ],
					"rotationOrigin": [ 0.4, 1.5, 0.6 ],
					"rotationX": -25.0,
					"rotationY": -1.0,
					"faces": {
						"north": { "texture": "#turdag-adult", "uv": [ 37.0, 58.5, 38.5, 60.0 ] },
						"east": { "texture": "#turdag-adult", "uv": [ 41.5, 58.5, 43.0, 60.0 ] },
						"south": { "texture": "#turdag-adult", "uv": [ 40.0, 58.5, 41.5, 60.0 ] },
						"west": { "texture": "#turdag-adult", "uv": [ 38.5, 58.5, 40.0, 60.0 ] },
						"up": { "texture": "#turdag-adult", "uv": [ 38.5, 57.0, 40.0, 58.5 ], "rotation": 90 }
					},
					"children": [
						{
							"name": "HornR02",
							"from": [ 0.0, 1.5, 0.1 ],
							"to": [ 1.4, 2.5, 1.5 ],
							"unwrapMode": 4,
							"uv": [ 39.0, 56.0 ],
							"rotationOrigin": [ 0.0, 1.5, 1.5 ],
							"rotationX": -20.0,
							"rotationZ": -3.0,
							"faces": {
								"north": { "texture": "#turdag-adult", "uv": [ 39.0, 57.0, 40.0, 58.0 ] },
								"east": { "texture": "#turdag-adult", "uv": [ 42.0, 57.0, 43.0, 58.0 ] },
								"south": { "texture": "#turdag-adult", "uv": [ 41.0, 57.0, 42.0, 58.0 ] },
								"west": { "texture": "#turdag-adult", "uv": [ 40.0, 57.0, 41.0, 58.0 ] },
								"up": { "texture": "#turdag-adult", "uv": [ 40.0, 56.0, 41.0, 57.0 ], "rotation": 90 },
								"down": { "texture": "#turdag-adult", "uv": [ 40.0, 58.0, 41.0, 59.0 ], "rotation": 90, "windMode": [-1,-1,-1,-1], "windData": [1,1,1,1] }
							},
							"children": [
								{
									"name": "HornR03",
									"from": [ 0.05, 1.0, 0.0 ],
									"to": [ 1.45, 2.0, 1.4 ],
									"unwrapMode": 4,
									"uv": [ 37.5, 54.0 ],
									"rotationOrigin": [ 1.45, 1.0, 1.4 ],
									"rotationX": -20.0,
									"rotationY": -4.0,
									"rotationZ": 10.0,
									"faces": {
										"north": { "texture": "#turdag-adult", "uv": [ 37.5, 55.0, 38.5, 56.0 ] },
										"east": { "texture": "#turdag-adult", "uv": [ 40.5, 55.0, 41.5, 56.0 ] },
										"south": { "texture": "#turdag-adult", "uv": [ 39.5, 55.0, 40.5, 56.0 ] },
										"west": { "texture": "#turdag-adult", "uv": [ 38.5, 55.0, 39.5, 56.0 ] },
										"up": { "texture": "#turdag-adult", "uv": [ 38.5, 54.0, 39.5, 55.0 ], "rotation": 90 },
										"down": { "texture": "#turdag-adult", "uv": [ 38.5, 56.0, 39.5, 57.0 ], "rotation": 90, "windMode": [-1,-1,-1,-1], "windData": [1,1,1,1] }
									},
									"children": [
										{
											"name": "HornR04",
											"from": [ 0.0, 1.0, 0.1 ],
											"to": [ 1.3, 2.0, 1.4 ],
											"unwrapMode": 4,
											"uv": [ 37.5, 53.0 ],
											"rotationOrigin": [ 1.3, 1.0, 1.4 ],
											"rotationX": -10.0,
											"rotationY": 2.0,
											"rotationZ": 10.0,
											"faces": {
												"north": { "texture": "#turdag-adult", "uv": [ 37.5, 54.0, 38.5, 55.0 ] },
												"east": { "texture": "#turdag-adult", "uv": [ 40.5, 54.0, 41.5, 55.0 ] },
												"south": { "texture": "#turdag-adult", "uv": [ 39.5, 54.0, 40.5, 55.0 ] },
												"west": { "texture": "#turdag-adult", "uv": [ 38.5, 54.0, 39.5, 55.0 ] },
												"up": { "texture": "#turdag-adult", "uv": [ 38.5, 53.0, 39.5, 54.0 ], "rotation": 90 },
												"down": { "texture": "#turdag-adult", "uv": [ 38.5, 55.0, 39.5, 56.0 ], "rotation": 90, "windMode": [-1,-1,-1,-1], "windData": [1,1,1,1] }
											},
											"children": [
												{
													"name": "HornR05",
													"from": [ 0.0, 1.0, 0.0 ],
													"to": [ 1.3, 2.5, 1.3 ],
													"unwrapMode": 4,
													"uv": [ 37.5, 51.5 ],
													"rotationOrigin": [ 0.0, 1.0, 1.3 ],
													"rotationX": -10.0,
													"rotationY": -2.0,
													"rotationZ": -22.0,
													"faces": {
														"north": { "texture": "#turdag-adult", "uv": [ 37.5, 52.5, 38.5, 54.0 ] },
														"east": { "texture": "#turdag-adult", "uv": [ 40.5, 52.5, 41.5, 54.0 ] },
														"south": { "texture": "#turdag-adult", "uv": [ 39.5, 52.5, 40.5, 54.0 ] },
														"west": { "texture": "#turdag-adult", "uv": [ 38.5, 52.5, 39.5, 54.0 ] },
														"up": { "texture": "#turdag-adult", "uv": [ 38.5, 51.5, 39.5, 52.5 ], "rotation": 90 },
														"down": { "texture": "#turdag-adult", "uv": [ 38.5, 54.0, 39.5, 55.0 ], "rotation": 90, "windMode": [-1,-1,-1,-1], "windData": [1,1,1,1] }
													},
													"children": [
														{
															"name": "HornR06",
															"from": [ 0.0, 1.5, 0.0 ],
															"to": [ 1.3, 3.0, 1.3 ],
															"unwrapMode": 4,
															"uv": [ 37.5, 50.0 ],
															"rotationOrigin": [ 0.0, 1.5, 1.3 ],
															"rotationX": -10.0,
															"rotationY": -2.0,
															"rotationZ": -22.0,
															"faces": {
																"north": { "texture": "#turdag-adult", "uv": [ 37.5, 51.0, 38.5, 52.5 ] },
																"east": { "texture": "#turdag-adult", "uv": [ 40.5, 51.0, 41.5, 52.5 ] },
																"south": { "texture": "#turdag-adult", "uv": [ 39.5, 51.0, 40.5, 52.5 ] },
																"west": { "texture": "#turdag-adult", "uv": [ 38.5, 51.0, 39.5, 52.5 ] },
																"up": { "texture": "#turdag-adult", "uv": [ 38.5, 50.0, 39.5, 51.0 ], "rotation": 90 },
																"down": { "texture": "#turdag-adult", "uv": [ 38.5, 52.5, 39.5, 53.5 ], "rotation": 90, "windMode": [-1,-1,-1,-1], "windData": [1,1,1,1] }
															},
															"children": [
																{
																	"name": "HornR07",
																	"from": [ 0.0, 1.5, 0.1 ],
																	"to": [ 1.2, 3.0, 1.3 ],
																	"unwrapMode": 4,
																	"uv": [ 37.5, 48.5 ],
																	"rotationOrigin": [ 0.0, 1.5, 1.3 ],
																	"rotationY": -7.0,
																	"rotationZ": -22.0,
																	"faces": {
																		"north": { "texture": "#turdag-adult", "uv": [ 37.5, 49.5, 38.5, 51.0 ] },
																		"east": { "texture": "#turdag-adult", "uv": [ 40.5, 49.5, 41.5, 51.0 ] },
																		"south": { "texture": "#turdag-adult", "uv": [ 39.5, 49.5, 40.5, 51.0 ] },
																		"west": { "texture": "#turdag-adult", "uv": [ 38.5, 49.5, 39.5, 51.0 ] },
																		"up": { "texture": "#turdag-adult", "uv": [ 38.5, 48.5, 39.5, 49.5 ], "rotation": 90 },
																		"down": { "texture": "#turdag-adult", "uv": [ 38.5, 51.0, 39.5, 52.0 ], "rotation": 90, "windMode": [-1,-1,-1,-1], "windData": [1,1,1,1] }
																	},
																	"children": [
																		{
																			"name": "HornR08",
																			"from": [ 0.0, 1.5, 0.1 ],
																			"to": [ 1.1, 3.0, 1.2 ],
																			"unwrapMode": 4,
																			"uv": [ 37.5, 47.0 ],
																			"rotationOrigin": [ 0.0, 1.5, 1.2 ],
																			"rotationY": -7.0,
																			"rotationZ": -22.0,
																			"faces": {
																				"north": { "texture": "#turdag-adult", "uv": [ 37.5, 48.0, 38.5, 49.5 ] },
																				"east": { "texture": "#turdag-adult", "uv": [ 40.5, 48.0, 41.5, 49.5 ] },
																				"south": { "texture": "#turdag-adult", "uv": [ 39.5, 48.0, 40.5, 49.5 ] },
																				"west": { "texture": "#turdag-adult", "uv": [ 38.5, 48.0, 39.5, 49.5 ] },
																				"up": { "texture": "#turdag-adult", "uv": [ 38.5, 47.0, 39.5, 48.0 ], "rotation": 90 },
																				"down": { "texture": "#turdag-adult", "uv": [ 38.5, 49.5, 39.5, 50.5 ], "rotation": 90, "windMode": [-1,-1,-1,-1], "windData": [1,1,1,1] }
																			},
																			"children": [
																				{
																					"name": "HornR09",
																					"from": [ 0.0, 1.5, 0.1 ],
																					"to": [ 0.9, 3.0, 1.0 ],
																					"unwrapMode": 4,
																					"uv": [ 37.5, 45.5 ],
																					"rotationOrigin": [ 0.0, 1.5, 1.0 ],
																					"rotationY": -7.0,
																					"rotationZ": -22.0,
																					"faces": {
																						"north": { "texture": "#turdag-adult", "uv": [ 37.5, 46.0, 38.0, 47.5 ] },
																						"east": { "texture": "#turdag-adult", "uv": [ 39.0, 46.0, 39.5, 47.5 ] },
																						"south": { "texture": "#turdag-adult", "uv": [ 38.5, 46.0, 39.0, 47.5 ] },
																						"west": { "texture": "#turdag-adult", "uv": [ 38.0, 46.0, 38.5, 47.5 ] },
																						"up": { "texture": "#turdag-adult", "uv": [ 38.5, 45.5, 39.0, 46.0 ], "rotation": 90 },
																						"down": { "texture": "#turdag-adult", "uv": [ 38.0, 47.5, 38.5, 48.0 ], "rotation": 90, "windMode": [-1,-1,-1,-1], "windData": [1,1,1,1] }
																					},
																					"children": [
																						{
																							"name": "HornR10",
																							"from": [ 0.0, 1.5, 0.1 ],
																							"to": [ 0.7, 2.5, 0.8 ],
																							"unwrapMode": 4,
																							"uv": [ 37.5, 44.0 ],
																							"rotationOrigin": [ 0.0, 1.5, 0.8 ],
																							"rotationY": -5.0,
																							"rotationZ": -22.0,
																							"faces": {
																								"north": { "texture": "#turdag-adult", "uv": [ 37.5, 44.5, 38.0, 45.5 ] },
																								"east": { "texture": "#turdag-adult", "uv": [ 39.0, 44.5, 39.5, 45.5 ] },
																								"south": { "texture": "#turdag-adult", "uv": [ 38.5, 44.5, 39.0, 45.5 ] },
																								"west": { "texture": "#turdag-adult", "uv": [ 38.0, 44.5, 38.5, 45.5 ] },
																								"up": { "texture": "#turdag-adult", "uv": [ 38.0, 44.0, 38.5, 44.5 ], "rotation": 90 },
																								"down": { "texture": "#turdag-adult", "uv": [ 38.0, 45.5, 38.5, 46.0 ], "rotation": 90, "windMode": [-1,-1,-1,-1], "windData": [1,1,1,1] }
																							},
																							"children": [
																								{
																									"name": "HornR11",
																									"from": [ 0.05, 1.0, 0.1 ],
																									"to": [ 0.55, 2.0, 0.6 ],
																									"unwrapMode": 4,
																									"uv": [ 39.5, 43.0 ],
																									"rotationOrigin": [ 0.05, 1.0, 0.6 ],
																									"rotationY": -5.0,
																									"rotationZ": -22.0,
																									"faces": {
																										"north": { "texture": "#turdag-adult", "uv": [ 39.5, 43.5, 40.0, 44.5 ] },
																										"east": { "texture": "#turdag-adult", "uv": [ 41.0, 43.5, 41.5, 44.5 ] },
																										"south": { "texture": "#turdag-adult", "uv": [ 40.5, 43.5, 41.0, 44.5 ] },
																										"west": { "texture": "#turdag-adult", "uv": [ 40.0, 43.5, 40.5, 44.5 ] },
																										"up": { "texture": "#turdag-adult", "uv": [ 40.0, 43.0, 40.5, 43.5 ], "rotation": 90 },
																										"down": { "texture": "#turdag-adult", "uv": [ 40.0, 44.5, 40.5, 45.0 ], "rotation": 90, "windMode": [-1,-1,-1,-1], "windData": [1,1,1,1] }
																									}
																								}
																							]
																						}
																					]
																				}
																			]
																		}
																	]
																}
															]
														}
													]
												}
											]
										}
									]
								}
							]
						}
					]
				}
			]
		}
	]}