{
	"editor": {
		"backDropShape": "seraph-hairless",
		"collapsedPaths": "Root/Body/abdomen,Root/Horn attachment/R antler base,Root/Body/Left Shoulder,Root/Body/Right Shoulder,Root/Horn attachment/L antler base",
		"allAngles": true,
		"entityTextureMode": true
	},
	"textureWidth": 16,
	"textureHeight": 16,
	"textureSizes": {
		"whitetail-antlers": [16,16],
		"whitetail-adult": [60,76]
	},
	"textures": {
		"whitetail-antlers": "game:entity/hooved/deer/whitetail-antlers"
	},
	"elements": [
		{
			"name": "Horn attachment",
			"stepParentName": "Head",
			"from": [ -0.5, 4.5, 1.8 ],
			"to": [ 0.5, 5.5, 2.8 ],
			"uv": [ 0.0, 0.0 ],
			"rotationOrigin": [ -0.5, 4.5, 1.8 ],
			"rotationZ": -11.0,
			"faces": {
			},
			"children": [
				{
					"name": "R antler base",
					"from": [ 0.5, 0.7, -1.5 ],
					"to": [ 1.6, 2.0, -0.4 ],
					"unwrapMode": 4,
					"uv": [ 6.0, 13.0 ],
					"rotationOrigin": [ 0.5, 0.7, -0.4 ],
					"rotationX": -30.0,
					"rotationZ": -25.0,
					"faces": {
						"north": { "texture": "#whitetail-antlers", "uv": [ 6.0, 14.0, 7.0, 15.0 ] },
						"east": { "texture": "#whitetail-antlers", "uv": [ 9.0, 14.0, 10.0, 15.0 ] },
						"south": { "texture": "#whitetail-antlers", "uv": [ 8.0, 14.0, 9.0, 15.0 ] },
						"west": { "texture": "#whitetail-antlers", "uv": [ 7.0, 14.0, 8.0, 15.0 ], "windMode": [-1,-1,-1,-1], "windData": [0,1,1,1] },
						"up": { "texture": "#whitetail-antlers", "uv": [ 7.0, 13.0, 8.0, 14.0 ], "rotation": 90 },
						"down": { "texture": "#whitetail-antlers", "uv": [ 7.0, 15.0, 8.0, 16.0 ], "rotation": 90 }
					},
					"children": [
						{
							"name": "R antler base 2",
							"from": [ 0.1, 1.2, 0.0 ],
							"to": [ 1.1, 4.2, 1.0 ],
							"unwrapMode": 4,
							"uv": [ 6.0, 8.0 ],
							"rotationOrigin": [ 0.1, 1.2, 1.0 ],
							"rotationX": -11.0,
							"rotationZ": -10.0,
							"faces": {
								"north": { "texture": "#whitetail-antlers", "uv": [ 6.0, 9.0, 7.0, 12.0 ] },
								"east": { "texture": "#whitetail-antlers", "uv": [ 9.0, 9.0, 10.0, 12.0 ] },
								"south": { "texture": "#whitetail-antlers", "uv": [ 8.0, 9.0, 9.0, 12.0 ] },
								"west": { "texture": "#whitetail-antlers", "uv": [ 7.0, 9.0, 8.0, 12.0 ] },
								"up": { "texture": "#whitetail-antlers", "uv": [ 7.0, 8.0, 8.0, 9.0 ], "rotation": 90 },
								"down": { "texture": "#whitetail-antlers", "uv": [ 7.0, 12.0, 8.0, 13.0 ], "rotation": 90 }
							},
							"children": [
								{
									"name": "R antler base 3",
									"from": [ 0.3, 2.6, 0.2 ],
									"to": [ 1.2, 4.6, 1.1 ],
									"unwrapMode": 2,
									"uv": [ 4.0, 13.0 ],
									"rotationOrigin": [ 0.2, 2.6, 1.1 ],
									"rotationX": -28.0,
									"rotationZ": 38.0,
									"faces": {
										"north": { "texture": "#whitetail-antlers", "uv": [ 5.0, 13.5, 5.5, 15.5 ] },
										"east": { "texture": "#whitetail-antlers", "uv": [ 4.5, 13.5, 5.0, 15.5 ] },
										"south": { "texture": "#whitetail-antlers", "uv": [ 4.0, 13.5, 4.5, 15.5 ] },
										"west": { "texture": "#whitetail-antlers", "uv": [ 5.5, 13.5, 6.0, 15.5 ] },
										"up": { "texture": "#whitetail-antlers", "uv": [ 4.5, 13.0, 5.0, 13.5 ], "rotation": 270 },
										"down": { "texture": "#whitetail-antlers", "uv": [ 4.5, 15.5, 5.0, 16.0 ], "rotation": 270 }
									},
									"children": [
										{
											"name": "R antler base 4",
											"from": [ 0.1, 1.4, 0.0 ],
											"to": [ 0.9, 3.4, 0.8 ],
											"unwrapMode": 3,
											"uv": [ 4.0, 10.0 ],
											"rotationOrigin": [ 0.1, 1.4, 0.8 ],
											"rotationX": -20.0,
											"rotationY": -20.0,
											"rotationZ": 45.0,
											"faces": {
												"north": { "texture": "#whitetail-antlers", "uv": [ 5.5, 10.5, 6.0, 12.5 ] },
												"east": { "texture": "#whitetail-antlers", "uv": [ 5.0, 10.5, 5.5, 12.5 ] },
												"south": { "texture": "#whitetail-antlers", "uv": [ 4.5, 10.5, 5.0, 12.5 ] },
												"west": { "texture": "#whitetail-antlers", "uv": [ 4.0, 10.5, 4.5, 12.5 ] },
												"up": { "texture": "#whitetail-antlers", "uv": [ 4.5, 10.0, 5.0, 10.5 ] },
												"down": { "texture": "#whitetail-antlers", "uv": [ 4.5, 12.5, 5.0, 13.0 ], "rotation": 180 }
											},
											"children": [
												{
													"name": "R antler base 5",
													"from": [ 0.2, 1.4, 0.0 ],
													"to": [ 1.0, 4.4, 0.8 ],
													"unwrapMode": 3,
													"uv": [ 4.0, 6.0 ],
													"rotationOrigin": [ 0.2, 1.4, 0.8 ],
													"rotationZ": 45.0,
													"faces": {
														"north": { "texture": "#whitetail-antlers", "uv": [ 5.5, 6.5, 6.0, 9.5 ] },
														"east": { "texture": "#whitetail-antlers", "uv": [ 5.0, 6.5, 5.5, 9.5 ] },
														"south": { "texture": "#whitetail-antlers", "uv": [ 4.5, 6.5, 5.0, 9.5 ] },
														"west": { "texture": "#whitetail-antlers", "uv": [ 4.0, 6.5, 4.5, 9.5 ] },
														"up": { "texture": "#whitetail-antlers", "uv": [ 4.5, 6.0, 5.0, 6.5 ] },
														"down": { "texture": "#whitetail-antlers", "uv": [ 4.5, 9.5, 5.0, 10.0 ], "rotation": 180 }
													},
													"children": [
														{
															"name": "R antler base 6",
															"from": [ 0.3, 2.8, 0.1 ],
															"to": [ 0.8, 5.8, 0.6 ],
															"unwrapMode": 3,
															"uv": [ 4.0, 2.0 ],
															"rotationOrigin": [ 0.3, 2.8, 0.7 ],
															"rotationZ": 25.0,
															"faces": {
																"north": { "texture": "#whitetail-antlers", "uv": [ 5.5, 2.5, 6.0, 5.5 ] },
																"east": { "texture": "#whitetail-antlers", "uv": [ 5.0, 2.5, 5.5, 5.5 ] },
																"south": { "texture": "#whitetail-antlers", "uv": [ 4.5, 2.5, 5.0, 5.5 ] },
																"west": { "texture": "#whitetail-antlers", "uv": [ 4.0, 2.5, 4.5, 5.5 ] },
																"up": { "texture": "#whitetail-antlers", "uv": [ 4.5, 2.0, 5.0, 2.5 ] },
																"down": { "texture": "#whitetail-antlers", "uv": [ 4.5, 5.5, 5.0, 6.0 ], "rotation": 180 }
															},
															"children": [
																{
																	"name": "R antler point 4",
																	"from": [ 0.0, 0.4, 0.3 ],
																	"to": [ 0.5, 1.9, 0.8 ],
																	"unwrapMode": 2,
																	"uv": [ 9.0, 5.5 ],
																	"rotationOrigin": [ 0.0, 0.4, 0.3 ],
																	"rotationX": 75.0,
																	"rotationY": -1.0,
																	"faces": {
																		"north": { "texture": "#whitetail-antlers", "uv": [ 10.0, 6.0, 10.5, 7.5 ] },
																		"east": { "texture": "#whitetail-antlers", "uv": [ 9.5, 6.0, 10.0, 7.5 ] },
																		"south": { "texture": "#whitetail-antlers", "uv": [ 9.0, 6.0, 9.5, 7.5 ] },
																		"west": { "texture": "#whitetail-antlers", "uv": [ 10.5, 6.0, 11.0, 7.5 ] },
																		"up": { "texture": "#whitetail-antlers", "uv": [ 9.5, 5.5, 10.0, 6.0 ], "rotation": 270 },
																		"down": { "texture": "#whitetail-antlers", "uv": [ 9.5, 7.5, 10.0, 8.0 ], "rotation": 270 }
																	}
																}
															]
														},
														{
															"name": "R antler point 3",
															"from": [ 0.2, 0.8, 0.5 ],
															"to": [ 0.7, 3.3, 1.0 ],
															"unwrapMode": 2,
															"uv": [ 2.0, 5.0 ],
															"rotationOrigin": [ 0.2, 0.8, 0.5 ],
															"rotationX": 75.0,
															"faces": {
																"north": { "texture": "#whitetail-antlers", "uv": [ 3.0, 5.5, 3.5, 8.0 ] },
																"east": { "texture": "#whitetail-antlers", "uv": [ 2.5, 5.5, 3.0, 8.0 ] },
																"south": { "texture": "#whitetail-antlers", "uv": [ 2.0, 5.5, 2.5, 8.0 ] },
																"west": { "texture": "#whitetail-antlers", "uv": [ 3.5, 5.5, 4.0, 8.0 ] },
																"up": { "texture": "#whitetail-antlers", "uv": [ 2.5, 5.0, 3.0, 5.5 ], "rotation": 270 },
																"down": { "texture": "#whitetail-antlers", "uv": [ 2.5, 8.0, 3.0, 8.5 ], "rotation": 270 }
															}
														}
													]
												},
												{
													"name": "R antler point 2",
													"from": [ 0.0, 0.5, 0.6 ],
													"to": [ 0.5, 3.5, 1.1 ],
													"unwrapMode": 2,
													"uv": [ 2.0, 8.5 ],
													"rotationOrigin": [ 0.0, 0.5, 0.6 ],
													"rotationX": 90.0,
													"faces": {
														"north": { "texture": "#whitetail-antlers", "uv": [ 3.0, 9.0, 3.5, 12.0 ] },
														"east": { "texture": "#whitetail-antlers", "uv": [ 2.5, 9.0, 3.0, 12.0 ] },
														"south": { "texture": "#whitetail-antlers", "uv": [ 2.0, 9.0, 2.5, 12.0 ] },
														"west": { "texture": "#whitetail-antlers", "uv": [ 3.5, 9.0, 4.0, 12.0 ] },
														"up": { "texture": "#whitetail-antlers", "uv": [ 2.5, 8.5, 3.0, 9.0 ], "rotation": 270 },
														"down": { "texture": "#whitetail-antlers", "uv": [ 2.5, 12.0, 3.0, 12.5 ], "rotation": 270 }
													}
												}
											]
										},
										{
											"name": "R antler point 1",
											"from": [ 0.0, -0.2, 0.5 ],
											"to": [ 0.5, 1.8, 1.0 ],
											"unwrapMode": 1,
											"uv": [ 2.0, 2.0 ],
											"rotationOrigin": [ 0.0, -0.2, 0.5 ],
											"rotationX": 80.0,
											"rotationY": 1.0,
											"faces": {
												"north": { "texture": "#whitetail-antlers", "uv": [ 2.5, 2.5, 3.0, 4.5 ] },
												"east": { "texture": "#whitetail-antlers", "uv": [ 2.0, 2.5, 2.5, 4.5 ] },
												"south": { "texture": "#whitetail-antlers", "uv": [ 3.5, 2.5, 4.0, 4.5 ] },
												"west": { "texture": "#whitetail-antlers", "uv": [ 3.0, 2.5, 3.5, 4.5 ] },
												"up": { "texture": "#whitetail-antlers", "uv": [ 2.5, 2.0, 3.0, 2.5 ], "rotation": 180 },
												"down": { "texture": "#whitetail-antlers", "uv": [ 2.5, 4.5, 3.0, 5.0 ] }
											}
										}
									]
								}
							]
						}
					]
				},
				{
					"name": "L antler base",
					"from": [ 0.5, 0.7, 1.7 ],
					"to": [ 1.6, 2.0, 2.8 ],
					"unwrapMode": 4,
					"uv": [ 10.0, 13.0 ],
					"rotationOrigin": [ 0.5, 0.7, 1.7 ],
					"rotationX": 30.0,
					"rotationZ": -25.0,
					"faces": {
						"north": { "texture": "#whitetail-antlers", "uv": [ 10.0, 14.0, 11.0, 15.0 ] },
						"east": { "texture": "#whitetail-antlers", "uv": [ 13.0, 14.0, 14.0, 15.0 ] },
						"south": { "texture": "#whitetail-antlers", "uv": [ 12.0, 14.0, 13.0, 15.0 ] },
						"west": { "texture": "#whitetail-antlers", "uv": [ 11.0, 14.0, 12.0, 15.0 ], "windMode": [-1,-1,-1,-1], "windData": [0,0,1,1] },
						"up": { "texture": "#whitetail-antlers", "uv": [ 11.0, 13.0, 12.0, 14.0 ], "rotation": 90 },
						"down": { "texture": "#whitetail-antlers", "uv": [ 11.0, 15.0, 12.0, 16.0 ], "rotation": 90 }
					},
					"children": [
						{
							"name": "L antler base 2",
							"from": [ 0.1, 1.2, 0.1 ],
							"to": [ 1.1, 4.2, 1.1 ],
							"unwrapMode": 4,
							"uv": [ 10.0, 8.0 ],
							"rotationOrigin": [ 0.1, 1.2, 0.1 ],
							"rotationX": 11.0,
							"rotationZ": -10.0,
							"faces": {
								"north": { "texture": "#whitetail-antlers", "uv": [ 10.0, 9.0, 11.0, 12.0 ] },
								"east": { "texture": "#whitetail-antlers", "uv": [ 13.0, 9.0, 14.0, 12.0 ] },
								"south": { "texture": "#whitetail-antlers", "uv": [ 12.0, 9.0, 13.0, 12.0 ] },
								"west": { "texture": "#whitetail-antlers", "uv": [ 11.0, 9.0, 12.0, 12.0 ] },
								"up": { "texture": "#whitetail-antlers", "uv": [ 11.0, 8.0, 12.0, 9.0 ], "rotation": 90 },
								"down": { "texture": "#whitetail-antlers", "uv": [ 11.0, 12.0, 12.0, 13.0 ], "rotation": 90 }
							},
							"children": [
								{
									"name": "L antler base 3",
									"from": [ 0.2, 2.6, -0.1 ],
									"to": [ 1.1, 4.6, 0.8 ],
									"unwrapMode": 1,
									"uv": [ 0.0, 13.0 ],
									"rotationOrigin": [ 0.2, 2.6, -0.1 ],
									"rotationX": 28.0,
									"rotationZ": 38.0,
									"faces": {
										"north": { "texture": "#whitetail-antlers", "uv": [ 0.5, 13.5, 1.0, 15.5 ] },
										"east": { "texture": "#whitetail-antlers", "uv": [ 0.0, 13.5, 0.5, 15.5 ] },
										"south": { "texture": "#whitetail-antlers", "uv": [ 1.5, 13.5, 2.0, 15.5 ] },
										"west": { "texture": "#whitetail-antlers", "uv": [ 1.0, 13.5, 1.5, 15.5 ] },
										"up": { "texture": "#whitetail-antlers", "uv": [ 0.5, 13.0, 1.0, 13.5 ], "rotation": 180 },
										"down": { "texture": "#whitetail-antlers", "uv": [ 0.5, 15.5, 1.0, 16.0 ] }
									},
									"children": [
										{
											"name": "L antler base 4",
											"from": [ 0.1, 1.4, 0.0 ],
											"to": [ 0.9, 3.4, 0.8 ],
											"unwrapMode": 1,
											"uv": [ 0.0, 10.0 ],
											"rotationOrigin": [ 0.1, 1.4, 0.0 ],
											"rotationX": 20.0,
											"rotationY": 20.0,
											"rotationZ": 45.0,
											"faces": {
												"north": { "texture": "#whitetail-antlers", "uv": [ 0.5, 10.5, 1.0, 12.5 ] },
												"east": { "texture": "#whitetail-antlers", "uv": [ 0.0, 10.5, 0.5, 12.5 ] },
												"south": { "texture": "#whitetail-antlers", "uv": [ 1.5, 10.5, 2.0, 12.5 ] },
												"west": { "texture": "#whitetail-antlers", "uv": [ 1.0, 10.5, 1.5, 12.5 ] },
												"up": { "texture": "#whitetail-antlers", "uv": [ 0.5, 10.0, 1.0, 10.5 ], "rotation": 180 },
												"down": { "texture": "#whitetail-antlers", "uv": [ 0.5, 12.5, 1.0, 13.0 ] }
											},
											"children": [
												{
													"name": "L antler base 5",
													"from": [ 0.2, 1.4, 0.0 ],
													"to": [ 1.0, 4.4, 0.8 ],
													"unwrapMode": 1,
													"uv": [ 0.0, 6.0 ],
													"rotationOrigin": [ 0.2, 1.4, 0.0 ],
													"rotationZ": 45.0,
													"faces": {
														"north": { "texture": "#whitetail-antlers", "uv": [ 0.5, 6.5, 1.0, 9.5 ] },
														"east": { "texture": "#whitetail-antlers", "uv": [ 0.0, 6.5, 0.5, 9.5 ] },
														"south": { "texture": "#whitetail-antlers", "uv": [ 1.5, 6.5, 2.0, 9.5 ] },
														"west": { "texture": "#whitetail-antlers", "uv": [ 1.0, 6.5, 1.5, 9.5 ] },
														"up": { "texture": "#whitetail-antlers", "uv": [ 0.5, 6.0, 1.0, 6.5 ], "rotation": 180 },
														"down": { "texture": "#whitetail-antlers", "uv": [ 0.5, 9.5, 1.0, 10.0 ] }
													},
													"children": [
														{
															"name": "L antler base 6",
															"from": [ 0.2, 2.8, 0.2 ],
															"to": [ 0.7, 5.8, 0.7 ],
															"unwrapMode": 1,
															"uv": [ 0.0, 2.0 ],
															"rotationOrigin": [ 0.2, 2.8, 0.2 ],
															"rotationZ": 25.0,
															"faces": {
																"north": { "texture": "#whitetail-antlers", "uv": [ 0.5, 2.5, 1.0, 5.5 ] },
																"east": { "texture": "#whitetail-antlers", "uv": [ 0.0, 2.5, 0.5, 5.5 ] },
																"south": { "texture": "#whitetail-antlers", "uv": [ 1.5, 2.5, 2.0, 5.5 ] },
																"west": { "texture": "#whitetail-antlers", "uv": [ 1.0, 2.5, 1.5, 5.5 ] },
																"up": { "texture": "#whitetail-antlers", "uv": [ 0.5, 2.0, 1.0, 2.5 ], "rotation": 180 },
																"down": { "texture": "#whitetail-antlers", "uv": [ 0.5, 5.5, 1.0, 6.0 ] }
															},
															"children": [
																{
																	"name": "L antler point 4",
																	"from": [ 0.0, 0.0, 0.0 ],
																	"to": [ 0.5, 1.5, 0.5 ],
																	"unwrapMode": 2,
																	"uv": [ 7.0, 1.0 ],
																	"rotationOrigin": [ 0.0, 0.0, 0.0 ],
																	"rotationX": -75.0,
																	"rotationY": 1.0,
																	"faces": {
																		"north": { "texture": "#whitetail-antlers", "uv": [ 8.0, 1.5, 8.5, 3.0 ] },
																		"east": { "texture": "#whitetail-antlers", "uv": [ 7.5, 1.5, 8.0, 3.0 ] },
																		"south": { "texture": "#whitetail-antlers", "uv": [ 7.0, 1.5, 7.5, 3.0 ] },
																		"west": { "texture": "#whitetail-antlers", "uv": [ 8.5, 1.5, 9.0, 3.0 ] },
																		"up": { "texture": "#whitetail-antlers", "uv": [ 7.5, 1.0, 8.0, 1.5 ], "rotation": 270 },
																		"down": { "texture": "#whitetail-antlers", "uv": [ 7.5, 3.0, 8.0, 3.5 ], "rotation": 270 }
																	}
																}
															]
														},
														{
															"name": "L antler point 3",
															"from": [ 0.2, 0.0, 0.3 ],
															"to": [ 0.7, 2.5, 0.8 ],
															"unwrapMode": 2,
															"uv": [ 2.0, 5.0 ],
															"rotationOrigin": [ 0.2, 0.0, 0.3 ],
															"rotationX": -75.0,
															"faces": {
																"north": { "texture": "#whitetail-antlers", "uv": [ 3.0, 5.5, 3.5, 8.0 ] },
																"east": { "texture": "#whitetail-antlers", "uv": [ 2.5, 5.5, 3.0, 8.0 ] },
																"south": { "texture": "#whitetail-antlers", "uv": [ 2.0, 5.5, 2.5, 8.0 ] },
																"west": { "texture": "#whitetail-antlers", "uv": [ 3.5, 5.5, 4.0, 8.0 ] },
																"up": { "texture": "#whitetail-antlers", "uv": [ 2.5, 5.0, 3.0, 5.5 ], "rotation": 270 },
																"down": { "texture": "#whitetail-antlers", "uv": [ 2.5, 8.0, 3.0, 8.5 ], "rotation": 270 }
															}
														}
													]
												},
												{
													"name": "L antler point 2",
													"from": [ 0.0, 0.0, 0.2 ],
													"to": [ 0.5, 3.0, 0.7 ],
													"unwrapMode": 2,
													"uv": [ 2.0, 8.5 ],
													"rotationOrigin": [ 0.0, 0.0, 0.2 ],
													"rotationX": -90.0,
													"faces": {
														"north": { "texture": "#whitetail-antlers", "uv": [ 3.0, 9.0, 3.5, 12.0 ] },
														"east": { "texture": "#whitetail-antlers", "uv": [ 2.5, 9.0, 3.0, 12.0 ] },
														"south": { "texture": "#whitetail-antlers", "uv": [ 2.0, 9.0, 2.5, 12.0 ] },
														"west": { "texture": "#whitetail-antlers", "uv": [ 3.5, 9.0, 4.0, 12.0 ] },
														"up": { "texture": "#whitetail-antlers", "uv": [ 2.5, 8.5, 3.0, 9.0 ], "rotation": 270 },
														"down": { "texture": "#whitetail-antlers", "uv": [ 2.5, 12.0, 3.0, 12.5 ], "rotation": 270 }
													}
												}
											]
										},
										{
											"name": "L antler point 1",
											"from": [ 0.0, -0.6, 0.2 ],
											"to": [ 0.5, 1.4, 0.7 ],
											"unwrapMode": 3,
											"uv": [ 2.0, 12.5 ],
											"rotationOrigin": [ 0.0, -0.6, 0.2 ],
											"rotationX": -80.0,
											"faces": {
												"north": { "texture": "#whitetail-antlers", "uv": [ 3.5, 13.0, 4.0, 15.0 ] },
												"east": { "texture": "#whitetail-antlers", "uv": [ 3.0, 13.0, 3.5, 15.0 ] },
												"south": { "texture": "#whitetail-antlers", "uv": [ 2.5, 13.0, 3.0, 15.0 ] },
												"west": { "texture": "#whitetail-antlers", "uv": [ 2.0, 13.0, 2.5, 15.0 ] },
												"up": { "texture": "#whitetail-antlers", "uv": [ 2.5, 12.5, 3.0, 13.0 ] },
												"down": { "texture": "#whitetail-antlers", "uv": [ 2.5, 15.0, 3.0, 15.5 ], "rotation": 180 }
											}
										}
									]
								}
							]
						}
					]
				}
			]
		}
	]}