{
  "textureWidth":16,
  "textureHeight":16,
  "textures":{
    "material":"game:block/metal/ingot/copper"
  },
  "textureSizes":{
    "material":[
      32,
      32
    ]
  },
  "elements":[
    {
      "name":"origin",
      "from":[
        15.28004789352417,
        0.5,
        9.914989352226257
      ],
      "to":[
        15.28004789352417,
        0.5,
        9.914989352226257
      ],
      "rotationOrigin":[
        8.0,
        0.0,
        8.000000953674316
      ],
      "group":"simple",
      "faces":{
        "north":{
          "texture":"#0",
          "uv":[
            0,
            0,
            4,
            4
          ],
          "autoUv":false
        },
        "east":{
          "texture":"#0",
          "uv":[
            0,
            0,
            4,
            4
          ],
          "autoUv":false
        },
        "south":{
          "texture":"#0",
          "uv":[
            0,
            0,
            4,
            4
          ],
          "autoUv":false
        },
        "west":{
          "texture":"#0",
          "uv":[
            0,
            0,
            4,
            4
          ],
          "autoUv":false
        },
        "up":{
          "texture":"#material",
          "uv":[
            0.0,
            0.0,
            1.0,
            1.0
          ],
          "autoUv":false,
          "rotation":180
        },
        "down":{
          "texture":"#0",
          "uv":[
            0,
            0,
            4,
            4
          ],
          "autoUv":false
        }
      },
      "children":[
        {
          "name":"simple_head 01",
          "from":[
            -0.6059199571609497,
            -0.7021093964576721,
            -2.8702024817466736
          ],
          "to":[
            0.9848891496658325,
            1.1050825715065002,
            -1.0630105137825012
          ],
          "rotationOrigin":[
            0.3661942481994629,
            0.20148658752441406,
            -1.9666064977645874
          ],
          "rotationY":-1.3660378340025502e-05,
          "group":"simple",
          "faces":{
            "north":{
              "texture":"#material",
              "uv":[
                28.462175369262695,
                5.5559844970703125,
                30.52940559387207,
                11.136743545532227
              ],
              "autoUv":false
            },
            "east":{
              "texture":"#material",
              "uv":[
                17.0,
                14.0,
                13.0,
                18.000000953674316
              ],
              "autoUv":false
            },
            "south":{
              "texture":"#material",
              "uv":[
                26.443519592285156,
                0.07876396179199219,
                28.5107479095459,
                5.659515380859375
              ],
              "autoUv":false
            },
            "west":{
              "texture":"#material",
              "uv":[
                13.0,
                14.0,
                17.0,
                18.000000953674316
              ],
              "autoUv":false
            },
            "up":{
              "texture":"#material",
              "uv":[
                12.000000953674316,
                23.0,
                15.0,
                25.99976110458374
              ],
              "autoUv":false,
              "rotation":90
            },
            "down":{
              "texture":"#material",
              "uv":[
                12.0,
                25.99976110458374,
                15.0,
                23.0
              ],
              "autoUv":false,
              "rotation":90
            }
          },
          "children":[]
        },
        {
          "name":"simple_head 02",
          "from":[
            0.012836992740631104,
            -0.5135958790779114,
            -3.503451108932495
          ],
          "to":[
            0.6915217339992523,
            0.9165690541267395,
            -0.4297581911087036
          ],
          "rotationOrigin":[
            0.42642641067504883,
            0.20148658752441406,
            -1.9666045904159546
          ],
          "rotationY":-6.830188762901752e-06,
          "group":"simple",
          "faces":{
            "north":{
              "texture":"#material",
              "uv":[
                28.843400955200195,
                6.138132095336914,
                29.7253360748291,
                10.554601669311523
              ],
              "autoUv":false
            },
            "east":{
              "texture":"#material",
              "uv":[
                5.0,
                23.999999046325684,
                11.0,
                25.990917205810547
              ],
              "autoUv":false
            },
            "south":{
              "texture":"#material",
              "uv":[
                27.247581481933594,
                0.5202884674072266,
                28.129518508911133,
                4.936746597290039
              ],
              "autoUv":false
            },
            "west":{
              "texture":"#material",
              "uv":[
                11.0,
                23.999999046325684,
                5.0,
                25.990917205810547
              ],
              "autoUv":false
            },
            "up":{
              "texture":"#material",
              "uv":[
                14.000000953674316,
                23.999999046325684,
                9.0,
                25.990917205810547
              ],
              "autoUv":false,
              "rotation":90
            },
            "down":{
              "texture":"#material",
              "uv":[
                14.0,
                25.990917205810547,
                9.0,
                23.999999046325684
              ],
              "autoUv":false,
              "rotation":90
            }
          },
          "children":[]
        },
        {
          "name":"simple_head 03",
          "from":[
            -0.3604123294353485,
            -0.25459009408950806,
            -3.861916482448578
          ],
          "to":[
            0.18014973402023315,
            0.6575632691383362,
            -2.9479406476020813
          ],
          "rotationOrigin":[
            -0.09013128280639648,
            0.20148658752441406,
            -3.4049285650253296
          ],
          "rotationX":89.99998884409983,
          "rotationY":-1.227866213219841e-06,
          "rotationZ":-151.48527662047374,
          "group":"simple",
          "faces":{
            "north":{
              "texture":"#material",
              "uv":[
                14.291069030761719,
                23.655620574951172,
                13.064714431762695,
                25.442382335662842
              ],
              "autoUv":false,
              "rotation":90
            },
            "east":{
              "texture":"#material",
              "uv":[
                11.0,
                20.0,
                13.0,
                22.000000953674316
              ],
              "autoUv":false,
              "rotation":90
            },
            "south":{
              "texture":"#material",
              "uv":[
                13.064714431762695,
                23.655620574951172,
                14.291069030761719,
                25.442382335662842
              ],
              "autoUv":false,
              "rotation":270
            },
            "west":{
              "texture":"#material",
              "uv":[
                27.407390594482422,
                1.3172969818115234,
                28.176565170288086,
                4.139730453491211
              ],
              "autoUv":false,
              "rotation":270
            },
            "up":{
              "texture":"#material",
              "uv":[
                13.050203323364258,
                15.085165023803711,
                13.549287796020508,
                17.68595600128174
              ],
              "autoUv":false
            },
            "down":{
              "texture":"#material",
              "uv":[
                11.87008285522461,
                17.685946464538574,
                12.369166374206543,
                15.085166931152344
              ],
              "autoUv":false,
              "rotation":180
            }
          },
          "children":[]
        },
        {
          "name":"simple_head 04",
          "from":[
            -0.36041226983070374,
            -0.25459009408950806,
            -0.9852718710899353
          ],
          "to":[
            0.18014973402023315,
            0.6575632691383362,
            -0.07129603624343872
          ],
          "rotationOrigin":[
            -0.09013128280639648,
            0.20148658752441406,
            -0.528283953666687
          ],
          "rotationX":-89.99998201391065,
          "rotationY":7.685360021213693e-08,
          "rotationZ":28.514745463955517,
          "group":"simple",
          "faces":{
            "north":{
              "texture":"#material",
              "uv":[
                17.563386917114258,
                24.250895500183105,
                16.338319778442383,
                26.037657737731934
              ],
              "autoUv":false,
              "rotation":270
            },
            "east":{
              "texture":"#material",
              "uv":[
                28.176565170288086,
                1.3172969818115234,
                27.407390594482422,
                4.139730453491211
              ],
              "autoUv":false,
              "rotation":270
            },
            "south":{
              "texture":"#material",
              "uv":[
                16.338319778442383,
                24.250895500183105,
                17.563386917114258,
                26.037657737731934
              ],
              "autoUv":false,
              "rotation":90
            },
            "west":{
              "texture":"#material",
              "uv":[
                10.999999046325684,
                19.999999046325684,
                13.000000953674316,
                22.0
              ],
              "autoUv":false,
              "rotation":90
            },
            "up":{
              "texture":"#material",
              "uv":[
                11.87008285522461,
                15.085166931152344,
                12.369166374206543,
                17.685946464538574
              ],
              "autoUv":false,
              "rotation":180
            },
            "down":{
              "texture":"#material",
              "uv":[
                13.050203323364258,
                17.68595600128174,
                13.549287796020508,
                15.085165023803711
              ],
              "autoUv":false
            }
          },
          "children":[]
        },
        {
          "name":"simple_head 05",
          "from":[
            -0.6055582761764526,
            0.6114998906850815,
            -1.2674597650766373
          ],
          "to":[
            0.9845274686813354,
            1.020397111773491,
            -0.8585623502731323
          ],
          "rotationOrigin":[
            0.3661942481994629,
            0.815948486328125,
            -1.0630110502243042
          ],
          "rotationX":44.99997734657699,
          "rotationY":-4.829670146469604e-06,
          "rotationZ":1.3869123690657316e-05,
          "group":"simple",
          "faces":{
            "north":{
              "texture":"#material",
              "uv":[
                25.6606502532959,
                23.337904930114746,
                26.26361083984375,
                27.28461790084839
              ],
              "autoUv":false,
              "rotation":270
            },
            "east":{
              "texture":"#material",
              "uv":[
                18.0,
                14.0,
                17.0,
                15.0
              ],
              "autoUv":false,
              "rotation":90
            },
            "south":{
              "texture":"#material",
              "uv":[
                24.30398941040039,
                23.337904930114746,
                24.906951904296875,
                27.284618377685547
              ],
              "autoUv":false,
              "rotation":90
            },
            "west":{
              "texture":"#material",
              "uv":[
                17.0,
                14.0,
                18.0,
                15.0
              ],
              "autoUv":false,
              "rotation":270
            },
            "up":{
              "texture":"#material",
              "uv":[
                14.999998092651367,
                23.0,
                16.0,
                26.000060081481934
              ],
              "autoUv":false,
              "rotation":90
            },
            "down":{
              "texture":"#material",
              "uv":[
                25.6606502532959,
                27.284618377685547,
                24.906953811645508,
                23.337904930114746
              ],
              "autoUv":false,
              "rotation":90
            }
          },
          "children":[]
        },
        {
          "name":"simple_head 06",
          "from":[
            -0.6055563688278198,
            0.6114998906850815,
            -3.074650600552559
          ],
          "to":[
            0.9845293760299683,
            1.0203970670700073,
            -2.6657532453536987
          ],
          "rotationOrigin":[
            0.3661961555480957,
            0.815948486328125,
            -2.8702019453048706
          ],
          "rotationX":44.99997734657699,
          "rotationY":-4.829670146469604e-06,
          "rotationZ":1.3869123690657316e-05,
          "group":"simple",
          "faces":{
            "north":{
              "texture":"#material",
              "uv":[
                11.000000953674316,
                23.0,
                12.0,
                26.000059604644775
              ],
              "autoUv":false,
              "rotation":270
            },
            "east":{
              "texture":"#material",
              "uv":[
                13.0,
                14.0,
                12.0,
                15.000001907348633
              ],
              "autoUv":false,
              "rotation":90
            },
            "south":{
              "texture":"#material",
              "uv":[
                17.88031768798828,
                10.961952209472656,
                19.783594131469727,
                12.125043869018555
              ],
              "autoUv":false
            },
            "west":{
              "texture":"#material",
              "uv":[
                12.0,
                14.0,
                13.0,
                15.0
              ],
              "autoUv":false,
              "rotation":270
            },
            "up":{
              "texture":"#material",
              "uv":[
                17.88031768798828,
                9.508089065551758,
                19.783594131469727,
                10.961950302124023
              ],
              "autoUv":false
            },
            "down":{
              "texture":"#material",
              "uv":[
                19.783594131469727,
                13.578908920288086,
                17.88031768798828,
                12.125043869018555
              ],
              "autoUv":false
            }
          },
          "children":[]
        },
        {
          "name":"simple_head 07",
          "from":[
            -0.6055582761764526,
            -0.6174239069223404,
            -1.2674597650766373
          ],
          "to":[
            0.9845274686813354,
            -0.20852674543857574,
            -0.8585622906684875
          ],
          "rotationOrigin":[
            0.3661942481994629,
            -0.4129753112792969,
            -1.0630110502243042
          ],
          "rotationX":44.99997734657699,
          "rotationY":-4.829670146469604e-06,
          "rotationZ":1.3869123690657316e-05,
          "group":"simple",
          "faces":{
            "north":{
              "texture":"#material",
              "uv":[
                17.88032341003418,
                24.599618434906006,
                19.78359603881836,
                25.762712478637695
              ],
              "autoUv":false,
              "rotation":180
            },
            "east":{
              "texture":"#material",
              "uv":[
                18.0,
                17.0,
                17.0,
                18.000000953674316
              ],
              "autoUv":false,
              "rotation":90
            },
            "south":{
              "texture":"#material",
              "uv":[
                16.0,
                23.0,
                15.0,
                26.000059604644775
              ],
              "autoUv":false,
              "rotation":90
            },
            "west":{
              "texture":"#material",
              "uv":[
                17.0,
                17.0,
                18.0,
                18.000000953674316
              ],
              "autoUv":false,
              "rotation":270
            },
            "up":{
              "texture":"#material",
              "uv":[
                17.880321502685547,
                25.762712001800537,
                19.783597946166992,
                27.216577529907227
              ],
              "autoUv":false
            },
            "down":{
              "texture":"#material",
              "uv":[
                19.78359603881836,
                24.59961986541748,
                17.880321502685547,
                23.145753860473633
              ],
              "autoUv":false
            }
          },
          "children":[]
        },
        {
          "name":"simple_head 08",
          "from":[
            -0.6055563688278198,
            -0.6174238845705986,
            -3.0746506601572037
          ],
          "to":[
            0.9845293760299683,
            -0.20852672308683395,
            -2.6657532453536987
          ],
          "rotationOrigin":[
            0.3661961555480957,
            -0.4129753038287163,
            -2.8702019453048706
          ],
          "rotationX":44.99997734657699,
          "rotationY":-4.829670146469604e-06,
          "rotationZ":1.3869123690657316e-05,
          "group":"simple",
          "faces":{
            "north":{
              "texture":"#material",
              "uv":[
                24.303991317749023,
                10.106626510620117,
                24.906949996948242,
                14.053339004516602
              ],
              "autoUv":false,
              "rotation":270
            },
            "east":{
              "texture":"#material",
              "uv":[
                13.0,
                17.0,
                12.0,
                18.000000953674316
              ],
              "autoUv":false,
              "rotation":90
            },
            "south":{
              "texture":"#material",
              "uv":[
                25.66065216064453,
                10.106626510620117,
                26.26361083984375,
                14.053339004516602
              ],
              "autoUv":false,
              "rotation":90
            },
            "west":{
              "texture":"#material",
              "uv":[
                12.0,
                16.999999046325684,
                13.0,
                18.000000953674316
              ],
              "autoUv":false,
              "rotation":270
            },
            "up":{
              "texture":"#material",
              "uv":[
                24.90694808959961,
                10.106626510620117,
                25.6606502532959,
                14.053339004516602
              ],
              "autoUv":false,
              "rotation":90
            },
            "down":{
              "texture":"#material",
              "uv":[
                11.0,
                26.000060081481934,
                11.999999046325684,
                23.0
              ],
              "autoUv":false,
              "rotation":90
            }
          },
          "children":[]
        },
        {
          "name":"simple_head 09",
          "from":[
            -0.6009281277656555,
            -0.4129751920700073,
            -1.1827734857797623
          ],
          "to":[
            0.9824010729789734,
            0.8159483671188354,
            -0.7738760709762573
          ],
          "rotationOrigin":[
            0.3661942481994629,
            0.20148658752441406,
            -0.9783247709274292
          ],
          "rotationY":-6.830188762901752e-06,
          "group":"simple",
          "faces":{
            "north":{
              "texture":"#material",
              "uv":[
                2.377164602279663,
                19.483230590820312,
                4.327020168304443,
                23.079692840576172
              ],
              "autoUv":false,
              "rotation":180
            },
            "east":{
              "texture":"#material",
              "uv":[
                18.0,
                14.0,
                17.0,
                18.000000953674316
              ],
              "autoUv":false
            },
            "south":{
              "texture":"#material",
              "uv":[
                13.00941276550293,
                16.0,
                15.995307922363281,
                19.0
              ],
              "autoUv":false
            },
            "west":{
              "texture":"#material",
              "uv":[
                17.0,
                14.0,
                18.0,
                18.000000953674316
              ],
              "autoUv":false
            },
            "up":{
              "texture":"#material",
              "uv":[
                2.377164363861084,
                23.079692840576172,
                4.327020168304443,
                24.575496673583984
              ],
              "autoUv":false
            },
            "down":{
              "texture":"#material",
              "uv":[
                4.327020645141602,
                19.483232498168945,
                2.377164840698242,
                17.987425804138184
              ],
              "autoUv":false
            }
          },
          "children":[]
        },
        {
          "name":"simple_head 10",
          "from":[
            -0.6009262204170227,
            -0.4129751920700073,
            -3.1593369394540787
          ],
          "to":[
            0.9824029803276062,
            0.8159483671188354,
            -2.7504395246505737
          ],
          "rotationOrigin":[
            0.3661961555480957,
            0.20148658752441406,
            -2.9548882246017456
          ],
          "rotationY":-6.830188762901752e-06,
          "group":"simple",
          "faces":{
            "north":{
              "texture":"#material",
              "uv":[
                15.995307922363281,
                16.0,
                13.009415626525879,
                19.0
              ],
              "autoUv":false
            },
            "east":{
              "texture":"#material",
              "uv":[
                13.0,
                14.0,
                12.0,
                18.000000953674316
              ],
              "autoUv":false
            },
            "south":{
              "texture":"#material",
              "uv":[
                9.005729675292969,
                19.483230590820312,
                10.955585479736328,
                23.079692840576172
              ],
              "autoUv":false
            },
            "west":{
              "texture":"#material",
              "uv":[
                12.0,
                14.0,
                13.0,
                18.000000953674316
              ],
              "autoUv":false
            },
            "up":{
              "texture":"#material",
              "uv":[
                9.005729675292969,
                17.9874267578125,
                10.955585479736328,
                19.483232498168945
              ],
              "autoUv":false
            },
            "down":{
              "texture":"#material",
              "uv":[
                10.955586433410645,
                24.5754976272583,
                9.005728721618652,
                23.079692840576172
              ],
              "autoUv":false
            }
          },
          "children":[]
        },
        {
          "name":"simple_head 11",
          "from":[
            0.1464681327342987,
            -0.38690900802612305,
            -0.5088011622428894
          ],
          "to":[
            0.7216930687427521,
            0.7837511301040649,
            0.32019442319869995
          ],
          "rotationOrigin":[
            0.4340806007385254,
            0.19842147827148438,
            0.044803738594055176
          ],
          "rotationX":3.775633714366096e-05,
          "rotationY":84.00000233751295,
          "rotationZ":89.99997518372149,
          "group":"simple",
          "faces":{
            "north":{
              "texture":"#material",
              "uv":[
                8.054534912109375,
                23.40378189086914,
                10.402507781982422,
                24.57158088684082
              ],
              "autoUv":false,
              "rotation":270
            },
            "east":{
              "texture":"#material",
              "uv":[
                0.0,
                32.0,
                0.0,
                32.0
              ],
              "autoUv":false,
              "rotation":270
            },
            "south":{
              "texture":"#material",
              "uv":[
                10.575614929199219,
                23.40378189086914,
                8.227645874023438,
                24.57158088684082
              ],
              "autoUv":false,
              "rotation":90
            },
            "west":{
              "texture":"#material",
              "uv":[
                0.0,
                32.0,
                0.0,
                32.0
              ],
              "autoUv":false,
              "rotation":90
            },
            "up":{
              "texture":"#material",
              "uv":[
                0.0,
                32.0,
                0.0,
                32.0
              ],
              "autoUv":false,
              "rotation":180
            },
            "down":{
              "texture":"#material",
              "uv":[
                16.740955352783203,
                14.567630767822266,
                18.398744583129883,
                13.417320251464844
              ],
              "autoUv":false,
              "rotation":270
            }
          },
          "children":[]
        },
        {
          "name":"simple_head 12",
          "from":[
            0.024101227521896362,
            -0.38690900802612305,
            0.6554444432258606
          ],
          "to":[
            0.5993261635303497,
            0.7837511301040649,
            1.48444002866745
          ],
          "rotationOrigin":[
            0.31171369552612305,
            0.19842147827148438,
            1.2090493440628052
          ],
          "rotationX":3.775633714366096e-05,
          "rotationY":84.00000233751295,
          "rotationZ":89.99997518372149,
          "group":"simple",
          "faces":{
            "north":{
              "texture":"#material",
              "uv":[
                10.402503967285156,
                23.40378189086914,
                12.750480651855469,
                24.57158088684082
              ],
              "autoUv":false,
              "rotation":270
            },
            "east":{
              "texture":"#material",
              "uv":[
                0.0,
                32.0,
                0.0,
                32.0
              ],
              "autoUv":false,
              "rotation":270
            },
            "south":{
              "texture":"#material",
              "uv":[
                12.923588752746582,
                23.40378189086914,
                10.575614929199219,
                24.57158088684082
              ],
              "autoUv":false,
              "rotation":90
            },
            "west":{
              "texture":"#material",
              "uv":[
                0.0,
                32.0,
                0.0,
                32.0
              ],
              "autoUv":false,
              "rotation":90
            },
            "up":{
              "texture":"#material",
              "uv":[
                0.0,
                32.0,
                0.0,
                32.0
              ],
              "autoUv":false,
              "rotation":180
            },
            "down":{
              "texture":"#material",
              "uv":[
                16.740955352783203,
                14.567630767822266,
                18.398744583129883,
                13.417320251464844
              ],
              "autoUv":false,
              "rotation":270
            }
          },
          "children":[]
        },
        {
          "name":"simple_head 13",
          "from":[
            -0.09826567769050598,
            -0.38690900802612305,
            1.8196919560432434
          ],
          "to":[
            0.4769592583179474,
            0.7837511301040649,
            2.6486875414848328
          ],
          "rotationOrigin":[
            0.1893467903137207,
            0.19842147827148438,
            2.373296856880188
          ],
          "rotationX":3.775633714366096e-05,
          "rotationY":84.00000233751295,
          "rotationZ":89.99997518372149,
          "group":"simple",
          "faces":{
            "north":{
              "texture":"#material",
              "uv":[
                12.750480651855469,
                23.40378189086914,
                15.098450660705566,
                24.57158088684082
              ],
              "autoUv":false,
              "rotation":270
            },
            "east":{
              "texture":"#material",
              "uv":[
                0.0,
                32.0,
                0.0,
                32.0
              ],
              "autoUv":false,
              "rotation":270
            },
            "south":{
              "texture":"#material",
              "uv":[
                15.271562576293945,
                23.40378189086914,
                12.923588752746582,
                24.57158088684082
              ],
              "autoUv":false,
              "rotation":90
            },
            "west":{
              "texture":"#material",
              "uv":[
                0.0,
                32.0,
                0.0,
                32.0
              ],
              "autoUv":false,
              "rotation":90
            },
            "up":{
              "texture":"#material",
              "uv":[
                0.0,
                32.0,
                0.0,
                32.0
              ],
              "autoUv":false,
              "rotation":180
            },
            "down":{
              "texture":"#material",
              "uv":[
                16.740955352783203,
                14.567630767822266,
                18.398744583129883,
                13.417320251464844
              ],
              "autoUv":false,
              "rotation":270
            }
          },
          "children":[]
        },
        {
          "name":"simple_head 14",
          "from":[
            -0.22063258290290833,
            -0.38690900802612305,
            2.983939468860626
          ],
          "to":[
            0.35459235310554504,
            0.7837511301040649,
            3.8129350543022156
          ],
          "rotationOrigin":[
            0.06697988510131836,
            0.19842147827148438,
            3.537544369697571
          ],
          "rotationX":3.775633714366096e-05,
          "rotationY":84.00000233751295,
          "rotationZ":89.99997518372149,
          "group":"simple",
          "faces":{
            "north":{
              "texture":"#material",
              "uv":[
                15.098450660705566,
                23.40378189086914,
                17.446428298950195,
                24.57158088684082
              ],
              "autoUv":false,
              "rotation":270
            },
            "east":{
              "texture":"#material",
              "uv":[
                0.0,
                32.0,
                0.0,
                32.0
              ],
              "autoUv":false,
              "rotation":270
            },
            "south":{
              "texture":"#material",
              "uv":[
                17.619537353515625,
                23.40378189086914,
                15.271567344665527,
                24.57158088684082
              ],
              "autoUv":false,
              "rotation":90
            },
            "west":{
              "texture":"#material",
              "uv":[
                0.0,
                32.0,
                0.0,
                32.0
              ],
              "autoUv":false,
              "rotation":90
            },
            "up":{
              "texture":"#material",
              "uv":[
                0.0,
                32.0,
                0.0,
                32.0
              ],
              "autoUv":false,
              "rotation":180
            },
            "down":{
              "texture":"#material",
              "uv":[
                16.740955352783203,
                14.567630767822266,
                18.398744583129883,
                13.417320251464844
              ],
              "autoUv":false,
              "rotation":270
            }
          },
          "children":[]
        },
        {
          "name":"simple_head 15",
          "from":[
            -0.3430004417896271,
            -0.38690900802612305,
            4.148186981678009
          ],
          "to":[
            0.2322244942188263,
            0.7837511301040649,
            4.977182567119598
          ],
          "rotationOrigin":[
            -0.05538797378540039,
            0.19842147827148438,
            4.701791882514954
          ],
          "rotationX":3.775633714366096e-05,
          "rotationY":84.00000233751295,
          "rotationZ":89.99997518372149,
          "group":"simple",
          "faces":{
            "north":{
              "texture":"#material",
              "uv":[
                17.446426391601562,
                23.40378189086914,
                19.794403076171875,
                24.57158088684082
              ],
              "autoUv":false,
              "rotation":270
            },
            "east":{
              "texture":"#material",
              "uv":[
                0.0,
                32.0,
                0.0,
                32.0
              ],
              "autoUv":false,
              "rotation":270
            },
            "south":{
              "texture":"#material",
              "uv":[
                19.96750831604004,
                23.40378189086914,
                17.619537353515625,
                24.57158088684082
              ],
              "autoUv":false,
              "rotation":90
            },
            "west":{
              "texture":"#material",
              "uv":[
                0.0,
                32.0,
                0.0,
                32.0
              ],
              "autoUv":false,
              "rotation":90
            },
            "up":{
              "texture":"#material",
              "uv":[
                0.0,
                32.0,
                0.0,
                32.0
              ],
              "autoUv":false,
              "rotation":180
            },
            "down":{
              "texture":"#material",
              "uv":[
                16.740955352783203,
                14.567630767822266,
                18.398744583129883,
                13.417320251464844
              ],
              "autoUv":false,
              "rotation":270
            }
          },
          "children":[]
        },
        {
          "name":"simple_head 16",
          "from":[
            -0.4653673470020294,
            -0.38690900802612305,
            5.312434494495392
          ],
          "to":[
            0.10985758900642395,
            0.7837511301040649,
            6.141430079936981
          ],
          "rotationOrigin":[
            -0.17775487899780273,
            0.19842147827148438,
            5.866039395332336
          ],
          "rotationX":3.775633714366096e-05,
          "rotationY":84.00000233751295,
          "rotationZ":89.99997518372149,
          "group":"simple",
          "faces":{
            "north":{
              "texture":"#material",
              "uv":[
                19.79440689086914,
                23.40378189086914,
                22.142372131347656,
                24.57158088684082
              ],
              "autoUv":false,
              "rotation":270
            },
            "east":{
              "texture":"#material",
              "uv":[
                0.0,
                32.0,
                0.0,
                32.0
              ],
              "autoUv":false,
              "rotation":270
            },
            "south":{
              "texture":"#material",
              "uv":[
                22.315486907958984,
                23.40378189086914,
                19.967514038085938,
                24.57158088684082
              ],
              "autoUv":false,
              "rotation":90
            },
            "west":{
              "texture":"#material",
              "uv":[
                0.0,
                32.0,
                0.0,
                32.0
              ],
              "autoUv":false,
              "rotation":90
            },
            "up":{
              "texture":"#material",
              "uv":[
                0.0,
                32.0,
                0.0,
                32.0
              ],
              "autoUv":false,
              "rotation":180
            },
            "down":{
              "texture":"#material",
              "uv":[
                16.740955352783203,
                14.567630767822266,
                18.398744583129883,
                13.417320251464844
              ],
              "autoUv":false,
              "rotation":270
            }
          },
          "children":[]
        },
        {
          "name":"simple_head 17",
          "from":[
            0.14572426676750183,
            0.1467851153212898,
            -0.5017115143773019
          ],
          "to":[
            0.7209492027759552,
            1.3174445876282839,
            0.3272840216523001
          ],
          "rotationOrigin":[
            0.4333367347717285,
            0.7321152687072754,
            0.05189335346221924
          ],
          "rotationX":-0.0003025450666916454,
          "rotationY":84.00009112997216,
          "rotationZ":94.00032135794957,
          "group":"simple",
          "faces":{
            "north":{
              "texture":"#material",
              "uv":[
                8.111932754516602,
                22.238828659057617,
                10.373706817626953,
                23.569568634033203
              ],
              "autoUv":false,
              "rotation":270
            },
            "east":{
              "texture":"#material",
              "uv":[
                11.0,
                24.000000953674316,
                13.0,
                26.000000953674316
              ],
              "autoUv":false,
              "rotation":270
            },
            "south":{
              "texture":"#material",
              "uv":[
                10.546817779541016,
                22.238829612731934,
                8.285045623779297,
                23.569568634033203
              ],
              "autoUv":false,
              "rotation":90
            },
            "west":{
              "texture":"#material",
              "uv":[
                0.0,
                32.0,
                0.0,
                32.0
              ],
              "autoUv":false,
              "rotation":90
            },
            "up":{
              "texture":"#material",
              "uv":[
                0.0,
                32.0,
                0.0,
                32.0
              ],
              "autoUv":false,
              "rotation":180
            },
            "down":{
              "texture":"#material",
              "uv":[
                16.740955352783203,
                14.567630767822266,
                18.398744583129883,
                13.417320251464844
              ],
              "autoUv":false,
              "rotation":270
            }
          },
          "children":[]
        },
        {
          "name":"simple_head 18",
          "from":[
            0.02365395426750183,
            0.06512389095605542,
            0.6596978636744559
          ],
          "to":[
            0.5988788902759552,
            1.2357833632630495,
            1.488693399704058
          ],
          "rotationOrigin":[
            0.3112664222717285,
            0.650454044342041,
            1.213302731513977
          ],
          "rotationX":-0.0003025450666916454,
          "rotationY":84.00009112997216,
          "rotationZ":94.00032135794957,
          "group":"simple",
          "faces":{
            "north":{
              "texture":"#material",
              "uv":[
                10.454179763793945,
                22.404613494873047,
                12.715959548950195,
                23.735353469848633
              ],
              "autoUv":false,
              "rotation":270
            },
            "east":{
              "texture":"#material",
              "uv":[
                13.0,
                24.000000953674316,
                15.000001907348633,
                26.000000953674316
              ],
              "autoUv":false,
              "rotation":270
            },
            "south":{
              "texture":"#material",
              "uv":[
                12.889062881469727,
                22.404613494873047,
                10.627294540405273,
                23.735353469848633
              ],
              "autoUv":false,
              "rotation":90
            },
            "west":{
              "texture":"#material",
              "uv":[
                0.0,
                32.0,
                0.0,
                32.0
              ],
              "autoUv":false,
              "rotation":90
            },
            "up":{
              "texture":"#material",
              "uv":[
                0.0,
                32.0,
                0.0,
                32.0
              ],
              "autoUv":false,
              "rotation":180
            },
            "down":{
              "texture":"#material",
              "uv":[
                16.740955352783203,
                14.567630767822266,
                18.398744583129883,
                13.417320251464844
              ],
              "autoUv":false,
              "rotation":270
            }
          },
          "children":[]
        },
        {
          "name":"simple_head 19",
          "from":[
            -0.09841445088386536,
            -0.016537094990599854,
            1.8211110564234794
          ],
          "to":[
            0.476810485124588,
            1.1541223773163942,
            2.6501065924530813
          ],
          "rotationOrigin":[
            0.18919801712036133,
            0.5687930583953857,
            2.3747159242630005
          ],
          "rotationX":-0.0003025450666916454,
          "rotationY":84.00009112997216,
          "rotationZ":94.00032135794957,
          "group":"simple",
          "faces":{
            "north":{
              "texture":"#material",
              "uv":[
                12.796440124511719,
                22.570398330688477,
                15.058212280273438,
                23.901138305664062
              ],
              "autoUv":false,
              "rotation":270
            },
            "east":{
              "texture":"#material",
              "uv":[
                15.0,
                24.000000953674316,
                17.0,
                26.000000953674316
              ],
              "autoUv":false,
              "rotation":270
            },
            "south":{
              "texture":"#material",
              "uv":[
                15.2313232421875,
                22.570398330688477,
                12.969552040100098,
                23.901138305664062
              ],
              "autoUv":false,
              "rotation":90
            },
            "west":{
              "texture":"#material",
              "uv":[
                0.0,
                32.0,
                0.0,
                32.0
              ],
              "autoUv":false,
              "rotation":90
            },
            "up":{
              "texture":"#material",
              "uv":[
                0.0,
                32.0,
                0.0,
                32.0
              ],
              "autoUv":false,
              "rotation":180
            },
            "down":{
              "texture":"#material",
              "uv":[
                16.740955352783203,
                14.567630767822266,
                18.398744583129883,
                13.417320251464844
              ],
              "autoUv":false,
              "rotation":270
            }
          },
          "children":[]
        },
        {
          "name":"simple_head 20",
          "from":[
            -0.22048380970954895,
            -0.09819831935583423,
            2.982520434475237
          ],
          "to":[
            0.3547411262989044,
            1.0724611529511598,
            3.811515970504839
          ],
          "rotationOrigin":[
            0.06712865829467773,
            0.48713183403015137,
            3.5361253023147583
          ],
          "rotationX":-0.0003025450666916454,
          "rotationY":84.00009112997216,
          "rotationZ":94.00032135794957,
          "group":"simple",
          "faces":{
            "north":{
              "texture":"#material",
              "uv":[
                15.138692855834961,
                22.736184120178223,
                17.40046501159668,
                24.06692361831665
              ],
              "autoUv":false,
              "rotation":270
            },
            "east":{
              "texture":"#material",
              "uv":[
                17.0,
                24.000000953674316,
                18.0,
                26.000000953674316
              ],
              "autoUv":false,
              "rotation":270
            },
            "south":{
              "texture":"#material",
              "uv":[
                17.573575973510742,
                22.736184120178223,
                15.31180477142334,
                24.06692361831665
              ],
              "autoUv":false,
              "rotation":90
            },
            "west":{
              "texture":"#material",
              "uv":[
                0.0,
                32.0,
                0.0,
                32.0
              ],
              "autoUv":false,
              "rotation":90
            },
            "up":{
              "texture":"#material",
              "uv":[
                0.0,
                32.0,
                0.0,
                32.0
              ],
              "autoUv":false,
              "rotation":180
            },
            "down":{
              "texture":"#material",
              "uv":[
                16.740955352783203,
                14.567630767822266,
                18.398744583129883,
                13.417320251464844
              ],
              "autoUv":false,
              "rotation":270
            }
          },
          "children":[]
        },
        {
          "name":"simple_head 21",
          "from":[
            -0.34255316853523254,
            -0.1798593053024895,
            4.143933627224261
          ],
          "to":[
            0.23267176747322083,
            0.9908001670045046,
            4.972929163253863
          ],
          "rotationOrigin":[
            -0.05494070053100586,
            0.4054708480834961,
            4.697538495063782
          ],
          "rotationX":-0.0003025450666916454,
          "rotationY":84.00009112997216,
          "rotationZ":94.00032135794957,
          "group":"simple",
          "faces":{
            "north":{
              "texture":"#material",
              "uv":[
                17.480953216552734,
                22.90196990966797,
                19.742727279663086,
                24.232707977294922
              ],
              "autoUv":false,
              "rotation":270
            },
            "east":{
              "texture":"#material",
              "uv":[
                17.999998092651367,
                24.000000953674316,
                19.0,
                26.000000953674316
              ],
              "autoUv":false,
              "rotation":270
            },
            "south":{
              "texture":"#material",
              "uv":[
                19.915836334228516,
                22.90196990966797,
                17.654062271118164,
                24.232707977294922
              ],
              "autoUv":false,
              "rotation":90
            },
            "west":{
              "texture":"#material",
              "uv":[
                0.0,
                32.0,
                0.0,
                32.0
              ],
              "autoUv":false,
              "rotation":90
            },
            "up":{
              "texture":"#material",
              "uv":[
                0.0,
                32.0,
                0.0,
                32.0
              ],
              "autoUv":false,
              "rotation":180
            },
            "down":{
              "texture":"#material",
              "uv":[
                16.740955352783203,
                14.567630767822266,
                18.398744583129883,
                13.417320251464844
              ],
              "autoUv":false,
              "rotation":270
            }
          },
          "children":[]
        },
        {
          "name":"simple_head 22",
          "from":[
            -0.46462157368659973,
            -0.2615205296677239,
            5.305344912624651
          ],
          "to":[
            0.11060336232185364,
            0.9091389426392702,
            6.134340448654253
          ],
          "rotationOrigin":[
            -0.17700910568237305,
            0.3238096237182617,
            5.858949780464172
          ],
          "rotationX":-0.0003025450666916454,
          "rotationY":84.00009112997216,
          "rotationZ":94.00032135794957,
          "group":"simple",
          "faces":{
            "north":{
              "texture":"#material",
              "uv":[
                19.823205947875977,
                23.067753791809082,
                22.084980010986328,
                24.398494243621826
              ],
              "autoUv":false,
              "rotation":270
            },
            "east":{
              "texture":"#material",
              "uv":[
                19.000001907348633,
                24.000000953674316,
                21.000001907348633,
                26.000000953674316
              ],
              "autoUv":false,
              "rotation":270
            },
            "south":{
              "texture":"#material",
              "uv":[
                22.258085250854492,
                23.067753791809082,
                19.996315002441406,
                24.398494243621826
              ],
              "autoUv":false,
              "rotation":90
            },
            "west":{
              "texture":"#material",
              "uv":[
                0.0,
                32.0,
                0.0,
                32.0
              ],
              "autoUv":false,
              "rotation":90
            },
            "up":{
              "texture":"#material",
              "uv":[
                0.0,
                32.0,
                0.0,
                32.0
              ],
              "autoUv":false,
              "rotation":180
            },
            "down":{
              "texture":"#material",
              "uv":[
                16.740955352783203,
                14.567630767822266,
                18.398744583129883,
                13.417320251464844
              ],
              "autoUv":false,
              "rotation":270
            }
          },
          "children":[]
        },
        {
          "name":"simple_head 23",
          "from":[
            0.14572426676750183,
            -0.920602669080445,
            -0.5017114281654358
          ],
          "to":[
            0.7209492027759552,
            0.2500572102869043,
            0.32728397846221924
          ],
          "rotationOrigin":[
            0.4333367347717285,
            -0.33527231216430664,
            0.05189335346221924
          ],
          "rotationX":-2.4657574940845547e-05,
          "rotationY":84.0000364884588,
          "rotationZ":86.00002516046526,
          "group":"simple",
          "faces":{
            "north":{
              "texture":"#material",
              "uv":[
                8.031455993652344,
                24.57158088684082,
                10.454187393188477,
                25.570749282836914
              ],
              "autoUv":false,
              "rotation":270
            },
            "east":{
              "texture":"#material",
              "uv":[
                0.0,
                32.0,
                0.0,
                32.0
              ],
              "autoUv":false,
              "rotation":270
            },
            "south":{
              "texture":"#material",
              "uv":[
                10.627298355102539,
                24.57158088684082,
                8.204564094543457,
                25.570749282836914
              ],
              "autoUv":false,
              "rotation":90
            },
            "west":{
              "texture":"#material",
              "uv":[
                13.0,
                24.000000953674316,
                10.999999046325684,
                26.000000476837158
              ],
              "autoUv":false,
              "rotation":90
            },
            "up":{
              "texture":"#material",
              "uv":[
                0.0,
                32.0,
                0.0,
                32.0
              ],
              "autoUv":false,
              "rotation":180
            },
            "down":{
              "texture":"#material",
              "uv":[
                16.740955352783203,
                14.567630767822266,
                18.398744583129883,
                13.417320251464844
              ],
              "autoUv":false,
              "rotation":270
            }
          },
          "children":[]
        },
        {
          "name":"simple_head 24",
          "from":[
            0.02365395426750183,
            -0.8389415639245001,
            0.659697949886322
          ],
          "to":[
            0.5988788902759552,
            0.33171831544284913,
            1.488693356513977
          ],
          "rotationOrigin":[
            0.3112664222717285,
            -0.2536112070083618,
            1.213302731513977
          ],
          "rotationX":-2.4657574940845547e-05,
          "rotationY":84.0000364884588,
          "rotationZ":86.00002516046526,
          "group":"simple",
          "faces":{
            "north":{
              "texture":"#material",
              "uv":[
                10.373703002929688,
                24.40579605102539,
                12.796436309814453,
                25.404966354370117
              ],
              "autoUv":false,
              "rotation":270
            },
            "east":{
              "texture":"#material",
              "uv":[
                0.0,
                32.0,
                0.0,
                32.0
              ],
              "autoUv":false,
              "rotation":270
            },
            "south":{
              "texture":"#material",
              "uv":[
                12.96954345703125,
                24.40579605102539,
                10.54681396484375,
                25.404966354370117
              ],
              "autoUv":false,
              "rotation":90
            },
            "west":{
              "texture":"#material",
              "uv":[
                15.0,
                24.000000953674316,
                12.999998092651367,
                26.000000476837158
              ],
              "autoUv":false,
              "rotation":90
            },
            "up":{
              "texture":"#material",
              "uv":[
                0.0,
                32.0,
                0.0,
                32.0
              ],
              "autoUv":false,
              "rotation":180
            },
            "down":{
              "texture":"#material",
              "uv":[
                16.740955352783203,
                14.567630767822266,
                18.398744583129883,
                13.417320251464844
              ],
              "autoUv":false,
              "rotation":270
            }
          },
          "children":[]
        },
        {
          "name":"simple_head 25",
          "from":[
            -0.09841445088386536,
            -0.7572804587685553,
            1.8211111426353455
          ],
          "to":[
            0.476810485124588,
            0.41337942059879396,
            2.6501065492630005
          ],
          "rotationOrigin":[
            0.18919801712036133,
            -0.171950101852417,
            2.3747159242630005
          ],
          "rotationX":-2.4657574940845547e-05,
          "rotationY":84.0000364884588,
          "rotationZ":86.00002516046526,
          "group":"simple",
          "faces":{
            "north":{
              "texture":"#material",
              "uv":[
                12.715962409973145,
                24.24001121520996,
                15.138692855834961,
                25.239180088043213
              ],
              "autoUv":false,
              "rotation":270
            },
            "east":{
              "texture":"#material",
              "uv":[
                0.0,
                32.0,
                0.0,
                32.0
              ],
              "autoUv":false,
              "rotation":270
            },
            "south":{
              "texture":"#material",
              "uv":[
                15.31180477142334,
                24.24001121520996,
                12.889070510864258,
                25.239182472229004
              ],
              "autoUv":false,
              "rotation":90
            },
            "west":{
              "texture":"#material",
              "uv":[
                17.0,
                24.000000953674316,
                15.0,
                26.000000476837158
              ],
              "autoUv":false,
              "rotation":90
            },
            "up":{
              "texture":"#material",
              "uv":[
                0.0,
                32.0,
                0.0,
                32.0
              ],
              "autoUv":false,
              "rotation":180
            },
            "down":{
              "texture":"#material",
              "uv":[
                16.740955352783203,
                14.567630767822266,
                18.398744583129883,
                13.417320251464844
              ],
              "autoUv":false,
              "rotation":270
            }
          },
          "children":[]
        },
        {
          "name":"simple_head 26",
          "from":[
            -0.22048380970954895,
            -0.6756193536126105,
            2.9825205206871033
          ],
          "to":[
            0.3547411262989044,
            0.4950405257547388,
            3.8115159273147583
          ],
          "rotationOrigin":[
            0.06712865829467773,
            -0.09028899669647217,
            3.5361253023147583
          ],
          "rotationX":-2.4657574940845547e-05,
          "rotationY":84.0000364884588,
          "rotationZ":86.00002516046526,
          "group":"simple",
          "faces":{
            "north":{
              "texture":"#material",
              "uv":[
                15.058212280273438,
                24.07422637939453,
                17.480945587158203,
                25.07339572906494
              ],
              "autoUv":false,
              "rotation":270
            },
            "east":{
              "texture":"#material",
              "uv":[
                0.0,
                32.0,
                0.0,
                32.0
              ],
              "autoUv":false,
              "rotation":270
            },
            "south":{
              "texture":"#material",
              "uv":[
                17.654056549072266,
                24.07422637939453,
                15.2313232421875,
                25.07339572906494
              ],
              "autoUv":false,
              "rotation":90
            },
            "west":{
              "texture":"#material",
              "uv":[
                17.999998092651367,
                24.000000953674316,
                17.0,
                26.000000476837158
              ],
              "autoUv":false,
              "rotation":90
            },
            "up":{
              "texture":"#material",
              "uv":[
                0.0,
                32.0,
                0.0,
                32.0
              ],
              "autoUv":false,
              "rotation":180
            },
            "down":{
              "texture":"#material",
              "uv":[
                16.740955352783203,
                14.567630767822266,
                18.398744583129883,
                13.417320251464844
              ],
              "autoUv":false,
              "rotation":270
            }
          },
          "children":[]
        },
        {
          "name":"simple_head 27",
          "from":[
            -0.34255316853523254,
            -0.5939582484566657,
            4.143933713436127
          ],
          "to":[
            0.23267176747322083,
            0.5767016309106836,
            4.972929120063782
          ],
          "rotationOrigin":[
            -0.05494070053100586,
            -0.008627891540527344,
            4.697538495063782
          ],
          "rotationX":-2.4657574940845547e-05,
          "rotationY":84.0000364884588,
          "rotationZ":86.00002516046526,
          "group":"simple",
          "faces":{
            "north":{
              "texture":"#material",
              "uv":[
                17.400474548339844,
                23.90843963623047,
                19.823205947875977,
                24.90760898590088
              ],
              "autoUv":false,
              "rotation":270
            },
            "east":{
              "texture":"#material",
              "uv":[
                0.0,
                32.0,
                0.0,
                32.0
              ],
              "autoUv":false,
              "rotation":270
            },
            "south":{
              "texture":"#material",
              "uv":[
                19.99631118774414,
                23.90843963623047,
                17.57358169555664,
                24.90760898590088
              ],
              "autoUv":false,
              "rotation":90
            },
            "west":{
              "texture":"#material",
              "uv":[
                19.000001907348633,
                24.000000953674316,
                17.999996185302734,
                26.000000476837158
              ],
              "autoUv":false,
              "rotation":90
            },
            "up":{
              "texture":"#material",
              "uv":[
                0.0,
                32.0,
                0.0,
                32.0
              ],
              "autoUv":false,
              "rotation":180
            },
            "down":{
              "texture":"#material",
              "uv":[
                16.740955352783203,
                14.567630767822266,
                18.398744583129883,
                13.417320251464844
              ],
              "autoUv":false,
              "rotation":270
            }
          },
          "children":[]
        },
        {
          "name":"simple_head 28",
          "from":[
            -0.46462157368659973,
            -0.5122971433007208,
            5.305344998836517
          ],
          "to":[
            0.11060336232185364,
            0.6583627360666284,
            6.134340405464172
          ],
          "rotationOrigin":[
            -0.17700910568237305,
            0.07303321361541748,
            5.858949780464172
          ],
          "rotationX":-2.4657574940845547e-05,
          "rotationY":84.0000364884588,
          "rotationZ":86.00002516046526,
          "group":"simple",
          "faces":{
            "north":{
              "texture":"#material",
              "uv":[
                19.742727279663086,
                23.742655754089355,
                22.16545867919922,
                24.74182415008545
              ],
              "autoUv":false,
              "rotation":270
            },
            "east":{
              "texture":"#material",
              "uv":[
                0.0,
                32.0,
                0.0,
                32.0
              ],
              "autoUv":false,
              "rotation":270
            },
            "south":{
              "texture":"#material",
              "uv":[
                22.33856201171875,
                23.742655754089355,
                19.915836334228516,
                24.74182415008545
              ],
              "autoUv":false,
              "rotation":90
            },
            "west":{
              "texture":"#material",
              "uv":[
                21.0,
                24.000000953674316,
                19.0,
                26.000000476837158
              ],
              "autoUv":false,
              "rotation":90
            },
            "up":{
              "texture":"#material",
              "uv":[
                0.0,
                32.0,
                0.0,
                32.0
              ],
              "autoUv":false,
              "rotation":180
            },
            "down":{
              "texture":"#material",
              "uv":[
                16.740955352783203,
                14.567630767822266,
                18.398744583129883,
                13.417320251464844
              ],
              "autoUv":false,
              "rotation":270
            }
          },
          "children":[]
        },
        {
          "name":"simple_head 29",
          "from":[
            -0.7374679446220398,
            -2.6268881663495307,
            -7.469839599513723
          ],
          "to":[
            0.9854052662849426,
            3.7219066307851563,
            -6.640844212495724
          ],
          "rotationOrigin":[
            0.12396860122680664,
            0.1984216570854187,
            -6.916234850883484
          ],
          "rotationX":0.00018194091491920014,
          "rotationY":96.0000436525784,
          "rotationZ":89.9998590705056,
          "group":"simple",
          "faces":{
            "north":{
              "texture":"#material",
              "uv":[
                24.0,
                23.0,
                11.0,
                26.0
              ],
              "autoUv":false,
              "rotation":270
            },
            "east":{
              "texture":"#material",
              "uv":[
                22.0,
                24.0,
                13.0,
                26.000000476837158
              ],
              "autoUv":false,
              "rotation":270
            },
            "south":{
              "texture":"#material",
              "uv":[
                11.0,
                23.0,
                24.0,
                26.0
              ],
              "autoUv":false,
              "rotation":90
            },
            "west":{
              "texture":"#material",
              "uv":[
                13.0,
                24.0,
                22.0,
                25.999999046325684
              ],
              "autoUv":false,
              "rotation":90
            },
            "up":{
              "texture":"#material",
              "uv":[
                0.0,
                32.0,
                0.0,
                32.0
              ],
              "autoUv":false,
              "rotation":180
            },
            "down":{
              "texture":"#material",
              "uv":[
                23.11210060119629,
                26.337594509124756,
                24.769895553588867,
                22.89226531982422
              ],
              "autoUv":false,
              "rotation":270
            }
          },
          "children":[]
        },
        {
          "name":"simple_head 30",
          "from":[
            -1.2696329355239868,
            -0.13631600141525269,
            -9.935390695929527
          ],
          "to":[
            0.4452466368675232,
            0.44987228512763977,
            -9.349201023578644
          ],
          "rotationOrigin":[
            -0.4062361717224121,
            0.2053896188735962,
            -9.727147936820984
          ],
          "rotationX":1.3215708094231456e-05,
          "rotationY":51.00000824939347,
          "rotationZ":89.99996835353231,
          "group":"simple",
          "faces":{
            "north":{
              "texture":"#material",
              "uv":[
                25.0,
                23.0,
                24.0,
                26.0
              ],
              "autoUv":false,
              "rotation":270
            },
            "east":{
              "texture":"#material",
              "uv":[
                23.0,
                24.0,
                22.0,
                26.0
              ],
              "autoUv":false,
              "rotation":180
            },
            "south":{
              "texture":"#material",
              "uv":[
                6.969779014587402,
                9.63841438293457,
                8.19328784942627,
                13.223247528076172
              ],
              "autoUv":false,
              "rotation":270
            },
            "west":{
              "texture":"#material",
              "uv":[
                22.0,
                24.0,
                23.0,
                26.0
              ],
              "autoUv":false,
              "rotation":180
            },
            "up":{
              "texture":"#material",
              "uv":[
                24.163055419921875,
                22.864866256713867,
                23.188566207885742,
                26.346346855163574
              ],
              "autoUv":false,
              "rotation":90
            },
            "down":{
              "texture":"#material",
              "uv":[
                24.0,
                26.0,
                25.0,
                23.0
              ],
              "autoUv":false,
              "rotation":270
            }
          },
          "children":[]
        },
        {
          "name":"simple_head 31",
          "from":[
            -0.6116099655628204,
            0.0036897361278533936,
            6.068147540092468
          ],
          "to":[
            0.13132908940315247,
            0.5898792147636414,
            6.654337003827095
          ],
          "rotationOrigin":[
            -0.24014043807983398,
            0.19842129945755005,
            6.459606289863586
          ],
          "rotationX":1.6475249637543063e-05,
          "rotationY":39.000007915463044,
          "rotationZ":89.99997518372149,
          "group":"simple",
          "faces":{
            "north":{
              "texture":"#material",
              "uv":[
                8.129627227783203,
                10.491447448730469,
                6.9061174392700195,
                12.044517517089844
              ],
              "autoUv":false,
              "rotation":90
            },
            "east":{
              "texture":"#material",
              "uv":[
                19.999998092651367,
                24.000000953674316,
                22.000001907348633,
                26.0
              ],
              "autoUv":false,
              "rotation":180
            },
            "south":{
              "texture":"#material",
              "uv":[
                22.804359436035156,
                23.233537673950195,
                22.338571548461914,
                24.74182415008545
              ],
              "autoUv":false,
              "rotation":90
            },
            "west":{
              "texture":"#material",
              "uv":[
                22.0,
                24.0,
                20.000003814697266,
                25.99999761581421
              ],
              "autoUv":false,
              "rotation":180
            },
            "up":{
              "texture":"#material",
              "uv":[
                21.842729568481445,
                23.233537673950195,
                22.804359436035156,
                24.74182415008545
              ],
              "autoUv":false,
              "rotation":90
            },
            "down":{
              "texture":"#material",
              "uv":[
                16.740957260131836,
                14.567630767822266,
                17.913190841674805,
                13.081932067871094
              ],
              "autoUv":false,
              "rotation":270
            }
          },
          "children":[]
        }
      ]
    }
  ],
  "groups":[]
}