{
	"editor": {
		"backDropShape": "C:/Users/Jesus/Documents/VintageMod/MyShapes/CHARmod/dwarf-faceless",
		"collapsedPaths": "Root/SuspenderLFrontUpper,Root/LowertorsoWparented/SuspenderLFrontLower/SuspenderLRearLower2,Root/LowertorsoWparented",
		"allAngles": true,
		"entityTextureMode": true
	},
	"textureWidth": 64,
	"textureHeight": 64,
	"textureSizes": {
		"pants": [32,36]
	},
	"textures": {
	},
	"elements": [
		{
			"name": "GamUpperLegR",
			"stepParentName": "UpperFootR",
			"from": [ -0.1, -0.5, -0.04 ],
			"to": [ 4.3, 6.31, 3.26 ],
			"uv": [ 16.0, 35.5 ],
			"rotationOrigin": [ -0.2, -0.5, -0.5 ],
			"faces": {
				"north": { "texture": "#material", "uv": [ 16.0, 38.5, 20.0, 45.0 ] },
				"east": { "texture": "#material", "uv": [ 20.0, 38.5, 23.0, 45.0 ] },
				"south": { "texture": "#material", "uv": [ 23.0, 38.5, 27.0, 45.0 ] },
				"west": { "texture": "#material", "uv": [ 27.0, 38.5, 30.0, 45.0 ] },
				"up": { "texture": "#material", "uv": [ 16.0, 35.5, 20.0, 38.5 ] },
				"down": { "texture": "#material", "uv": [ 20.0, 35.5, 24.0, 38.5 ] }
			}
		},
		{
			"name": "GamUpperLegL",
			"stepParentName": "UpperFootL",
			"from": [ -0.1, -0.5, -0.04 ],
			"to": [ 4.3, 6.31, 3.26 ],
			"uv": [ 0.0, 35.5 ],
			"rotationOrigin": [ -0.2, -0.5, -0.5 ],
			"faces": {
				"north": { "texture": "#material", "uv": [ 0.0, 38.5, 4.0, 45.0 ] },
				"east": { "texture": "#material", "uv": [ 4.0, 38.5, 7.0, 45.0 ] },
				"south": { "texture": "#material", "uv": [ 7.0, 38.5, 11.0, 45.0 ] },
				"west": { "texture": "#material", "uv": [ 11.0, 38.5, 14.0, 45.0 ] },
				"up": { "texture": "#material", "uv": [ 0.0, 35.5, 4.0, 38.5 ] },
				"down": { "texture": "#material", "uv": [ 4.0, 35.5, 8.0, 38.5 ] }
			}
		},
		{
			"name": "GamLowerLegR",
			"stepParentName": "LowerFootR",
			"from": [ -0.15, 1.8, -0.12 ],
			"to": [ 4.15, 7.1, 3.13 ],
			"uv": [ 16.0, 48.5 ],
			"rotationOrigin": [ -0.3, 1.8, -0.4 ],
			"faces": {
				"north": { "texture": "#material", "uv": [ 16.0, 51.5, 20.0, 56.5 ] },
				"east": { "texture": "#material", "uv": [ 20.0, 51.5, 23.0, 56.5 ] },
				"south": { "texture": "#material", "uv": [ 23.0, 51.5, 27.0, 56.5 ] },
				"west": { "texture": "#material", "uv": [ 27.0, 51.5, 30.0, 56.5 ] },
				"up": { "texture": "#material", "uv": [ 16.0, 48.5, 20.0, 51.5 ] },
				"down": { "texture": "#material", "uv": [ 20.0, 48.5, 24.0, 51.5 ] }
			}
		},
		{
			"name": "GamLowerLegL",
			"stepParentName": "LowerFootL",
			"from": [ -0.15, 1.8, -0.12 ],
			"to": [ 4.15, 7.1, 3.13 ],
			"uv": [ 0.0, 48.5 ],
			"rotationOrigin": [ -0.3, 1.8, -0.4 ],
			"faces": {
				"north": { "texture": "#material", "uv": [ 0.0, 51.5, 4.0, 56.5 ] },
				"east": { "texture": "#material", "uv": [ 4.0, 51.5, 7.0, 56.5 ] },
				"south": { "texture": "#material", "uv": [ 7.0, 51.5, 11.0, 56.5 ] },
				"west": { "texture": "#material", "uv": [ 11.0, 51.5, 14.0, 56.5 ] },
				"up": { "texture": "#material", "uv": [ 0.0, 48.5, 4.0, 51.5 ] },
				"down": { "texture": "#material", "uv": [ 4.0, 48.5, 8.0, 51.5 ] }
			}
		}
	]}