{
	"editor": {
		"backDropShape": "C:/Users/Robin/AppData/Roaming/VintagestoryData/Mods/IndiginousVillagers/assets/game/shapes/entity/humanoid/seraph-faceless",
		"collapsedPaths": "Root",
		"allAngles": true,
		"entityTextureMode": true
	},
	"textureWidth": 16,
	"textureHeight": 16,
	"textureSizes": {
	},
	"textures": {
		"shouldertexture": "entity/humanoid/seraphclothes/shoulder/noble-fur-collar"
	},
	"elements": [
		{
			"name": "UpperTorsoOrigin",
			"stepParentName": "UpperTorso",
			"from": [ 0.0, 0.0, 0.0 ],
			"to": [ 5.0, 5.0, 6.2 ],
			"uv": [ 999.0, 999.0 ],
			"faces": {
			},
			"children": [
				{
					"name": "RightofNeck",
					"from": [ 0.46, 4.56, -0.04 ],
					"to": [ 5.04, 5.06, 1.96 ],
					"unwrapMode": 5,
					"unwrapRotation": 1,
					"autoUnwrap": false,
					"uv": [ 0.5, 2.0 ],
					"rotationOrigin": [ 0.5, 4.5, 0.0 ],
					"faces": {
						"north": { "texture": "#shouldertexture", "uv": [ 0.5, 2.5, 1.0, 7.0 ], "rotation": 270 },
						"east": { "texture": "#shouldertexture", "uv": [ 1.0, 2.0, 3.0, 2.5 ], "rotation": 180 },
						"south": { "texture": "#shouldertexture", "uv": [ 2.5, 2.5, 3.0, 7.0 ], "rotation": 90 },
						"west": { "texture": "#shouldertexture", "uv": [ 1.0, 7.0, 3.0, 7.5 ] },
						"up": { "texture": "#shouldertexture", "uv": [ 1.0, 2.5, 3.0, 7.0 ], "rotation": 90 },
						"down": { "texture": "#shouldertexture", "uv": [ 1.0, 2.5, 3.0, 7.0 ], "rotation": 270 }
					},
					"children": [
						{
							"name": "ChestRight",
							"from": [ -0.5, -2.58, 0.0 ],
							"to": [ 0.0, 0.5, 2.0 ],
							"unwrapMode": 4,
							"uv": [ 0.5, 7.5 ],
							"rotationOrigin": [ -0.46, -2.56, 0.04 ],
							"faces": {
								"north": { "texture": "#shouldertexture", "uv": [ 0.5, 8.0, 1.0, 11.0 ] },
								"east": { "texture": "#shouldertexture", "uv": [ 3.5, 8.0, 5.5, 11.0 ] },
								"south": { "texture": "#shouldertexture", "uv": [ 3.0, 8.0, 3.5, 11.0 ] },
								"west": { "texture": "#shouldertexture", "uv": [ 1.0, 8.0, 3.0, 11.0 ] },
								"up": { "texture": "#shouldertexture", "uv": [ 1.0, 7.5, 3.0, 8.0 ], "rotation": 90 },
								"down": { "texture": "#shouldertexture", "uv": [ 1.0, 11.0, 3.0, 11.5 ], "rotation": 90 }
							},
							"children": [
								{
									"name": "ChestRight2",
									"from": [ 0.0, -0.5, 0.0 ],
									"to": [ 0.5, 0.0, 1.5 ],
									"unwrapMode": 4,
									"uv": [ 0.5, 9.5 ],
									"rotationOrigin": [ 0.0, -0.5, 0.0 ],
									"faces": {
										"north": { "texture": "#shouldertexture", "uv": [ 0.5, 9.5, 1.0, 10.0 ] },
										"east": { "texture": "#shouldertexture", "uv": [ 3.0, 9.5, 4.5, 10.0 ] },
										"south": { "texture": "#shouldertexture", "uv": [ 2.5, 9.5, 3.0, 10.0 ] },
										"west": { "texture": "#shouldertexture", "uv": [ 1.0, 9.5, 2.5, 10.0 ] },
										"down": { "texture": "#shouldertexture", "uv": [ 1.0, 10.0, 2.5, 10.5 ], "rotation": 90 }
									}
								},
								{
									"name": "ChestRight3",
									"from": [ 0.0, -1.5, 0.5 ],
									"to": [ 0.5, -1.0, 1.0 ],
									"unwrapMode": 4,
									"uv": [ 0.5, 10.0 ],
									"rotationOrigin": [ 0.0, -1.5, 0.5 ],
									"faces": {
										"north": { "texture": "#shouldertexture", "uv": [ 0.5, 10.0, 1.0, 10.5 ] },
										"east": { "texture": "#shouldertexture", "uv": [ 2.0, 10.0, 2.5, 10.5 ] },
										"south": { "texture": "#shouldertexture", "uv": [ 1.5, 10.0, 2.0, 10.5 ] },
										"west": { "texture": "#shouldertexture", "uv": [ 1.0, 10.0, 1.5, 10.5 ] },
										"down": { "texture": "#shouldertexture", "uv": [ 1.0, 10.5, 1.5, 11.0 ], "rotation": 90 }
									}
								},
								{
									"name": "ChestRight4",
									"from": [ 0.0, -1.0, 0.5 ],
									"to": [ 0.5, -0.5, 1.5 ],
									"unwrapMode": 4,
									"uv": [ 1.5, 6.5 ],
									"rotationOrigin": [ 0.0, -1.0, 0.5 ],
									"faces": {
										"north": { "texture": "#shouldertexture", "uv": [ 1.5, 6.5, 2.0, 7.0 ] },
										"east": { "texture": "#shouldertexture", "uv": [ 3.5, 6.5, 4.5, 7.0 ] },
										"south": { "texture": "#shouldertexture", "uv": [ 3.0, 6.5, 3.5, 7.0 ] },
										"west": { "texture": "#shouldertexture", "uv": [ 2.0, 6.5, 3.0, 7.0 ] },
										"down": { "texture": "#shouldertexture", "uv": [ 2.0, 7.0, 3.0, 7.5 ], "rotation": 90 }
									}
								}
							]
						}
					]
				},
				{
					"name": "BehindNeck",
					"from": [ 4.04, 4.56, 1.54 ],
					"to": [ 5.04, 5.06, 4.74 ],
					"unwrapMode": 5,
					"unwrapRotation": 1,
					"autoUnwrap": false,
					"uv": [ 2.5, 2.0 ],
					"rotationOrigin": [ 3.9, 4.54, 1.48 ],
					"faces": {
						"east": { "texture": "#shouldertexture", "uv": [ 2.5, 2.0, 5.5, 2.5 ], "rotation": 180 },
						"west": { "texture": "#shouldertexture", "uv": [ 2.5, 3.5, 5.5, 4.0 ] },
						"up": { "texture": "#shouldertexture", "uv": [ 2.5, 2.5, 5.5, 3.5 ], "rotation": 90 },
						"down": { "texture": "#shouldertexture", "uv": [ 2.5, 2.5, 5.5, 3.5 ], "rotation": 270 }
					}
				},
				{
					"name": "LeftofNeck",
					"from": [ 0.46, 4.56, 4.24 ],
					"to": [ 5.04, 5.06, 6.24 ],
					"unwrapMode": 5,
					"unwrapRotation": 1,
					"autoUnwrap": false,
					"uv": [ 5.0, 2.0 ],
					"rotationOrigin": [ 0.5, 4.5, 4.3 ],
					"faces": {
						"north": { "texture": "#shouldertexture", "uv": [ 5.0, 2.5, 5.5, 7.0 ], "rotation": 270 },
						"east": { "texture": "#shouldertexture", "uv": [ 5.5, 2.0, 7.5, 2.5 ], "rotation": 180 },
						"south": { "texture": "#shouldertexture", "uv": [ 7.0, 2.5, 7.5, 7.0 ], "rotation": 90 },
						"west": { "texture": "#shouldertexture", "uv": [ 5.5, 7.0, 7.5, 7.5 ] },
						"up": { "texture": "#shouldertexture", "uv": [ 5.5, 2.5, 7.5, 7.0 ], "rotation": 90 },
						"down": { "texture": "#shouldertexture", "uv": [ 5.5, 2.5, 7.5, 7.0 ], "rotation": 270 }
					},
					"children": [
						{
							"name": "ChestLeft",
							"from": [ -0.5, -2.58, 0.0 ],
							"to": [ 0.0, 0.5, 2.0 ],
							"unwrapMode": 4,
							"uv": [ 4.5, 7.5 ],
							"rotationOrigin": [ -0.46, -2.56, -0.04 ],
							"faces": {
								"north": { "texture": "#shouldertexture", "uv": [ 4.5, 8.0, 5.0, 11.0 ] },
								"east": { "texture": "#shouldertexture", "uv": [ 7.5, 8.0, 9.5, 11.0 ] },
								"south": { "texture": "#shouldertexture", "uv": [ 7.0, 8.0, 7.5, 11.0 ], "windMode": [-1,-1,-1,-1], "windData": [1,1,1,1] },
								"west": { "texture": "#shouldertexture", "uv": [ 5.0, 8.0, 7.0, 11.0 ] },
								"up": { "texture": "#shouldertexture", "uv": [ 5.0, 7.5, 7.0, 8.0 ], "rotation": 90 },
								"down": { "texture": "#shouldertexture", "uv": [ 5.0, 11.0, 7.0, 11.5 ], "rotation": 90 }
							},
							"children": [
								{
									"name": "ChestLeft2",
									"from": [ 0.0, -0.5, 0.5 ],
									"to": [ 0.5, 0.0, 2.0 ],
									"unwrapMode": 4,
									"uv": [ 5.0, 9.5 ],
									"rotationOrigin": [ 0.0, -0.5, 0.52 ],
									"faces": {
										"north": { "texture": "#shouldertexture", "uv": [ 5.0, 9.5, 5.5, 10.0 ] },
										"east": { "texture": "#shouldertexture", "uv": [ 7.5, 9.5, 9.0, 10.0 ] },
										"south": { "texture": "#shouldertexture", "uv": [ 7.0, 9.5, 7.5, 10.0 ] },
										"west": { "texture": "#shouldertexture", "uv": [ 5.5, 9.5, 7.0, 10.0 ] },
										"down": { "texture": "#shouldertexture", "uv": [ 5.5, 10.0, 7.0, 10.5 ], "rotation": 90 }
									}
								},
								{
									"name": "ChestLeft3",
									"from": [ 0.0, -1.5, 1.0 ],
									"to": [ 0.5, -1.0, 1.5 ],
									"unwrapMode": 4,
									"uv": [ 6.0, 10.0 ],
									"rotationOrigin": [ 0.0, -1.5, 1.0 ],
									"faces": {
										"north": { "texture": "#shouldertexture", "uv": [ 6.0, 10.0, 6.5, 10.5 ] },
										"east": { "texture": "#shouldertexture", "uv": [ 7.5, 10.0, 8.0, 10.5 ] },
										"south": { "texture": "#shouldertexture", "uv": [ 7.0, 10.0, 7.5, 10.5 ] },
										"west": { "texture": "#shouldertexture", "uv": [ 6.5, 10.0, 7.0, 10.5 ] },
										"down": { "texture": "#shouldertexture", "uv": [ 6.5, 10.5, 7.0, 11.0 ], "rotation": 90 }
									}
								},
								{
									"name": "ChestLeft4",
									"from": [ 0.0, -1.0, 0.5 ],
									"to": [ 0.5, -0.5, 1.5 ],
									"unwrapMode": 4,
									"uv": [ 8.5, 4.5 ],
									"rotationOrigin": [ 0.0, -1.0, 0.52 ],
									"faces": {
										"north": { "texture": "#shouldertexture", "uv": [ 8.5, 4.5, 9.0, 5.0 ] },
										"east": { "texture": "#shouldertexture", "uv": [ 10.5, 4.5, 11.5, 5.0 ] },
										"south": { "texture": "#shouldertexture", "uv": [ 10.0, 4.5, 10.5, 5.0 ] },
										"west": { "texture": "#shouldertexture", "uv": [ 9.0, 4.5, 10.0, 5.0 ] },
										"down": { "texture": "#shouldertexture", "uv": [ 9.0, 5.0, 10.0, 5.5 ], "rotation": 90 }
									}
								}
							]
						}
					]
				},
				{
					"name": "BehindNeckDrop1",
					"from": [ 4.54, 4.06, -0.04 ],
					"to": [ 5.04, 4.56, 6.24 ],
					"unwrapMode": 2,
					"autoUnwrap": false,
					"uv": [ 1.5, 1.0 ],
					"rotationOrigin": [ 4.4, 4.04, -0.22 ],
					"faces": {
						"north": { "texture": "#shouldertexture", "uv": [ 8.0, 10.5, 8.5, 11.0 ], "windMode": [-1,-1,-1,-1], "windData": [1,1,1,1] },
						"east": { "texture": "#shouldertexture", "uv": [ 0.0, 12.5, 6.0, 13.0 ], "windMode": [-1,-1,-1,-1], "windData": [1,1,1,1] },
						"south": { "texture": "#shouldertexture", "uv": [ 6.0, 13.5, 6.5, 14.0 ], "windMode": [-1,-1,-1,-1], "windData": [1,1,1,1] },
						"west": { "texture": "#shouldertexture", "uv": [ 3.5, 7.5, 9.5, 8.0 ] },
						"down": { "texture": "#shouldertexture", "uv": [ 1.0, 13.5, 7.0, 14.0 ], "rotation": 270 }
					},
					"children": [
						{
							"name": "BehindNeckDrop2",
							"from": [ 0.0, -0.5, 0.52 ],
							"to": [ 0.5, 0.0, 5.76 ],
							"unwrapMode": 2,
							"autoUnwrap": false,
							"uv": [ 1.5, 1.0 ],
							"rotationOrigin": [ 0.0, -0.5, 0.52 ],
							"faces": {
								"north": { "texture": "#shouldertexture", "uv": [ 11.5, 9.0, 12.0, 9.5 ], "windMode": [-1,-1,-1,-1], "windData": [1,1,1,1] },
								"east": { "texture": "#shouldertexture", "uv": [ 2.5, 6.0, 7.5, 6.5 ] },
								"south": { "texture": "#shouldertexture", "uv": [ 12.5, 11.0, 13.0, 11.5 ], "windMode": [-1,-1,-1,-1], "windData": [1,1,1,1] },
								"west": { "texture": "#shouldertexture", "uv": [ 7.0, 9.0, 12.0, 9.5 ] },
								"down": { "texture": "#shouldertexture", "uv": [ 8.5, 9.5, 13.5, 10.0 ], "rotation": 270 }
							}
						},
						{
							"name": "BehindNeckDrop3",
							"from": [ 0.0, -1.0, 1.04 ],
							"to": [ 0.5, -0.5, 5.24 ],
							"unwrapMode": 2,
							"autoUnwrap": false,
							"uv": [ 1.5, 1.0 ],
							"rotationOrigin": [ 0.0, -1.0, 1.04 ],
							"faces": {
								"north": { "texture": "#shouldertexture", "uv": [ 12.5, 5.0, 13.0, 5.5 ] },
								"east": { "texture": "#shouldertexture", "uv": [ 8.0, 13.5, 12.0, 14.0 ] },
								"south": { "texture": "#shouldertexture", "uv": [ 4.0, 2.5, 4.5, 3.0 ] },
								"west": { "texture": "#shouldertexture", "uv": [ 11.0, 8.0, 15.0, 8.5 ] },
								"down": { "texture": "#shouldertexture", "uv": [ 10.5, 3.5, 14.5, 4.0 ], "rotation": 270 }
							}
						},
						{
							"name": "BehindNeckDrop4",
							"from": [ 0.0, -1.5, 1.56 ],
							"to": [ 0.5, -1.0, 4.72 ],
							"unwrapMode": 2,
							"autoUnwrap": false,
							"uv": [ 1.5, 1.0 ],
							"rotationOrigin": [ 0.0, -1.5, 1.56 ],
							"faces": {
								"north": { "texture": "#shouldertexture", "uv": [ 8.0, 15.0, 8.5, 15.5 ] },
								"east": { "texture": "#shouldertexture", "uv": [ 11.5, 8.5, 14.5, 9.0 ] },
								"south": { "texture": "#shouldertexture", "uv": [ 3.5, 6.5, 4.0, 7.0 ] },
								"west": { "texture": "#shouldertexture", "uv": [ 2.0, 8.5, 5.0, 9.0 ] },
								"down": { "texture": "#shouldertexture", "uv": [ 5.0, 15.0, 8.0, 15.5 ], "rotation": 270 }
							}
						}
					]
				},
				{
					"name": "Breasts",
					"from": [ -1.4, 2.2, 0.005 ],
					"to": [ 0.6, 5.2, 1.505 ],
					"uv": [ 1.0, 1.0 ],
					"rotationOrigin": [ -1.0, 2.0, 0.0 ],
					"rotationZ": -25.0,
					"faces": {
						"north": { "texture": "#shouldertexture", "uv": [ 1.0, 2.5, 3.0, 5.5 ] },
						"east": { "texture": "#shouldertexture", "uv": [ 3.0, 2.5, 4.5, 5.5 ] },
						"south": { "texture": "#shouldertexture", "uv": [ 4.5, 2.5, 6.5, 5.5 ] },
						"west": { "texture": "#shouldertexture", "uv": [ 6.5, 2.5, 8.0, 5.5 ] },
						"up": { "texture": "#shouldertexture", "uv": [ 1.0, 1.0, 3.0, 2.5 ] },
						"down": { "texture": "#shouldertexture", "uv": [ 3.0, 1.0, 5.0, 2.5 ] }
					}
				},
				{
					"name": "Breasts2",
					"from": [ -1.4, 2.2, 4.6905 ],
					"to": [ 0.6, 5.2, 6.1905 ],
					"uv": [ 1.0, 1.0 ],
					"rotationOrigin": [ -1.0, 2.0, 4.0 ],
					"rotationZ": -25.0,
					"faces": {
						"north": { "texture": "#shouldertexture", "uv": [ 1.0, 2.5, 3.0, 5.5 ] },
						"east": { "texture": "#shouldertexture", "uv": [ 3.0, 2.5, 4.5, 5.5 ] },
						"south": { "texture": "#shouldertexture", "uv": [ 4.5, 2.5, 6.5, 5.5 ] },
						"west": { "texture": "#shouldertexture", "uv": [ 6.5, 2.5, 8.0, 5.5 ] },
						"up": { "texture": "#shouldertexture", "uv": [ 1.0, 1.0, 3.0, 2.5 ] },
						"down": { "texture": "#shouldertexture", "uv": [ 3.0, 1.0, 5.0, 2.5 ] }
					}
				}
			]
		},
		{
			"name": "ORIGINUpperArmL",
			"stepParentName": "UpperArmL",
			"from": [ -0.04, 6.5, -0.02 ],
			"to": [ 3.04, 7.04, 0.98 ],
			"unwrapMode": 5,
			"unwrapRotation": 1,
			"autoUnwrap": false,
			"uv": [ 5.5, 3.0 ],
			"rotationOrigin": [ -0.02, 6.5, -0.02 ],
			"faces": {
				"north": { "texture": "#shouldertexture", "uv": [ 5.5, 3.5, 6.0, 6.5 ], "rotation": 270 },
				"east": { "texture": "#shouldertexture", "uv": [ 6.0, 3.0, 7.0, 3.5 ], "rotation": 180 },
				"south": { "texture": "#shouldertexture", "uv": [ 7.0, 3.5, 7.5, 6.5 ], "rotation": 90 },
				"west": { "texture": "#shouldertexture", "uv": [ 6.0, 6.5, 7.0, 7.0 ] },
				"up": { "texture": "#shouldertexture", "uv": [ 6.0, 3.5, 7.0, 6.5 ], "rotation": 90 },
				"down": { "texture": "#shouldertexture", "uv": [ 6.0, 3.5, 7.0, 6.5 ], "rotation": 270 }
			},
			"children": [
				{
					"name": "UpperArm2",
					"from": [ 0.51, 0.04, 1.0 ],
					"to": [ 2.56, 0.54, 1.5 ],
					"unwrapMode": 5,
					"uv": [ 4.5, 0.5 ],
					"rotationOrigin": [ 0.5, 0.04, 1.0 ],
					"faces": {
						"east": { "texture": "#shouldertexture", "uv": [ 7.0, 0.5, 7.5, 1.0 ], "rotation": 90 },
						"south": { "texture": "#shouldertexture", "uv": [ 5.0, 1.0, 7.0, 1.5 ] },
						"west": { "texture": "#shouldertexture", "uv": [ 4.5, 0.5, 5.0, 1.0 ], "rotation": 270 },
						"up": { "texture": "#shouldertexture", "uv": [ 5.0, 0.5, 7.0, 1.0 ] },
						"down": { "texture": "#shouldertexture", "uv": [ 7.5, 0.5, 9.5, 1.0 ] }
					},
					"children": [
						{
							"name": "UpperArm3",
							"from": [ 0.51, 0.0, 0.5 ],
							"to": [ 1.54, 0.5, 1.0 ],
							"uv": [ 2.5, 5.5 ],
							"rotationOrigin": [ 0.49, 0.0, 0.5 ],
							"faces": {
								"north": { "texture": "#shouldertexture", "uv": [ 2.5, 6.0, 3.5, 6.5 ] },
								"east": { "texture": "#shouldertexture", "uv": [ 3.5, 6.0, 4.0, 6.5 ] },
								"south": { "texture": "#shouldertexture", "uv": [ 4.0, 6.0, 5.0, 6.5 ] },
								"west": { "texture": "#shouldertexture", "uv": [ 5.0, 6.0, 5.5, 6.5 ] },
								"up": { "texture": "#shouldertexture", "uv": [ 2.5, 5.5, 3.5, 6.0 ] },
								"down": { "texture": "#shouldertexture", "uv": [ 3.5, 5.5, 4.5, 6.0 ] }
							}
						}
					]
				}
			]
		},
		{
			"name": "UpperArmROrigin",
			"stepParentName": "UpperArmR",
			"from": [ -0.04, 6.5, 1.05 ],
			"to": [ 3.04, 7.04, 2.05 ],
			"unwrapMode": 5,
			"unwrapRotation": 1,
			"autoUnwrap": false,
			"uv": [ 0.5, 3.0 ],
			"rotationOrigin": [ -0.02, 6.5, 0.98 ],
			"faces": {
				"north": { "texture": "#shouldertexture", "uv": [ 0.5, 3.5, 1.0, 6.5 ], "rotation": 270 },
				"east": { "texture": "#shouldertexture", "uv": [ 1.0, 3.0, 2.0, 3.5 ], "rotation": 180 },
				"south": { "texture": "#shouldertexture", "uv": [ 2.0, 3.5, 2.5, 6.5 ], "rotation": 90 },
				"west": { "texture": "#shouldertexture", "uv": [ 1.0, 6.5, 2.0, 7.0 ] },
				"up": { "texture": "#shouldertexture", "uv": [ 1.0, 3.5, 2.0, 6.5 ], "rotation": 90 },
				"down": { "texture": "#shouldertexture", "uv": [ 1.0, 3.5, 2.0, 6.5 ], "rotation": 270 }
			},
			"children": [
				{
					"name": "Cube2",
					"from": [ 0.52, 0.04, -0.5 ],
					"to": [ 2.57, 0.54, 0.0 ],
					"unwrapMode": 5,
					"uv": [ 9.0, 5.5 ],
					"rotationOrigin": [ 0.5, 0.04, -0.5 ],
					"faces": {
						"north": { "texture": "#shouldertexture", "uv": [ 9.5, 5.5, 11.5, 6.0 ], "rotation": 180 },
						"east": { "texture": "#shouldertexture", "uv": [ 11.5, 6.0, 12.0, 6.5 ], "rotation": 90 },
						"west": { "texture": "#shouldertexture", "uv": [ 9.0, 6.0, 9.5, 6.5 ], "rotation": 270 },
						"up": { "texture": "#shouldertexture", "uv": [ 9.5, 6.0, 11.5, 6.5 ] },
						"down": { "texture": "#shouldertexture", "uv": [ 12.0, 6.0, 14.0, 6.5 ] }
					}
				},
				{
					"name": "Cube3",
					"from": [ 1.03, 0.04, -1.0 ],
					"to": [ 2.05, 0.54, -0.5 ],
					"unwrapMode": 5,
					"uv": [ 11.5, 3.0 ],
					"rotationOrigin": [ 1.0, 0.04, -1.0 ],
					"faces": {
						"north": { "texture": "#shouldertexture", "uv": [ 12.0, 3.0, 13.0, 3.5 ], "rotation": 180 },
						"east": { "texture": "#shouldertexture", "uv": [ 13.0, 3.5, 13.5, 4.0 ], "rotation": 90 },
						"west": { "texture": "#shouldertexture", "uv": [ 11.5, 3.5, 12.0, 4.0 ], "rotation": 270 },
						"up": { "texture": "#shouldertexture", "uv": [ 12.0, 3.5, 13.0, 4.0 ] },
						"down": { "texture": "#shouldertexture", "uv": [ 13.5, 3.5, 14.5, 4.0 ] }
					}
				}
			]
		},
		{
			"name": "CollarN",
			"stepParentName": "Neck",
			"from": [ -0.04, 0.5, -0.04 ],
			"to": [ 3.04, 2.0, 0.46 ],
			"uv": [ 1.0, 5.0 ],
			"rotationOrigin": [ -0.04, 0.5, -0.04 ],
			"faces": {
				"north": { "texture": "#shouldertexture", "uv": [ 1.0, 5.5, 4.0, 7.0 ] },
				"east": { "texture": "#shouldertexture", "uv": [ 4.0, 5.5, 4.5, 7.0 ] },
				"south": { "texture": "#shouldertexture", "uv": [ 4.5, 5.5, 7.5, 7.0 ] },
				"west": { "texture": "#shouldertexture", "uv": [ 7.5, 5.5, 8.0, 7.0 ] },
				"up": { "texture": "#shouldertexture", "uv": [ 1.0, 5.0, 4.0, 5.5 ] },
				"down": { "texture": "#shouldertexture", "uv": [ 4.0, 5.0, 7.0, 5.5 ] }
			},
			"children": [
				{
					"name": "CollarS",
					"from": [ 0.0, 0.0, 2.58 ],
					"to": [ 3.08, 1.5, 3.08 ],
					"uv": [ 1.0, 5.0 ],
					"rotationOrigin": [ 0.0, 0.0, 2.5 ],
					"faces": {
						"north": { "texture": "#shouldertexture", "uv": [ 1.0, 5.5, 4.0, 7.0 ] },
						"east": { "texture": "#shouldertexture", "uv": [ 4.0, 5.5, 4.5, 7.0 ] },
						"south": { "texture": "#shouldertexture", "uv": [ 4.5, 5.5, 7.5, 7.0 ] },
						"west": { "texture": "#shouldertexture", "uv": [ 7.5, 5.5, 8.0, 7.0 ] },
						"up": { "texture": "#shouldertexture", "uv": [ 1.0, 5.0, 4.0, 5.5 ] },
						"down": { "texture": "#shouldertexture", "uv": [ 4.0, 5.0, 7.0, 5.5 ] }
					}
				},
				{
					"name": "CollarE",
					"from": [ 2.5, 0.0, 0.5 ],
					"to": [ 3.08, 1.5, 2.58 ],
					"uv": [ 4.5, 7.0 ],
					"rotationOrigin": [ 2.5, 0.0, 0.5 ],
					"faces": {
						"north": { "texture": "#shouldertexture", "uv": [ 4.5, 9.0, 5.0, 10.5 ] },
						"east": { "texture": "#shouldertexture", "uv": [ 5.0, 9.0, 7.0, 10.5 ] },
						"south": { "texture": "#shouldertexture", "uv": [ 7.0, 9.0, 7.5, 10.5 ] },
						"west": { "texture": "#shouldertexture", "uv": [ 7.5, 9.0, 9.5, 10.5 ] },
						"up": { "texture": "#shouldertexture", "uv": [ 4.5, 7.0, 5.0, 9.0 ] },
						"down": { "texture": "#shouldertexture", "uv": [ 5.0, 7.0, 5.5, 9.0 ] }
					}
				}
			]
		}
	]}