{
	"editor": {
		"backDropShape": "entity/humanoid/seraph",
		"allAngles": true,
		"entityTextureMode": true
	},
	"textureWidth": 12,
	"textureHeight": 24,
	"textureSizes": {
	},
	"textures": {
		"shouldertexture": "entity/humanoid/seraphclothes/shoulder/embroidered-tartarean-scarf"
	},
	"elements": [
		{
			"name": "ORIGINLegL",
			"stepParentName": "UpperFootL",
			"from": [ -0.44, 3.74, 0.88 ],
			"to": [ 0.06, 9.74, 2.88 ],
			"unwrapMode": 4,
			"autoUnwrap": false,
			"uv": [ 8.0, 11.0 ],
			"rotationOrigin": [ -0.44, 3.74, 0.88 ],
			"rotationX": 3.0,
			"faces": {
				"north": { "texture": "#shouldertexture", "uv": [ 8.0, 11.5, 8.5, 17.5 ], "windMode": [-1,-1,-1,-1], "windData": [0,1,1,0] },
				"east": { "texture": "#shouldertexture", "uv": [ 8.5, 11.5, 10.5, 17.5 ], "windMode": [-1,-1,-1,-1], "windData": [0,1,1,0] },
				"south": { "texture": "#shouldertexture", "uv": [ 10.5, 11.5, 11.0, 17.5 ], "windMode": [-1,-1,-1,-1], "windData": [0,0,1,1] },
				"west": { "texture": "#shouldertexture", "uv": [ 8.5, 11.5, 10.5, 17.5 ] },
				"up": { "texture": "#shouldertexture", "uv": [ 8.5, 11.0, 10.5, 11.5 ], "rotation": 90 },
				"down": { "texture": "#shouldertexture", "uv": [ 8.5, 17.5, 10.5, 18.0 ], "rotation": 90, "windMode": [-1,-1,-1,-1] }
			},
			"children": [
				{
					"name": "Tassle4",
					"from": [ 0.0, -2.5, 0.1 ],
					"to": [ 0.4, -0.5, 0.5 ],
					"unwrapMode": 4,
					"uv": [ 6.5, 21.0 ],
					"rotationOrigin": [ 0.0, -2.5, 0.1 ],
					"rotationX": -0.023,
					"rotationY": 0.523,
					"faces": {
						"north": { "texture": "#shouldertexture", "uv": [ 6.5, 21.5, 7.0, 23.5 ] },
						"east": { "texture": "#shouldertexture", "uv": [ 8.0, 21.5, 8.5, 23.5 ] },
						"south": { "texture": "#shouldertexture", "uv": [ 7.5, 21.5, 8.0, 23.5 ] },
						"west": { "texture": "#shouldertexture", "uv": [ 7.0, 21.5, 7.5, 23.5 ] },
						"up": { "texture": "#shouldertexture", "uv": [ 7.0, 21.0, 7.5, 21.5 ], "rotation": 90 },
						"down": { "texture": "#shouldertexture", "uv": [ 7.0, 23.5, 7.5, 24.0 ], "rotation": 90 }
					},
					"children": [
						{
							"name": "knot4",
							"from": [ 0.2, 1.9, 0.2 ],
							"to": [ 0.6, 2.3, 0.6 ],
							"uv": [ 0.0, 22.5 ],
							"rotationOrigin": [ 0.2, 1.9, 0.2 ],
							"rotationX": -35.0,
							"rotationZ": 45.0,
							"faces": {
								"north": { "texture": "#shouldertexture", "uv": [ 0.0, 23.0, 0.5, 23.5 ] },
								"east": { "texture": "#shouldertexture", "uv": [ 0.5, 23.0, 1.0, 23.5 ] },
								"south": { "texture": "#shouldertexture", "uv": [ 1.0, 23.0, 1.5, 23.5 ] },
								"west": { "texture": "#shouldertexture", "uv": [ 1.5, 23.0, 2.0, 23.5 ] },
								"up": { "texture": "#shouldertexture", "uv": [ 0.0, 22.5, 0.5, 23.0 ] },
								"down": { "texture": "#shouldertexture", "uv": [ 0.5, 22.5, 1.0, 23.0 ] }
							}
						}
					]
				},
				{
					"name": "Tassle5",
					"from": [ 0.0, -2.0, 0.8 ],
					"to": [ 0.4, -0.5, 1.2 ],
					"unwrapMode": 4,
					"uv": [ 7.5, 21.0 ],
					"rotationOrigin": [ 0.0, -2.0, 0.8 ],
					"rotationX": -0.023,
					"rotationY": 0.523,
					"faces": {
						"north": { "texture": "#shouldertexture", "uv": [ 7.5, 21.5, 8.0, 23.0 ] },
						"east": { "texture": "#shouldertexture", "uv": [ 9.0, 21.5, 9.5, 23.0 ] },
						"south": { "texture": "#shouldertexture", "uv": [ 8.5, 21.5, 9.0, 23.0 ] },
						"west": { "texture": "#shouldertexture", "uv": [ 8.0, 21.5, 8.5, 23.0 ] },
						"up": { "texture": "#shouldertexture", "uv": [ 8.0, 21.0, 8.5, 21.5 ], "rotation": 90 },
						"down": { "texture": "#shouldertexture", "uv": [ 8.0, 23.0, 8.5, 23.5 ], "rotation": 90 }
					},
					"children": [
						{
							"name": "knot5",
							"from": [ 0.2, 1.4, 0.2 ],
							"to": [ 0.6, 1.8, 0.6 ],
							"uv": [ 0.5, 22.5 ],
							"rotationOrigin": [ 0.2, 1.4, 0.2 ],
							"rotationX": -35.0,
							"rotationZ": 45.0,
							"faces": {
								"north": { "texture": "#shouldertexture", "uv": [ 0.5, 23.0, 1.0, 23.5 ] },
								"east": { "texture": "#shouldertexture", "uv": [ 1.0, 23.0, 1.5, 23.5 ] },
								"south": { "texture": "#shouldertexture", "uv": [ 1.5, 23.0, 2.0, 23.5 ] },
								"west": { "texture": "#shouldertexture", "uv": [ 2.0, 23.0, 2.5, 23.5 ] },
								"up": { "texture": "#shouldertexture", "uv": [ 0.5, 22.5, 1.0, 23.0 ] },
								"down": { "texture": "#shouldertexture", "uv": [ 1.0, 22.5, 1.5, 23.0 ] }
							}
						}
					]
				},
				{
					"name": "Tassle6",
					"from": [ 0.0, -1.5, 1.5 ],
					"to": [ 0.4, -0.5, 1.9 ],
					"unwrapMode": 4,
					"uv": [ 9.0, 21.5 ],
					"rotationOrigin": [ 0.0, -1.5, 1.5 ],
					"rotationX": -0.023,
					"rotationY": 0.523,
					"faces": {
						"north": { "texture": "#shouldertexture", "uv": [ 9.0, 22.0, 9.5, 23.0 ] },
						"east": { "texture": "#shouldertexture", "uv": [ 10.5, 22.0, 11.0, 23.0 ] },
						"south": { "texture": "#shouldertexture", "uv": [ 10.0, 22.0, 10.5, 23.0 ] },
						"west": { "texture": "#shouldertexture", "uv": [ 9.5, 22.0, 10.0, 23.0 ] },
						"up": { "texture": "#shouldertexture", "uv": [ 9.5, 21.5, 10.0, 22.0 ], "rotation": 90 },
						"down": { "texture": "#shouldertexture", "uv": [ 9.5, 23.0, 10.0, 23.5 ], "rotation": 90 }
					},
					"children": [
						{
							"name": "knot6",
							"from": [ 0.2, 0.9, 0.2 ],
							"to": [ 0.6, 1.3, 0.6 ],
							"uv": [ 1.5, 22.5 ],
							"rotationOrigin": [ 0.2, 0.9, 0.2 ],
							"rotationX": -35.0,
							"rotationZ": 45.0,
							"faces": {
								"north": { "texture": "#shouldertexture", "uv": [ 1.5, 23.0, 2.0, 23.5 ] },
								"east": { "texture": "#shouldertexture", "uv": [ 2.0, 23.0, 2.5, 23.5 ] },
								"south": { "texture": "#shouldertexture", "uv": [ 2.5, 23.0, 3.0, 23.5 ] },
								"west": { "texture": "#shouldertexture", "uv": [ 3.0, 23.0, 3.5, 23.5 ] },
								"up": { "texture": "#shouldertexture", "uv": [ 1.5, 22.5, 2.0, 23.0 ] },
								"down": { "texture": "#shouldertexture", "uv": [ 2.0, 22.5, 2.5, 23.0 ] }
							}
						}
					]
				}
			]
		},
		{
			"name": "ORIGINLegR",
			"stepParentName": "UpperFootR",
			"from": [ -0.44, 3.74, 0.38 ],
			"to": [ 0.06, 9.74, 2.38 ],
			"unwrapMode": 4,
			"autoUnwrap": false,
			"uv": [ 1.0, 11.0 ],
			"rotationOrigin": [ -0.44, 3.74, 0.38 ],
			"rotationX": -3.0,
			"faces": {
				"north": { "texture": "#shouldertexture", "uv": [ 1.0, 11.5, 1.5, 17.5 ] },
				"east": { "texture": "#shouldertexture", "uv": [ 1.5, 11.5, 3.5, 17.5 ] },
				"south": { "texture": "#shouldertexture", "uv": [ 3.5, 11.5, 4.0, 17.5 ], "windMode": [-1,-1,-1,-1], "windData": [0,0,1,1] },
				"west": { "texture": "#shouldertexture", "uv": [ 1.5, 11.5, 3.5, 17.5 ] },
				"up": { "texture": "#shouldertexture", "uv": [ 1.5, 11.0, 3.5, 11.5 ], "rotation": 90, "windMode": [-1,-1,-1,-1], "windData": [1,1,1,1] },
				"down": { "texture": "#shouldertexture", "uv": [ 1.5, 17.5, 3.5, 18.0 ], "rotation": 90, "windMode": [-1,-1,-1,-1] }
			},
			"children": [
				{
					"name": "Tassle1",
					"from": [ 0.0, -1.5, 0.1 ],
					"to": [ 0.4, -0.5, 0.5 ],
					"unwrapMode": 4,
					"uv": [ 3.0, 21.5 ],
					"rotationOrigin": [ 0.0, -1.5, 0.1 ],
					"faces": {
						"north": { "texture": "#shouldertexture", "uv": [ 3.0, 22.0, 3.5, 23.0 ] },
						"east": { "texture": "#shouldertexture", "uv": [ 4.5, 22.0, 5.0, 23.0 ] },
						"south": { "texture": "#shouldertexture", "uv": [ 4.0, 22.0, 4.5, 23.0 ] },
						"west": { "texture": "#shouldertexture", "uv": [ 3.5, 22.0, 4.0, 23.0 ] },
						"up": { "texture": "#shouldertexture", "uv": [ 3.5, 21.5, 4.0, 22.0 ], "rotation": 90 },
						"down": { "texture": "#shouldertexture", "uv": [ 3.5, 23.0, 4.0, 23.5 ], "rotation": 90 }
					},
					"children": [
						{
							"name": "knot1",
							"from": [ 0.2, 0.9, 0.2 ],
							"to": [ 0.6, 1.3, 0.6 ],
							"uv": [ 0.0, 23.0 ],
							"rotationOrigin": [ 0.2, 0.9, 0.2 ],
							"rotationX": -35.0,
							"rotationZ": 45.0,
							"faces": {
								"north": { "texture": "#shouldertexture", "uv": [ 0.0, 23.5, 0.5, 24.0 ] },
								"east": { "texture": "#shouldertexture", "uv": [ 0.5, 23.5, 1.0, 24.0 ] },
								"south": { "texture": "#shouldertexture", "uv": [ 1.0, 23.5, 1.5, 24.0 ] },
								"west": { "texture": "#shouldertexture", "uv": [ 1.5, 23.5, 2.0, 24.0 ] },
								"up": { "texture": "#shouldertexture", "uv": [ 0.0, 23.0, 0.5, 23.5 ] },
								"down": { "texture": "#shouldertexture", "uv": [ 0.5, 23.0, 1.0, 23.5 ] }
							}
						}
					]
				},
				{
					"name": "Tassle2",
					"from": [ 0.0, -2.0, 0.9 ],
					"to": [ 0.4, -0.5, 1.3 ],
					"unwrapMode": 4,
					"uv": [ 4.0, 21.0 ],
					"rotationOrigin": [ 0.0, -2.0, 0.9 ],
					"faces": {
						"north": { "texture": "#shouldertexture", "uv": [ 4.0, 21.5, 4.5, 23.0 ] },
						"east": { "texture": "#shouldertexture", "uv": [ 5.5, 21.5, 6.0, 23.0 ] },
						"south": { "texture": "#shouldertexture", "uv": [ 5.0, 21.5, 5.5, 23.0 ] },
						"west": { "texture": "#shouldertexture", "uv": [ 4.5, 21.5, 5.0, 23.0 ] },
						"up": { "texture": "#shouldertexture", "uv": [ 4.5, 21.0, 5.0, 21.5 ], "rotation": 90 },
						"down": { "texture": "#shouldertexture", "uv": [ 4.5, 23.0, 5.0, 23.5 ], "rotation": 90 }
					},
					"children": [
						{
							"name": "knot2",
							"from": [ 0.2, 1.4, 0.2 ],
							"to": [ 0.6, 1.8, 0.6 ],
							"uv": [ 1.0, 23.0 ],
							"rotationOrigin": [ 0.2, 1.4, 0.2 ],
							"rotationX": -35.0,
							"rotationZ": 45.0,
							"faces": {
								"north": { "texture": "#shouldertexture", "uv": [ 1.0, 23.5, 1.5, 24.0 ] },
								"east": { "texture": "#shouldertexture", "uv": [ 1.5, 23.5, 2.0, 24.0 ] },
								"south": { "texture": "#shouldertexture", "uv": [ 2.0, 23.5, 2.5, 24.0 ] },
								"west": { "texture": "#shouldertexture", "uv": [ 2.5, 23.5, 3.0, 24.0 ] },
								"up": { "texture": "#shouldertexture", "uv": [ 1.0, 23.0, 1.5, 23.5 ] },
								"down": { "texture": "#shouldertexture", "uv": [ 1.5, 23.0, 2.0, 23.5 ] }
							}
						}
					]
				},
				{
					"name": "Tassle3",
					"from": [ 0.0, -2.5, 1.6 ],
					"to": [ 0.4, -0.5, 2.0 ],
					"unwrapMode": 4,
					"uv": [ 5.0, 21.0 ],
					"rotationOrigin": [ 0.0, -2.5, 1.6 ],
					"faces": {
						"north": { "texture": "#shouldertexture", "uv": [ 5.0, 21.5, 5.5, 23.5 ] },
						"east": { "texture": "#shouldertexture", "uv": [ 6.5, 21.5, 7.0, 23.5 ] },
						"south": { "texture": "#shouldertexture", "uv": [ 6.0, 21.5, 6.5, 23.5 ] },
						"west": { "texture": "#shouldertexture", "uv": [ 5.5, 21.5, 6.0, 23.5 ] },
						"up": { "texture": "#shouldertexture", "uv": [ 5.5, 21.0, 6.0, 21.5 ], "rotation": 90 },
						"down": { "texture": "#shouldertexture", "uv": [ 5.5, 23.5, 6.0, 24.0 ], "rotation": 90 }
					},
					"children": [
						{
							"name": "knot3",
							"from": [ 0.2, 1.9, 0.2 ],
							"to": [ 0.6, 2.3, 0.6 ],
							"uv": [ 1.0, 23.0 ],
							"rotationOrigin": [ 0.2, 1.9, 0.2 ],
							"rotationX": -35.0,
							"rotationZ": 45.0,
							"faces": {
								"north": { "texture": "#shouldertexture", "uv": [ 1.0, 23.5, 1.5, 24.0 ] },
								"east": { "texture": "#shouldertexture", "uv": [ 1.5, 23.5, 2.0, 24.0 ] },
								"south": { "texture": "#shouldertexture", "uv": [ 2.0, 23.5, 2.5, 24.0 ] },
								"west": { "texture": "#shouldertexture", "uv": [ 2.5, 23.5, 3.0, 24.0 ] },
								"up": { "texture": "#shouldertexture", "uv": [ 1.0, 23.0, 1.5, 23.5 ] },
								"down": { "texture": "#shouldertexture", "uv": [ 1.5, 23.0, 2.0, 23.5 ] }
							}
						}
					]
				}
			]
		},
		{
			"name": "LowerTorsoOrigin",
			"stepParentName": "LowerTorso",
			"from": [ 0.0, 0.0, 0.0 ],
			"to": [ 5.0, 5.0, 6.0 ],
			"autoUnwrap": false,
			"uv": [ 2.0, 0.0 ],
			"faces": {
			},
			"children": [
				{
					"name": "shouldertextureRight",
					"from": [ -0.04, -0.04, -0.04 ],
					"to": [ 0.46, 5.04, 1.96 ],
					"unwrapMode": 4,
					"autoUnwrap": false,
					"uv": [ 1.0, 10.0 ],
					"rotationOrigin": [ 0.04, 0.0, 0.0 ],
					"faces": {
						"north": { "texture": "#shouldertexture", "uv": [ 1.0, 10.5, 1.5, 15.5 ], "windMode": [-1,-1,-1,-1], "windData": [0,1,1,0] },
						"east": { "texture": "#shouldertexture", "uv": [ 1.5, 10.5, 3.5, 15.5 ] },
						"south": { "texture": "#shouldertexture", "uv": [ 3.5, 10.5, 4.0, 15.5 ] },
						"west": { "texture": "#shouldertexture", "uv": [ 1.5, 10.5, 3.5, 15.5 ] },
						"up": { "texture": "#shouldertexture", "uv": [ 1.5, 10.0, 3.5, 10.5 ], "rotation": 90, "windMode": [-1,-1,-1,-1], "windData": [1,1,1,1] },
						"down": { "texture": "#shouldertexture", "uv": [ 1.5, 15.5, 3.5, 16.0 ], "rotation": 90, "windMode": [-1,-1,-1,-1] }
					}
				},
				{
					"name": "shouldertextureLTrim",
					"from": [ -0.04, -0.04, 4.04 ],
					"to": [ 0.46, 5.04, 6.04 ],
					"unwrapMode": 4,
					"autoUnwrap": false,
					"uv": [ 8.0, 10.0 ],
					"rotationOrigin": [ 0.04, 0.0, 4.0 ],
					"faces": {
						"north": { "texture": "#shouldertexture", "uv": [ 8.0, 10.5, 8.5, 15.5 ], "windMode": [-1,-1,-1,-1], "windData": [0,1,1,0] },
						"east": { "texture": "#shouldertexture", "uv": [ 8.5, 10.5, 10.5, 15.5 ] },
						"south": { "texture": "#shouldertexture", "uv": [ 10.5, 10.5, 11.0, 15.5 ], "windMode": [-1,-1,-1,-1], "windData": [0,0,1,1] },
						"west": { "texture": "#shouldertexture", "uv": [ 8.5, 10.5, 10.5, 15.5 ] },
						"up": { "texture": "#shouldertexture", "uv": [ 8.5, 10.0, 10.5, 10.5 ], "rotation": 90, "windMode": [-1,-1,-1,-1], "windData": [1,1,1,1] },
						"down": { "texture": "#shouldertexture", "uv": [ 8.5, 15.5, 10.5, 16.0 ], "rotation": 90, "windMode": [-1,-1,-1,-1] }
					}
				}
			]
		},
		{
			"name": "UpperTorsoOrigin",
			"stepParentName": "UpperTorso",
			"from": [ 0.0, 0.0, 0.0 ],
			"to": [ 5.0, 5.0, 6.2 ],
			"uv": [ 999.0, 999.0 ],
			"faces": {
			},
			"children": [
				{
					"name": "RightofNeck",
					"from": [ -0.04, 4.56, -0.04 ],
					"to": [ 5.04, 5.06, 1.96 ],
					"unwrapMode": 5,
					"unwrapRotation": 1,
					"autoUnwrap": false,
					"uv": [ 1.0, 0.0 ],
					"rotationOrigin": [ 0.0, 4.5, 0.0 ],
					"faces": {
						"north": { "texture": "#shouldertexture", "uv": [ 1.0, 0.5, 1.5, 5.5 ], "rotation": 270 },
						"east": { "texture": "#shouldertexture", "uv": [ 1.5, 0.0, 3.5, 0.5 ], "rotation": 180 },
						"south": { "texture": "#shouldertexture", "uv": [ 3.5, 0.5, 4.0, 5.5 ], "rotation": 90 },
						"west": { "texture": "#shouldertexture", "uv": [ 1.5, 5.5, 3.5, 6.0 ] },
						"up": { "texture": "#shouldertexture", "uv": [ 1.5, 0.5, 3.5, 5.5 ], "rotation": 90 },
						"down": { "texture": "#shouldertexture", "uv": [ 1.5, 0.5, 3.5, 5.5 ], "rotation": 270 }
					},
					"children": [
						{
							"name": "ChestRight",
							"from": [ 0.0, -4.58, 0.0 ],
							"to": [ 0.5, 0.0, 2.1 ],
							"unwrapMode": 4,
							"autoUnwrap": false,
							"uv": [ 1.0, 5.5 ],
							"rotationOrigin": [ 0.04, -4.56, 0.04 ],
							"faces": {
								"north": { "texture": "#shouldertexture", "uv": [ 1.0, 6.0, 1.5, 10.5 ] },
								"east": { "texture": "#shouldertexture", "uv": [ 1.5, 6.0, 3.5, 10.5 ] },
								"south": { "texture": "#shouldertexture", "uv": [ 3.5, 6.0, 4.0, 10.5 ] },
								"west": { "texture": "#shouldertexture", "uv": [ 1.5, 6.0, 3.5, 10.5 ] },
								"up": { "texture": "#shouldertexture", "uv": [ 1.5, 5.5, 3.5, 6.0 ], "rotation": 90 },
								"down": { "texture": "#shouldertexture", "uv": [ 1.5, 10.5, 3.5, 11.0 ], "rotation": 90 }
							}
						}
					]
				},
				{
					"name": "BehindNeck",
					"from": [ 3.04, 4.56, 1.96 ],
					"to": [ 5.04, 5.06, 4.24 ],
					"unwrapMode": 5,
					"unwrapRotation": 1,
					"autoUnwrap": false,
					"uv": [ 5.0, 0.0 ],
					"rotationOrigin": [ 2.96, 4.56, 1.86 ],
					"faces": {
						"east": { "texture": "#shouldertexture", "uv": [ 5.0, 0.5, 7.0, 1.0 ], "rotation": 180 },
						"west": { "texture": "#shouldertexture", "uv": [ 5.0, 2.5, 7.0, 3.0 ] },
						"up": { "texture": "#shouldertexture", "uv": [ 5.0, 1.0, 7.0, 3.0 ], "rotation": 90 },
						"down": { "texture": "#shouldertexture", "uv": [ 7.0, 1.0, 9.0, 3.0 ], "rotation": 270 }
					}
				},
				{
					"name": "LeftofNeck",
					"from": [ -0.04, 4.56, 4.24 ],
					"to": [ 5.04, 5.06, 6.24 ],
					"unwrapMode": 5,
					"unwrapRotation": 1,
					"autoUnwrap": false,
					"uv": [ 8.0, 0.0 ],
					"rotationOrigin": [ 0.0, 4.5, 4.3 ],
					"faces": {
						"north": { "texture": "#shouldertexture", "uv": [ 8.0, 0.5, 8.5, 5.5 ], "rotation": 270 },
						"east": { "texture": "#shouldertexture", "uv": [ 8.5, 0.0, 10.5, 0.5 ], "rotation": 180 },
						"south": { "texture": "#shouldertexture", "uv": [ 10.5, 0.5, 11.0, 5.5 ], "rotation": 90 },
						"west": { "texture": "#shouldertexture", "uv": [ 8.5, 5.5, 10.5, 6.0 ] },
						"up": { "texture": "#shouldertexture", "uv": [ 8.5, 0.5, 10.5, 5.5 ], "rotation": 90 },
						"down": { "texture": "#shouldertexture", "uv": [ 8.5, 0.5, 10.5, 5.5 ], "rotation": 270 }
					},
					"children": [
						{
							"name": "ChestLeft",
							"from": [ 0.0, -4.58, -0.1 ],
							"to": [ 0.5, 0.0, 2.0 ],
							"unwrapMode": 4,
							"autoUnwrap": false,
							"uv": [ 8.0, 5.5 ],
							"rotationOrigin": [ 0.04, -4.56, -0.14 ],
							"faces": {
								"north": { "texture": "#shouldertexture", "uv": [ 8.0, 6.0, 8.5, 10.5 ] },
								"east": { "texture": "#shouldertexture", "uv": [ 8.5, 6.0, 10.5, 10.5 ] },
								"south": { "texture": "#shouldertexture", "uv": [ 10.5, 6.0, 11.0, 10.5 ], "windMode": [-1,-1,-1,-1], "windData": [1,1,1,1] },
								"west": { "texture": "#shouldertexture", "uv": [ 8.5, 6.0, 10.5, 10.5 ] },
								"up": { "texture": "#shouldertexture", "uv": [ 8.5, 5.5, 10.5, 6.0 ], "rotation": 90 },
								"down": { "texture": "#shouldertexture", "uv": [ 8.5, 10.5, 10.5, 11.0 ], "rotation": 90 }
							}
						}
					]
				},
				{
					"name": "BehindNeckDrop",
					"from": [ 4.54, 4.06, 0.96 ],
					"to": [ 5.04, 4.56, 5.24 ],
					"unwrapMode": 5,
					"unwrapRotation": 1,
					"autoUnwrap": false,
					"uv": [ 9.5, 0.0 ],
					"rotationOrigin": [ 4.46, 4.06, 0.86 ],
					"faces": {
						"north": { "texture": "#shouldertexture", "uv": [ 4.5, 0.0, 5.0, 0.5 ], "rotation": 270, "windMode": [-1,-1,-1,-1], "windData": [1,1,1,1] },
						"east": { "texture": "#shouldertexture", "uv": [ 4.0, 0.0, 8.0, 0.5 ], "rotation": 180 },
						"south": { "texture": "#shouldertexture", "uv": [ 7.5, 0.0, 8.0, 0.5 ], "rotation": 90, "windMode": [-1,-1,-1,-1], "windData": [1,1,1,1] },
						"west": { "texture": "#shouldertexture", "uv": [ 4.0, 0.0, 8.0, 0.5 ] },
						"down": { "texture": "#shouldertexture", "uv": [ 4.5, 0.0, 8.5, 0.5 ], "rotation": 270 }
					}
				}
			]
		},
		{
			"name": "UpperArmLOrigin",
			"stepParentName": "UpperArmL",
			"from": [ -0.04, 6.5, -0.02 ],
			"to": [ 3.04, 7.04, 0.98 ],
			"unwrapMode": 5,
			"unwrapRotation": 1,
			"autoUnwrap": false,
			"uv": [ 9.0, 0.5 ],
			"rotationOrigin": [ -0.02, 6.48, -0.02 ],
			"faces": {
				"north": { "texture": "#shouldertexture", "uv": [ 9.0, 1.0, 9.5, 4.0 ], "rotation": 270 },
				"east": { "texture": "#shouldertexture", "uv": [ 9.5, 0.5, 10.5, 1.0 ], "rotation": 180 },
				"south": { "texture": "#shouldertexture", "uv": [ 10.5, 1.0, 11.0, 4.0 ], "rotation": 90 },
				"west": { "texture": "#shouldertexture", "uv": [ 9.5, 4.0, 10.5, 4.5 ] },
				"up": { "texture": "#shouldertexture", "uv": [ 9.5, 1.0, 10.5, 4.0 ], "rotation": 90 },
				"down": { "texture": "#shouldertexture", "uv": [ 9.5, 1.0, 10.5, 4.0 ], "rotation": 270 }
			}
		},
		{
			"name": "UpperArmROrigin",
			"stepParentName": "UpperArmR",
			"from": [ -0.04, 6.5, 1.15 ],
			"to": [ 3.04, 7.04, 2.15 ],
			"unwrapMode": 5,
			"unwrapRotation": 1,
			"uv": [ 1.0, 0.5 ],
			"rotationOrigin": [ -0.02, 6.48, 1.08 ],
			"faces": {
				"north": { "texture": "#shouldertexture", "uv": [ 1.0, 1.0, 1.5, 4.0 ], "rotation": 270 },
				"east": { "texture": "#shouldertexture", "uv": [ 1.5, 0.5, 2.5, 1.0 ], "rotation": 180 },
				"south": { "texture": "#shouldertexture", "uv": [ 2.5, 1.0, 3.0, 4.0 ], "rotation": 90 },
				"west": { "texture": "#shouldertexture", "uv": [ 1.5, 4.0, 2.5, 4.5 ] },
				"up": { "texture": "#shouldertexture", "uv": [ 1.5, 1.0, 2.5, 4.0 ], "rotation": 90 },
				"down": { "texture": "#shouldertexture", "uv": [ 3.0, 1.0, 4.0, 4.0 ], "rotation": 270 }
			}
		}
	]}