[
  {
    "file": "game:config/traits.json",
    "op": "add",
    "path": "/-",
    "value": {
      "code": "evasive",
      "type": "positive",
	  "attributes": {
		  "walkspeed": 0.2
		  }
    }
  },
  {
    "file": "game:config/traits.json",
    "op": "add",
    "path": "/-",
    "value": {
      "code": "fast",
      "type": "positive",
	  "attributes": {
		  "walkspeed": 0.15
		  }
    }
  },
  {
    "file": "game:config/traits.json",
    "op": "add",
    "path": "/-",
    "value": {
      "code": "swift",
      "type": "positive",
	  "attributes": {
		  "walkspeed": 0.1
		  }
    }
  },
  {
    "file": "game:config/traits.json",
    "op": "add",
    "path": "/-",
    "value": {
      "code": "quick step",
      "type": "positive",
	  "attributes": {
		  "walkspeed": 0.05
		  }
    }
  },
  {
    "file": "game:config/traits.json",
    "op": "add",
    "path": "/-",
    "value": {
      "code": "leisurely",
      "type": "negative",
	  "attributes": {
		  "walkspeed": -0.05
		  }
    }
  },
  {
    "file": "game:config/traits.json",
    "op": "add",
    "path": "/-",
    "value": {
      "code": "slow",
      "type": "negative",
	  "attributes": {
		  "walkspeed": -0.1
		  }
    }
  },
  {
    "file": "game:config/traits.json",
    "op": "add",
    "path": "/-",
    "value": {
      "code": "slothful",
      "type": "negative",
	  "attributes": {
		  "walkspeed": -0.15
		  }
    }
  },
  {
    "file": "game:config/traits.json",
    "op": "add",
    "path": "/-",
    "value": {
      "code": "sluggish",
      "type": "negative",
	  "attributes": {
		  "walkspeed": -0.2
		  }
    }
  },
  {
    "file": "game:config/traits.json",
    "op": "add",
    "path": "/-",
    "value": {
      "code": "gear eyed",
      "type": "positive",
	  "attributes": {
		  "rustyGearDropRate": 0.35
		  }
    }
  },
  {
    "file": "game:config/traits.json",
    "op": "add",
    "path": "/-",
    "value": {
      "code": "gearworker",
      "type": "positive",
	  "attributes": {
		  "rustyGearDropRate": 0.20,
      "miningSpeedMul": 0.1

		  }
    }
  },
  {
    "file": "game:config/traits.json",
    "op": "add",
    "path": "/-",
    "value": {
      "code": "gearhead",
      "type": "positive",
	  "attributes": {
		  "rustyGearDropRate": 0.3
		  }
    }
  },
  {
    "file": "game:config/traits.json",
    "op": "add",
    "path": "/-",
    "value": {
      "code": "gearabsorbed",
      "type": "positive",
	  "attributes": {
		  "rustyGearDropRate": 0.25
		  }
    }
  },
  {
    "file": "game:config/traits.json",
    "op": "add",
    "path": "/-",
    "value": {
      "code": "gearexpert",
      "type": "positive",
	  "attributes": {
		  "rustyGearDropRate": 0.2
		  }
    }
  },
  {
    "file": "game:config/traits.json",
    "op": "add",
    "path": "/-",
    "value": {
      "code": "gearcollector",
      "type": "positive",
	  "attributes": {
		  "rustyGearDropRate": 0.15
		  }
    }
  },
  {
    "file": "game:config/traits.json",
    "op": "add",
    "path": "/-",
    "value": {
      "code": "geatenthusiast",
      "type": "positive",
	  "attributes": {
		  "rustyGearDropRate": 0.1
		  }
    }
  },
  {
    "file": "game:config/traits.json",
    "op": "add",
    "path": "/-",
    "value": {
      "code": "gearadmirer",
      "type": "positive",
	  "attributes": {
		  "rustyGearDropRate": 0.05
		  }
    }
  },
  {
    "file": "game:config/traits.json",
    "op": "add",
    "path": "/-",
    "value": {
      "code": "gearinattentive",
      "type": "negative",
	  "attributes": {
		  "rustyGearDropRate": -0.1
		  }
    }
  },
  {
    "file": "game:config/traits.json",
    "op": "add",
    "path": "/-",
    "value": {
      "code": "gearoblivious",
      "type": "negative",
	  "attributes": {
		  "rustyGearDropRate": -0.2
		  }
    }
  },
  {
    "file": "game:config/traits.json",
    "op": "add",
    "path": "/-",
    "value": {
      "code": "gearcareless",
      "type": "negative",
	  "attributes": {
		  "rustyGearDropRate": -0.3
		  }
    }
  },
  {
    "file": "game:config/traits.json",
    "op": "add",
    "path": "/-",
    "value": {
      "code": "gearblind",
      "type": "negative",
	  "attributes": {
		  "rustyGearDropRate": -0.4
		  }
    }
  },
  {
    "file": "game:config/traits.json",
    "op": "add",
    "path": "/-",
    "value": {
      "code": "eagleeyed",
      "type": "positive",
	  "attributes": {
		  "rangedWeaponsDamage": 0.4,
		  "rangedWeaponsAcc": 0.3,
		  "bowDrawingStrength": 0.2
		  }
    }
  },
  {
    "file": "game:config/traits.json",
    "op": "add",
    "path": "/-",
    "value": {
      "code": "seasoned archer",
      "type": "positive",
	  "attributes": {
		  "rangedWeaponsDamage": 0.3,
		  "rangedWeaponsAcc": 0.2,
		  "bowDrawingStrength": 0.15
		  }
    }
  },
  {
    "file": "game:config/traits.json",
    "op": "add",
    "path": "/-",
    "value": {
      "code": "archer",
      "type": "positive",
	  "attributes": {
		  "rangedWeaponsDamage": 0.2,
		  "rangedWeaponsAcc": 0.1,
		  "bowDrawingStrength": 0.1
		  }
    }
  },
  {
    "file": "game:config/traits.json",
    "op": "add",
    "path": "/-",
    "value": {
      "code": "ranger",
      "type": "positive",
	  "attributes": {
		  "rangedWeaponsDamage": 0.15,
		  "rangedWeaponsAcc": 0.1,
		  "bowDrawingStrength": 0.1
		  }
    }
  },
  {
    "file": "game:config/traits.json",
    "op": "add",
    "path": "/-",
    "value": {
      "code": "amateurbowman",
      "type": "positive",
	  "attributes": {
		  "rangedWeaponsDamage": 0.1,
		  "rangedWeaponsAcc": 0.05,
		  "bowDrawingStrength": 0.05
		  }
    }
  },
  {
    "file": "game:config/traits.json",
    "op": "add",
    "path": "/-",
    "value": {
      "code": "inexperiencedbowman",
      "type": "negative",
	  "attributes": {
		  "rangedWeaponsDamage": -0.1,
		  "rangedWeaponsAcc": -0.05,
		  "bowDrawingStrength": -0.05
		  }
    }
  },
  {
    "file": "game:config/traits.json",
    "op": "add",
    "path": "/-",
    "value": {
      "code": "bowshy",
      "type": "negative",
	  "attributes": {
		  "rangedWeaponsDamage": -0.2,
		  "rangedWeaponsAcc": -0.1,
		  "bowDrawingStrength": -0.1
		  }
    }
  },
  {
    "file": "game:config/traits.json",
    "op": "add",
    "path": "/-",
    "value": {
      "code": "incompetentbowman",
      "type": "negative",
	  "attributes": {
		  "rangedWeaponsDamage": -0.3,
		  "rangedWeaponsAcc": -0.2,
		  "bowDrawingStrength": -0.15
		  }
    }
  },
  {
    "file": "game:config/traits.json",
    "op": "add",
    "path": "/-",
    "value": {
      "code": "feeblearmed",
      "type": "negative",
	  "attributes": {
		  "rangedWeaponsDamage": -0.4,
		  "rangedWeaponsAcc": -0.3,
		  "bowDrawingStrength": -0.2
		  }
    }
  },
  {
    "file": "game:config/traits.json",
    "op": "add",
    "path": "/-",
    "value": {
      "code": "masterbutcherer",
      "type": "positive",
	  "attributes": {
		  "animalLootDropRate": 0.5,
		  "animalHarvestingTime": -0.75
		  }
    }
  },
  {
    "file": "game:config/traits.json",
    "op": "add",
    "path": "/-",
    "value": {
      "code": "skilledbutcherer",
      "type": "positive",
	  "attributes": {
		  "animalLootDropRate": 0.35,
		  "animalHarvestingTime": -0.5
		  }
    }
  },
  {
    "file": "game:config/traits.json",
    "op": "add",
    "path": "/-",
    "value": {
      "code": "experiencedbutcherer",
      "type": "positive",
	  "attributes": {
		  "animalLootDropRate": 0.2,
		  "animalHarvestingTime": -0.3
		  }
    }
  },
  {
    "file": "game:config/traits.json",
    "op": "add",
    "path": "/-",
    "value": {
      "code": "amateurbutcherer",
      "type": "positive",
	  "attributes": {
		  "animalLootDropRate": 0.1,
		  "animalHarvestingTime": -0.15
		  }
    }
  },
  {
    "file": "game:config/traits.json",
    "op": "add",
    "path": "/-",
    "value": {
      "code": "butcher",
      "type": "positive",
	  "attributes": {
		  "animalLootDropRate": 0.35
		  }
    }
  },
  {
    "file": "game:config/traits.json",
    "op": "add",
    "path": "/-",
    "value": {
      "code": "steady hands",
      "type": "negative",
	  "attributes": {
		  "animalHarvestingTime": 0.25
		  }
    }
  },
  {
    "file": "game:config/traits.json",
    "op": "add",
    "path": "/-",
    "value": {
      "code": "inefficientbutcherer",
      "type": "negative",
	  "attributes": {
		  "animalLootDropRate": -0.1,
		  "animalHarvestingTime": 0.15
		  }
    }
  },
  {
    "file": "game:config/traits.json",
    "op": "add",
    "path": "/-",
    "value": {
      "code": "carelessbutcherer",
      "type": "negative",
	  "attributes": {
		  "animalLootDropRate": -0.2,
		  "animalHarvestingTime": 0.3
		  }
    }
  },
  {
    "file": "game:config/traits.json",
    "op": "add",
    "path": "/-",
    "value": {
      "code": "wastefulbutcherer",
      "type": "negative",
	  "attributes": {
		  "animalLootDropRate": -0.35,
		  "animalHarvestingTime": 0.5
		  }
    }
  },
  {
    "file": "game:config/traits.json",
    "op": "add",
    "path": "/-",
    "value": {
      "code": "squeamish",
      "type": "negative",
	  "attributes": {
		  "animalLootDropRate": -0.35,
		  "animalHarvestingTime": 0.15
		  }
    }
  },
  {
    "file": "game:config/traits.json",
    "op": "add",
    "path": "/-",
    "value": {
      "code": "mighty",
      "type": "positive",
	  "attributes": {
		  "armorDurabilityLoss": -0.5,
		  "armorWalkSpeedAffectedness": -0.5
		  }
    }
  },
  {
    "file": "game:config/traits.json",
    "op": "add",
    "path": "/-",
    "value": {
      "code": "reaver",
      "type": "positive",
	  "attributes": {
		  "armorWalkSpeedAffectedness": -0.5
		  }
    }
  },
  {
    "file": "game:config/traits.json",
    "op": "add",
    "path": "/-",
    "value": {
      "code": "good fit",
      "type": "positive",
	  "attributes": {
		  "armorDurabilityLoss": -0.25,
		  "armorWalkSpeedAffectedness": -0.25
		  }
    }
  },
  {
    "file": "game:config/traits.json",
    "op": "add",
    "path": "/-",
    "value": {
      "code": "tailored fit",
      "type": "positive",
	  "attributes": {
		  "armorDurabilityLoss": -0.25
		  }
    }
  },
  {
    "file": "game:config/traits.json",
    "op": "add",
    "path": "/-",
    "value": {
      "code": "underweight",
      "type": "negative",
	  "attributes": {
		  "armorWalkSpeedAffectedness": 0.25
		  }
    }
  },
  {
    "file": "game:config/traits.json",
    "op": "add",
    "path": "/-",
    "value": {
      "code": "reckless",
      "type": "negative",
	  "attributes": {
		  "armorDurabilityLoss": 0.25,
		  "healingeffectiveness": -0.25
		  }
    }
  },
  {
    "file": "game:config/traits.json",
    "op": "add",
    "path": "/-",
    "value": {
      "code": "awkward stance",
      "type": "negative",
	  "attributes": {
		  "armorDurabilityLoss": 0.25,
		  "armorWalkSpeedAffectedness": 0.25
		  }
    }
  },
  {
    "file": "game:config/traits.json",
    "op": "add",
    "path": "/-",
    "value": {
      "code": "slim",
      "type": "negative",
	  "attributes": {
		  "armorDurabilityLoss": 0.5,
		  "armorWalkSpeedAffectedness": 0.5
		  }
    }
  },
  {
    "file": "game:config/traits.json",
    "op": "add",
    "path": "/-",
    "value": {
      "code": "slight build",
      "type": "negative",
	  "attributes": {
		  "armorWalkSpeedAffectedness": 0.25
		  }
    }
  },
  {
    "file": "game:config/traits.json",
    "op": "add",
    "path": "/-",
    "value": {
      "code": "bulwark",
      "type": "positive",
	  "attributes": {
      "armorDurabilityLoss": -0.5,
		  "armorWalkSpeedAffectedness": -0.25
		  }
    }
  },
  {
    "file": "game:config/traits.json",
    "op": "add",
    "path": "/-",
    "value": {
      "code": "stalwart",
      "type": "positive",
	  "attributes": {
		  "maxhealthExtraPoints": 7.5,
      "healingeffectiveness": 0.25
		  }
    }
  },
  {
    "file": "game:config/traits.json",
    "op": "add",
    "path": "/-",
    "value": {
      "code": "healthy",
      "type": "positive",
	  "attributes": {
		  "maxhealthExtraPoints": 2.5
		  }
    }
  },
  {
    "file": "game:config/traits.json",
    "op": "add",
    "path": "/-",
    "value": {
      "code": "old soldier",
      "type": "negative",
	  "attributes": {
		  "maxhealthExtraPoints": -2.5
		  }
    }
  },
  {
    "file": "game:config/traits.json",
    "op": "add",
    "path": "/-",
    "value": {
      "code": "delicate",
      "type": "negative",
	  "attributes": {
		  "maxhealthExtraPoints": -5
		  }
    }
  },
  {
    "file": "game:config/traits.json",
    "op": "add",
    "path": "/-",
    "value": {
      "code": "sickly",
      "type": "negative",
	  "attributes": {
		  "maxhealthExtraPoints": -7.5
		  }
    }
  },
  {
    "file": "game:config/traits.json",
    "op": "add",
    "path": "/-",
    "value": {
      "code": "hulk",
      "type": "positive",
	  "attributes": {
		  "meleeWeaponsDamage": 0.4
		  }
    }
  },
  {
    "file": "game:config/traits.json",
    "op": "add",
    "path": "/-",
    "value": {
      "code": "hulking",
      "type": "positive",
	  "attributes": {
		  "meleeWeaponsDamage": 0.35
		  }
    }
  },
  {
    "file": "game:config/traits.json",
    "op": "add",
    "path": "/-",
    "value": {
      "code": "burly",
      "type": "positive",
	  "attributes": {
		  "meleeWeaponsDamage": 0.25
		  }
    }
  },
  {
    "file": "game:config/traits.json",
    "op": "add",
    "path": "/-",
    "value": {
      "code": "strong",
      "type": "positive",
	  "attributes": {
		  "meleeWeaponsDamage": 0.1
		  }
    }
  },
  {
    "file": "game:config/traits.json",
    "op": "add",
    "path": "/-",
    "value": {
      "code": "powerful",
      "type": "positive",
	  "attributes": {
		  "meleeWeaponsDamage": 0.15
		  }
    }
  },
  {
    "file": "game:config/traits.json",
    "op": "add",
    "path": "/-",
    "value": {
      "code": "crusher",
      "type": "positive",
	  "attributes": {
		  "mechanicaldamagemul": 0.15
		  }
    }
  },
  {
    "file": "game:config/traits.json",
    "op": "add",
    "path": "/-",
    "value": {
      "code": "hesitant",
      "type": "negative",
	  "attributes": {
		  "meleeWeaponsDamage": -0.1
		  }
    }
  },
  {
    "file": "game:config/traits.json",
    "op": "add",
    "path": "/-",
    "value": {
      "code": "unfit for war",
      "type": "negative",
	  "attributes": {
		  "meleeWeaponsDamage": -0.25
		  }
    }
  },
  {
    "file": "game:config/traits.json",
    "op": "add",
    "path": "/-",
    "value": {
      "code": "powerless",
      "type": "negative",
	  "attributes": {
		  "meleeWeaponsDamage": -0.4
		  }
    }
  },
  {
    "file": "game:config/traits.json",
    "op": "add",
    "path": "/-",
    "value": {
      "code": "nomad",
      "type": "positive",
	  "attributes": {
		  "forageDropRate": 0.4,
		  "wildCropDropRate": 0.5
		  }
    }
  },
  {
    "file": "game:config/traits.json",
    "op": "add",
    "path": "/-",
    "value": {
      "code": "wanderer",
      "type": "positive",
	  "attributes": {
		  "forageDropRate": 0.25,
		  "wildCropDropRate": 0.35
		  }
    }
  },
  {
    "file": "game:config/traits.json",
    "op": "add",
    "path": "/-",
    "value": {
      "code": "vagabond",
      "type": "positive",
	  "attributes": {
		  "forageDropRate": 0.15,
		  "wildCropDropRate": 0.35
		  }
    }
  },
  {
    "file": "game:config/traits.json",
    "op": "add",
    "path": "/-",
    "value": {
      "code": "self sufficient",
      "type": "positive",
	  "attributes": {
		  "forageDropRate": 0.1,
		  "wildCropDropRate": 0.2
		  }
    }
  },
  {
    "file": "game:config/traits.json",
    "op": "add",
    "path": "/-",
    "value": {
      "code": "picky",
      "type": "negative",
	  "attributes": {
		  "forageDropRate": -0.25,
		  "wildCropDropRate": -0.35
		  }
    }
  },
  {
    "file": "game:config/traits.json",
    "op": "add",
    "path": "/-",
    "value": {
      "code": "cosmopolite",
      "type": "negative",
	  "attributes": {
		  "forageDropRate": -0.4,
		  "wildCropDropRate": -0.5
		  }
    }
  },
  {
    "file": "game:config/traits.json",
    "op": "add",
    "path": "/-",
    "value": {
      "code": "dwarvenroots",
      "type": "positive",
	  "attributes": {
		  "oreDropRate": 0.5,
		  "miningSpeedMul": 1
		  }
    }
  },
  {
    "file": "game:config/traits.json",
    "op": "add",
    "path": "/-",
    "value": {
      "code": "experiencedminer",
      "type": "positive",
	  "attributes": {
		  "oreDropRate": 0.35,
		  "miningSpeedMul": 0.7
		  }
    }
  },
  {
    "file": "game:config/traits.json",
    "op": "add",
    "path": "/-",
    "value": {
      "code": "miner",
      "type": "positive",
	  "attributes": {
		  "oreDropRate": 0.25,
		  "miningSpeedMul": 0.4
		  }
    }
  },
  {
    "file": "game:config/traits.json",
    "op": "add",
    "path": "/-",
    "value": {
      "code": "rock hound",
      "type": "positive",
	  "attributes": {
		  "oreDropRate": 0.15,
		  "miningSpeedMul": 0.2
		  }
    }
  },
  {
    "file": "game:config/traits.json",
    "op": "add",
    "path": "/-",
    "value": {
      "code": "speluncaphobic",
      "type": "negative",
	  "attributes": {
		  "oreDropRate": -0.3,
		  "miningSpeedMul": -0.2
		  }
    }
  },
  {
    "file": "game:config/traits.json",
    "op": "add",
    "path": "/-",
    "value": {
      "code": "outdoorsman",
      "type": "negative",
	  "attributes": {
		  "oreDropRate": -0.3,
		  "rustyGearDropRate": -0.2
		  }
    }
  },
  {
    "file": "game:config/traits.json",
    "op": "add",
    "path": "/-",
    "value": {
      "code": "rushed",
      "type": "negative",
	  "attributes": {
		  "oreDropRate": -0.15
		  }
    }
  },
  {
    "file": "game:config/traits.json",
    "op": "add",
    "path": "/-",
    "value": {
      "code": "stealthy",
      "type": "positive",
	  "attributes": {
		  "animalSeekingRange": -0.5
		  }
    }
  },
  {
    "file": "game:config/traits.json",
    "op": "add",
    "path": "/-",
    "value": {
      "code": "quiet",
      "type": "positive",
	  "attributes": {
		  "animalSeekingRange": -0.2
		  }
    }
  },
  {
    "file": "game:config/traits.json",
    "op": "add",
    "path": "/-",
    "value": {
      "code": "noisy",
      "type": "negative",
	  "attributes": {
		  "animalSeekingRange": 0.2
		  }
    }
  },
  {
    "file": "game:config/traits.json",
    "op": "add",
    "path": "/-",
    "value": {
      "code": "tinnitus",
      "type": "negative",
	  "attributes": {
		  "animalSeekingRange": 0.2
		  }
    }
  },
  {
    "file": "game:config/traits.json",
    "op": "add",
    "path": "/-",
    "value": {
      "code": "loud",
      "type": "negative",
	  "attributes": {
		  "animalSeekingRange": 0.35
		  }
    }
  },
  {
    "file": "game:config/traits.json",
    "op": "add",
    "path": "/-",
    "value": {
      "code": "thunderous",
      "type": "negative",
	  "attributes": {
		  "animalSeekingRange": 0.5
		  }
    }
  },
  {
    "file": "game:config/traits.json",
    "op": "add",
    "path": "/-",
    "value": {
      "code": "wellfed",
      "type": "positive",
	  "attributes": {
		  "hungerrate": -0.3
		  }
    }
  },
  {
    "file": "game:config/traits.json",
    "op": "add",
    "path": "/-",
    "value": {
      "code": "aescetic fasting",
      "type": "positive",
	  "attributes": {
		  "hungerrate": -0.2
		  }
    }
  },
  {
    "file": "game:config/traits.json",
    "op": "add",
    "path": "/-",
    "value": {
      "code": "low metabolism",
      "type": "positive",
	  "attributes": {
		  "hungerrate": -0.1
		  }
    }
  },
  {
    "file": "game:config/traits.json",
    "op": "add",
    "path": "/-",
    "value": {
      "code": "high metabolism",
      "type": "negative",
	  "attributes": {
		  "hungerrate": 0.1
		  }
    }
  },
  {
    "file": "game:config/traits.json",
    "op": "add",
    "path": "/-",
    "value": {
      "code": "insatiablehunger",
      "type": "negative",
	  "attributes": {
		  "hungerrate": 0.2
		  }
    }
  },
  {
    "file": "game:config/traits.json",
    "op": "add",
    "path": "/-",
    "value": {
      "code": "voracious",
      "type": "negative",
	  "attributes": {
		  "hungerrate": 0.35
		  }
    }
  },
  {
    "file": "game:config/traits.json",
    "op": "add",
    "path": "/-",
    "value": {
      "code": "bandit",
      "type": "positive",
	  "attributes": {
		  "vesselContentsDropRate": 0.5,
		  "wholeVesselLootChance": 0.35
		  }
    }
  },
  {
    "file": "game:config/traits.json",
    "op": "add",
    "path": "/-",
    "value": {
      "code": "looter",
      "type": "positive",
	  "attributes": {
		  "vesselContentsDropRate": 0.35,
		  "wholeVesselLootChance": 0.25,
      "rustyGearDropRate": 0.2
		  }
    }
  },
  {
    "file": "game:config/traits.json",
    "op": "add",
    "path": "/-",
    "value": {
      "code": "eye for value",
      "type": "positive",
	  "attributes": {
		  "vesselContentsDropRate": 0.15,
      "rustyGearDropRate": 0.2
		  }
    }
  },
  {
    "file": "game:config/traits.json",
    "op": "add",
    "path": "/-",
    "value": {
      "code": "thief",
      "type": "positive",
	  "attributes": {
		  "vesselContentsDropRate": 0.25,
		  "wholeVesselLootChance": 0.20
		  }
    }
  },
  {
    "file": "game:config/traits.json",
    "op": "add",
    "path": "/-",
    "value": {
      "code": "citizen",
      "type": "negative",
	  "attributes": {
		  "vesselContentsDropRate": -0.15,
		  "wholeVesselLootChance": -0.12
		  }
    }
  },
  {
    "file": "game:config/traits.json",
    "op": "add",
    "path": "/-",
    "value": {
      "code": "malnourished",
      "type": "negative",
	  "attributes": {
		  "meleeWeaponsDamage": -0.15
		  }
    }
  },
  {
    "file": "game:config/traits.json",
    "op": "add",
    "path": "/-",
    "value": {
        "code": "burner",
        "type": "positive",
        "attributes": {
            "charcoalPileDropRate": 0.35
        }
    }
  },
  {
    "file": "config/traits.json",
    "op": "add",
    "path": "/-",
    "value": {
        "code": "fieldhand",
        "type": "positive",
        "attributes": {
            "produceDropRate": 0.3
        }
    }
  },
  {
    "file": "config/traits.json",
    "op": "add",
    "path": "/-",
    "value": {
        "code": "arborist",
        "type": "positive",
        "attributes": {
            "fruittreeDropRate": 1,
            "treeseedDropRate": 2
        }
    }
  },
  {
    "file": "config/traits.json",
    "op": "add",
    "path": "/-",
    "value": {
        "code": "black lung",
        "type": "negative",
        "attributes": {
            "maxhealthExtraPoints": -2.5,
            "armorWalkSpeedAffectedness": 0.25,
            "healingeffectiveness": -0.25
        }
    }
  },
  {
    "file": "config/traits.json",
    "op": "add",
    "path": "/-",
    "value": {
        "code": "experienced hunter",
        "type": "positive",
        "attributes": {
            "animalLootDropRate": 0.2,
            "animalHarvestingTime": -0.3,
            "animalSeekingRange": -0.3
        }
    }
  },
  {
    "file": "config/traits.json",
    "op": "add",
    "path": "/-",
    "value": {
        "code": "reaper",
        "type": "positive",
        "attributes": {
            "forageDropRate": 0.25,
            "wildCropDropRate": 0.35
        }
    }
  },
  {
    "file": "config/traits.json",
    "op": "add",
    "path": "/-",
    "value": {
        "code": "forester",
        "type": "positive",
        "attributes": {
            "woodDropRate": 0.1,
            "stickDropRate": 0.5
        }
    }
  },
  {
    "file": "config/traits.json",
    "op": "add",
    "path": "/-",
    "value": {
        "code": "packrat",
        "type": "positive",
        "attributes": { }
    }
  },
  {
    "file": "config/traits.json",
    "op": "add",
    "path": "/-",
    "value": {
        "code": "composter",
        "type": "positive",
        "attributes": { }
    }
  },
  {
    "file": "config/traits.json",
    "op": "add",
    "path": "/-",
    "value": {
        "code": "machinist",
        "type": "positive",
        "attributes": { }
    }
  },
  {
    "file": "config/traits.json",
    "op": "add",
    "path": "/-",
    "value": {
        "code": "chivalricheritage",
        "type": "positive",
        "attributes": { }
    }
  },
  {
    "file": "config/traits.json",
    "op": "add",
    "path": "/-",
    "value": {
        "code": "makeshift",
        "type": "positive",
        "attributes": { }
    }
  },
  {
    "file": "config/traits.json",
    "op": "add",
    "path": "/-",
    "value": {
        "code": "relichunter",
        "type": "positive",
        "attributes": { }
    }
  }
  
]
