﻿[
  {
    "code": "wetsporepaper",
    "sealHours": 8,
    "ingredients": [
      {
        "type": "item",
        "code": "game:alcoholportion",
        "litres": 0.1,
        "consumeLitres": 0.1
      },
      {
        "type": "item",
        "code": "game:paper-parchment",
        "quantity": 1
      }
    ],
    "output": {
      "type": "item",
      "code": "wetsporepaper",
      "stackSize": 1
    }
  },
  {
    "code": "wetsporepaper",
    "sealHours": 26,
    "ingredients": [
      {
        "type": "item",
        "code": "game:limewaterportion",
        "litres": 5,
        "consumeLitres": 5
      },
      {
        "type": "item",
        "code": "game:paper-parchment",
        "quantity": 1
      }
    ],
    "output": {
      "type": "item",
      "code": "wetsporepaper",
      "stackSize": 1
    }
  },
  {
    "code": "wetsporepaper",
    "sealHours": 24,
    "ingredients": [
      {
        "type": "item",
        "code": "game:dilutedboraxportion",
        "litres": 5,
        "consumeLitres": 5
      },
      {
        "type": "item",
        "code": "game:paper-parchment",
        "quantity": 1
      }
    ],
    "output": {
      "type": "item",
      "code": "wetsporepaper",
      "stackSize": 1
    }
  }
]