[
    {
        "ingredientPattern": "_CL,_B_,_R_",
        "requiresTrait": "makeshift",
        "width": 3,
        "height": 3,
        "ingredients": {
            "C": {"type": "item", "code": "game:clay-*", "quantity": 8 },
            "L": {"type": "item", "code": "game:flaxtwine" },
            "B": {"type": "item", "code": "game:blastingpowder","quantity": 2 },
            "R": {"type": "block", "code": "game:crucible-burned" }
        },
        "output": {
            "type": "block",
            "code": "ironbomb-ore",
            "quantity": 1
        }
    }
]