{
	code: "egg",
	behaviors: [{name: "UnstableFalling"}, {name: "RightClickPickup", properties: { dropsPickupMode: true}} ],
	entityClass: "Transient",
	attributes: {
		transientProps: {
			convertFrom: "*", 
			convertTo: "air", 
			inGameHours: "72",
		},
		handbook: {
			groupBy: ["egg-*"]
		}
	},
	variantgroups: [
		{ code:"creature", states: ["pekin", "mallard", "call"] },
		{ code:"amount", states: ["1", "2", "3", "broken"] },
	],	
	creativeinventory: { general: ["*"], decorative: ["*"] },
	blockmaterial: "Soil",
	drawtype: "json",
	shapebytype: {
		"*-1": { 
			base: "game:block/egg/1egg",
			alternates: [ { base: "game:block/egg/1egg", rotateY: 90 }, { base: "game:block/egg/1egg", rotateY: 180 }, { base: "game:block/egg/1egg", rotateY: 270 } ]
		},
		"*-2": { 
			base: "game:block/egg/2eggs",
			alternates: [ { base: "game:block/egg/2eggs", rotateY: 90 }, { base: "game:block/egg/2eggs", rotateY: 180 }, { base: "game:block/egg/2eggs", rotateY: 270 } ]
		},
		"*-3": { 
			base: "game:block/egg/3eggs",
			alternates: [ { base: "game:block/egg/3eggs", rotateY: 90 }, { base: "game:block/egg/3eggs", rotateY: 180 }, { base: "game:block/egg/3eggs", rotateY: 270 } ]
		},
		"*-broken": { 
			base: "game:block/egg/brokenegg",
			alternates: [ { base: "game:block/egg/brokenegg", rotateY: 90 }, { base: "game:block/egg/brokenegg", rotateY: 180 }, { base: "game:block/egg/brokenegg", rotateY: 270 } ]
		},
	},
	doNotRenderAtLod2: true,
	lightAbsorption: 0,
	sidesolid: { all: false },
	sideopaque: { all: false },
	replaceable: 100,
	resistance: 0.25,
	selectionbox: { x1: 0, y1: 0, x2: 1, y2: 0.125, z2: 1 },
	collisionbox: null,
	dropsByType: {
		"*-1": [ { type: "item", code: "egg-{creature}-raw", quantity: { avg: 1 }  } ],
		"*-2": [ { type: "item", code: "egg-{creature}-raw", quantity: { avg: 2 }  } ],
		"*-3": [ { type: "item", code: "egg-{creature}-raw", quantity: { avg: 3 }  } ],
	},
	materialDensity: 300,
	tpHandTransformByType: {
		"*": {
			translation: { x: -1.3, y: -0.77, z: -0.65 },
			rotation: { x: 2, y: 1, z: -91 },
			scale: 0.71
		}
	},
}