{
  "textureWidth":16,
  "textureHeight":16,
  "textures":{
		"bark":"game:block/wood/firewood/bark",
		"side":"game:block/wood/firewood/side",
		"south":"game:block/wood/firewood/south",
		"north":"game:block/wood/firewood/north"
  },
  "textureSizes":{
    "bark":[
      32,
      32
    ],
    "north":[
      32,
      32
    ],
    "side":[
      32,
      32
    ],
    "south":[
      32,
      32
    ]
  },
  "elements":[
    {
      "name":"origin",
      "from":[
        11.0,
        0.5,
        7.699999988079071
      ],
      "to":[
        11.0,
        0.5,
        7.699999988079071
      ],
      "rotationOrigin":[
        8.0,
        0.0,
        8.0
      ],
      "group":"Crude",
      "faces":{
        "north":{
          "texture":"#0",
          "uv":[
            0,
            0,
            4,
            4
          ],
          "autoUv":false
        },
        "east":{
          "texture":"#0",
          "uv":[
            0,
            0,
            4,
            4
          ],
          "autoUv":false
        },
        "south":{
          "texture":"#0",
          "uv":[
            0,
            0,
            4,
            4
          ],
          "autoUv":false
        },
        "west":{
          "texture":"#0",
          "uv":[
            0,
            0,
            4,
            4
          ],
          "autoUv":false
        },
        "up":{
          "texture":"#bark",
          "uv":[
            0.0,
            0.0,
            1.0,
            1.0
          ],
          "autoUv":false,
          "rotation":180
        },
        "down":{
          "texture":"#0",
          "uv":[
            0,
            0,
            4,
            4
          ],
          "autoUv":false
        }
      },
      "children":[
        {
          "name":"handle_crude 01",
          "from":[
            -7.98002815246582,
            -0.24614286422729492,
            -0.2658316493034363
          ],
          "to":[
            3.349764347076416,
            0.7578230500221252,
            0.7378714680671692
          ],
          "rotationOrigin":[
            -2.1196517944335938,
            0.32369887828826904,
            0.23601990938186646
          ],
          "group":"Crude",
          "faces":{
            "north":{
              "texture":"#bark",
              "uv":[
                3.0,
                1.9073486328125e-06,
                29.0,
                3.0
              ],
              "autoUv":false
            },
            "east":{
              "texture":"#north",
              "uv":[
                5.0,
                1.9073486328125e-06,
                8.0,
                2.999998092651367
              ],
              "autoUv":false
            },
            "south":{
              "texture":"#side",
              "uv":[
                3.0,
                1.9073486328125e-06,
                29.000003814697266,
                3.0
              ],
              "autoUv":false
            },
            "west":{
              "texture":"#south",
              "uv":[
                1.0,
                0.0,
                4.0,
                3.0
              ],
              "autoUv":false
            },
            "up":{
              "texture":"#bark",
              "uv":[
                3.0,
                1.9073486328125e-06,
                29.000001907348633,
                3.0
              ],
              "autoUv":false
            },
            "down":{
              "texture":"#side",
              "uv":[
                29.0,
                3.0,
                2.999998092651367,
                3.814697265625e-06
              ],
              "autoUv":false,
              "rotation":180
            }
          },
          "children":[]
        },
        {
          "name":"handle_crude 02",
          "from":[
            2.2432384490966797,
            0.29457199573516846,
            -0.30762767791748047
          ],
          "to":[
            3.4172348380088806,
            0.7964235544204712,
            0.19422399997711182
          ],
          "rotationOrigin":[
            3.060689926147461,
            0.5454977750778198,
            -0.056701838970184326
          ],
          "rotationX":-7.438680652895937e-08,
          "rotationY":4.000000395901356,
          "rotationZ":3.0000043523508366,
          "group":"Crude",
          "faces":{
            "north":{
              "texture":"#side",
              "uv":[
                4.0,
                0.0,
                7.0,
                2.0
              ],
              "autoUv":false
            },
            "east":{
              "texture":"#north",
              "uv":[
                4.0,
                2.0,
                6.0,
                4.0
              ],
              "autoUv":false
            },
            "south":{
              "texture":"#bark",
              "uv":[
                0.9968939423561096,
                0.0,
                4.0,
                2.0
              ],
              "autoUv":false
            },
            "west":{
              "texture":"#side",
              "uv":[
                12.0,
                0.0,
                20.0,
                8.0
              ],
              "autoUv":false,
              "rotation":270
            },
            "up":{
              "texture":"#side",
              "uv":[
                18.0,
                0.0,
                21.0,
                2.0
              ],
              "autoUv":false
            },
            "down":{
              "texture":"#bark",
              "uv":[
                24.0,
                2.0,
                21.0,
                0.0
              ],
              "autoUv":false,
              "rotation":180
            }
          },
          "children":[]
        },
        {
          "name":"handle_crude 03",
          "from":[
            2.268716514110565,
            -0.24938786029815674,
            -0.2866944670677185
          ],
          "to":[
            3.412038952112198,
            0.252463698387146,
            0.21515709161758423
          ],
          "rotationOrigin":[
            3.064809799194336,
            0.001537919044494629,
            -0.03576868772506714
          ],
          "rotationX":-2.550206115114955e-08,
          "rotationY":1.9999999845072665,
          "rotationZ":-1.9999999845072665,
          "group":"Crude",
          "faces":{
            "north":{
              "texture":"#side",
              "uv":[
                4.0,
                2.0,
                7.0,
                3.999998092651367
              ],
              "autoUv":false
            },
            "east":{
              "texture":"#north",
              "uv":[
                4.0,
                3.0,
                6.0,
                5.0
              ],
              "autoUv":false
            },
            "south":{
              "texture":"#bark",
              "uv":[
                0.9968940019607544,
                1.9999980926513672,
                4.0,
                4.0
              ],
              "autoUv":false
            },
            "west":{
              "texture":"#side",
              "uv":[
                12.0,
                0.0,
                20.0,
                8.0
              ],
              "autoUv":false,
              "rotation":270
            },
            "up":{
              "texture":"#bark",
              "uv":[
                18.0,
                1.9999980926513672,
                21.0,
                4.0
              ],
              "autoUv":false
            },
            "down":{
              "texture":"#bark",
              "uv":[
                24.0,
                1.9999980926513672,
                21.0,
                0.0
              ],
              "autoUv":false,
              "rotation":180
            }
          },
          "children":[]
        },
        {
          "name":"handle_crude 04",
          "from":[
            2.2516769766807556,
            -0.2602601647377014,
            0.2776165008544922
          ],
          "to":[
            3.409439891576767,
            0.24159139394760132,
            0.7794681787490845
          ],
          "rotationOrigin":[
            3.0578250885009766,
            -0.009334385395050049,
            0.5285423398017883
          ],
          "rotationX":-7.438680652895937e-08,
          "rotationY":-4.000000395901356,
          "rotationZ":-3.0000043523508366,
          "group":"Crude",
          "faces":{
            "north":{
              "texture":"#side",
              "uv":[
                4.0,
                3.999998092651367,
                7.0,
                5.999998092651367
              ],
              "autoUv":false
            },
            "east":{
              "texture":"#north",
              "uv":[
                4.0,
                2.0,
                6.0,
                4.0
              ],
              "autoUv":false
            },
            "south":{
              "texture":"#side",
              "uv":[
                1.0062121152877808,
                1.9999980926513672,
                4.0,
                4.0
              ],
              "autoUv":false
            },
            "west":{
              "texture":"#side",
              "uv":[
                12.0,
                0.0,
                20.0,
                8.0
              ],
              "autoUv":false,
              "rotation":270
            },
            "up":{
              "texture":"#side",
              "uv":[
                18.0,
                3.999998092651367,
                21.0,
                5.999998092651367
              ],
              "autoUv":false
            },
            "down":{
              "texture":"#side",
              "uv":[
                24.0,
                3.999998092651367,
                21.0,
                1.9999980926513672
              ],
              "autoUv":false,
              "rotation":180
            }
          },
          "children":[]
        },
        {
          "name":"handle_crude 05",
          "from":[
            2.268533229827881,
            0.2729978561401367,
            0.26743704080581665
          ],
          "to":[
            3.4118559658527374,
            0.7748494148254395,
            0.7692885994911194
          ],
          "rotationOrigin":[
            3.064626693725586,
            0.5239236354827881,
            0.518362820148468
          ],
          "rotationX":-3.099000806654238e-08,
          "rotationY":-3.0000015775864863,
          "rotationZ":0.9999989250365754,
          "group":"Crude",
          "faces":{
            "north":{
              "texture":"#side",
              "uv":[
                3.0,
                4.0,
                6.0,
                6.0
              ],
              "autoUv":false
            },
            "east":{
              "texture":"#north",
              "uv":[
                4.0,
                2.0,
                6.0,
                4.0
              ],
              "autoUv":false
            },
            "south":{
              "texture":"#side",
              "uv":[
                2.0,
                -3.814697265625e-06,
                5.0,
                2.000001907348633
              ],
              "autoUv":false
            },
            "west":{
              "texture":"#side",
              "uv":[
                12.0,
                0.0,
                20.0,
                8.0
              ],
              "autoUv":false,
              "rotation":270
            },
            "up":{
              "texture":"#bark",
              "uv":[
                18.0,
                1.9999980926513672,
                21.0,
                4.0
              ],
              "autoUv":false
            },
            "down":{
              "texture":"#side",
              "uv":[
                24.0,
                6.0,
                21.0,
                4.0
              ],
              "autoUv":false,
              "rotation":180
            }
          },
          "children":[]
        },
        {
          "name":"handle_crude 07",
          "from":[
            -7.258733034133911,
            0.6793811656534672,
            0.13565069437026978
          ],
          "to":[
            -6.589597463607788,
            0.779751505702734,
            0.6375022530555725
          ],
          "rotationOrigin":[
            -6.92416524887085,
            0.7295663356781006,
            0.38657647371292114
          ],
          "rotationZ":3.999996127033125,
          "group":"Crude",
          "faces":{
            "north":{
              "texture":"#bark",
              "uv":[
                29.0,
                0.0,
                31.0,
                1.0
              ],
              "autoUv":false
            },
            "east":{
              "texture":"#bark",
              "uv":[
                31.0,
                1.0,
                32.0,
                2.0
              ],
              "autoUv":false
            },
            "south":{
              "texture":"#bark",
              "uv":[
                29.0,
                0.0,
                31.0,
                1.0
              ],
              "autoUv":false
            },
            "west":{
              "texture":"#bark",
              "uv":[
                12.0,
                0.0,
                20.0,
                8.0
              ],
              "autoUv":false,
              "rotation":270
            },
            "up":{
              "texture":"#bark",
              "uv":[
                7.0,
                3.0,
                9.0,
                5.0
              ],
              "autoUv":false
            },
            "down":{
              "texture":"#bark",
              "uv":[
                31.0,
                1.0,
                29.0,
                0.0
              ],
              "autoUv":false,
              "rotation":180
            }
          },
          "children":[]
        },
        {
          "name":"handle_crude 08",
          "from":[
            -1.134955883026123,
            0.7022946216166019,
            -0.19891732931137085
          ],
          "to":[
            0.20331525802612305,
            0.8026649616658688,
            0.3029342293739319
          ],
          "rotationOrigin":[
            -0.4658203125,
            0.7524797916412354,
            0.05200845003128052
          ],
          "rotationZ":3.999996127033125,
          "group":"Crude",
          "faces":{
            "north":{
              "texture":"#bark",
              "uv":[
                28.0,
                0.0,
                32.0,
                1.0
              ],
              "autoUv":false
            },
            "east":{
              "texture":"#bark",
              "uv":[
                31.0,
                1.0,
                32.0,
                2.0
              ],
              "autoUv":false
            },
            "south":{
              "texture":"#bark",
              "uv":[
                28.0,
                0.0,
                32.0,
                1.0
              ],
              "autoUv":false
            },
            "west":{
              "texture":"#bark",
              "uv":[
                12.0,
                0.0,
                20.0,
                8.0
              ],
              "autoUv":false,
              "rotation":270
            },
            "up":{
              "texture":"#bark",
              "uv":[
                11.0,
                1.0,
                15.0,
                3.0
              ],
              "autoUv":false
            },
            "down":{
              "texture":"#bark",
              "uv":[
                32.0,
                1.0,
                28.0,
                0.0
              ],
              "autoUv":false,
              "rotation":180
            }
          },
          "children":[]
        }
      ]
    }
  ],
  "groups":[]
}