{
	"editor": {
		"backDropShape": "entity/humanoid/seraph-faceless",
		"allAngles": true,
		"entityTextureMode": true
	},
	"textureWidth": 64,
	"textureHeight": 64,
	"textureSizes": {
		"seraph": [64,64]
	},
	"textures": {
		"seraph": "entity/humanoid/seraph-naked"
	},
	"elements": [
		{
			"name": "hidehat",
			"stepParentName": "head",
			"from": [ 0.0, 0.0, 0.0 ],
			"to": [ 5.5, 5.0, 5.0 ],
			"uv": [ 999.0, 999.0 ],
			"faces": {
			},
			"children": [
				{
					"name": "L ears 1",
					"from": [ 2.3009, 3.0455, 5.6228 ],
					"to": [ 3.8541, 3.3562, 5.8077 ],
					"uv": [ 14.5, 7.0 ],
					"rotationOrigin": [ 3.0774, 3.2008, 5.7153 ],
					"rotationX": 17.7209,
					"rotationY": -42.4174,
					"rotationZ": 73.0432,
					"faces": {
						"north": { "texture": "#seraph", "uv": [ 14.5, 7.5, 16.0, 8.0 ] },
						"east": { "texture": "#seraph", "uv": [ 16.0, 7.5, 16.5, 8.0 ] },
						"south": { "texture": "#seraph", "uv": [ 16.5, 7.5, 18.0, 8.0 ] },
						"west": { "texture": "#seraph", "uv": [ 18.0, 7.5, 18.5, 8.0 ] },
						"up": { "texture": "#seraph", "uv": [ 14.5, 7.0, 16.0, 7.5 ] },
						"down": { "texture": "#seraph", "uv": [ 16.0, 7.0, 17.5, 7.5 ] }
					}
				},
				{
					"name": "L ears 10",
					"from": [ 1.7483, 2.041, 4.9375 ],
					"to": [ 2.5883, 3.1419, 5.0861 ],
					"uv": [ 16.0, 7.0 ],
					"rotationOrigin": [ 2.1682, 2.5913, 5.0118 ],
					"rotationX": 0.8316,
					"rotationY": -3.5696,
					"rotationZ": 10.9489,
					"faces": {
						"north": { "texture": "#seraph", "uv": [ 16.0, 7.5, 16.5, 8.5 ] },
						"east": { "texture": "#seraph", "uv": [ 16.5, 7.5, 17.0, 8.5 ] },
						"south": { "texture": "#seraph", "uv": [ 17.0, 7.5, 17.5, 8.5 ] },
						"west": { "texture": "#seraph", "uv": [ 17.5, 7.5, 18.0, 8.5 ] },
						"up": { "texture": "#seraph", "uv": [ 16.0, 7.0, 16.5, 7.5 ] },
						"down": { "texture": "#seraph", "uv": [ 16.5, 7.0, 17.0, 7.5 ] }
					}
				},
				{
					"name": "L ears 2",
					"from": [ 2.294, 2.221, 5.0952 ],
					"to": [ 3.16, 2.5317, 5.3202 ],
					"uv": [ 15.5, 7.0 ],
					"rotationOrigin": [ 2.7269, 2.3763, 5.2078 ],
					"rotationX": 0.1915,
					"rotationY": -40.0508,
					"rotationZ": 40.8327,
					"faces": {
						"north": { "texture": "#seraph", "uv": [ 15.5, 7.5, 16.0, 8.0 ] },
						"east": { "texture": "#seraph", "uv": [ 16.0, 7.5, 16.5, 8.0 ] },
						"south": { "texture": "#seraph", "uv": [ 16.5, 7.5, 17.0, 8.0 ] },
						"west": { "texture": "#seraph", "uv": [ 17.0, 7.5, 17.5, 8.0 ] },
						"up": { "texture": "#seraph", "uv": [ 15.5, 7.0, 16.0, 7.5 ] },
						"down": { "texture": "#seraph", "uv": [ 16.0, 7.0, 16.5, 7.5 ] }
					}
				},
				{
					"name": "L ears 3",
					"from": [ 1.8248, 1.9907, 4.8743 ],
					"to": [ 2.5547, 2.2482, 5.1471 ],
					"uv": [ 16.0, 7.0 ],
					"rotationOrigin": [ 2.1897, 2.1194, 5.0108 ],
					"rotationX": -11.0059,
					"rotationY": -2.4753,
					"rotationZ": 3.6832,
					"faces": {
						"north": { "texture": "#seraph", "uv": [ 16.0, 7.5, 16.5, 8.0 ] },
						"east": { "texture": "#seraph", "uv": [ 16.5, 7.5, 17.0, 8.0 ] },
						"south": { "texture": "#seraph", "uv": [ 17.0, 7.5, 17.5, 8.0 ] },
						"west": { "texture": "#seraph", "uv": [ 17.5, 7.5, 18.0, 8.0 ] },
						"up": { "texture": "#seraph", "uv": [ 16.0, 7.0, 16.5, 7.5 ] },
						"down": { "texture": "#seraph", "uv": [ 16.5, 7.0, 17.0, 7.5 ] }
					}
				},
				{
					"name": "L ears 4",
					"from": [ 2.0097, 3.3586, 5.4659 ],
					"to": [ 3.5629, 3.6693, 5.6573 ],
					"uv": [ 15.0, 7.0 ],
					"rotationOrigin": [ 2.7862, 3.5139, 5.5617 ],
					"rotationX": 16.7222,
					"rotationY": -40.8631,
					"rotationZ": 36.8866,
					"faces": {
						"north": { "texture": "#seraph", "uv": [ 15.0, 7.5, 16.5, 8.0 ] },
						"east": { "texture": "#seraph", "uv": [ 16.5, 7.5, 17.0, 8.0 ] },
						"south": { "texture": "#seraph", "uv": [ 17.0, 7.5, 18.5, 8.0 ] },
						"west": { "texture": "#seraph", "uv": [ 18.5, 7.5, 19.0, 8.0 ] },
						"up": { "texture": "#seraph", "uv": [ 15.0, 7.0, 16.5, 7.5 ] },
						"down": { "texture": "#seraph", "uv": [ 16.5, 7.0, 18.0, 7.5 ] }
					}
				},
				{
					"name": "L ears 5",
					"from": [ 1.4901, 2.611, 4.8556 ],
					"to": [ 1.9231, 2.8951, 5.1362 ],
					"uv": [ 15.5, 7.0 ],
					"rotationOrigin": [ 1.7066, 2.753, 4.996 ],
					"rotationX": -54.0656,
					"rotationY": 19.3071,
					"rotationZ": 116.0808,
					"faces": {
						"north": { "texture": "#seraph", "uv": [ 15.5, 7.5, 16.0, 8.0 ] },
						"east": { "texture": "#seraph", "uv": [ 16.0, 7.5, 16.5, 8.0 ] },
						"south": { "texture": "#seraph", "uv": [ 16.5, 7.5, 17.0, 8.0 ] },
						"west": { "texture": "#seraph", "uv": [ 17.0, 7.5, 17.5, 8.0 ] },
						"up": { "texture": "#seraph", "uv": [ 15.5, 7.0, 16.0, 7.5 ] },
						"down": { "texture": "#seraph", "uv": [ 16.0, 7.0, 16.5, 7.5 ] }
					}
				},
				{
					"name": "L ears 6",
					"from": [ 1.989, 3.1051, 5.033 ],
					"to": [ 2.6514, 3.3892, 5.2508 ],
					"uv": [ 16.0, 7.0 ],
					"rotationOrigin": [ 2.3202, 3.2471, 5.142 ],
					"rotationX": 24.8718,
					"rotationY": -10.8068,
					"rotationZ": 14.9182,
					"faces": {
						"north": { "texture": "#seraph", "uv": [ 16.0, 7.5, 16.5, 8.0 ] },
						"east": { "texture": "#seraph", "uv": [ 16.5, 7.5, 17.0, 8.0 ] },
						"south": { "texture": "#seraph", "uv": [ 17.0, 7.5, 17.5, 8.0 ] },
						"west": { "texture": "#seraph", "uv": [ 17.5, 7.5, 18.0, 8.0 ] },
						"up": { "texture": "#seraph", "uv": [ 16.0, 7.0, 16.5, 7.5 ] },
						"down": { "texture": "#seraph", "uv": [ 16.5, 7.0, 17.0, 7.5 ] }
					}
				},
				{
					"name": "L ears 7",
					"from": [ 2.2573, 2.469, 5.1596 ],
					"to": [ 3.08, 3.2503, 5.2113 ],
					"uv": [ 16.5, 7.0 ],
					"rotationOrigin": [ 2.6686, 2.8595, 5.1855 ],
					"rotationX": 15.1796,
					"rotationY": -42.2531,
					"rotationZ": 47.3675,
					"faces": {
						"north": { "texture": "#seraph", "uv": [ 16.5, 7.5, 17.0, 8.0 ] },
						"east": { "texture": "#seraph", "uv": [ 17.0, 7.5, 17.5, 8.0 ] },
						"south": { "texture": "#seraph", "uv": [ 17.5, 7.5, 18.0, 8.0 ] },
						"west": { "texture": "#seraph", "uv": [ 18.0, 7.5, 18.5, 8.0 ] },
						"up": { "texture": "#seraph", "uv": [ 16.5, 7.0, 17.0, 7.5 ] },
						"down": { "texture": "#seraph", "uv": [ 17.0, 7.0, 17.5, 7.5 ] }
					}
				},
				{
					"name": "L ears 8",
					"from": [ 2.6854, 3.0797, 5.54 ],
					"to": [ 3.1999, 3.4967, 5.5949 ],
					"uv": [ 16.0, 7.5 ],
					"rotationOrigin": [ 2.9426, 3.2881, 5.5675 ],
					"rotationX": 16.3132,
					"rotationY": -42.316,
					"rotationZ": 51.1048,
					"faces": {
						"north": { "texture": "#seraph", "uv": [ 16.0, 8.0, 16.5, 8.5 ] },
						"east": { "texture": "#seraph", "uv": [ 16.5, 8.0, 17.0, 8.5 ] },
						"south": { "texture": "#seraph", "uv": [ 17.0, 8.0, 17.5, 8.5 ] },
						"west": { "texture": "#seraph", "uv": [ 17.5, 8.0, 18.0, 8.5 ] },
						"up": { "texture": "#seraph", "uv": [ 16.0, 7.5, 16.5, 8.0 ] },
						"down": { "texture": "#seraph", "uv": [ 16.5, 7.5, 17.0, 8.0 ] }
					}
				},
				{
					"name": "L ears 9",
					"from": [ 1.5447, 2.8889, 4.8736 ],
					"to": [ 2.1377, 3.1908, 5.1593 ],
					"uv": [ 17.0, 7.0 ],
					"rotationOrigin": [ 1.8412, 3.0398, 5.0165 ],
					"rotationX": 16.7153,
					"rotationY": 6.4839,
					"rotationZ": 38.906,
					"faces": {
						"north": { "texture": "#seraph", "uv": [ 17.0, 7.5, 17.5, 8.0 ] },
						"east": { "texture": "#seraph", "uv": [ 17.5, 7.5, 18.0, 8.0 ] },
						"south": { "texture": "#seraph", "uv": [ 18.0, 7.5, 18.5, 8.0 ] },
						"west": { "texture": "#seraph", "uv": [ 18.5, 7.5, 19.0, 8.0 ] },
						"up": { "texture": "#seraph", "uv": [ 17.0, 7.0, 17.5, 7.5 ] },
						"down": { "texture": "#seraph", "uv": [ 17.5, 7.0, 18.0, 7.5 ] }
					}
				},
				{
					"name": "R ears 1",
					"from": [ 2.3007, 3.0454, -0.8077 ],
					"to": [ 3.8539, 3.3561, -0.6228 ],
					"uv": [ 15.0, 7.0 ],
					"rotationOrigin": [ 3.0774, 3.2008, -0.7153 ],
					"rotationX": -17.7209,
					"rotationY": 42.4174,
					"rotationZ": -106.9568,
					"faces": {
						"north": { "texture": "#seraph", "uv": [ 15.0, 7.5, 16.5, 8.0 ], "rotation": 180 },
						"east": { "texture": "#seraph", "uv": [ 16.5, 7.5, 17.0, 8.0 ], "rotation": 180 },
						"south": { "texture": "#seraph", "uv": [ 17.0, 7.5, 18.5, 8.0 ], "rotation": 180 },
						"west": { "texture": "#seraph", "uv": [ 18.5, 7.5, 19.0, 8.0 ], "rotation": 180 },
						"up": { "texture": "#seraph", "uv": [ 15.0, 7.0, 16.5, 7.5 ], "rotation": 180 },
						"down": { "texture": "#seraph", "uv": [ 16.5, 7.0, 18.0, 7.5 ], "rotation": 180 }
					}
				},
				{
					"name": "R ears 10",
					"from": [ 1.7482, 2.0407, -0.0861 ],
					"to": [ 2.5882, 3.1416, 0.0625 ],
					"uv": [ 16.5, 7.0 ],
					"rotationOrigin": [ 2.1682, 2.5913, -0.0118 ],
					"rotationX": -0.8316,
					"rotationY": 3.5696,
					"rotationZ": -169.0511,
					"faces": {
						"north": { "texture": "#seraph", "uv": [ 16.5, 7.5, 17.0, 8.5 ], "rotation": 180 },
						"east": { "texture": "#seraph", "uv": [ 17.0, 7.5, 17.5, 8.5 ], "rotation": 180 },
						"south": { "texture": "#seraph", "uv": [ 17.5, 7.5, 18.0, 8.5 ], "rotation": 180 },
						"west": { "texture": "#seraph", "uv": [ 18.0, 7.5, 18.5, 8.5 ], "rotation": 180 },
						"up": { "texture": "#seraph", "uv": [ 16.5, 7.0, 17.0, 7.5 ], "rotation": 180 },
						"down": { "texture": "#seraph", "uv": [ 17.0, 7.0, 17.5, 7.5 ], "rotation": 180 }
					}
				},
				{
					"name": "R ears 2",
					"from": [ 2.2938, 2.2209, -0.3202 ],
					"to": [ 3.1598, 2.5316, -0.0952 ],
					"uv": [ 17.0, 7.5 ],
					"rotationOrigin": [ 2.7269, 2.3763, -0.2078 ],
					"rotationX": -0.1915,
					"rotationY": 40.0508,
					"rotationZ": -139.1672,
					"faces": {
						"north": { "texture": "#seraph", "uv": [ 17.0, 8.0, 17.5, 8.5 ], "rotation": 180 },
						"east": { "texture": "#seraph", "uv": [ 17.5, 8.0, 18.0, 8.5 ], "rotation": 180 },
						"south": { "texture": "#seraph", "uv": [ 18.0, 8.0, 18.5, 8.5 ], "rotation": 180 },
						"west": { "texture": "#seraph", "uv": [ 18.5, 8.0, 19.0, 8.5 ], "rotation": 180 },
						"up": { "texture": "#seraph", "uv": [ 17.0, 7.5, 17.5, 8.0 ], "rotation": 180 },
						"down": { "texture": "#seraph", "uv": [ 17.5, 7.5, 18.0, 8.0 ], "rotation": 180 }
					}
				},
				{
					"name": "R ears 3",
					"from": [ 1.8247, 1.9906, -0.1471 ],
					"to": [ 2.5546, 2.2481, 0.1257 ],
					"uv": [ 17.0, 7.5 ],
					"rotationOrigin": [ 2.1897, 2.1194, -0.0108 ],
					"rotationX": 11.0059,
					"rotationY": 2.4753,
					"rotationZ": -176.3168,
					"faces": {
						"north": { "texture": "#seraph", "uv": [ 17.0, 8.0, 17.5, 8.5 ], "rotation": 180 },
						"east": { "texture": "#seraph", "uv": [ 17.5, 8.0, 18.0, 8.5 ], "rotation": 180 },
						"south": { "texture": "#seraph", "uv": [ 18.0, 8.0, 18.5, 8.5 ], "rotation": 180 },
						"west": { "texture": "#seraph", "uv": [ 18.5, 8.0, 19.0, 8.5 ], "rotation": 180 },
						"up": { "texture": "#seraph", "uv": [ 17.0, 7.5, 17.5, 8.0 ], "rotation": 180 },
						"down": { "texture": "#seraph", "uv": [ 17.5, 7.5, 18.0, 8.0 ], "rotation": 180 }
					}
				},
				{
					"name": "R ears 4",
					"from": [ 2.0094, 3.3585, -0.6573 ],
					"to": [ 3.5626, 3.6692, -0.4659 ],
					"uv": [ 15.5, 7.0 ],
					"rotationOrigin": [ 2.7862, 3.5139, -0.5617 ],
					"rotationX": -16.7222,
					"rotationY": 40.863,
					"rotationZ": -143.1134,
					"faces": {
						"north": { "texture": "#seraph", "uv": [ 15.5, 7.5, 17.0, 8.0 ], "rotation": 180 },
						"east": { "texture": "#seraph", "uv": [ 17.0, 7.5, 17.5, 8.0 ], "rotation": 180 },
						"south": { "texture": "#seraph", "uv": [ 17.5, 7.5, 19.0, 8.0 ], "rotation": 180 },
						"west": { "texture": "#seraph", "uv": [ 19.0, 7.5, 19.5, 8.0 ], "rotation": 180 },
						"up": { "texture": "#seraph", "uv": [ 15.5, 7.0, 17.0, 7.5 ], "rotation": 180 },
						"down": { "texture": "#seraph", "uv": [ 17.0, 7.0, 18.5, 7.5 ], "rotation": 180 }
					}
				},
				{
					"name": "R ears 5",
					"from": [ 1.4901, 2.6109, -0.1362 ],
					"to": [ 1.9231, 2.895, 0.1444 ],
					"uv": [ 16.5, 7.0 ],
					"rotationOrigin": [ 1.7066, 2.753, 0.004 ],
					"rotationX": 54.0657,
					"rotationY": -19.3071,
					"rotationZ": -63.9192,
					"faces": {
						"north": { "texture": "#seraph", "uv": [ 16.5, 7.5, 17.0, 8.0 ], "rotation": 180 },
						"east": { "texture": "#seraph", "uv": [ 17.0, 7.5, 17.5, 8.0 ], "rotation": 180 },
						"south": { "texture": "#seraph", "uv": [ 17.5, 7.5, 18.0, 8.0 ], "rotation": 180 },
						"west": { "texture": "#seraph", "uv": [ 18.0, 7.5, 18.5, 8.0 ], "rotation": 180 },
						"up": { "texture": "#seraph", "uv": [ 16.5, 7.0, 17.0, 7.5 ], "rotation": 180 },
						"down": { "texture": "#seraph", "uv": [ 17.0, 7.0, 17.5, 7.5 ], "rotation": 180 }
					}
				},
				{
					"name": "R ears 6",
					"from": [ 1.9889, 3.105, -0.2508 ],
					"to": [ 2.6513, 3.3891, -0.033 ],
					"uv": [ 17.0, 7.0 ],
					"rotationOrigin": [ 2.3202, 3.2471, -0.142 ],
					"rotationX": -24.8718,
					"rotationY": 10.8068,
					"rotationZ": -165.0818,
					"faces": {
						"north": { "texture": "#seraph", "uv": [ 17.0, 7.5, 17.5, 8.0 ], "rotation": 180 },
						"east": { "texture": "#seraph", "uv": [ 17.5, 7.5, 18.0, 8.0 ], "rotation": 180 },
						"south": { "texture": "#seraph", "uv": [ 18.0, 7.5, 18.5, 8.0 ], "rotation": 180 },
						"west": { "texture": "#seraph", "uv": [ 18.5, 7.5, 19.0, 8.0 ], "rotation": 180 },
						"up": { "texture": "#seraph", "uv": [ 17.0, 7.0, 17.5, 7.5 ], "rotation": 180 },
						"down": { "texture": "#seraph", "uv": [ 17.5, 7.0, 18.0, 7.5 ], "rotation": 180 }
					}
				},
				{
					"name": "R ears 7",
					"from": [ 2.2572, 2.4688, -0.2113 ],
					"to": [ 3.0799, 3.25, -0.1596 ],
					"uv": [ 16.5, 7.0 ],
					"rotationOrigin": [ 2.6686, 2.8595, -0.1855 ],
					"rotationX": -15.1796,
					"rotationY": 42.2531,
					"rotationZ": -132.6325,
					"faces": {
						"north": { "texture": "#seraph", "uv": [ 16.5, 7.5, 17.0, 8.0 ], "rotation": 180 },
						"east": { "texture": "#seraph", "uv": [ 17.0, 7.5, 17.5, 8.0 ], "rotation": 180 },
						"south": { "texture": "#seraph", "uv": [ 17.5, 7.5, 18.0, 8.0 ], "rotation": 180 },
						"west": { "texture": "#seraph", "uv": [ 18.0, 7.5, 18.5, 8.0 ], "rotation": 180 },
						"up": { "texture": "#seraph", "uv": [ 16.5, 7.0, 17.0, 7.5 ], "rotation": 180 },
						"down": { "texture": "#seraph", "uv": [ 17.0, 7.0, 17.5, 7.5 ], "rotation": 180 }
					}
				},
				{
					"name": "R ears 8",
					"from": [ 2.6853, 3.0795, -0.5949 ],
					"to": [ 3.1998, 3.4965, -0.54 ],
					"uv": [ 16.5, 6.5 ],
					"rotationOrigin": [ 2.9426, 3.2881, -0.5675 ],
					"rotationX": -16.3132,
					"rotationY": 42.316,
					"rotationZ": -128.8952,
					"faces": {
						"north": { "texture": "#seraph", "uv": [ 16.5, 7.0, 17.0, 7.5 ], "rotation": 180 },
						"east": { "texture": "#seraph", "uv": [ 17.0, 7.0, 17.5, 7.5 ], "rotation": 180 },
						"south": { "texture": "#seraph", "uv": [ 17.5, 7.0, 18.0, 7.5 ], "rotation": 180 },
						"west": { "texture": "#seraph", "uv": [ 18.0, 7.0, 18.5, 7.5 ], "rotation": 180 },
						"up": { "texture": "#seraph", "uv": [ 16.5, 6.5, 17.0, 7.0 ], "rotation": 180 },
						"down": { "texture": "#seraph", "uv": [ 17.0, 6.5, 17.5, 7.0 ], "rotation": 180 }
					}
				},
				{
					"name": "R ears 9",
					"from": [ 1.5446, 2.8888, -0.1593 ],
					"to": [ 2.1377, 3.1907, 0.1264 ],
					"uv": [ 16.5, 6.5 ],
					"rotationOrigin": [ 1.8412, 3.0398, -0.0165 ],
					"rotationX": -16.7153,
					"rotationY": -6.4839,
					"rotationZ": -141.094,
					"faces": {
						"north": { "texture": "#seraph", "uv": [ 16.5, 7.0, 17.0, 7.5 ], "rotation": 180 },
						"east": { "texture": "#seraph", "uv": [ 17.0, 7.0, 17.5, 7.5 ], "rotation": 180 },
						"south": { "texture": "#seraph", "uv": [ 17.5, 7.0, 18.0, 7.5 ], "rotation": 180 },
						"west": { "texture": "#seraph", "uv": [ 18.0, 7.0, 18.5, 7.5 ], "rotation": 180 },
						"up": { "texture": "#seraph", "uv": [ 16.5, 6.5, 17.0, 7.0 ], "rotation": 180 },
						"down": { "texture": "#seraph", "uv": [ 17.0, 6.5, 17.5, 7.0 ], "rotation": 180 }
					}
				}
			],
			"attachmentpoints": [
				{
					"code": "Ears",
					"posX": "1.6063003540039062","posY": "3.4234249591827393","posZ": "2.5",
					"rotationX": "0.0","rotationY": "-90.0","rotationZ": "0.0"
				}
			]
		}
	]}