{
	"dwarf": {
		"ShapePath": "racialequality:entity/humanoid/dwarf-faceless",
		"MainTextureCode": "seraph",
		"SizeRange": [ 0.999, 1 ],
		"CollisionBox": [ 0.58, 1.5 ],
		"EyeHeight": 1.46,
		"ModelSizeFactor": 0.95,
		"AvailableClasses": [ "hill-dwarf", "miner-dwarf" ],
		"SkinnableParts": [
			{
				"code": "baseskin",
				"type": "texture",
				"textureTarget": "seraph",
				"overlayTexture": true,
				"overlayMode": "Normal",
				"targetSkinParts": [ "base" ],
				"variants": [
					{
						"code": "skin1",
						"texture": "racialequality:entity/humanoid/skinparts/dwarf/skin1"
					},
					{
						"code": "skin2",
						"texture": "racialequality:entity/humanoid/skinparts/dwarf/skin2"
					},
					{
						"code": "skin3",
						"texture": "racialequality:entity/humanoid/skinparts/dwarf/skin3"
					},
					{
						"code": "skin4",
						"texture": "racialequality:entity/humanoid/skinparts/dwarf/skin4"
					},
					{
						"code": "skin5",
						"texture": "racialequality:entity/humanoid/skinparts/dwarf/skin5"
					},
					{
						"code": "skin6",
						"texture": "racialequality:entity/humanoid/skinparts/dwarf/skin6"
					},
					{
						"code": "skin7",
						"texture": "racialequality:entity/humanoid/skinparts/dwarf/skin7"
					},
					{
						"code": "skin8",
						"texture": "racialequality:entity/humanoid/skinparts/dwarf/skin8"
					},
					{
						"code": "skin9",
						"texture": "racialequality:entity/humanoid/skinparts/dwarf/skin9"
					}
				]
			},
			{
				"code": "eyecolor",
				"type": "texture",
				"textureTarget": "playermodellib-iris",
				"targetSkinParts": [ "facialexpression" ],
				"variants": [
					{
						"code": "acid-green",
						"texture": "playermodellib:eyes/acid-green"
					},
					{
						"code": "aquamarine",
						"texture": "playermodellib:eyes/aquamarine"
					},
					{
						"code": "azure",
						"texture": "playermodellib:eyes/azure"
					},
					{
						"code": "bitter-lemon",
						"texture": "playermodellib:eyes/bitter-lemon"
					},
					{
						"code": "cadmium-orange",
						"texture": "playermodellib:eyes/cadmium-orange"
					},
					{
						"code": "citron",
						"texture": "playermodellib:eyes/citron"
					},
					{
						"code": "dark-green",
						"texture": "playermodellib:eyes/dark-green"
					},
					{
						"code": "forest-green",
						"texture": "playermodellib:eyes/forest-green"
					},
					{
						"code": "goldenrod",
						"texture": "playermodellib:eyes/goldenrod"
					},
					{
						"code": "jade",
						"texture": "playermodellib:eyes/jade"
					},
					{
						"code": "lavander",
						"texture": "playermodellib:eyes/lavander"
					},
					{
						"code": "malachite",
						"texture": "playermodellib:eyes/malachite"
					},
					{
						"code": "mantis",
						"texture": "playermodellib:eyes/mantis"
					},
					{
						"code": "midnight",
						"texture": "playermodellib:eyes/midnight"
					},
					{
						"code": "phthalo-blue",
						"texture": "playermodellib:eyes/phthalo-blue"
					},
					{
						"code": "purple",
						"texture": "playermodellib:eyes/purple"
					},
					{
						"code": "sand",
						"texture": "playermodellib:eyes/sand"
					},
					{
						"code": "sapphire",
						"texture": "playermodellib:eyes/sapphire"
					}
				]
			},
			{
				"code": "underwear",
				"type": "texture",
				"textureTarget": "seraph",
				"overlayTexture": true,
				"useDropDown": true,
				"overlayMode": "Normal",
				"targetSkinParts": [ "base" ],
				"variants": [
					{
						"code": "twopiece",
						"texture": "racialequality:entity/humanoid/underwear/twopiece"
					},
					{
						"code": "leotard",
						"texture": "racialequality:entity/humanoid/underwear/leotard"
					},
					{
						"code": "breeches",
						"texture": "racialequality:entity/humanoid/underwear/breeches"
					}
				]
			},
			{
				"code": "voicetype",
				"type": "voice",
				"useDropDown": true,
				"variants": [
					//{ "code": "altoflute", "sound": "sounds/voice/altoflute" },
					{
						"code": "harmonica",
						"sound": "sounds/voice/harmonica"
					},
					//{	"code": "oboe",	"sound": "sounds/voice/oboe"	},
					//{	"code": "clarinet", "sound": "sounds/voice/clarinet"	},
					{
						"code": "accordion",
						"sound": "sounds/voice/accordion"
					},
					{
						"code": "trumpet",
						"sound": "sounds/voice/trumpet"
					},
					{
						"code": "sax",
						"sound": "sounds/voice/sax"
					},
					{
						"code": "tuba",
						"sound": "sounds/voice/tuba"
					}
				]
			},
			{
				"code": "voicepitch",
				"type": "voice",
				"colbreak": true,
				"useDropDown": true,
				"variants": [
					{ "code": "verylow" },
					{ "code": "low" }
					//{ "code": "medium" },
					//{ "code": "high" }
				]
			},
			{
				"code": "hairbase",
				"type": "shape",
				"shapeTemplate": { "base": "game:entity/humanoid/seraphskinparts/hair-base/{code}" },
				"variants": [
					{ "code": "bald" },
					{ "code": "balding" },
					{ "code": "afro" },
					{ "code": "combed" },
					{ "code": "dreadlocks" },
					{ "code": "indigenousbalding" },
					{ "code": "iroquois" },
					{ "code": "kniaz" },
					{ "code": "layered" },
					{ "code": "longflowing" },
					{ "code": "longwithstrands" },
					{ "code": "mediumlength-bangs" },
					{ "code": "messy" },
					{ "code": "messy2" },
					{ "code": "classic" },
					{ "code": "short" },
					{ "code": "short-parted" },
					{ "code": "shortspiky" },
					{ "code": "short-trimmed" },
					{ "code": "tonsure" }
				]
			},
			{
				"code": "hairextra",
				"type": "shape",
				"shapeTemplate": { "base": "game:entity/humanoid/seraphskinparts/hair-extra/{code}" },
				"variants": [
					{ "code": "none" },
					{ "code": "backbun" },
					{ "code": "braidedup" },
					{ "code": "elaboratestickbun" },
					{ "code": "headsidebraid" },
					{ "code": "largestickbun" },
					{ "code": "neatbraid" },
					{ "code": "classicponytail" },
					{ "code": "ponytail" },
					{ "code": "rolledbraidwithbun" },
					{ "code": "shortmessybraid" },
					{ "code": "sidebraids" },
					{ "code": "sidebuns" },
					{ "code": "siderolls" },
					{ "code": "snood" },
					{ "code": "thicklongfrenchbraid" },
					{ "code": "tiedback" },
					{ "code": "tieddreads" },
					{ "code": "tiedtopknot" },
					{ "code": "topbun" },
					{ "code": "topknot" },
					{ "code": "unkempt" },
					{ "code": "vikingtopbraid" }
				]
			},
			{
				"code": "facialexpression",
				"type": "shape",
				"variants": [
					{
						"code": "angry",
						"shape": { "base": "racialequality:entity/humanoid/fase/dwarf/dwarf_angry" }
					},
					{
						"code": "neutral",
						"shape": { "base": "racialequality:entity/humanoid/fase/dwarf/dwarf_neutral" }
					},
					{
						"code": "upset",
						"shape": { "base": "racialequality:entity/humanoid/fase/dwarf/dwarf_upset" }
					},
					{
						"code": "very-sad",
						"shape": { "base": "racialequality:entity/humanoid/fase/dwarf/dwarf_very-sad" }
					}
				]
			},
			{
				"code": "mustache",
				"type": "shape",
				"shapeTemplate": { "base": "game:entity/humanoid/seraphskinparts/hair-face/{code}" },
				"variants": [
					{ "code": "none" },
					{ "code": "mst-line01-pencil" },
					{ "code": "mst-line05-seargent" },
					{ "code": "mst-line10-sheriff" },
					{ "code": "mst-line15-eccentric" },
					{ "code": "mst-line20-seagull" },
					{ "code": "mst-u01-horseshoe" },
					{ "code": "mst-u05-stirrups" },
					{ "code": "mst-walrus05-neat" },
					{ "code": "mst-walrus30-fat" },
					{ "code": "mst-whiskbroom" }
				]
			},
			{
				"code": "beard",
				"type": "shape",
				"variants": [
					{ "code": "none", "shape": { "base": "game:entity/humanoid/seraphskinparts/hair-face/none" } },
					{	"code": "dwarf1",	"shape": { "base": "racialequality:entity/humanoid/hair-face/dwarf-1" }	},
					{	"code": "dwarf2", "shape": { "base": "racialequality:entity/humanoid/hair-face/dwarf-2" }	},
					{	"code": "dwarf3",	"shape": { "base": "racialequality:entity/humanoid/hair-face/dwarf-3" }	},
					{	"code": "dwarf4", "shape": { "base": "racialequality:entity/humanoid/hair-face/dwarf-4" }	},
					{ "code": "dwarf5", "shape": { "base": "racialequality:entity/humanoid/hair-face/dwarf-5" } },
					{	"code": "brd-stubble",	"shape": { "base": "game:entity/humanoid/seraphskinparts/hair-face/brd-stubble" } },
					{	"code": "brd-box05-anchor",	"shape": { "base": "game:entity/humanoid/seraphskinparts/hair-face/brd-box05-anchor" } },
					{	"code": "brd-box01-chincurtain",	"shape": { "base": "game:entity/humanoid/seraphskinparts/hair-face/brd-box01-chincurtain" } },
					{	"code": "brd-box07-ducktail",	"shape": { "base": "game:entity/humanoid/seraphskinparts/hair-face/brd-box07-ducktail" } },
					{	"code": "brd-box10-short",	"shape": { "base": "game:entity/humanoid/seraphskinparts/hair-face/brd-box10-short" } },
					{	"code": "brd-box20-full",	"shape": { "base": "game:entity/humanoid/seraphskinparts/hair-face/brd-box20-full" } },
					{	"code": "brd-braid05-single",	"shape": { "base": "game:entity/humanoid/seraphskinparts/hair-face/brd-braid05-single" } },
					{	"code": "brd-braid10-double",	"shape": { "base": "game:entity/humanoid/seraphskinparts/hair-face/brd-braid10-double" } },
					{	"code": "brd-braid15-triple",	"shape": { "base": "game:entity/humanoid/seraphskinparts/hair-face/brd-braid15-triple" } },
					//{ "code": "brd-chin01-mouche", "shape": { "base": "game:entity/humanoid/seraphskinparts/hair-face/brd-chin01-mouche" } },
					//{ "code": "brd-chin05-chinpatch", "shape": { "base": "game:entity/humanoid/seraphskinparts/hair-face/brd-chin05-chinpatch" } },
					//{ "code": "brd-chin10-chinpuff", "shape": { "base": "game:entity/humanoid/seraphskinparts/hair-face/brd-chin10-chinpuff" } },
					//{ "code": "brd-chin15-goatee", "shape": { "base": "game:entity/humanoid/seraphskinparts/hair-face/brd-chin15-goatee" } },
					{	"code": "brd-chin20-goateehorns",	"shape": { "base": "game:entity/humanoid/seraphskinparts/hair-face/brd-chin20-goateehorns" } },
					{	"code": "brd-full01-trimmedfull", "shape": { "base": "game:entity/humanoid/seraphskinparts/hair-face/brd-full01-trimmedfull" } },
					{	"code": "brd-full05-cleanfull", "shape": { "base": "game:entity/humanoid/seraphskinparts/hair-face/brd-full05-cleanfull" } },
					{	"code": "brd-full10-shaggy", "shape": { "base": "game:entity/humanoid/seraphskinparts/hair-face/brd-full10-shaggy" } },
					{ "code": "brd-mut05-friendly", "shape": { "base": "game:entity/humanoid/seraphskinparts/hair-face/brd-mut05-friendly" } },
					{	"code": "brd-mut10-muttonchops", "shape": { "base": "game:entity/humanoid/seraphskinparts/hair-face/brd-mut10-muttonchops" } },
					{	"code": "brd-mut15-wildchops",	"shape": { "base": "game:entity/humanoid/seraphskinparts/hair-face/brd-mut15-wildchops" } },
					//{ "code": "brd-side05-sideburns", "shape": { "base": "game:entity/humanoid/seraphskinparts/hair-face/brd-side05-sideburns" } },
					{	"code": "brd-side15-sidewhiskers",	"shape": { "base": "game:entity/humanoid/seraphskinparts/hair-face/brd-side15-sidewhiskers" }	},
					{	"code": "brd-wisp10-wiseman",	"shape": { "base": "game:entity/humanoid/seraphskinparts/hair-face/brd-wisp10-wiseman" } },
				]
			},
			{
				"code": "haircolor",
				"type": "texture",
				"textureTarget": "hair",
				"targetSkinParts": [ "hairextra", "hairbase", "mustache", "beard" ],
				"textureTemplate": "game:entity/humanoid/seraphskinparts/hair/{code}",
				"variants": [
					{ "code": "lightgray" },
					{ "code": "silverchalice" },
					{ "code": "slategray" },
					{ "code": "eerieblack" },
					{ "code": "mossgreen" },
					{ "code": "seagreen" },
					{ "code": "wintergreendream" },
					{ "code": "steelblue" },
					{ "code": "queenblue" },
					{ "code": "indigodye" },
					{ "code": "heliotropegray" },
					{ "code": "palatinatepurple" },
					{ "code": "darkpurple" },
					{ "code": "wheat" },
					{ "code": "ecru" },
					{ "code": "sanddune" },
					{ "code": "harvestgold" },
					{ "code": "cordovan" },
					{ "code": "rosewood" },
					{ "code": "russet" },
					{ "code": "liver" },
					{ "code": "oldburgundy" }
				]
			}
		]
	}
}