{
	"elf": {
		"ShapePath": "racialequality:entity/humanoid/elf-faceless",
		"MainTextureCode": "seraph",
		"SizeRange": [ 0.999, 1 ],
		"CollisionBox": [ 0.62, 1.9 ],
		"EyeHeight": 1.8,
		"ModelSizeFactor": 1.02,
		"AvailableClasses": [ "duskborn-elf", "forestborn-elf", "drow-elf", "high-elf" ],
		"SkinnableParts": [
			{
				"code": "baseskin",
				"type": "texture",
				"textureTarget": "seraph",
				"overlayTexture": true,
				"overlayMode": "Normal",
				"targetSkinParts": [ "base", "ears" ],
				"variants": [
					{
						"code": "skin1",
						"texture": "racialequality:entity/humanoid/skinparts/elf/skin1"
					},
					{
						"code": "skin2",
						"texture": "racialequality:entity/humanoid/skinparts/elf/skin2"
					},
					{
						"code": "skin3",
						"texture": "racialequality:entity/humanoid/skinparts/elf/skin3"
					},
					{
						"code": "skin4",
						"texture": "racialequality:entity/humanoid/skinparts/elf/skin4"
					},
					{
						"code": "skin5",
						"texture": "racialequality:entity/humanoid/skinparts/elf/skin5"
					},
					{
						"code": "skin6",
						"texture": "racialequality:entity/humanoid/skinparts/elf/skin6"
					},
					{
						"code": "skin7",
						"texture": "racialequality:entity/humanoid/skinparts/elf/skin7"
					}

				]
			},
			{
				"code": "eyecolor",
				"type": "texture",
				"textureTarget": "playermodellib-iris",
				"targetSkinParts": [ "facialexpression" ],
				"variants": [
					{
						"code": "acid-green",
						"texture": "playermodellib:eyes/acid-green"
					},
					{
						"code": "aquamarine",
						"texture": "playermodellib:eyes/aquamarine"
					},
					{
						"code": "azure",
						"texture": "playermodellib:eyes/azure"
					},
					{
						"code": "bitter-lemon",
						"texture": "playermodellib:eyes/bitter-lemon"
					},
					{
						"code": "cadmium-orange",
						"texture": "playermodellib:eyes/cadmium-orange"
					},
					{
						"code": "citron",
						"texture": "playermodellib:eyes/citron"
					},
					{
						"code": "dark-green",
						"texture": "playermodellib:eyes/dark-green"
					},
					{
						"code": "forest-green",
						"texture": "playermodellib:eyes/forest-green"
					},
					{
						"code": "goldenrod",
						"texture": "playermodellib:eyes/goldenrod"
					},
					{
						"code": "jade",
						"texture": "playermodellib:eyes/jade"
					},
					{
						"code": "lavander",
						"texture": "playermodellib:eyes/lavander"
					},
					{
						"code": "malachite",
						"texture": "playermodellib:eyes/malachite"
					},
					{
						"code": "mantis",
						"texture": "playermodellib:eyes/mantis"
					},
					{
						"code": "midnight",
						"texture": "playermodellib:eyes/midnight"
					},
					{
						"code": "phthalo-blue",
						"texture": "playermodellib:eyes/phthalo-blue"
					},
					{
						"code": "purple",
						"texture": "playermodellib:eyes/purple"
					},
					{
						"code": "sand",
						"texture": "playermodellib:eyes/sand"
					},
					{
						"code": "sapphire",
						"texture": "playermodellib:eyes/sapphire"
					}
				]
			},
			{
				"code": "underwear",
				"type": "texture",
				"textureTarget": "seraph",
				"overlayTexture": true,
				"useDropDown": true,
				"overlayMode": "Normal",
				"targetSkinParts": [ "base" ],
				"variants": [
					{
						"code": "twopiece",
						"texture": "racialequality:entity/humanoid/underwear/twopiece"
					},
					{
						"code": "leotard",
						"texture": "racialequality:entity/humanoid/underwear/leotard"
					},
					{
						"code": "breeches",
						"texture": "racialequality:entity/humanoid/underwear/breeches"
					}
				]
			},
			{
				"code": "voicetype",
				"type": "voice",
				"useDropDown": true,
				"variants": [
					{
						"code": "altoflute",
						"sound": "sounds/voice/altoflute"
					},
					{
						"code": "harmonica",
						"sound": "sounds/voice/harmonica"
					},
					{
						"code": "oboe",
						"sound": "sounds/voice/oboe"
					},
					{
						"code": "clarinet",
						"sound": "sounds/voice/clarinet"
					},
					{
						"code": "accordion",
						"sound": "sounds/voice/accordion"
					},
					{
						"code": "trumpet",
						"sound": "sounds/voice/trumpet"
					},
					{
						"code": "sax",
						"sound": "sounds/voice/sax"
					},
					{
						"code": "tuba",
						"sound": "sounds/voice/tuba"
					}
				]
			},
			{
				"code": "voicepitch",
				"type": "voice",
				"colbreak": true,
				"useDropDown": true,
				"variants": [
					{ "code": "verylow" },
					{ "code": "low" },
					{ "code": "medium" },
					{ "code": "high" }
				]
			},
			{
				"code": "ears",
				"type": "shape",
				"variants": [
					{
						"code": "massiveears",
						"shape": { "base": "racialequality:entity/humanoid/ears/elf_earsmassive" }
					},
					{
						"code": "elangetears",
						"shape": { "base": "racialequality:entity/humanoid/ears/elf_earselanget" }
					},
					{
						"code": "sharp",
						"shape": { "base": "racialequality:entity/humanoid/ears/elf_earssharp" }
					}
				]
			},
			{
				"code": "hairbase",
				"type": "shape",
				"shapeTemplate": { "base": "game:entity/humanoid/seraphskinparts/hair-base/{code}" },
				"variants": [
					//{ "code": "bald" },
					//{ "code": "balding" },
					{ "code": "afro" },
					{ "code": "combed" },
					{ "code": "dreadlocks" },
					//{ "code": "indigenousbalding" },
					//{ "code": "iroquois" },
					//{ "code": "kniaz" },
					{ "code": "layered" },
					{ "code": "longflowing" },
					{ "code": "longwithstrands" },
					{ "code": "mediumlength-bangs" },
					{ "code": "messy" },
					{ "code": "messy2" },
					{ "code": "classic" },
					{ "code": "short" },
					{ "code": "short-parted" },
					{ "code": "shortspiky" },
					{ "code": "short-trimmed" }
					//{ "code": "tonsure" }
				]
			},
			{
				"code": "hairextra",
				"type": "shape",
				"shapeTemplate": { "base": "game:entity/humanoid/seraphskinparts/hair-extra/{code}" },
				"variants": [
					{ "code": "none" },
					{ "code": "backbun" },
					{ "code": "braidedup" },
					{ "code": "elaboratestickbun" },
					{ "code": "headsidebraid" },
					{ "code": "largestickbun" },
					{ "code": "neatbraid" },
					{ "code": "classicponytail" },
					{ "code": "ponytail" },
					{ "code": "rolledbraidwithbun" },
					{ "code": "shortmessybraid" },
					{ "code": "sidebraids" },
					//{ "code": "sidebuns" },
					//{ "code": "siderolls" },
					{ "code": "snood" },
					{ "code": "thicklongfrenchbraid" },
					{ "code": "tiedback" },
					{ "code": "tieddreads" },
					{ "code": "tiedtopknot" },
					{ "code": "topbun" },
					{ "code": "topknot" },
					{ "code": "unkempt" },
					{ "code": "vikingtopbraid" }
				]
			},
			{
				"code": "facialexpression",
				"type": "shape",
				"variants": [
					{
						"code": "neutral",
						"shape": { "base": "racialequality:entity/humanoid/fase/elf/elf_neutral" }
					},
					{
						"code": "serious",
						"shape": { "base": "racialequality:entity/humanoid/fase/elf/elf_serious" }
					},
					{
						"code": "grin",
						"shape": { "base": "racialequality:entity/humanoid/fase/elf/elf_grin" }
					},
					{
						"code": "tired",
						"shape": { "base": "racialequality:entity/humanoid/fase/elf/elf_tired" }
					},
					{
						"code": "very-sad",
						"shape": { "base": "racialequality:entity/humanoid/fase/elf/elf_very-sad" }
					}
				]
			},
			{
				"code": "haircolor",
				"type": "texture",
				"textureTarget": "hair",
				"targetSkinParts": [ "hairextra", "hairbase" ],
				"textureTemplate": "game:entity/humanoid/seraphskinparts/hair/{code}",
				"variants": [
					{ "code": "lightgray" },
					{ "code": "silverchalice" },
					//{ "code": "slategray" },
					//{ "code": "eerieblack" },
					{ "code": "mossgreen" },
					{ "code": "seagreen" },
					{ "code": "wintergreendream" },
					{ "code": "steelblue" },
					{ "code": "queenblue" },
					{ "code": "indigodye" },
					{ "code": "heliotropegray" },
					{ "code": "palatinatepurple" },
					{ "code": "darkpurple" },
					{ "code": "wheat" },
					{ "code": "ecru" },
					{ "code": "sanddune" },
					{ "code": "harvestgold" },
					{ "code": "cordovan" },
					{ "code": "rosewood" },
					{ "code": "russet" },
					{ "code": "liver" }
					//{ "code": "oldburgundy" }
				]
			}
		]
	}
}