{
	"editor": {
		"backDropShape": "E:/Programs/VSModelCreator/seraph-hairless",
		"collapsedPaths": "Root/ArmorUpperTorso",
		"allAngles": true,
		"entityTextureMode": true
	},
	"textureWidth": 64,
	"textureHeight": 64,
	"textureSizes": {
	},
	"textures": {
	},
	"elements": [
		{
			"name": "ArmorUpperArmR",
			"stepParentName": "UpperArmR",
			"from": [ -0.15, -0.15, -0.3 ],
			"to": [ 2.325, 5.4, 1.575 ],
			"uv": [ 36.0, -0.5 ],
			"rotationOrigin": [ -0.15, -0.15, -0.225 ],
			"faces": {
				"north": { "texture": "#material", "uv": [ 36.0, 2.0, 39.0, 9.0 ], "autoUv": false },
				"east": { "texture": "#material", "uv": [ 39.0, 2.0, 41.0, 9.0 ], "autoUv": false },
				"south": { "texture": "#material", "uv": [ 41.0, 2.0, 44.0, 9.0 ], "autoUv": false },
				"west": { "texture": "#material", "uv": [ 44.0, 2.0, 46.0, 9.0 ], "autoUv": false },
				"up": { "texture": "#material", "uv": [ 36.0, 0.0, 39.0, 2.0 ], "autoUv": false },
				"down": { "texture": "#material", "uv": [ 39.0, 0.0, 42.0, 2.0 ], "autoUv": false }
			}
		},
		{
			"name": "ArmorUpperArmL",
			"stepParentName": "UpperArmL",
			"from": [ -0.15, -0.15, -0.15 ],
			"to": [ 2.325, 5.4, 1.725 ],
			"uv": [ 26.5, 4.0 ],
			"rotationOrigin": [ -0.15, -0.15, -0.15 ],
			"faces": {
				"north": { "texture": "#material", "uv": [ 26.0, 2.0, 29.0, 9.0 ], "autoUv": false },
				"east": { "texture": "#material", "uv": [ 29.0, 2.0, 31.0, 9.0 ], "autoUv": false },
				"south": { "texture": "#material", "uv": [ 31.0, 2.0, 34.0, 9.0 ], "autoUv": false },
				"west": { "texture": "#material", "uv": [ 34.0, 2.0, 36.0, 9.0 ], "autoUv": false },
				"up": { "texture": "#material", "uv": [ 26.0, 0.0, 29.0, 2.0 ], "autoUv": false },
				"down": { "texture": "#material", "uv": [ 29.0, 0.0, 32.0, 2.0 ], "autoUv": false }
			}
		}
	]}