{
	"editor": {
		"backDropShape": "E:/Programs/VSModelCreator/seraph-hairless",
		"allAngles": true,
		"entityTextureMode": true
	},
	"textureWidth": 64,
	"textureHeight": 64,
	"textureSizes": {
	},
	"textures": {
	},
	"elements": [
		{
			"name": "ArmorUpperLegR",
			"stepParentName": "UpperFootR",
			"from": [ -0.15, -0.375, -0.225 ],
			"to": [ 3.3, 7.125, 2.625 ],
			"uv": [ 16.0, 35.0 ],
			"rotationOrigin": [ -0.15, -0.375, -0.225 ],
			"faces": {
				"north": { "texture": "#material", "uv": [ 16.0, 38.5, 20.5, 48.5 ], "autoUv": false },
				"east": { "texture": "#material", "uv": [ 20.5, 38.5, 24.0, 48.5 ], "autoUv": false },
				"south": { "texture": "#material", "uv": [ 24.0, 38.5, 28.5, 48.5 ], "autoUv": false },
				"west": { "texture": "#material", "uv": [ 28.5, 38.5, 32.0, 48.5 ], "autoUv": false },
				"up": { "texture": "#material", "uv": [ 16.0, 35.0, 20.5, 38.5 ], "autoUv": false },
				"down": { "texture": "#material", "uv": [ 20.5, 35.0, 25.0, 38.5 ], "autoUv": false }
			}
		},
		{
			"name": "ArmorUpperLegL",
			"stepParentName": "UpperFootL",
			"from": [ -0.15, -0.375, -0.225 ],
			"to": [ 3.3, 7.125, 2.625 ],
			"uv": [ 0.0, 35.0 ],
			"rotationOrigin": [ -0.15, -0.375, -0.225 ],
			"faces": {
				"north": { "texture": "#material", "uv": [ 0.0, 38.5, 4.5, 48.5 ], "autoUv": false },
				"east": { "texture": "#material", "uv": [ 4.5, 38.5, 8.0, 48.5 ], "autoUv": false },
				"south": { "texture": "#material", "uv": [ 8.0, 38.5, 12.5, 48.5 ], "autoUv": false },
				"west": { "texture": "#material", "uv": [ 12.5, 38.5, 16.0, 48.5 ], "autoUv": false },
				"up": { "texture": "#material", "uv": [ 0.0, 35.0, 4.5, 38.5 ], "autoUv": false },
				"down": { "texture": "#material", "uv": [ 4.5, 35.0, 9.0, 38.5 ], "autoUv": false }
			}
		}
	]}