{
	"editor": {
		"allAngles": false,
		"entityTextureMode": false
	},
	"textureWidth": 16,
	"textureHeight": 16,
	"textureSizes": {
	},
	"textures": {
		"diamond": "block/stone/gem/diamond",
		"book": "item/lore/book",
		"temporal": "item/resource/temporalgear",
		"ebony": "item/tool/material/ebony"
	},
	"elements": [
		{
			"name": "origin",
			"from": [ 8.0, 0.0, 8.0 ],
			"to": [ 8.0, 0.0, 8.0 ],
			"rotationOrigin": [ 8.0, 0.0, 8.0 ],
			"faces": {
			},
			"children": [
				{
					"name": "foot1",
					"from": [ -6.5, 1.0, -6.0 ],
					"to": [ -3.5, 14.0, -3.0 ],
					"rotationOrigin": [ -5.5, 1.0, -5.0 ],
					"faces": {
						"north": { "texture": "#ebony", "uv": [ 0.0, 6.5, 13.0, 9.5 ], "rotation": 90 },
						"east": { "texture": "#ebony", "uv": [ 1.0, 5.0, 14.0, 8.0 ], "rotation": 90 },
						"south": { "texture": "#ebony", "uv": [ 1.5, 3.0, 14.5, 6.0 ], "rotation": 90 },
						"west": { "texture": "#ebony", "uv": [ 1.5, 10.5, 14.5, 13.5 ], "rotation": 90 }
					}
				},
				{
					"name": "tabletop L",
					"from": [ -8.0, 14.0, -8.0 ],
					"to": [ 8.0, 16.0, 8.0 ],
					"rotationOrigin": [ -5.0, 14.0, -7.0 ],
					"faces": {
						"north": { "texture": "#ebony", "uv": [ 0.0, 6.5, 16.0, 8.5 ], "windMode": [-1,-1,-1,-1], "windData": [0,1,1,0] },
						"east": { "texture": "#ebony", "uv": [ 0.0, 13.5, 16.0, 15.5 ] },
						"south": { "texture": "#ebony", "uv": [ 0.0, 0.5, 16.0, 2.5 ] },
						"west": { "texture": "#ebony", "uv": [ 0.0, 13.5, 16.0, 15.5 ] },
						"up": { "texture": "#ebony", "uv": [ 0.0, 0.0, 16.0, 16.0 ] },
						"down": { "texture": "#ebony", "uv": [ 0.0, 0.0, 16.0, 16.0 ] }
					}
				},
				{
					"name": "base R",
					"from": [ -7.0, 0.0, -7.0 ],
					"to": [ -3.0, 1.5, 7.0 ],
					"rotationOrigin": [ -4.0, 0.0, -6.0 ],
					"faces": {
						"north": { "texture": "#ebony", "uv": [ 9.5, 3.0, 13.5, 4.5 ] },
						"east": { "texture": "#ebony", "uv": [ 0.5, 1.5, 14.5, 3.0 ] },
						"south": { "texture": "#ebony", "uv": [ 9.5, 5.5, 13.5, 7.0 ] },
						"west": { "texture": "#ebony", "uv": [ 0.0, 4.0, 14.0, 5.5 ] },
						"up": { "texture": "#ebony", "uv": [ 1.5, 0.5, 15.5, 4.5 ], "rotation": 90 },
						"down": { "texture": "#ebony", "uv": [ 1.0, 3.0, 15.0, 7.0 ], "rotation": 90 }
					}
				},
				{
					"name": "support L",
					"from": [ -7.0, 12.6, -7.0 ],
					"to": [ -3.0, 14.1, 7.0 ],
					"rotationOrigin": [ -4.0, 12.6, -6.0 ],
					"faces": {
						"north": { "texture": "#ebony", "uv": [ 2.0, 13.5, 6.0, 15.0 ] },
						"east": { "texture": "#ebony", "uv": [ 0.5, 0.5, 14.5, 2.0 ] },
						"south": { "texture": "#ebony", "uv": [ 9.0, 12.0, 13.0, 13.5 ] },
						"west": { "texture": "#ebony", "uv": [ 0.5, 0.5, 14.5, 2.0 ] },
						"down": { "texture": "#ebony", "uv": [ 0.0, 2.5, 14.0, 6.5 ], "rotation": 90 }
					}
				},
				{
					"name": "support R",
					"from": [ 3.0, 12.6, -7.0 ],
					"to": [ 7.0, 14.1, 7.0 ],
					"rotationOrigin": [ 6.0, 12.6, -6.0 ],
					"faces": {
						"north": { "texture": "#ebony", "uv": [ 0.5, 2.5, 4.5, 4.0 ] },
						"east": { "texture": "#ebony", "uv": [ 1.0, 3.0, 15.0, 4.5 ] },
						"south": { "texture": "#ebony", "uv": [ 12.0, 0.5, 16.0, 2.0 ] },
						"west": { "texture": "#ebony", "uv": [ 1.0, 11.0, 15.0, 12.5 ] },
						"down": { "texture": "#ebony", "uv": [ 1.5, 3.0, 15.5, 7.0 ], "rotation": 90 }
					}
				},
				{
					"name": "foot2",
					"from": [ 3.5, 1.0, -6.0 ],
					"to": [ 6.5, 14.0, -3.0 ],
					"rotationOrigin": [ 4.5, 1.0, -5.0 ],
					"faces": {
						"north": { "texture": "#ebony", "uv": [ 2.0, 3.5, 15.0, 6.5 ], "rotation": 90 },
						"east": { "texture": "#ebony", "uv": [ 1.5, 8.0, 14.5, 11.0 ], "rotation": 90 },
						"south": { "texture": "#ebony", "uv": [ 1.0, 3.5, 14.0, 6.5 ], "rotation": 90 },
						"west": { "texture": "#ebony", "uv": [ 1.5, 0.0, 14.5, 3.0 ], "rotation": 90 }
					}
				},
				{
					"name": "foot3",
					"from": [ 3.5, 1.0, 3.0 ],
					"to": [ 6.5, 14.0, 6.0 ],
					"rotationOrigin": [ 4.5, 1.0, 4.0 ],
					"faces": {
						"north": { "texture": "#ebony", "uv": [ 1.5, 9.0, 14.5, 12.0 ], "rotation": 90 },
						"east": { "texture": "#ebony", "uv": [ 3.0, 4.0, 16.0, 7.0 ], "rotation": 90 },
						"south": { "texture": "#ebony", "uv": [ 1.0, 11.5, 14.0, 14.5 ], "rotation": 90 },
						"west": { "texture": "#ebony", "uv": [ 0.5, 8.0, 13.5, 11.0 ], "rotation": 90 }
					}
				},
				{
					"name": "foot4",
					"from": [ -6.5, 1.0, 3.0 ],
					"to": [ -3.5, 14.0, 6.0 ],
					"rotationOrigin": [ -5.5, 1.0, 4.0 ],
					"faces": {
						"north": { "texture": "#ebony", "uv": [ 0.0, 9.5, 13.0, 12.5 ], "rotation": 90 },
						"east": { "texture": "#ebony", "uv": [ 2.0, 5.5, 15.0, 8.5 ], "rotation": 90 },
						"south": { "texture": "#ebony", "uv": [ 2.0, 12.0, 15.0, 15.0 ], "rotation": 90 },
						"west": { "texture": "#ebony", "uv": [ 2.0, 7.5, 15.0, 10.5 ], "rotation": 90 }
					}
				},
				{
					"name": "base R4",
					"from": [ 3.0, 0.0, -7.0 ],
					"to": [ 7.0, 1.5, 7.0 ],
					"rotationOrigin": [ 6.0, 0.0, -6.0 ],
					"faces": {
						"north": { "texture": "#ebony", "uv": [ 7.5, 7.5, 11.5, 9.0 ] },
						"east": { "texture": "#ebony", "uv": [ 0.0, 6.0, 14.0, 7.5 ] },
						"south": { "texture": "#ebony", "uv": [ 1.5, 6.0, 5.5, 7.5 ] },
						"west": { "texture": "#ebony", "uv": [ 0.0, 7.0, 14.0, 8.5 ] },
						"up": { "texture": "#ebony", "uv": [ 1.5, 2.0, 15.5, 6.0 ], "rotation": 90 },
						"down": { "texture": "#ebony", "uv": [ 1.5, 2.5, 15.5, 6.5 ], "rotation": 90 }
					}
				}
			]
		},
		{
			"name": "origin",
			"from": [ 4.0, 16.0, 8.0 ],
			"to": [ 4.0, 16.0, 8.0 ],
			"rotationOrigin": [ 4.0, 16.0, 8.0 ],
			"rotationY": -22.5,
			"faces": {
			},
			"children": [
				{
					"name": "Pages",
					"from": [ -2.0, 0.4, -4.0 ],
					"to": [ 3.0, 1.4, 4.0 ],
					"rotationOrigin": [ 0.0, 0.4, 0.0 ],
					"faces": {
						"north": { "texture": "#book", "uv": [ 0.0, 0.0, 5.0, 1.0 ] },
						"east": { "texture": "#book", "uv": [ 5.0, 0.0, 13.0, 1.0 ] },
						"south": { "texture": "#book", "uv": [ 0.0, 1.0, 5.0, 2.0 ] }
					},
					"children": [
						{
							"name": "CoverTop",
							"from": [ 0.0, 1.0, -0.2 ],
							"to": [ 5.2, 1.4, 8.2 ],
							"rotationOrigin": [ 2.7, 1.0, 4.0 ],
							"faces": {
								"north": { "texture": "#book", "uv": [ 0.0, 15.5, 5.0, 16.0 ] },
								"east": { "texture": "#book", "uv": [ 5.0, 15.5, 13.0, 16.0 ] },
								"south": { "texture": "#book", "uv": [ 15.0, 3.0, 15.5, 8.0 ], "rotation": 90 },
								"up": { "texture": "#book", "uv": [ 0.0, 7.5, 5.0, 15.5 ] },
								"down": { "texture": "#book", "uv": [ 5.0, 7.5, 10.0, 15.5 ] }
							}
						},
						{
							"name": "CoverBottom",
							"from": [ 0.0, -0.4, -0.2 ],
							"to": [ 5.2, 0.0, 8.2 ],
							"rotationOrigin": [ 2.7, -0.4, 4.0 ],
							"faces": {
								"north": { "texture": "#book", "uv": [ 0.0, 15.5, 5.0, 16.0 ] },
								"east": { "texture": "#book", "uv": [ 5.0, 15.5, 13.0, 16.0 ] },
								"south": { "texture": "#book", "uv": [ 15.5, 3.0, 16.0, 8.0 ], "rotation": 90 },
								"up": { "texture": "#book", "uv": [ 5.0, 7.5, 10.0, 15.5 ] },
								"down": { "texture": "#book", "uv": [ 10.0, 7.5, 15.0, 15.5 ] }
							}
						},
						{
							"name": "Back",
							"from": [ -0.3, -0.4, -0.2 ],
							"to": [ 0.0, 1.4, 8.2 ],
							"rotationOrigin": [ -0.3, 0.5, 4.0 ],
							"faces": {
								"north": { "texture": "#book", "uv": [ 8.0, 5.0, 8.5, 6.5 ] },
								"east": { "texture": "#book", "uv": [ 0.0, 4.0, 8.0, 5.5 ] },
								"south": { "texture": "#book", "uv": [ 8.5, 5.0, 9.0, 6.5 ] },
								"west": { "texture": "#book", "uv": [ 0.0, 2.5, 8.0, 4.0 ] },
								"up": { "texture": "#book", "uv": [ 15.5, 8.0, 16.0, 16.0 ] },
								"down": { "texture": "#book", "uv": [ 15.0, 8.0, 15.5, 16.0 ] }
							}
						},
						{
							"name": "Backend",
							"from": [ -0.6, -0.2, -0.2 ],
							"to": [ -0.3, 1.2, 8.2 ],
							"rotationOrigin": [ -0.6, 0.5, 4.0 ],
							"faces": {
								"north": { "texture": "#book", "uv": [ 0.0, 6.5, 0.5, 7.5 ] },
								"south": { "texture": "#book", "uv": [ 0.5, 6.5, 1.0, 7.5 ] },
								"west": { "texture": "#book", "uv": [ 1.0, 6.5, 9.0, 7.5 ] },
								"up": { "texture": "#book", "uv": [ 0.0, 6.0, 8.0, 6.5 ], "rotation": 90 },
								"down": { "texture": "#book", "uv": [ 0.0, 5.5, 8.0, 6.0 ], "rotation": 90 }
							}
						}
					]
				}
			]
		},
		{
			"name": "base ",
			"from": [ 10.5, 13.5, 9.5 ],
			"to": [ 11.5, 19.5, 10.7 ],
			"rotationOrigin": [ 12.0, 16.5, 10.0 ],
			"rotationX": -90.0,
			"rotationZ": -22.5,
			"faces": {
				"north": { "texture": "#temporal", "uv": [ 0.0, 0.0, 1.0, 6.0 ] },
				"east": { "texture": "#temporal", "uv": [ 0.0, 0.0, 1.0, 6.0 ] },
				"south": { "texture": "#temporal", "uv": [ 9.0, 9.0, 10.0, 15.0 ] },
				"west": { "texture": "#temporal", "uv": [ 0.0, 0.0, 1.0, 6.0 ] },
				"up": { "texture": "#temporal", "uv": [ 7.0, 6.0, 8.0, 7.0 ] },
				"down": { "texture": "#temporal", "uv": [ 5.0, 5.0, 6.0, 6.0 ] }
			},
			"children": [
				{
					"name": "vertical",
					"from": [ 2.0, 0.0, 0.0 ],
					"to": [ 3.0, 6.0, 1.2 ],
					"faces": {
						"north": { "texture": "#temporal", "uv": [ 6.0, 5.0, 7.0, 11.0 ] },
						"east": { "texture": "#temporal", "uv": [ 5.0, 6.0, 6.0, 12.0 ] },
						"south": { "texture": "#temporal", "uv": [ 13.0, 10.0, 14.0, 16.0 ] },
						"west": { "texture": "#temporal", "uv": [ 0.0, 0.0, 1.0, 6.0 ] },
						"up": { "texture": "#temporal", "uv": [ 3.0, 4.0, 4.0, 5.0 ] },
						"down": { "texture": "#temporal", "uv": [ 0.0, 0.0, 1.0, 1.0 ] }
					},
					"children": [
						{
							"name": "Cube1",
							"from": [ 0.5, 3.5, -0.1 ],
							"to": [ 0.7, 3.7, 1.5 ],
							"rotationOrigin": [ 0.6, 2.5, 0.0 ],
							"faces": {
								"north": { "texture": "#temporal", "uv": [ 0.0, 0.0, 0.5, 0.5 ] },
								"east": { "texture": "#temporal", "uv": [ 0.0, 0.0, 1.5, 0.5 ] },
								"south": { "texture": "#temporal", "uv": [ 0.0, 0.0, 0.5, 0.5 ] },
								"west": { "texture": "#temporal", "uv": [ 0.0, 0.0, 1.5, 0.5 ] },
								"up": { "texture": "#temporal", "uv": [ 0.0, 0.0, 0.5, 1.5 ] },
								"down": { "texture": "#temporal", "uv": [ 0.0, 0.0, 0.5, 1.5 ] }
							}
						},
						{
							"name": "Cube10",
							"from": [ -1.5, 2.4, -0.3 ],
							"to": [ -1.3, 2.6, 1.4 ],
							"rotationOrigin": [ 0.6, 2.5, 0.0 ],
							"faces": {
								"north": { "texture": "#temporal", "uv": [ 0.0, 0.0, 0.5, 0.5 ] },
								"east": { "texture": "#temporal", "uv": [ 0.0, 0.0, 1.5, 0.5 ] },
								"south": { "texture": "#temporal", "uv": [ 0.0, 0.0, 0.5, 0.5 ] },
								"west": { "texture": "#temporal", "uv": [ 0.0, 0.0, 1.5, 0.5 ] },
								"up": { "texture": "#temporal", "uv": [ 0.0, 0.0, 0.5, 1.5 ] },
								"down": { "texture": "#temporal", "uv": [ 0.0, 0.0, 0.5, 1.5 ] }
							}
						},
						{
							"name": "Cube11",
							"from": [ -1.0, 4.0, 0.4 ],
							"to": [ -0.8, 4.2, 1.5 ],
							"rotationOrigin": [ 0.6, 2.5, 0.0 ],
							"faces": {
								"north": { "texture": "#temporal", "uv": [ 0.0, 0.0, 0.5, 0.5 ] },
								"east": { "texture": "#temporal", "uv": [ 0.0, 0.0, 1.0, 0.5 ] },
								"south": { "texture": "#temporal", "uv": [ 0.0, 0.0, 0.5, 0.5 ] },
								"west": { "texture": "#temporal", "uv": [ 0.0, 0.0, 1.0, 0.5 ] },
								"up": { "texture": "#temporal", "uv": [ 0.0, 0.0, 0.5, 1.0 ] },
								"down": { "texture": "#temporal", "uv": [ 0.0, 0.0, 0.5, 1.0 ] }
							}
						},
						{
							"name": "Cube12",
							"from": [ -0.2, 2.0, -0.5 ],
							"to": [ 0.0, 2.2, 1.4 ],
							"rotationOrigin": [ 0.6, 2.5, 0.0 ],
							"faces": {
								"north": { "texture": "#temporal", "uv": [ 0.0, 0.0, 0.5, 0.5 ] },
								"east": { "texture": "#temporal", "uv": [ 0.0, 0.0, 1.5, 0.5 ] },
								"south": { "texture": "#temporal", "uv": [ 0.0, 0.0, 0.5, 0.5 ] },
								"west": { "texture": "#temporal", "uv": [ 0.0, 0.0, 1.5, 0.5 ] },
								"up": { "texture": "#temporal", "uv": [ 0.0, 0.0, 0.5, 1.5 ] },
								"down": { "texture": "#temporal", "uv": [ 0.0, 0.0, 0.5, 1.5 ] }
							}
						}
					]
				},
				{
					"name": "horizontal 1",
					"from": [ -1.5, 3.5, -0.1 ],
					"to": [ 4.5, 4.5, 1.3 ],
					"faces": {
						"north": { "texture": "#temporal", "uv": [ 0.0, 1.0, 6.0, 2.0 ] },
						"east": { "texture": "#temporal", "uv": [ 4.0, 0.0, 5.0, 1.0 ] },
						"south": { "texture": "#temporal", "uv": [ 3.0, 7.0, 9.0, 8.0 ] },
						"west": { "texture": "#temporal", "uv": [ 6.0, 7.0, 7.0, 8.0 ] },
						"up": { "texture": "#temporal", "uv": [ 0.0, 1.0, 6.0, 2.0 ] },
						"down": { "texture": "#temporal", "uv": [ 0.0, 0.0, 6.0, 1.0 ] }
					}
				},
				{
					"name": "horizontal 2",
					"from": [ -1.5, 1.5, -0.1 ],
					"to": [ 4.5, 2.5, 1.3 ],
					"faces": {
						"north": { "texture": "#temporal", "uv": [ 0.0, 0.0, 6.0, 1.0 ] },
						"east": { "texture": "#temporal", "uv": [ 2.0, 11.0, 3.0, 12.0 ] },
						"south": { "texture": "#temporal", "uv": [ 9.0, 6.0, 15.0, 7.0 ] },
						"west": { "texture": "#temporal", "uv": [ 13.0, 12.0, 14.0, 13.0 ] },
						"up": { "texture": "#temporal", "uv": [ 0.0, 0.0, 6.0, 1.0 ] },
						"down": { "texture": "#temporal", "uv": [ 0.0, 0.0, 6.0, 1.0 ] }
					}
				},
				{
					"name": "secondary vertical 1",
					"from": [ -1.0, 0.5, 0.1 ],
					"to": [ 0.0, 5.5, 1.1 ],
					"faces": {
						"north": { "texture": "#temporal", "uv": [ 0.0, 0.0, 1.0, 5.0 ] },
						"east": { "texture": "#temporal", "uv": [ 0.0, 0.0, 1.0, 5.0 ] },
						"south": { "texture": "#temporal", "uv": [ 3.0, 3.0, 4.0, 8.0 ] },
						"west": { "texture": "#temporal", "uv": [ 0.0, 0.0, 1.0, 5.0 ] },
						"up": { "texture": "#temporal", "uv": [ 11.0, 4.0, 12.0, 5.0 ] },
						"down": { "texture": "#temporal", "uv": [ 3.0, 9.0, 4.0, 10.0 ] }
					}
				},
				{
					"name": "secondary vertical 2",
					"from": [ 3.0, 0.5, 0.1 ],
					"to": [ 4.0, 5.5, 1.1 ],
					"faces": {
						"north": { "texture": "#temporal", "uv": [ 0.0, 0.0, 1.0, 5.0 ] },
						"east": { "texture": "#temporal", "uv": [ 0.0, 0.0, 1.0, 5.0 ] },
						"south": { "texture": "#temporal", "uv": [ 6.0, 1.0, 7.0, 6.0 ] },
						"west": { "texture": "#temporal", "uv": [ 5.0, 6.0, 6.0, 11.0 ] },
						"up": { "texture": "#temporal", "uv": [ 5.0, 3.0, 6.0, 4.0 ] },
						"down": { "texture": "#temporal", "uv": [ 1.0, 10.0, 2.0, 11.0 ] }
					}
				},
				{
					"name": "cube up",
					"from": [ 1.0, 4.5, 0.1 ],
					"to": [ 2.0, 5.5, 1.1 ],
					"faces": {
						"north": { "texture": "#temporal", "uv": [ 5.0, 13.0, 6.0, 14.0 ] },
						"east": { "texture": "#temporal", "uv": [ 4.0, 6.0, 5.0, 7.0 ] },
						"south": { "texture": "#temporal", "uv": [ 8.0, 6.0, 9.0, 7.0 ] },
						"west": { "texture": "#temporal", "uv": [ 4.0, 11.0, 5.0, 12.0 ] },
						"up": { "texture": "#temporal", "uv": [ 3.0, 4.0, 4.0, 5.0 ] },
						"down": { "texture": "#temporal", "uv": [ 0.0, 0.0, 1.0, 1.0 ] }
					}
				},
				{
					"name": "Cube16",
					"from": [ 1.0, 0.5, 0.1 ],
					"to": [ 2.0, 1.5, 1.1 ],
					"faces": {
						"north": { "texture": "#temporal", "uv": [ 0.0, 0.0, 1.0, 1.0 ] },
						"east": { "texture": "#temporal", "uv": [ 0.0, 0.0, 1.0, 1.0 ] },
						"south": { "texture": "#temporal", "uv": [ 13.0, 15.0, 14.0, 16.0 ] },
						"west": { "texture": "#temporal", "uv": [ 0.0, 0.0, 1.0, 1.0 ] },
						"up": { "texture": "#temporal", "uv": [ 2.0, 3.0, 3.0, 4.0 ] },
						"down": { "texture": "#temporal", "uv": [ 2.0, 1.0, 3.0, 2.0 ] }
					}
				}
			]
		},
		{
			"name": "origin",
			"from": [ 10.8, 15.5, 2.4 ],
			"to": [ 10.8, 15.5, 2.4 ],
			"rotationOrigin": [ 12.0, 16.0, 4.0 ],
			"faces": {
			},
			"children": [
				{
					"name": "Cube1",
					"from": [ 0.2, 0.5, 0.9 ],
					"to": [ 1.8, 1.3, 2.4 ],
					"rotationOrigin": [ 0.0, 0.0, 0.0 ],
					"rotationY": 11.0,
					"faces": {
						"north": { "texture": "#diamond", "uv": [ 7.5, 7.5, 9.0, 8.0 ] },
						"east": { "texture": "#diamond", "uv": [ 8.0, 9.0, 9.5, 9.5 ] },
						"south": { "texture": "#diamond", "uv": [ 7.5, 7.5, 9.0, 8.0 ] },
						"west": { "texture": "#diamond", "uv": [ 7.0, 10.0, 8.5, 10.5 ] },
						"up": { "texture": "#diamond", "uv": [ 7.5, 10.0, 9.0, 11.5 ] },
						"down": { "texture": "#diamond", "uv": [ 6.5, 7.0, 8.0, 8.5 ] }
					}
				},
				{
					"name": "Cube5",
					"from": [ 0.8, 0.8, 1.2 ],
					"to": [ 1.5, 2.3, 1.9 ],
					"rotationOrigin": [ 0.0, 0.0, 0.0 ],
					"rotationY": 19.0,
					"rotationZ": -8.0,
					"faces": {
						"north": { "texture": "#diamond", "uv": [ 8.5, 6.5, 9.0, 8.0 ] },
						"east": { "texture": "#diamond", "uv": [ 14.0, 11.0, 14.5, 12.5 ] },
						"south": { "texture": "#diamond", "uv": [ 7.5, 8.0, 8.0, 9.5 ] },
						"west": { "texture": "#diamond", "uv": [ 8.0, 6.0, 8.5, 7.5 ] },
						"up": { "texture": "#diamond", "uv": [ 4.5, 6.5, 5.0, 7.0 ] },
						"down": { "texture": "#diamond", "uv": [ 3.5, 6.5, 4.0, 7.0 ] }
					}
				},
				{
					"name": "Cube6",
					"from": [ 1.2, 1.5, 0.0 ],
					"to": [ 2.1, 2.5, 0.9 ],
					"rotationOrigin": [ 0.0, 0.0, 0.0 ],
					"rotationX": 8.0,
					"rotationY": -42.0,
					"rotationZ": -17.0,
					"faces": {
						"north": { "texture": "#diamond", "uv": [ 8.5, 11.0, 9.0, 12.0 ] },
						"east": { "texture": "#diamond", "uv": [ 7.5, 7.5, 8.0, 8.5 ] },
						"south": { "texture": "#diamond", "uv": [ 7.0, 10.0, 7.5, 11.0 ] },
						"west": { "texture": "#diamond", "uv": [ 9.5, 8.5, 10.0, 9.5 ] },
						"up": { "texture": "#diamond", "uv": [ 7.0, 12.0, 7.5, 12.5 ] },
						"down": { "texture": "#diamond", "uv": [ 8.5, 8.0, 9.0, 8.5 ] }
					}
				},
				{
					"name": "Cube7",
					"from": [ 0.8, 0.6, 0.1 ],
					"to": [ 1.8, 1.4, 1.0 ],
					"rotationOrigin": [ 0.0, -0.1, -0.1 ],
					"rotationY": -22.0,
					"rotationZ": 8.0,
					"faces": {
						"north": { "texture": "#diamond", "uv": [ 4.0, 9.5, 5.0, 10.0 ] },
						"east": { "texture": "#diamond", "uv": [ 8.0, 7.5, 8.5, 8.0 ] },
						"south": { "texture": "#diamond", "uv": [ 10.0, 7.0, 11.0, 7.5 ] },
						"west": { "texture": "#diamond", "uv": [ 8.0, 7.5, 8.5, 8.0 ] },
						"up": { "texture": "#diamond", "uv": [ 7.5, 9.5, 8.5, 10.0 ] },
						"down": { "texture": "#diamond", "uv": [ 7.0, 5.0, 8.0, 5.5 ] }
					}
				},
				{
					"name": "Cube8",
					"from": [ 0.8, 0.4, 0.8 ],
					"to": [ 1.8, 1.7, 1.8 ],
					"rotationOrigin": [ 0.0, 0.0, 0.0 ],
					"rotationY": -8.0,
					"rotationZ": 11.0,
					"faces": {
						"north": { "texture": "#diamond", "uv": [ 7.0, 6.0, 8.0, 7.0 ] },
						"east": { "texture": "#diamond", "uv": [ 8.5, 7.0, 9.5, 8.0 ] },
						"south": { "texture": "#diamond", "uv": [ 7.5, 5.5, 8.5, 6.5 ] },
						"west": { "texture": "#diamond", "uv": [ 7.0, 4.5, 8.0, 5.5 ] },
						"up": { "texture": "#diamond", "uv": [ 4.0, 9.0, 5.0, 10.0 ] },
						"down": { "texture": "#diamond", "uv": [ 7.0, 7.0, 8.0, 8.0 ] }
					}
				},
				{
					"name": "Cube9",
					"from": [ 0.8, 0.4, 0.9 ],
					"to": [ 1.6, 2.6, 1.6 ],
					"faces": {
						"north": { "texture": "#diamond", "uv": [ 7.5, 5.0, 8.0, 7.0 ] },
						"east": { "texture": "#diamond", "uv": [ 11.0, 4.5, 11.5, 6.5 ] },
						"south": { "texture": "#diamond", "uv": [ 7.5, 7.0, 8.0, 9.0 ] },
						"west": { "texture": "#diamond", "uv": [ 7.5, 4.0, 8.0, 6.0 ] },
						"up": { "texture": "#diamond", "uv": [ 4.5, 6.0, 5.0, 6.5 ] },
						"down": { "texture": "#diamond", "uv": [ 5.0, 5.0, 5.5, 5.5 ] }
					}
				}
			]
		}
	]}