{
  "textureWidth":16,
  "textureHeight":16,
  "textures":{
    "material":"game:item/tool/material/string"
  },
  "textureSizes":{
    "material":[
      32,
      32
    ]
  },
  "elements":[
    {
      "name":"origin",
      "from":[
        11.0,
        0.5,
        7.699999988079071
      ],
      "to":[
        11.0,
        0.5,
        7.699999988079071
      ],
      "rotationOrigin":[
        8.0,
        0.0,
        8.0
      ],
      "group":"bone_string_stonehead",
      "faces":{
        "north":{
          "texture":"#0",
          "uv":[
            0,
            0,
            4,
            4
          ],
          "autoUv":false
        },
        "east":{
          "texture":"#0",
          "uv":[
            0,
            0,
            4,
            4
          ],
          "autoUv":false
        },
        "south":{
          "texture":"#0",
          "uv":[
            0,
            0,
            4,
            4
          ],
          "autoUv":false
        },
        "west":{
          "texture":"#0",
          "uv":[
            0,
            0,
            4,
            4
          ],
          "autoUv":false
        },
        "up":{
          "texture":"#material",
          "uv":[
            0.0,
            0.0,
            1.0,
            1.0
          ],
          "autoUv":false,
          "rotation":180
        },
        "down":{
          "texture":"#0",
          "uv":[
            0,
            0,
            4,
            4
          ],
          "autoUv":false
        }
      },
      "children":[
        {
          "name":"bone_string_stonehead 01",
          "from":[
            -5.696617871522903,
            -0.08833080530166626,
            -0.2979573607444763
          ],
          "to":[
            -5.366062372922897,
            1.1093500256538391,
            0.9010511040687561
          ],
          "rotationOrigin":[
            -5.5313401222229,
            0.5105096101760864,
            0.3015468716621399
          ],
          "rotationX":3.7166518035757274e-08,
          "rotationY":-3.999993138825363,
          "rotationZ":-0.9999996720885159,
          "group":"bone_string_stonehead",
          "faces":{
            "north":{
              "texture":"#material",
              "uv":[
                19.0,
                0.0,
                23.000001907348633,
                1.0
              ],
              "autoUv":false,
              "rotation":90
            },
            "east":{
              "texture":"#material",
              "uv":[
                4.0,
                4.0,
                9.0,
                8.0
              ],
              "autoUv":false
            },
            "south":{
              "texture":"#material",
              "uv":[
                11.0,
                4.0,
                15.0,
                4.999229431152344
              ],
              "autoUv":false,
              "rotation":90
            },
            "west":{
              "texture":"#material",
              "uv":[
                2.0,
                3.0,
                7.0,
                7.0
              ],
              "autoUv":false
            },
            "up":{
              "texture":"#material",
              "uv":[
                1.9999998807907104,
                0.0,
                7.0,
                1.0000019073486328
              ],
              "autoUv":false,
              "rotation":90
            },
            "down":{
              "texture":"#material",
              "uv":[
                19.999998092651367,
                3.0,
                15.0,
                2.0007686614990234
              ],
              "autoUv":false,
              "rotation":270
            }
          },
          "children":[]
        },
        {
          "name":"bone_string_stonehead 02",
          "from":[
            -5.977525055408478,
            -0.09654998779296875,
            -0.30047309398651123
          ],
          "to":[
            -5.646601378917694,
            1.0909355878829956,
            0.8985352516174316
          ],
          "rotationOrigin":[
            -5.812063217163086,
            0.4971928000450134,
            0.2990310788154602
          ],
          "rotationX":1.755213591236689e-08,
          "rotationY":7.000000052497138,
          "rotationZ":-0.9999994586451043,
          "group":"bone_string_stonehead",
          "faces":{
            "north":{
              "texture":"#material",
              "uv":[
                6.0,
                0.0,
                1.999999761581421,
                1.0
              ],
              "autoUv":false,
              "rotation":90
            },
            "east":{
              "texture":"#material",
              "uv":[
                21.0,
                4.0,
                16.0,
                8.0
              ],
              "autoUv":false
            },
            "south":{
              "texture":"#material",
              "uv":[
                13.999999046325684,
                4.0,
                10.0,
                5.000770568847656
              ],
              "autoUv":false,
              "rotation":90
            },
            "west":{
              "texture":"#material",
              "uv":[
                23.0,
                3.0,
                18.0,
                7.0
              ],
              "autoUv":false
            },
            "up":{
              "texture":"#material",
              "uv":[
                23.0,
                0.0,
                18.0,
                1.0
              ],
              "autoUv":false,
              "rotation":90
            },
            "down":{
              "texture":"#material",
              "uv":[
                5.0,
                3.0,
                10.0,
                1.9992313385009766
              ],
              "autoUv":false,
              "rotation":270
            }
          },
          "children":[]
        },
        {
          "name":"bone_string_stonehead 03",
          "from":[
            -5.83262512087822,
            -0.308112770318985,
            0.377568744122982
          ],
          "to":[
            -5.627159386873245,
            0.0020665526390075684,
            0.6103306785225868
          ],
          "rotationOrigin":[
            -5.729892253875732,
            -0.1530231237411499,
            0.4939497113227844
          ],
          "rotationX":-18.99999654444615,
          "rotationY":7.000000479383962,
          "rotationZ":-19.99999941818584,
          "group":"bone_string_stonehead",
          "faces":{
            "north":{
              "texture":"#material",
              "uv":[
                3.999999523162842,
                6.088470458984375,
                4.999999523162842,
                7.0
              ],
              "autoUv":false,
              "rotation":180
            },
            "east":{
              "texture":"#material",
              "uv":[
                3.0,
                7.088470458984375,
                3.999999523162842,
                7.999996185302734
              ],
              "autoUv":false,
              "rotation":180
            },
            "south":{
              "texture":"#material",
              "uv":[
                4.999999523162842,
                6.088470458984375,
                6.0,
                7.0
              ],
              "autoUv":false,
              "rotation":180
            },
            "west":{
              "texture":"#material",
              "uv":[
                3.999999523162842,
                7.088470458984375,
                4.999999523162842,
                7.999996185302734
              ],
              "autoUv":false,
              "rotation":180
            },
            "up":{
              "texture":"#material",
              "uv":[
                7.0,
                6.0,
                8.0,
                7.0
              ],
              "autoUv":false
            },
            "down":{
              "texture":"#material",
              "uv":[
                8.0,
                7.999998092651367,
                7.0,
                7.0
              ],
              "autoUv":false
            }
          },
          "children":[]
        },
        {
          "name":"bone_string_stonehead 04",
          "from":[
            -5.835328325629234,
            -0.46132951974868774,
            -0.13167141377925873
          ],
          "to":[
            -5.629862569272518,
            0.029784202575683594,
            0.10109053552150726
          ],
          "rotationOrigin":[
            -5.732595443725586,
            -0.21577265858650208,
            -0.015290439128875732
          ],
          "rotationX":28.0000121628196,
          "rotationY":-3.1793703955667644e-06,
          "rotationZ":-20.000007955922303,
          "group":"bone_string_stonehead",
          "faces":{
            "north":{
              "texture":"#material",
              "uv":[
                6.0,
                6.556758880615234,
                7.0,
                8.000003814697266
              ],
              "autoUv":false,
              "rotation":180
            },
            "east":{
              "texture":"#material",
              "uv":[
                4.999999523162842,
                6.556758880615234,
                6.0,
                8.000003814697266
              ],
              "autoUv":false,
              "rotation":180
            },
            "south":{
              "texture":"#material",
              "uv":[
                6.0,
                5.556758880615234,
                7.0,
                7.0
              ],
              "autoUv":false,
              "rotation":180
            },
            "west":{
              "texture":"#material",
              "uv":[
                3.0,
                5.556758880615234,
                3.999999523162842,
                7.0
              ],
              "autoUv":false,
              "rotation":180
            },
            "up":{
              "texture":"#material",
              "uv":[
                7.0,
                8.000001907348633,
                8.0,
                8.999998092651367
              ],
              "autoUv":false
            },
            "down":{
              "texture":"#material",
              "uv":[
                8.0,
                10.0,
                7.0,
                9.0
              ],
              "autoUv":false
            }
          },
          "children":[]
        },
        {
          "name":"bone_string_stonehead 05",
          "from":[
            -4.235669404268265,
            -0.4137722849845886,
            -0.1757948398590088
          ],
          "to":[
            -3.788565367460251,
            1.3449987769126892,
            0.7661466896533966
          ],
          "rotationOrigin":[
            -4.012117385864258,
            0.46561330556869507,
            0.29517585039138794
          ],
          "rotationX":0.6704330127950572,
          "rotationY":-5.96256091191661,
          "rotationZ":16.427204302980336,
          "group":"bone_string_stonehead",
          "faces":{
            "north":{
              "texture":"#material",
              "uv":[
                16.0,
                11.0,
                20.0,
                12.0
              ],
              "autoUv":false,
              "rotation":90
            },
            "east":{
              "texture":"#material",
              "uv":[
                1.0,
                4.0,
                2.0,
                7.953662872314453
              ],
              "autoUv":false
            },
            "south":{
              "texture":"#material",
              "uv":[
                18.0,
                8.0,
                22.0,
                9.0
              ],
              "autoUv":false,
              "rotation":90
            },
            "west":{
              "texture":"#material",
              "uv":[
                5.0,
                5.0,
                6.0,
                8.953662872314453
              ],
              "autoUv":false
            },
            "up":{
              "texture":"#material",
              "uv":[
                15.000001907348633,
                2.0,
                17.0,
                2.999998092651367
              ],
              "autoUv":false,
              "rotation":90
            },
            "down":{
              "texture":"#material",
              "uv":[
                18.0,
                9.999998092651367,
                17.0,
                9.0
              ],
              "autoUv":false,
              "rotation":270
            }
          },
          "children":[]
        },
        {
          "name":"bone_string_stonehead 06",
          "from":[
            -3.68960839509964,
            -0.5225377082824707,
            -0.04849562048912048
          ],
          "to":[
            -3.172498881816864,
            1.545898675918579,
            0.6747121512889862
          ],
          "rotationOrigin":[
            -3.431053638458252,
            0.5116804838180542,
            0.31310826539993286
          ],
          "rotationX":2.518969710475883,
          "rotationY":-3.695552397610854,
          "rotationZ":-8.278140608957617,
          "group":"bone_string_stonehead",
          "faces":{
            "north":{
              "texture":"#material",
              "uv":[
                0.0,
                1.0,
                4.0,
                2.0
              ],
              "autoUv":false,
              "rotation":90
            },
            "east":{
              "texture":"#material",
              "uv":[
                0.37025588750839233,
                0.0,
                1.604278564453125,
                4.0
              ],
              "autoUv":false
            },
            "south":{
              "texture":"#material",
              "uv":[
                4.0,
                1.0,
                8.0,
                2.0
              ],
              "autoUv":false,
              "rotation":90
            },
            "west":{
              "texture":"#material",
              "uv":[
                1.395721435546875,
                8.0,
                2.629744052886963,
                12.0
              ],
              "autoUv":false
            },
            "up":{
              "texture":"#material",
              "uv":[
                11.395721435546875,
                3.0,
                12.629743576049805,
                4.0
              ],
              "autoUv":false,
              "rotation":90
            },
            "down":{
              "texture":"#material",
              "uv":[
                15.629743576049805,
                4.0,
                14.395721435546875,
                3.0
              ],
              "autoUv":false,
              "rotation":270
            }
          },
          "children":[]
        },
        {
          "name":"bone_string_stonehead 07",
          "from":[
            -2.7037337720394135,
            -0.48453640937805176,
            -0.03326347470283508
          ],
          "to":[
            -2.1902081072330475,
            1.6722712516784668,
            0.6946572065353394
          ],
          "rotationOrigin":[
            -2.4469709396362305,
            0.5938674211502075,
            0.33069688081741333
          ],
          "rotationX":-4.7222672438626486e-15,
          "rotationY":9.08878766641071e-16,
          "rotationZ":14.21141068150545,
          "group":"bone_string_stonehead",
          "faces":{
            "north":{
              "texture":"#material",
              "uv":[
                17.0,
                1.0,
                21.0,
                2.0
              ],
              "autoUv":false,
              "rotation":90
            },
            "east":{
              "texture":"#material",
              "uv":[
                0.3867260813713074,
                0.0,
                1.637458324432373,
                4.0
              ],
              "autoUv":false
            },
            "south":{
              "texture":"#material",
              "uv":[
                2.0,
                1.0,
                6.0,
                2.0
              ],
              "autoUv":false,
              "rotation":90
            },
            "west":{
              "texture":"#material",
              "uv":[
                5.362541675567627,
                5.0,
                6.613273620605469,
                9.0
              ],
              "autoUv":false
            },
            "up":{
              "texture":"#material",
              "uv":[
                0.0,
                1.3625411987304688,
                1.0,
                2.6132736206054688
              ],
              "autoUv":false
            },
            "down":{
              "texture":"#material",
              "uv":[
                1.0,
                2.6132736206054688,
                0.0,
                1.3625411987304688
              ],
              "autoUv":false,
              "rotation":180
            }
          },
          "children":[]
        },
        {
          "name":"bone_string_stonehead 08",
          "from":[
            -2.1815319061279297,
            -0.4080101251602173,
            -0.03916662931442261
          ],
          "to":[
            -1.6815319061279297,
            1.703378438949585,
            0.6407594084739685
          ],
          "rotationOrigin":[
            -1.9315319061279297,
            0.6476842164993286,
            0.3007963299751282
          ],
          "rotationX":0.17594927487709858,
          "rotationY":-2.8226644669669794,
          "rotationZ":-29.449111927318675,
          "group":"bone_string_stonehead",
          "faces":{
            "north":{
              "texture":"#material",
              "uv":[
                13.549833297729492,
                11.0,
                17.77260971069336,
                12.0
              ],
              "autoUv":false,
              "rotation":90
            },
            "east":{
              "texture":"#material",
              "uv":[
                12.380783081054688,
                3.549835205078125,
                13.580652236938477,
                7.772611618041992
              ],
              "autoUv":false
            },
            "south":{
              "texture":"#material",
              "uv":[
                23.549833297729492,
                4.999998092651367,
                27.77260971069336,
                6.0
              ],
              "autoUv":false,
              "rotation":90
            },
            "west":{
              "texture":"#material",
              "uv":[
                7.419347763061523,
                11.54983139038086,
                8.619216918945312,
                15.77260971069336
              ],
              "autoUv":false
            },
            "up":{
              "texture":"#material",
              "uv":[
                11.419347763061523,
                7.0,
                12.619217872619629,
                8.0
              ],
              "autoUv":false,
              "rotation":90
            },
            "down":{
              "texture":"#material",
              "uv":[
                19.619218826293945,
                1.0,
                18.419349670410156,
                0.0
              ],
              "autoUv":false,
              "rotation":270
            }
          },
          "children":[]
        }
      ]
    }
  ],
  "groups":[]
}