{
  "textureWidth":16,
  "textureHeight":16,
  "textures":{
    "material":"game:item/tool/material/string"
  },
  "textureSizes":{
    "material":[
      32,
      32
    ]
  },
  "elements":[
    {
      "name":"origin",
      "from":[
        11.0,
        0.5,
        7.699999988079071
      ],
      "to":[
        11.0,
        0.5,
        7.699999988079071
      ],
      "rotationOrigin":[
        8.0,
        0.0,
        8.0
      ],
      "group":"bone_string_metalhead",
      "faces":{
        "north":{
          "texture":"#0",
          "uv":[
            0,
            0,
            4,
            4
          ],
          "autoUv":false
        },
        "east":{
          "texture":"#0",
          "uv":[
            0,
            0,
            4,
            4
          ],
          "autoUv":false
        },
        "south":{
          "texture":"#0",
          "uv":[
            0,
            0,
            4,
            4
          ],
          "autoUv":false
        },
        "west":{
          "texture":"#0",
          "uv":[
            0,
            0,
            4,
            4
          ],
          "autoUv":false
        },
        "up":{
          "texture":"#material",
          "uv":[
            0.0,
            0.0,
            1.0,
            1.0
          ],
          "autoUv":false,
          "rotation":180
        },
        "down":{
          "texture":"#0",
          "uv":[
            0,
            0,
            4,
            4
          ],
          "autoUv":false
        }
      },
      "children":[
        {
          "name":"bone_string_metalhead1",
          "from":[
            -5.698860049247742,
            -0.08912259340286255,
            -0.2947930693626404
          ],
          "to":[
            -5.312319755554199,
            1.1085582375526428,
            0.904215395450592
          ],
          "rotationOrigin":[
            -5.4322309494018555,
            0.5097178220748901,
            0.30471116304397583
          ],
          "rotationX":3.304342505777013e-08,
          "rotationY":-3.999993992599009,
          "rotationZ":-0.9999996720885159,
          "group":"bone_string_metalhead",
          "faces":{
            "north":{
              "texture":"#material",
              "uv":[
                19.0,
                -3.814697265625e-06,
                23.000003814697266,
                1.0
              ],
              "autoUv":false,
              "rotation":90
            },
            "east":{
              "texture":"#material",
              "uv":[
                4.0,
                4.0,
                9.0,
                8.0
              ],
              "autoUv":false
            },
            "south":{
              "texture":"#material",
              "uv":[
                11.0,
                4.0,
                15.0,
                4.997974395751953
              ],
              "autoUv":false,
              "rotation":90
            },
            "west":{
              "texture":"#material",
              "uv":[
                2.0,
                3.0,
                7.0,
                7.0
              ],
              "autoUv":false
            },
            "up":{
              "texture":"#material",
              "uv":[
                1.999999761581421,
                0.0,
                7.0,
                1.0
              ],
              "autoUv":false,
              "rotation":90
            },
            "down":{
              "texture":"#material",
              "uv":[
                19.999998092651367,
                3.0,
                15.0,
                2.0
              ],
              "autoUv":false,
              "rotation":270
            }
          },
          "children":[]
        },
        {
          "name":"bone_string_metalhead2",
          "from":[
            -6.09977400302887,
            -0.09734493494033813,
            -0.3060234785079956
          ],
          "to":[
            -5.7122632041573524,
            1.0901406407356262,
            0.8929848670959473
          ],
          "rotationOrigin":[
            -5.832174301147461,
            0.49639785289764404,
            0.29348069429397583
          ],
          "rotationX":1.755213591236689e-08,
          "rotationY":7.000000052497138,
          "rotationZ":-0.9999994586451043,
          "group":"bone_string_metalhead",
          "faces":{
            "north":{
              "texture":"#material",
              "uv":[
                6.0,
                0.0,
                1.9999998807907104,
                1.0
              ],
              "autoUv":false,
              "rotation":90
            },
            "east":{
              "texture":"#material",
              "uv":[
                21.0,
                4.0,
                16.0,
                8.0
              ],
              "autoUv":false
            },
            "south":{
              "texture":"#material",
              "uv":[
                13.999998092651367,
                4.0,
                10.0,
                5.002025604248047
              ],
              "autoUv":false,
              "rotation":90
            },
            "west":{
              "texture":"#material",
              "uv":[
                23.0,
                3.0,
                18.0,
                7.0
              ],
              "autoUv":false
            },
            "up":{
              "texture":"#material",
              "uv":[
                23.0,
                0.0,
                18.0,
                1.0
              ],
              "autoUv":false,
              "rotation":90
            },
            "down":{
              "texture":"#material",
              "uv":[
                4.999999523162842,
                3.0,
                10.0,
                2.0
              ],
              "autoUv":false,
              "rotation":270
            }
          },
          "children":[]
        },
        {
          "name":"bone_string_metalhead3",
          "from":[
            -5.893444247543812,
            -0.503616601228714,
            0.4402637332677841
          ],
          "to":[
            -5.689334683120251,
            0.023051857948303223,
            0.6714893728494644
          ],
          "rotationOrigin":[
            -5.791389465332031,
            -0.3149871230125427,
            0.5558765530586243
          ],
          "rotationX":-18.999999959540737,
          "rotationY":7.000001760044431,
          "rotationZ":-19.99999941818584,
          "group":"bone_string_metalhead",
          "faces":{
            "north":{
              "texture":"#material",
              "uv":[
                3.999999523162842,
                5.0,
                4.999999523162842,
                7.0
              ],
              "autoUv":false,
              "rotation":180
            },
            "east":{
              "texture":"#material",
              "uv":[
                3.0,
                6.0,
                3.999999523162842,
                7.999996185302734
              ],
              "autoUv":false,
              "rotation":180
            },
            "south":{
              "texture":"#material",
              "uv":[
                4.999999523162842,
                5.0,
                6.0,
                7.0
              ],
              "autoUv":false,
              "rotation":180
            },
            "west":{
              "texture":"#material",
              "uv":[
                3.999999523162842,
                6.0,
                4.999999523162842,
                7.999996185302734
              ],
              "autoUv":false,
              "rotation":180
            },
            "up":{
              "texture":"#material",
              "uv":[
                7.0,
                6.0,
                8.0,
                7.0
              ],
              "autoUv":false
            },
            "down":{
              "texture":"#material",
              "uv":[
                8.0,
                7.999998092651367,
                7.0,
                7.0
              ],
              "autoUv":false
            }
          },
          "children":[]
        },
        {
          "name":"bone_string_metalhead4",
          "from":[
            -5.865861624479294,
            -0.336933009326458,
            -0.17066384106874466
          ],
          "to":[
            -5.661752015352249,
            0.04360206425189972,
            0.060561783611774445
          ],
          "rotationOrigin":[
            -5.7638068199157715,
            -0.2944367080926895,
            -0.05505102872848511
          ],
          "rotationX":28.0000121628196,
          "rotationY":-2.84811781371396e-06,
          "rotationZ":-20.000006248375012,
          "group":"bone_string_metalhead",
          "faces":{
            "north":{
              "texture":"#material",
              "uv":[
                6.0,
                7.0,
                7.0,
                8.000003814697266
              ],
              "autoUv":false,
              "rotation":180
            },
            "east":{
              "texture":"#material",
              "uv":[
                5.0,
                7.0,
                6.0,
                8.000003814697266
              ],
              "autoUv":false,
              "rotation":180
            },
            "south":{
              "texture":"#material",
              "uv":[
                6.0,
                6.0,
                7.0,
                7.0
              ],
              "autoUv":false,
              "rotation":180
            },
            "west":{
              "texture":"#material",
              "uv":[
                3.0,
                6.0,
                3.999999523162842,
                7.0
              ],
              "autoUv":false,
              "rotation":180
            },
            "up":{
              "texture":"#material",
              "uv":[
                7.0,
                8.000001907348633,
                8.0,
                8.999998092651367
              ],
              "autoUv":false
            },
            "down":{
              "texture":"#material",
              "uv":[
                8.0,
                10.0,
                7.0,
                9.0
              ],
              "autoUv":false
            }
          },
          "children":[]
        }
      ]
    }
  ],
  "groups":[]
}