{
	"editor": {
		"collapsedPaths": "",
		"allAngles": false,
		"entityTextureMode": false
	},
	"textureWidth": 16,
	"textureHeight": 16,
	"textureSizes": {
		"bottom": [16,16],
		"sides": [16,16],
		"inner side": [16,16],
	},
	
	"textures": {
		"stem": "block/metal/plate/{metal}*",
		"body": "block/metal/ingot/{metal}*",
		"lip": "block/metal/plate/{metal}*"
	},
	
	"elements": [
		{
			"name": "CupBase",
			"from": [ 7.1, 2.7, 7.1 ],
			"to": [ 8.9, 2.9, 8.9 ],
			"rotationOrigin": [ 7.1, 2.7, 7.1 ],
			"faces": {
				"north": { "texture": "#body", "uv": [ 0.0, 0.0, 3.5, 3.5 ], "autoUv": false },
				"east": { "texture": "#body", "uv": [ 0.0, 0.0, 3.5, 3.5 ], "autoUv": false },
				"south": { "texture": "#body", "uv": [ 0.0, 0.0, 3.5, 3.5 ], "autoUv": false },
				"west": { "texture": "#body", "uv": [ 0.0, 0.0, 3.5, 3.5 ], "autoUv": false },
				"up": { "texture": "#body", "uv": [ 0.0, 0.0, 3.5, 3.5 ], "autoUv": false },
				"down": { "texture": "#body", "uv": [ 0.0, 0.0, 3.5, 3.5 ], "autoUv": false },
			},
			"children": [
				{
					"name": "WWall",
					"from": [ -0.1, 0.2, 0.0 ],
					"to": [ 0.1, 1.8, 1.8 ],
					"rotationOrigin": [ -0.1, 0.2, 0.0 ],
					"faces": {
						"north": { "texture": "#body", "uv": [ 0.0, 0.0, 0.5, 2.0 ] },
						"east": { "texture": "#body", "uv": [ 0.0, 0.0, 3.5, 3.5 ], "autoUv": false },
						"south": { "texture": "#body", "uv": [ 0.0, 0.0, 0.5, 2.0 ] },
						"west": { "texture": "#body", "uv": [ 0.0, 0.0, 3.5, 3.5 ], "autoUv": false },
						"up": { "texture": "#body", "uv": [ 0.0, 0.0, 0.5, 1.5 ] },
						"down": { "texture": "#body", "uv": [ 0.0, 0.0, 0.5, 1.5 ] }
					}
				},
				{
					"name": "EWall",
					"from": [ 1.7, 0.2, 0.0 ],
					"to": [ 1.9, 1.8, 1.8 ],
					"rotationOrigin": [ 1.7, 0.2, 0.0 ],
					"faces": {
						"north": { "texture": "#body", "uv": [ 0.0, 0.0, 0.5, 2.0 ] },
						"east": { "texture": "#body", "uv": [ 0.0, 0.0, 3.5, 3.5 ], "autoUv": false },
						"south": { "texture": "#body", "uv": [ 0.0, 0.0, 0.5, 2.0 ] },
						"west": { "texture": "#body", "uv": [ 0.0, 0.0, 3.5, 3.5 ], "autoUv": false },
						"up": { "texture": "#body", "uv": [ 0.0, 0.0, 0.5, 1.5 ] },
						"down": { "texture": "#body", "uv": [ 0.0, 0.0, 0.5, 1.5 ] }
					}
				},
				{
					"name": "NWall",
					"from": [ 0.0, 0.2, -0.1 ],
					"to": [ 1.8, 1.8, 0.1 ],
					"rotationOrigin": [ 0.0, 0.2, -0.1 ],
					"faces": {
						"north": { "texture": "#body", "uv": [ 0.0, 0.0, 3.5, 3.5 ], "autoUv": false },
						"east": { "texture": "#body", "uv": [ 0.0, 0.0, 0.5, 2.0 ] },
						"south": { "texture": "#body", "uv": [ 0.0, 0.0, 3.5, 3.5 ], "autoUv": false },
						"west": { "texture": "#body", "uv": [ 0.0, 0.0, 0.5, 2.0 ] },
						"up": { "texture": "#body", "uv": [ 0.0, 0.0, 1.5, 0.5 ] },
						"down": { "texture": "#body", "uv": [ 0.0, 0.0, 1.5, 0.5 ] }
					}
				},
				{
					"name": "SWall",
					"from": [ 0.0, 0.2, 1.7 ],
					"to": [ 1.8, 1.8, 1.9 ],
					"rotationOrigin": [ 0.0, 0.2, 1.7 ],
					"faces": {
						"north": { "texture": "#body", "uv": [ 0.0, 0.0, 3.5, 3.5 ], "autoUv": false },
						"east": { "texture": "#body", "uv": [ 0.0, 0.0, 0.5, 2.0 ] },
						"south": { "texture": "#body", "uv": [ 0.0, 0.0, 3.5, 3.5 ], "autoUv": false },
						"west": { "texture": "#body", "uv": [ 0.0, 0.0, 0.5, 2.0 ] },
						"up": { "texture": "#body", "uv": [ 0.0, 0.0, 1.5, 0.5 ] },
						"down": { "texture": "#body", "uv": [ 0.0, 0.0, 1.5, 0.5 ] }
					}
				},
				{
					"name": "Lip",
					"from": [ 0.0, -0.6, 0.0 ],
					"to": [ 0.0, -0.6, 0.0 ],
					"rotationOrigin": [ 0.0, 1.8, 0.0 ],
					"faces": {
						"north": { "texture": "#null", "uv": [ 0.0, 0.0, 0.5, 0.5 ] , "enabled": false},
						"east": { "texture": "#null", "uv": [ 0.0, 0.0, 0.5, 0.5 ] , "enabled": false},
						"south": { "texture": "#null", "uv": [ 0.0, 0.0, 0.5, 0.5 ] , "enabled": false},
						"west": { "texture": "#null", "uv": [ 0.0, 0.0, 0.5, 0.5 ] , "enabled": false},
						"up": { "texture": "#null", "uv": [ 0.0, 0.0, 0.5, 0.5 ] , "enabled": false},
						"down": { "texture": "#null", "uv": [ 0.0, 0.0, 0.5, 0.5 ] , "enabled": false}
					},
					"children": [
						{
							"name": "W",
							"from": [ -0.1, 2.4, -0.1 ],
							"to": [ 0.1, 2.6, 1.9 ],
							"rotationOrigin": [ -0.1, 2.4, -0.1 ],
							"faces": {
								"north": { "texture": "#lip", "uv": [ 0.0, 0.0, 0.5, 0.5 ] },
								"east": { "texture": "#lip", "uv": [ 0.0, 0.0, 2.0, 0.5 ] },
								"south": { "texture": "#lip", "uv": [ 0.0, 0.0, 0.5, 0.5 ] },
								"west": { "texture": "#lip", "uv": [ 0.0, 0.0, 2.0, 0.5 ] },
								"up": { "texture": "#lip", "uv": [ 0.0, 0.0, 0.5, 2.0 ] },
								"down": { "texture": "#lip", "uv": [ 0.0, 0.0, 0.5, 2.0 ] }
							}
						},
						{
							"name": "E",
							"from": [ 1.7, 2.4, -0.1 ],
							"to": [ 1.9, 2.6, 1.9 ],
							"rotationOrigin": [ 1.7, 2.4, -0.1 ],
							"faces": {
								"north": { "texture": "#lip", "uv": [ 0.0, 0.0, 0.5, 0.5 ] },
								"east": { "texture": "#lip", "uv": [ 0.0, 0.0, 2.0, 0.5 ] },
								"south": { "texture": "#lip", "uv": [ 0.0, 0.0, 0.5, 0.5 ] },
								"west": { "texture": "#lip", "uv": [ 0.0, 0.0, 2.0, 0.5 ] },
								"up": { "texture": "#lip", "uv": [ 0.0, 0.0, 0.5, 2.0 ] },
								"down": { "texture": "#lip", "uv": [ 0.0, 0.0, 0.5, 2.0 ] }
							}
						},
						{
							"name": "N",
							"from": [ 0.1, 2.4, -0.2 ],
							"to": [ 1.7, 2.6, 0.1 ],
							"rotationOrigin": [ 0.1, 2.4, -0.2 ],
							"faces": {
								"north": { "texture": "#lip", "uv": [ 0.0, 0.0, 1.5, 0.5 ] },
								"east": { "texture": "#lip", "uv": [ 0.0, 0.0, 0.5, 0.5 ] },
								"south": { "texture": "#lip", "uv": [ 0.0, 0.0, 1.5, 0.5 ] },
								"west": { "texture": "#lip", "uv": [ 0.0, 0.0, 0.5, 0.5 ] },
								"up": { "texture": "#lip", "uv": [ 0.0, 0.0, 1.5, 0.5 ] },
								"down": { "texture": "#lip", "uv": [ 0.0, 0.0, 1.5, 0.5 ] }
							}
						},
						{
							"name": "S",
							"from": [ 0.1, 2.4, 1.7 ],
							"to": [ 1.7, 2.6, 2.0 ],
							"rotationOrigin": [ 0.1, 2.4, 1.7 ],
							"faces": {
								"north": { "texture": "#lip", "uv": [ 0.0, 0.0, 1.5, 0.5 ] },
								"east": { "texture": "#lip", "uv": [ 0.0, 0.0, 0.5, 0.5 ] },
								"south": { "texture": "#lip", "uv": [ 0.0, 0.0, 1.5, 0.5 ] },
								"west": { "texture": "#lip", "uv": [ 0.0, 0.0, 0.5, 0.5 ] },
								"up": { "texture": "#lip", "uv": [ 0.0, 0.0, 1.5, 0.5 ] },
								"down": { "texture": "#lip", "uv": [ 0.0, 0.0, 1.5, 0.5 ] }
							}
						},
						{
							"name": "E2",
							"from": [ 1.9, 2.4, 0.1 ],
							"to": [ 2.0, 2.6, 1.7 ],
							"rotationOrigin": [ 1.9, 2.4, 0.1 ],
							"faces": {
								"north": { "texture": "#lip", "uv": [ 0.0, 0.0, 0.5, 0.5 ] },
								"east": { "texture": "#lip", "uv": [ 0.0, 0.0, 1.5, 0.5 ] },
								"south": { "texture": "#lip", "uv": [ 0.0, 0.0, 0.5, 0.5 ] },
								"west": { "texture": "#null", "uv": [ 0.0, 0.0, 1.5, 0.5 ] , "enabled": false},
								"up": { "texture": "#lip", "uv": [ 0.0, 0.0, 0.5, 1.5 ] },
								"down": { "texture": "#lip", "uv": [ 0.0, 0.0, 0.5, 1.5 ] }
							}
						},
						{
							"name": "W2",
							"from": [ -0.2, 2.4, 0.1 ],
							"to": [ -0.1, 2.6, 1.7 ],
							"rotationOrigin": [ -0.2, 2.4, 0.1 ],
							"faces": {
								"north": { "texture": "#lip", "uv": [ 0.0, 0.0, 0.5, 0.5 ] },
								"east": { "texture": "#null", "uv": [ 0.0, 0.0, 1.5, 0.5 ] , "enabled": false},
								"south": { "texture": "#lip", "uv": [ 0.0, 0.0, 0.5, 0.5 ] },
								"west": { "texture": "#lip", "uv": [ 0.0, 0.0, 1.5, 0.5 ] },
								"up": { "texture": "#lip", "uv": [ 0.0, 0.0, 0.5, 1.5 ] },
								"down": { "texture": "#lip", "uv": [ 0.0, 0.0, 0.5, 1.5 ] }
							}
						}
					]
				}
			]
		},
		{
			"name": "Stem",
			"from": [ 7.8, 0.1, 7.8 ],
			"to": [ 8.2, 2.7, 8.2 ],
			"rotationOrigin": [ 7.8, 0.1, 7.8 ],
			"faces": {
				"north": { "texture": "#stem", "uv": [ 0.0, 0.0, 3.5, 3.5 ], "autoUv": false },
				"east": { "texture": "#stem", "uv": [ 0.0, 0.0, 3.5, 3.5 ], "autoUv": false },
				"south": { "texture": "#stem", "uv": [ 0.0, 0.0, 3.5, 3.5 ], "autoUv": false },
				"west": { "texture": "#stem", "uv": [ 0.0, 0.0, 3.5, 3.5 ], "autoUv": false },
				"up": { "texture": "#null", "uv": [ 0.0, 0.0, 0.5, 0.5 ] , "enabled": false},
				"down": { "texture": "#null", "uv": [ 0.0, 0.0, 0.5, 0.5 ] , "enabled": false}
			},
			"children": [
				{
					"name": "UpperBase",
					"from": [ -0.6, 0.0, -0.6 ],
					"to": [ 1.0, 0.2, 1.0 ],
					"rotationOrigin": [ -0.6, 0.0, -0.6 ],
					"faces": {
						"north": { "texture": "#stem", "uv": [ 0.0, 0.0, 1.5, 0.5 ] },
						"east": { "texture": "#stem", "uv": [ 0.0, 0.0, 1.5, 0.5 ] },
						"south": { "texture": "#stem", "uv": [ 0.0, 0.0, 1.5, 0.5 ] },
						"west": { "texture": "#stem", "uv": [ 0.0, 0.0, 1.5, 0.5 ] },
						"up": { "texture": "#stem", "uv": [ 0.0, 0.0, 3.5, 3.5 ], "autoUv": false },
						"down": { "texture": "#stem", "uv": [ 0.0, 0.0, 3.5, 3.5 ], "autoUv": false }
					}
				},
				{
					"name": "LowerBase",
					"from": [ -0.7, -0.1, -0.7 ],
					"to": [ 1.1, 0.0, 1.1 ],
					"rotationOrigin": [ -0.7, -0.1, -0.7 ],
					"faces": {
						"north": { "texture": "#stem", "uv": [ 0.0, 0.0, 1.5, 0.5 ] },
						"east": { "texture": "#stem", "uv": [ 0.0, 0.0, 1.5, 0.5 ] },
						"south": { "texture": "#stem", "uv": [ 0.0, 0.0, 1.5, 0.5 ] },
						"west": { "texture": "#stem", "uv": [ 0.0, 0.0, 1.5, 0.5 ] },
						"up": { "texture": "#stem", "uv": [ 0.0, 0.0, 3.5, 3.5 ], "autoUv": false },
						"down": { "texture": "#stem", "uv": [ 0.0, 0.0, 3.5, 3.5 ], "autoUv": false }
					}
				}
			]
		},
		{
			"name": "StemBump",
			"from": [ 7.7, 1.6, 7.7 ],
			"to": [ 8.3, 1.9, 8.3 ],
			"rotationOrigin": [ 7.7, 1.6, 7.7 ],
			"faces": {
				"north": { "texture": "#stem", "uv": [ 0.0, 0.0, 0.5, 0.5 ] },
				"east": { "texture": "#stem", "uv": [ 0.0, 0.0, 0.5, 0.5 ] },
				"south": { "texture": "#stem", "uv": [ 0.0, 0.0, 0.5, 0.5 ] },
				"west": { "texture": "#stem", "uv": [ 0.0, 0.0, 0.5, 0.5 ] },
				"up": { "texture": "#stem", "uv": [ 0.0, 0.0, 0.5, 0.5 ] },
				"down": { "texture": "#stem", "uv": [ 0.0, 0.0, 0.5, 0.5 ] }
			}
		}
	]}