{
	"editor": {
		"allAngles": false,
		"entityTextureMode": true
	},
	"textureWidth": 16,
	"textureHeight": 16,
	"textureSizes": {
		"bottom": [16,16],
		"sides": [16,16],
		"inner side": [16,16],
		"iron1": [16,16]
	},
	"textures": {
	},
	"elements": [
		{
			"name": "Base",
			"from": [ 5.4, 0.0, 5.4 ],
			"to": [ 10.6, 1.0, 10.6 ],
			"uv": [ 1.0, 3.0 ],
			"rotationOrigin": [ 4.4, 0.0, 4.9 ],
			"faces": {
				"north": { "texture": "#material", "uv": [ 5.5, 3.5, 10.5, 4.5 ] },
				"east": { "texture": "#material", "uv": [ 1.0, 12.0, 6.0, 13.0 ] },
				"south": { "texture": "#material", "uv": [ 3.0, 7.5, 8.0, 8.5 ] },
				"west": { "texture": "#material", "uv": [ 9.0, 8.0, 14.0, 9.0 ] },
				"up": { "texture": "#material", "uv": [ 4.0, 3.0, 9.0, 8.0 ], "windMode": [-1,-1,-1,-1] },
				"down": { "texture": "#material", "uv": [ 3.5, 4.0, 8.5, 9.0 ], "windMode": [-1,-1,-1,-1] }
			},
			"children": [
				{
					"name": "N Side",
					"from": [ 0.5, 1.0, 0.5 ],
					"to": [ 4.7, 7.0, 0.9 ],
					"uv": [ 0.0, 0.0 ],
					"rotationOrigin": [ 0.5, 1.0, 0.5 ],
					"faces": {
						"north": { "texture": "#material", "uv": [ 1.5, 1.0, 5.5, 7.0 ] },
						"east": { "texture": "#material", "uv": [ 4.0, 5.0, 4.5, 11.0 ], "windMode": [-1,-1,-1,-1] },
						"south": { "texture": "#material", "uv": [ 0.0, 0.0, 4.0, 6.0 ], "windMode": [-1,-1,-1,-1] },
						"west": { "texture": "#material", "uv": [ 3.0, 4.0, 3.5, 10.0 ], "windMode": [-1,-1,-1,-1] },
						"up": { "texture": "#material", "uv": [ 0.0, 0.0, 4.0, 0.5 ] },
						"down": { "texture": "#material", "uv": [ 0.0, 0.0, 4.0, 0.5 ] }
					}
				},
				{
					"name": "S Side",
					"from": [ 0.5, 1.0, 4.3 ],
					"to": [ 4.7, 7.0, 4.7 ],
					"uv": [ 0.0, 0.0 ],
					"rotationOrigin": [ 0.5, 1.0, 4.3 ],
					"faces": {
						"north": { "texture": "#material", "uv": [ 0.0, 1.0, 5.0, 8.0 ], "autoUv": false, "windMode": [-1,-1,-1,-1] },
						"east": { "texture": "#material", "uv": [ 5.5, 4.0, 6.0, 10.0 ], "windMode": [-1,-1,-1,-1] },
						"south": { "texture": "#material", "uv": [ 9.5, 1.0, 13.5, 7.0 ], "windMode": [-1,-1,-1,-1] },
						"west": { "texture": "#material", "uv": [ 5.5, 3.5, 6.0, 9.5 ], "windMode": [-1,-1,-1,-1] },
						"up": { "texture": "#material", "uv": [ 0.0, 0.0, 4.0, 0.5 ] },
						"down": { "texture": "#material", "uv": [ 0.0, 0.0, 4.0, 0.5 ] }
					}
				},
				{
					"name": "W Side",
					"from": [ 0.5, 1.0, 0.9 ],
					"to": [ 0.9, 7.0, 4.3 ],
					"uv": [ 0.0, 0.0 ],
					"rotationOrigin": [ 0.5, 1.0, 0.9 ],
					"faces": {
						"north": { "texture": "#material", "uv": [ 0.0, 1.0, 0.5, 7.0 ] },
						"east": { "texture": "#material", "uv": [ 0.0, 0.0, 3.0, 6.0 ], "windMode": [-1,-1,-1,-1] },
						"south": { "texture": "#material", "uv": [ 0.0, 1.0, 1.0, 8.0 ], "autoUv": false },
						"west": { "texture": "#material", "uv": [ 2.0, 4.0, 5.0, 10.0 ], "windMode": [-1,-1,-1,-1] },
						"up": { "texture": "#material", "uv": [ 0.0, 3.0, 0.5, 6.0 ], "windMode": [-1,-1,-1,-1] },
						"down": { "texture": "#material", "uv": [ 0.0, 0.5, 0.5, 3.5 ] }
					}
				},
				{
					"name": "E Side",
					"from": [ 4.3, 1.0, 0.9 ],
					"to": [ 4.7, 7.0, 4.3 ],
					"uv": [ 0.0, 0.0 ],
					"rotationOrigin": [ 4.3, 1.0, 0.9 ],
					"faces": {
						"north": { "texture": "#material", "uv": [ 8.0, 7.0, 9.0, 14.0 ], "autoUv": false },
						"east": { "texture": "#material", "uv": [ 5.0, 1.0, 8.0, 7.0 ], "windMode": [-1,-1,-1,-1] },
						"south": { "texture": "#material", "uv": [ 0.0, 1.0, 1.0, 8.0 ], "autoUv": false },
						"west": { "texture": "#material", "uv": [ 0.0, 0.0, 3.0, 6.0 ], "windMode": [-1,-1,-1,-1] },
						"up": { "texture": "#material", "uv": [ 0.0, 7.5, 0.5, 10.5 ], "windMode": [-1,-1,-1,-1] },
						"down": { "texture": "#material", "uv": [ 0.0, 0.0, 0.5, 3.0 ] }
					}
				},
				{
					"name": "Handle1",
					"from": [ 2.2, 5.5, 6.6 ],
					"to": [ 3.0, 7.7, 7.4 ],
					"uv": [ 1.0, 3.0 ],
					"rotationOrigin": [ 2.2, 5.5, 6.6 ],
					"rotationX": -90.0,
					"faces": {
						"north": { "texture": "#material", "uv": [ 1.0, 3.5, 1.5, 5.5 ] },
						"east": { "texture": "#material", "uv": [ 1.5, 3.5, 2.0, 5.5 ], "windMode": [-1,-1,-1,-1] },
						"south": { "texture": "#material", "uv": [ 2.0, 3.5, 2.5, 5.5 ], "windMode": [-1,-1,-1,-1] },
						"west": { "texture": "#material", "uv": [ 2.5, 3.5, 3.0, 5.5 ], "windMode": [-1,-1,-1,-1] },
						"up": { "texture": "#material", "uv": [ 1.0, 3.0, 1.5, 3.5 ] },
						"down": { "texture": "#material", "uv": [ 1.5, 3.0, 2.0, 3.5 ] }
					}
				},
				{
					"name": "Handle2",
					"from": [ 2.2, 5.5, 6.6 ],
					"to": [ 3.0, 8.0, 7.4 ],
					"uv": [ 2.5, 4.0 ],
					"rotationOrigin": [ 2.2, 5.5, 6.6 ],
					"rotationX": -180.0,
					"faces": {
						"north": { "texture": "#material", "uv": [ 2.5, 4.5, 3.0, 7.0 ] },
						"east": { "texture": "#material", "uv": [ 3.0, 4.5, 3.5, 7.0 ] },
						"south": { "texture": "#material", "uv": [ 3.5, 4.5, 4.0, 7.0 ] },
						"west": { "texture": "#material", "uv": [ 4.0, 4.5, 4.5, 7.0 ] },
						"up": { "texture": "#material", "uv": [ 2.5, 4.0, 3.0, 4.5 ] },
						"down": { "texture": "#material", "uv": [ 3.0, 4.0, 3.5, 4.5 ] }
					}
				},
				{
					"name": "Handle3",
					"from": [ 2.2, 2.0, 6.4 ],
					"to": [ 3.0, 4.1, 7.2 ],
					"uv": [ 0.0, 0.0 ],
					"rotationOrigin": [ 2.2, 2.2, 6.4 ],
					"rotationX": -90.0,
					"faces": {
						"north": { "texture": "#material", "uv": [ 7.5, 7.5, 8.0, 9.5 ] },
						"east": { "texture": "#material", "uv": [ 8.5, 2.5, 9.0, 4.5 ] },
						"south": { "texture": "#material", "uv": [ 6.0, 7.5, 6.5, 9.5 ] },
						"west": { "texture": "#material", "uv": [ 3.0, 6.0, 3.5, 8.0 ] },
						"up": { "texture": "#material", "uv": [ 0.0, 0.0, 0.5, 0.5 ] },
						"down": { "texture": "#material", "uv": [ 0.0, 0.0, 0.5, 0.5 ] }
					}
				},
				{
					"name": "N Lip",
					"from": [ 0.3, 6.9, 0.3 ],
					"to": [ 4.9, 7.1, 0.5 ],
					"uv": [ 0.0, 0.0 ],
					"rotationOrigin": [ 0.3, 7.9, 0.3 ],
					"faces": {
						"north": { "texture": "#material", "uv": [ 0.0, 0.5, 4.5, 1.0 ] },
						"east": { "texture": "#material", "uv": [ 4.5, 0.5, 5.0, 1.0 ] },
						"south": { "texture": "#material", "uv": [ 5.0, 0.5, 9.5, 1.0 ] },
						"west": { "texture": "#material", "uv": [ 9.5, 0.5, 10.0, 1.0 ] },
						"up": { "texture": "#material", "uv": [ 0.0, 0.0, 4.5, 0.5 ] },
						"down": { "texture": "#material", "uv": [ 4.5, 0.0, 9.0, 0.5 ] }
					}
				},
				{
					"name": "S Lip",
					"from": [ 0.3, 6.9, 4.7 ],
					"to": [ 4.9, 7.1, 4.9 ],
					"uv": [ 0.0, 0.0 ],
					"rotationOrigin": [ 0.3, 7.9, 4.7 ],
					"faces": {
						"north": { "texture": "#material", "uv": [ 0.0, 0.5, 4.5, 1.0 ] },
						"east": { "texture": "#material", "uv": [ 4.5, 0.5, 5.0, 1.0 ] },
						"south": { "texture": "#material", "uv": [ 5.0, 0.5, 9.5, 1.0 ] },
						"west": { "texture": "#material", "uv": [ 9.5, 0.5, 10.0, 1.0 ] },
						"up": { "texture": "#material", "uv": [ 0.0, 0.0, 4.5, 0.5 ] },
						"down": { "texture": "#material", "uv": [ 4.5, 0.0, 9.0, 0.5 ] }
					}
				},
				{
					"name": "W Lip",
					"from": [ 0.3, 6.9, 0.5 ],
					"to": [ 0.5, 7.1, 4.7 ],
					"uv": [ 0.0, 0.0 ],
					"rotationOrigin": [ 0.3, 7.9, 0.5 ],
					"faces": {
						"north": { "texture": "#material", "uv": [ 0.0, 4.0, 0.5, 4.5 ] },
						"east": { "texture": "#material", "uv": [ 0.5, 4.0, 4.5, 4.5 ] },
						"south": { "texture": "#material", "uv": [ 4.5, 4.0, 5.0, 4.5 ] },
						"west": { "texture": "#material", "uv": [ 5.0, 4.0, 9.0, 4.5 ] },
						"up": { "texture": "#material", "uv": [ 0.0, 0.0, 0.5, 4.0 ] },
						"down": { "texture": "#material", "uv": [ 0.5, 0.0, 1.0, 4.0 ] }
					}
				},
				{
					"name": "E Lip",
					"from": [ 4.7, 6.9, 0.5 ],
					"to": [ 4.9, 7.1, 4.7 ],
					"uv": [ 0.0, 0.0 ],
					"rotationOrigin": [ 4.7, 7.9, 0.5 ],
					"faces": {
						"north": { "texture": "#material", "uv": [ 0.0, 4.0, 0.5, 4.5 ] },
						"east": { "texture": "#material", "uv": [ 0.5, 4.0, 4.5, 4.5 ] },
						"south": { "texture": "#material", "uv": [ 4.5, 4.0, 5.0, 4.5 ] },
						"west": { "texture": "#material", "uv": [ 5.0, 4.0, 9.0, 4.5 ] },
						"up": { "texture": "#material", "uv": [ 0.0, 0.0, 0.5, 4.0 ] },
						"down": { "texture": "#material", "uv": [ 0.5, 0.0, 1.0, 4.0 ] }
					}
				},
				{
					"name": "N Ridge",
					"from": [ 0.4, 1.8, 0.4 ],
					"to": [ 4.8, 2.1, 0.5 ],
					"uv": [ 0.0, 0.0 ],
					"rotationOrigin": [ 0.4, 2.8, 0.4 ],
					"faces": {
						"north": { "texture": "#material", "uv": [ 0.0, 0.5, 4.0, 1.0 ] },
						"east": { "texture": "#material", "uv": [ 4.0, 0.5, 4.5, 1.0 ] },
						"south": { "texture": "#material", "uv": [ 4.5, 0.5, 8.5, 1.0 ] },
						"west": { "texture": "#material", "uv": [ 8.5, 0.5, 9.0, 1.0 ] },
						"up": { "texture": "#material", "uv": [ 0.0, 0.0, 4.0, 0.5 ] },
						"down": { "texture": "#material", "uv": [ 4.0, 0.0, 8.0, 0.5 ] }
					}
				},
				{
					"name": "S Ridge",
					"from": [ 0.4, 1.8, 4.7 ],
					"to": [ 4.8, 2.1, 4.8 ],
					"uv": [ 0.0, 0.0 ],
					"rotationOrigin": [ 0.4, 2.8, 4.7 ],
					"faces": {
						"north": { "texture": "#material", "uv": [ 0.0, 0.5, 4.0, 1.0 ] },
						"east": { "texture": "#material", "uv": [ 4.0, 0.5, 4.5, 1.0 ] },
						"south": { "texture": "#material", "uv": [ 4.5, 0.5, 8.5, 1.0 ] },
						"west": { "texture": "#material", "uv": [ 8.5, 0.5, 9.0, 1.0 ] },
						"up": { "texture": "#material", "uv": [ 0.0, 0.0, 4.0, 0.5 ] },
						"down": { "texture": "#material", "uv": [ 4.0, 0.0, 8.0, 0.5 ] }
					}
				},
				{
					"name": "E Ridge",
					"from": [ 0.4, 1.8, 0.5 ],
					"to": [ 0.5, 2.1, 4.7 ],
					"uv": [ 0.0, 0.0 ],
					"rotationOrigin": [ 0.4, 2.8, 0.5 ],
					"faces": {
						"north": { "texture": "#material", "uv": [ 0.0, 4.0, 0.5, 4.5 ] },
						"east": { "texture": "#material", "uv": [ 0.5, 4.0, 4.5, 4.5 ] },
						"south": { "texture": "#material", "uv": [ 4.5, 4.0, 5.0, 4.5 ] },
						"west": { "texture": "#material", "uv": [ 5.0, 4.0, 9.0, 4.5 ] },
						"up": { "texture": "#material", "uv": [ 0.0, 0.0, 0.5, 4.0 ] },
						"down": { "texture": "#material", "uv": [ 0.5, 0.0, 1.0, 4.0 ] }
					}
				},
				{
					"name": "W Ridge",
					"from": [ 4.7, 1.8, 0.5 ],
					"to": [ 4.8, 2.1, 4.7 ],
					"uv": [ 0.0, 0.0 ],
					"rotationOrigin": [ 4.7, 2.8, 0.5 ],
					"faces": {
						"north": { "texture": "#material", "uv": [ 0.0, 4.0, 0.5, 4.5 ] },
						"east": { "texture": "#material", "uv": [ 0.5, 4.0, 4.5, 4.5 ] },
						"south": { "texture": "#material", "uv": [ 4.5, 4.0, 5.0, 4.5 ] },
						"west": { "texture": "#material", "uv": [ 5.0, 4.0, 9.0, 4.5 ] },
						"up": { "texture": "#material", "uv": [ 0.0, 0.0, 0.5, 4.0 ] },
						"down": { "texture": "#material", "uv": [ 0.5, 0.0, 1.0, 4.0 ] }
					}
				},
				{
					"name": "N_Slope",
					"from": [ 4.7, 0.3, 0.8 ],
					"to": [ 8.9, 1.2, 1.8 ],
					"uv": [ 0.0, 0.0 ],
					"rotationOrigin": [ 4.7, 0.3, 0.8 ],
					"rotationX": 45.0,
					"rotationY": 180.0,
					"faces": {
						"north": { "texture": "#null", "uv": [ 0.0, 1.0, 4.0, 1.5 ] },
						"east": { "texture": "#null", "uv": [ 4.0, 1.0, 5.0, 1.5 ] },
						"south": { "texture": "#null", "uv": [ 5.0, 1.0, 9.0, 1.5 ] },
						"west": { "texture": "#null", "uv": [ 9.0, 1.0, 10.0, 1.5 ] },
						"up": { "texture": "#null", "uv": [ 0.0, 0.0, 4.0, 1.0 ] },
						"down": { "texture": "#null", "uv": [ 4.0, 0.0, 8.0, 1.0 ] }
					}
				},
				{
					"name": "S_Slope",
					"from": [ 4.7, 0.9, 3.8 ],
					"to": [ 8.9, 1.8, 4.8 ],
					"uv": [ 0.0, 0.0 ],
					"rotationOrigin": [ 4.7, 0.9, 3.8 ],
					"rotationX": -45.0,
					"rotationY": 0.0,
					"rotationZ": -180.0,
					"faces": {
						"north": { "texture": "#null", "uv": [ 0.0, 1.0, 4.0, 1.5 ] },
						"east": { "texture": "#null", "uv": [ 4.0, 1.0, 5.0, 1.5 ] },
						"south": { "texture": "#null", "uv": [ 5.0, 1.0, 9.0, 1.5 ] },
						"west": { "texture": "#null", "uv": [ 9.0, 1.0, 10.0, 1.5 ] },
						"up": { "texture": "#null", "uv": [ 0.0, 0.0, 4.0, 1.0 ] },
						"down": { "texture": "#null", "uv": [ 4.0, 0.0, 8.0, 1.0 ] }
					}
				},
				{
					"name": "E_Slope",
					"from": [ 3.8, 0.9, 0.51 ],
					"to": [ 7.98, 1.8, 1.51 ],
					"uv": [ 0.0, 0.0 ],
					"rotationOrigin": [ 3.8, 0.9, 0.51 ],
					"rotationX": -90.0,
					"rotationY": 45.0,
					"rotationZ": -90.0,
					"faces": {
						"north": { "texture": "#null", "uv": [ 0.0, 1.0, 4.0, 1.5 ] },
						"east": { "texture": "#null", "uv": [ 4.0, 1.0, 5.0, 1.5 ] },
						"south": { "texture": "#null", "uv": [ 5.0, 1.0, 9.0, 1.5 ] },
						"west": { "texture": "#null", "uv": [ 9.0, 1.0, 10.0, 1.5 ] },
						"up": { "texture": "#null", "uv": [ 0.0, 0.0, 4.0, 1.0 ] },
						"down": { "texture": "#null", "uv": [ 4.0, 0.0, 8.0, 1.0 ] }
					}
				},
				{
					"name": "W_Slope",
					"from": [ 0.8, 0.3, 0.51 ],
					"to": [ 4.98, 1.2, 1.51 ],
					"uv": [ 0.0, 0.0 ],
					"rotationOrigin": [ 0.8, 0.3, 0.51 ],
					"rotationX": 90.0,
					"rotationY": -135.0,
					"rotationZ": 90.0,
					"faces": {
						"north": { "texture": "#null", "uv": [ 0.0, 1.0, 4.0, 1.5 ] },
						"east": { "texture": "#null", "uv": [ 4.0, 1.0, 5.0, 1.5 ] },
						"south": { "texture": "#null", "uv": [ 5.0, 1.0, 9.0, 1.5 ] },
						"west": { "texture": "#null", "uv": [ 9.0, 1.0, 10.0, 1.5 ] },
						"up": { "texture": "#null", "uv": [ 0.0, 0.0, 4.0, 1.0 ] },
						"down": { "texture": "#null", "uv": [ 4.0, 0.0, 8.0, 1.0 ] }
					}
				}
			]
		}
	]}