{
	"editor": {
		"collapsedPaths": "",
		"allAngles": false,
		"entityTextureMode": false
	},
	"textureWidth": 16,
	"textureHeight": 16,
	"textureSizes": {
		"bottom": [16,16],
		"sides": [16,16],
		"inner side": [16,16],
		"oak": [16,16],
		"oak2": [16,16],
		"iron": [16,16],
		"oak3": [16,16]
	},
	"textures": {
		"oak3": "G:/Games/Vintagestory/assets/survival/textures/block/wood/bark/oak",
		"oak2": "G:/Games/Vintagestory/assets/survival/textures/block/wood/debarked/oak",
		"oak": "G:/Games/Vintagestory/assets/survival/textures/block/wood/treetrunk/oak"
	},
	"elements": [
		{
			"name": "Base",
			"from": [ 5.5, 0.0, 5.6 ],
			"to": [ 10.5, 0.6, 10.4 ],
			"rotationOrigin": [ 4.5, 0.0, 5.1 ],
			"faces": {
				"north": { "texture": "#oak", "uv": [ 8.0, 0.0, 15.0, 1.0 ], "autoUv": false, "windMode": [-1,-1,-1,-1] },
				"east": { "texture": "#oak", "uv": [ 3.5, 3.5, 11.0, 4.5 ], "autoUv": false, "windMode": [-1,-1,-1,-1] },
				"south": { "texture": "#oak", "uv": [ 0.0, 15.5, 8.5, 14.5 ], "autoUv": false, "windMode": [-1,-1,-1,-1] },
				"west": { "texture": "#oak", "uv": [ 8.0, 15.0, 15.5, 16.0 ], "autoUv": false, "windMode": [-1,-1,-1,-1] },
				"up": { "texture": "#inner side", "uv": [ 6.0, 2.0, 10.5, 7.0 ], "rotation": 270, "windMode": [-1,-1,-1,-1] },
				"down": { "texture": "#oak", "uv": [ 4.5, 5.0, 9.0, 10.0 ], "rotation": 270, "windMode": [-1,-1,-1,-1] }
			}
		},
		{
			"name": "Root",
			"from": [ 7.59, 4.5, 12.4 ],
			"to": [ 7.59, 4.5, 12.4 ],
			"rotationOrigin": [ 7.59, 4.5, 12.4 ],
			"rotationX": 180.0,
			"faces": {
				"north": { "texture": "#null", "uv": [ 0.0, 0.5, 0.5, 1.0 ] , "enabled": false},
				"east": { "texture": "#null", "uv": [ 0.5, 0.5, 1.0, 1.0 ] , "enabled": false},
				"south": { "texture": "#null", "uv": [ 1.0, 0.5, 1.5, 1.0 ] , "enabled": false},
				"west": { "texture": "#null", "uv": [ 1.5, 0.5, 2.0, 1.0 ] , "enabled": false},
				"up": { "texture": "#null", "uv": [ 0.0, 0.0, 0.5, 0.5 ] , "enabled": false},
				"down": { "texture": "#null", "uv": [ 0.5, 0.0, 1.0, 0.5 ] , "enabled": false}
			},
			"children": [
				{
					"name": "N Side",
					"from": [ -1.29, 3.9, 6.8 ],
					"to": [ 2.11, 9.901, 7.5 ],
					"rotationOrigin": [ -1.29, 3.9, 6.8 ],
					"rotationX": -180.0,
					"faces": {
						"north": { "texture": "#oak3", "uv": [ 1.5, 1.0, 6.5, 8.0 ], "autoUv": false },
						"east": { "texture": "#oak3", "uv": [ 0.0, 1.0, 1.0, 8.0 ], "autoUv": false, "windMode": [-1,-1,-1,-1] },
						"south": { "texture": "#oak3", "uv": [ 2.0, 3.0, 5.0, 9.0 ], "windMode": [-1,-1,-1,-1] },
						"west": { "texture": "#oak3", "uv": [ 0.0, 1.0, 1.0, 8.0 ], "autoUv": false, "windMode": [-1,-1,-1,-1] },
						"up": { "texture": "#oak", "uv": [ 2.0, 2.5, 5.0, 3.0 ], "windMode": [-1,-1,-1,-1] },
						"down": { "texture": "#sides", "uv": [ 5.0, 2.5, 8.0, 3.0 ] }
					}
				},
				{
					"name": "W Side",
					"from": [ -2.09, 3.9, 6.0 ],
					"to": [ -1.39, 9.901, 9.2 ],
					"rotationOrigin": [ -2.09, 3.9, 6.0 ],
					"rotationX": -180.0,
					"faces": {
						"north": { "texture": "#sides", "uv": [ 0.0, 1.0, 1.0, 8.0 ], "autoUv": false },
						"east": { "texture": "#inner side", "uv": [ 0.0, 3.0, 3.0, 9.0 ] },
						"south": { "texture": "#sides", "uv": [ 0.0, 1.0, 1.0, 8.0 ], "autoUv": false },
						"west": { "texture": "#oak3", "uv": [ 0.0, 1.0, 3.0, 8.0 ], "autoUv": false, "windMode": [-1,-1,-1,-1] },
						"up": { "texture": "#inner side", "uv": [ 0.0, 0.0, 0.5, 3.0 ] },
						"down": { "texture": "#sides", "uv": [ 0.5, 0.0, 1.0, 3.0 ] }
					}
				},
				{
					"name": "S Side",
					"from": [ -1.29, 3.9, 2.7 ],
					"to": [ 2.11, 9.901, 3.4 ],
					"rotationOrigin": [ -1.29, 3.9, 2.7 ],
					"rotationX": -180.0,
					"faces": {
						"north": { "texture": "#oak", "uv": [ 6.0, 4.5, 11.0, 12.5 ], "autoUv": false, "windMode": [-1,-1,-1,-1] },
						"east": { "texture": "#oak3", "uv": [ 8.5, 4.5, 9.0, 10.5 ], "windMode": [-1,-1,-1,-1] },
						"south": { "texture": "#oak3", "uv": [ 6.0, 6.0, 9.4, 12.001 ], "snapUv": false, "windMode": [-1,-1,-1,-1] },
						"west": { "texture": "#oak3", "uv": [ 8.0, 3.0, 8.5, 9.0 ], "windMode": [-1,-1,-1,-1] },
						"up": { "texture": "#oak", "uv": [ 4.0, 6.0, 13.0, 9.5 ], "autoUv": false, "windMode": [-1,-1,-1,-1] }
					}
				},
				{
					"name": "E Side",
					"from": [ 2.21, 3.9, 6.0 ],
					"to": [ 2.91, 9.901, 9.2 ],
					"rotationOrigin": [ 2.21, 3.9, 6.0 ],
					"rotationX": -180.0,
					"faces": {
						"north": { "texture": "#sides", "uv": [ 0.0, 1.0, 1.0, 8.0 ], "autoUv": false },
						"east": { "texture": "#oak3", "uv": [ 5.0, 1.0, 8.0, 8.0 ], "autoUv": false, "windMode": [-1,-1,-1,-1] },
						"south": { "texture": "#oak3", "uv": [ 0.0, 1.0, 1.0, 8.0 ], "autoUv": false, "windMode": [-1,-1,-1,-1] },
						"west": { "texture": "#inner side", "uv": [ 3.5, 21.0, 6.5, 27.0 ] },
						"up": { "texture": "#inner side", "uv": [ 3.5, 18.0, 4.0, 21.0 ] },
						"down": { "texture": "#sides", "uv": [ 4.0, 18.0, 4.5, 21.0 ] }
					}
				},
				{
					"name": "Handle1",
					"from": [ 0.01, -1.71, 0.3 ],
					"to": [ 0.81, 0.89, 1.1 ],
					"rotationOrigin": [ 0.01, -1.3, 0.4 ],
					"rotationX": 90.0,
					"faces": {
						"north": { "texture": "#oak2", "uv": [ 1.0, 2.5, 1.5, 5.0 ] },
						"east": { "texture": "#oak2", "uv": [ 2.5, 9.0, 3.0, 11.5 ] },
						"south": { "texture": "#oak2", "uv": [ 10.5, 6.5, 11.0, 9.0 ] },
						"west": { "texture": "#oak2", "uv": [ 14.0, 3.0, 14.5, 5.5 ] },
						"down": { "texture": "#oak2", "uv": [ 1.0, 5.5, 2.5, 7.0 ], "autoUv": false }
					}
				},
				{
					"name": "Handle3",
					"from": [ 0.01, 2.2, 0.0 ],
					"to": [ 0.81, 4.6, 0.8 ],
					"rotationOrigin": [ 0.01, 2.2, 0.0 ],
					"rotationX": 75.0,
					"faces": {
						"north": { "texture": "#oak2", "uv": [ 9.5, 7.0, 10.0, 9.0 ] },
						"east": { "texture": "#oak2", "uv": [ 6.5, 3.0, 7.0, 5.0 ] },
						"south": { "texture": "#oak2", "uv": [ 7.0, 5.5, 7.5, 7.5 ] },
						"west": { "texture": "#oak2", "uv": [ 5.5, 4.5, 6.0, 6.5 ] }
					}
				},
				{
					"name": "Handle2",
					"from": [ 0.0, -1.3, 0.0 ],
					"to": [ 0.82, 2.2, 0.8 ],
					"rotationOrigin": [ 0.01, -1.3, 0.0 ],
					"faces": {
						"north": { "texture": "#oak2", "uv": [ 0.0, 0.5, 0.5, 4.0 ] },
						"east": { "texture": "#oak2", "uv": [ 0.5, 0.5, 1.0, 4.0 ] },
						"south": { "texture": "#oak2", "uv": [ 1.0, 0.5, 1.5, 4.0 ] },
						"west": { "texture": "#oak2", "uv": [ 1.5, 0.5, 2.0, 4.0 ] }
					}
				},
				{
					"name": "NW Block",
					"from": [ -2.05, -2.1, 6.15 ],
					"to": [ -1.35, 3.9, 7.28 ],
					"rotationOrigin": [ -2.25, -2.1, 6.125 ],
					"rotationY": 45.0,
					"faces": {
						"north": { "texture": "#oak2", "uv": [ 0.0, 1.0, 1.0, 8.0 ], "autoUv": false },
						"east": { "texture": "#sides", "uv": [ 5.0, 1.0, 8.0, 8.0 ], "autoUv": false },
						"south": { "texture": "#sides", "uv": [ 0.0, 1.0, 1.0, 8.0 ], "autoUv": false, "windMode": [-1,-1,-1,-1] },
						"west": { "texture": "#oak2", "uv": [ 0.0, 1.0, 1.0, 7.0 ], "windMode": [-1,-1,-1,-1] },
						"down": { "texture": "#oak", "uv": [ 4.0, 7.5, 9.5, 12.5 ], "autoUv": false }
					}
				},
				{
					"name": "SW Block",
					"from": [ -1.25, -2.1, 1.85 ],
					"to": [ -0.55, 3.9, 2.985 ],
					"rotationOrigin": [ -1.45, -2.1, 1.88 ],
					"rotationY": -45.0,
					"faces": {
						"north": { "texture": "#oak2", "uv": [ 0.0, 1.0, 1.0, 8.0 ], "autoUv": false },
						"east": { "texture": "#sides", "uv": [ 5.0, 1.0, 8.0, 8.0 ], "autoUv": false },
						"south": { "texture": "#sides", "uv": [ 0.0, 1.0, 1.0, 8.0 ], "autoUv": false, "windMode": [-1,-1,-1,-1] },
						"west": { "texture": "#oak3", "uv": [ 0.0, 1.0, 1.0, 7.0 ], "windMode": [-1,-1,-1,-1] },
						"up": { "texture": "#inner side", "uv": [ 0.0, 0.0, 0.5, 1.0 ] },
						"down": { "texture": "#sides", "uv": [ 0.5, 0.0, 1.0, 1.0 ] }
					}
				},
				{
					"name": "NE Block",
					"from": [ 2.55, -2.1, 5.39 ],
					"to": [ 3.256, 3.9, 6.52 ],
					"rotationOrigin": [ 2.35, -2.1, 5.28 ],
					"rotationY": -45.0,
					"faces": {
						"north": { "texture": "#oak2", "uv": [ 0.0, 1.0, 1.0, 8.0 ], "autoUv": false },
						"east": { "texture": "#oak3", "uv": [ 5.0, 1.0, 8.0, 8.0 ], "autoUv": false, "windMode": [-1,-1,-1,-1] },
						"south": { "texture": "#sides", "uv": [ 0.0, 1.0, 1.0, 8.0 ], "autoUv": false, "windMode": [-1,-1,-1,-1] },
						"west": { "texture": "#oak3", "uv": [ 0.0, 1.0, 1.0, 7.0 ], "windMode": [-1,-1,-1,-1] },
						"up": { "texture": "#inner side", "uv": [ 0.0, 0.0, 0.5, 1.0 ] },
						"down": { "texture": "#sides", "uv": [ 0.5, 0.0, 1.0, 1.0 ] }
					}
				},
				{
					"name": "SE Block",
					"from": [ 1.658, -2.1, 2.65 ],
					"to": [ 2.358, 3.9, 3.78 ],
					"rotationOrigin": [ 1.45, -2.1, 2.625 ],
					"rotationY": 45.0,
					"faces": {
						"north": { "texture": "#oak2", "uv": [ 0.0, 1.0, 1.0, 8.0 ], "autoUv": false },
						"east": { "texture": "#oak3", "uv": [ 5.0, 1.0, 8.0, 8.0 ], "autoUv": false, "windMode": [-1,-1,-1,-1] },
						"south": { "texture": "#sides", "uv": [ 0.0, 1.0, 1.0, 8.0 ], "autoUv": false, "windMode": [-1,-1,-1,-1] },
						"west": { "texture": "#oak3", "uv": [ 0.0, 1.0, 1.0, 7.0 ], "windMode": [-1,-1,-1,-1] },
						"up": { "texture": "#inner side", "uv": [ 0.0, 0.0, 0.5, 1.0 ] },
						"down": { "texture": "#sides", "uv": [ 0.5, 0.0, 1.0, 1.0 ] }
					}
				}
			]
		},
		{
			"name": "TopBandN",
			"from": [ 6.3, 5.0, 5.5 ],
			"to": [ 9.7, 5.5, 5.6 ],
			"rotationOrigin": [ 6.3, 5.0, 5.5 ],
			"faces": {
				"north": { "texture": "#oak2", "uv": [ 1.5, 6.0, 5.0, 6.5 ], "autoUv": false, "windMode": [-1,-1,-1,-1] },
				"east": { "texture": "#oak2", "uv": [ 0.0, 0.5, 0.5, 1.0 ], "windMode": [-1,-1,-1,-1] },
				"west": { "texture": "#oak2", "uv": [ 3.5, 0.5, 4.0, 1.0 ] },
				"up": { "texture": "#oak2", "uv": [ 0.0, 0.0, 3.0, 0.5 ] },
				"down": { "texture": "#oak2", "uv": [ 3.0, 0.0, 6.0, 0.5 ] }
			},
			"children": [
				{
					"name": "TopBandS",
					"from": [ 0.0, 0.0, 4.9 ],
					"to": [ 3.4, 0.5, 5.0 ],
					"rotationOrigin": [ 0.0, 0.0, 4.9 ],
					"faces": {
						"east": { "texture": "#oak2", "uv": [ 3.0, 0.5, 3.5, 1.0 ] },
						"south": { "texture": "#oak2", "uv": [ 2.5, 7.0, 13.5, 10.5 ], "autoUv": false, "windMode": [-1,-1,-1,-1] },
						"west": { "texture": "#oak2", "uv": [ 6.5, 0.5, 7.0, 1.0 ] },
						"up": { "texture": "#oak2", "uv": [ 6.0, 5.5, 9.0, 6.0 ] },
						"down": { "texture": "#oak2", "uv": [ 5.5, 6.0, 8.5, 6.5 ] }
					}
				},
				{
					"name": "TopBandE",
					"from": [ 4.2, 0.0, 0.9 ],
					"to": [ 4.3, 0.5, 4.1 ],
					"rotationOrigin": [ 4.2, 0.0, 0.9 ],
					"faces": {
						"north": { "texture": "#oak2", "uv": [ 8.0, 5.0, 8.5, 5.5 ] },
						"east": { "texture": "#oak2", "uv": [ 2.5, 6.5, 13.5, 10.0 ], "autoUv": false, "windMode": [-1,-1,-1,-1] },
						"south": { "texture": "#oak2", "uv": [ 3.5, 3.0, 4.0, 3.5 ] },
						"up": { "texture": "#oak2", "uv": [ 0.0, 0.0, 0.5, 3.0 ] },
						"down": { "texture": "#oak2", "uv": [ 0.5, 0.0, 1.0, 3.0 ] }
					}
				},
				{
					"name": "TopBandW",
					"from": [ -0.9, 0.0, 0.9 ],
					"to": [ -0.8, 0.5, 4.1 ],
					"rotationOrigin": [ -0.9, 0.0, 0.9 ],
					"faces": {
						"north": { "texture": "#oak2", "uv": [ 3.0, 3.0, 3.5, 3.5 ] },
						"south": { "texture": "#oak2", "uv": [ 6.5, 3.0, 7.0, 3.5 ] },
						"west": { "texture": "#oak2", "uv": [ 5.5, 7.5, 9.5, 9.0 ], "autoUv": false },
						"up": { "texture": "#oak2", "uv": [ 3.0, 0.0, 3.5, 3.0 ], "rotation": 180 },
						"down": { "texture": "#oak2", "uv": [ 3.0, 3.5, 3.5, 6.5 ] }
					}
				},
				{
					"name": "TopBandNE",
					"from": [ 3.35, 0.0, 0.3 ],
					"to": [ 3.45, 0.5, 1.574 ],
					"rotationOrigin": [ 3.06, 0.0, 0.21 ],
					"rotationY": 45.0,
					"faces": {
						"north": { "texture": "#oak2", "uv": [ 8.0, 5.0, 9.0, 12.0 ], "autoUv": false },
						"east": { "texture": "#oak2", "uv": [ 5.5, 3.0, 8.5, 10.0 ], "autoUv": false, "windMode": [-1,-1,-1,-1] },
						"south": { "texture": "#oak2", "uv": [ 6.5, 6.0, 7.5, 13.0 ], "autoUv": false, "windMode": [-1,-1,-1,-1] },
						"up": { "texture": "#oak2", "uv": [ 0.0, 0.0, 0.5, 1.0 ] },
						"down": { "texture": "#oak2", "uv": [ 0.5, 0.0, 1.0, 1.0 ] }
					}
				},
				{
					"name": "TopBandSE",
					"from": [ 3.383, 0.5, 4.8 ],
					"to": [ 3.483, 1.0, 6.073 ],
					"rotationOrigin": [ 3.14, 0.5, 4.775 ],
					"rotationX": -180.0,
					"rotationY": 45.0,
					"rotationZ": 0.0,
					"faces": {
						"north": { "texture": "#oak2", "uv": [ 9.0, 4.5, 10.0, 11.5 ], "autoUv": false },
						"east": { "texture": "#oak2", "uv": [ 7.5, 4.0, 10.5, 11.0 ], "autoUv": false, "windMode": [-1,-1,-1,-1] },
						"south": { "texture": "#oak2", "uv": [ 8.0, 4.5, 9.0, 11.5 ], "autoUv": false, "windMode": [-1,-1,-1,-1] },
						"up": { "texture": "#oak2", "uv": [ 7.0, 4.5, 7.5, 5.5 ], "windMode": [-1,-1,-1,-1] },
						"down": { "texture": "#oak2", "uv": [ 11.5, 3.0, 12.0, 4.0 ], "autoUv": false, "windMode": [-1,-1,-1,-1] }
					}
				}
			]
		}
	]}