{
	"editor": {
		"allAngles": false,
		"entityTextureMode": false
	},
	"textureWidth": 16,
	"textureHeight": 16,
	"textureSizes": {
	},
	"textures": {
	},
	"elements": [
		{
			"name": "base",
			"from": [ 7.0, 0.01, 7.1 ],
			"to": [ 9.0, 0.21, 9.0 ],
			"renderPass": 3,
			"rotationOrigin": [ 13.0, 0.0, 13.1 ],
			"faces": {
				"north": { "texture": "#glass", "uv": [ 0.5, 0.0, 2.5, 0.5 ] },
				"east": { "texture": "#glass", "uv": [ 0.5, 0.0, 2.0, 0.5 ], "windMode": [-1,-1,-1,-1] },
				"south": { "texture": "#glass", "uv": [ 0.5, 0.0, 2.5, 0.5 ], "windMode": [-1,-1,-1,-1] },
				"west": { "texture": "#glass", "uv": [ 0.5, 0.0, 2.0, 0.5 ] },
				"up": { "texture": "#glass", "uv": [ 0.5, 0.5, 2.0, 2.5 ], "rotation": 90 },
				"down": { "texture": "#glass", "uv": [ 0.5, 0.5, 3.5, 3.5 ], "autoUv": false }
			}
		},
		{
			"name": "WallsParent",
			"from": [ -0.4, -7.6, -0.5 ],
			"to": [ -0.4, -7.6, -0.5 ],
			"renderPass": 3,
			"rotationOrigin": [ 7.3, 0.0, 7.2 ],
			"faces": {
			},
			"children": [
				{
					"name": "BaseW",
					"from": [ 7.2, 7.61, 7.6 ],
					"to": [ 7.4, 13.41, 9.5 ],
					"renderPass": 3,
					"rotationOrigin": [ 13.89, 7.59, 13.75 ],
					"faces": {
						"west": { "texture": "#glass", "uv": [ 0.5, 0.0, 2.0, 5.5 ], "windMode": [-1,-1,-1,-1] },
						"up": { "texture": "#glass", "uv": [ 0.5, 0.5, 2.0, 1.0 ], "rotation": 90 },
						"down": { "texture": "#glass", "uv": [ 0.5, 0.5, 1.0, 2.0 ], "windMode": [-1,-1,-1,-1] }
					}
				},
				{
					"name": "BaseE",
					"from": [ 9.4, 7.61, 7.6 ],
					"to": [ 9.6, 13.41, 9.5 ],
					"renderPass": 3,
					"rotationOrigin": [ 15.49, 7.59, 13.75 ],
					"faces": {
						"east": { "texture": "#glass", "uv": [ 1.5, 0.0, 3.0, 5.5 ] },
						"up": { "texture": "#glass", "uv": [ 3.0, 0.0, 4.5, 0.5 ], "rotation": 90 },
						"down": { "texture": "#glass", "uv": [ 0.5, 0.5, 1.0, 2.0 ], "windMode": [-1,-1,-1,-1] }
					}
				},
				{
					"name": "BaseN",
					"from": [ 7.2, 7.61, 7.4 ],
					"to": [ 9.6, 13.41, 7.6 ],
					"renderPass": 3,
					"rotationOrigin": [ 13.24, 7.59, 13.4 ],
					"faces": {
						"north": { "texture": "#glass", "uv": [ 0.0, 0.0, 2.0, 5.5 ] },
						"east": { "texture": "#glass", "uv": [ 1.5, 0.0, 2.0, 5.5 ] },
						"west": { "texture": "#glass", "uv": [ 2.0, 0.0, 2.5, 5.5 ] },
						"up": { "texture": "#glass", "uv": [ 2.5, 0.0, 4.5, 0.5 ] },
						"down": { "texture": "#glass", "uv": [ 0.5, 0.5, 2.5, 1.0 ], "windMode": [-1,-1,-1,-1] }
					}
				},
				{
					"name": "BaseS",
					"from": [ 7.2, 7.61, 9.5 ],
					"to": [ 9.6, 13.41, 9.7 ],
					"renderPass": 3,
					"rotationOrigin": [ 13.24, 7.59, 15.45 ],
					"faces": {
						"east": { "texture": "#glass", "uv": [ 0.0, 0.0, 0.5, 5.5 ] },
						"south": { "texture": "#glass", "uv": [ 0.5, 0.0, 2.5, 5.5 ] },
						"west": { "texture": "#glass", "uv": [ 2.0, 0.0, 2.5, 5.5 ] },
						"up": { "texture": "#glass", "uv": [ 2.5, 0.0, 4.5, 0.5 ] },
						"down": { "texture": "#glass", "uv": [ 0.5, 0.5, 2.5, 1.0 ], "windMode": [-1,-1,-1,-1] }
					}
				}
			]
		},
		{
			"name": "spout",
			"from": [ 7.6, 6.0, 7.6 ],
			"to": [ 8.4, 7.81, 8.4 ],
			"renderPass": 3,
			"rotationOrigin": [ 13.6, 6.0, 13.6 ],
			"faces": {
				"north": { "texture": "#glass", "uv": [ 6.0, 2.0, 6.5, 3.5 ], "windMode": [-1,-1,-1,-1] },
				"east": { "texture": "#glass", "uv": [ 6.0, 2.0, 6.5, 3.5 ] },
				"south": { "texture": "#glass", "uv": [ 6.0, 2.0, 6.5, 3.5 ] },
				"west": { "texture": "#glass", "uv": [ 6.0, 4.0, 6.5, 5.5 ] },
				"up": { "texture": "#glass", "uv": [ 6.0, 4.0, 6.5, 4.5 ] },
				"down": { "texture": "#glass", "uv": [ 6.0, 4.0, 6.5, 4.5 ] }
			},
			"children": [
				{
					"name": "Cork",
					"from": [ 0.1, 1.801, 0.1 ],
					"to": [ 0.7, 2.501, 0.7 ],
					"rotationOrigin": [ 0.8, 1.8, 0.4 ],
					"faces": {
						"north": { "texture": "#cork", "uv": [ 5.5, 1.0, 6.0, 1.5 ], "rotation": 90 },
						"east": { "texture": "#cork", "uv": [ 5.5, 1.5, 6.0, 2.0 ], "rotation": 90 },
						"south": { "texture": "#cork", "uv": [ 5.5, 2.5, 6.0, 3.0 ], "rotation": 270 },
						"west": { "texture": "#cork", "uv": [ 5.5, 3.5, 6.0, 4.0 ], "rotation": 270 },
						"up": { "texture": "#cork", "uv": [ 5.5, 2.0, 6.0, 2.5 ] },
						"down": { "texture": "#cork", "uv": [ 5.0, 2.5, 5.5, 3.0 ] }
					}
				},
				{
					"name": "Empty",
					"from": [ -8.0, -5.8, -8.1 ],
					"to": [ -8.0, -5.8, -8.1 ],
					"rotationOrigin": [ -0.3, 1.8, -0.4 ],
					"faces": {
					},
					"children": [
						{
							"name": "corkW",
							"from": [ 7.9, 7.61, 8.2 ],
							"to": [ 8.1, 8.11, 8.8 ],
							"renderPass": 3,
							"rotationOrigin": [ 14.59, 7.59, 14.35 ],
							"faces": {
								"west": { "texture": "#glass", "uv": [ 0.5, 0.0, 1.0, 0.5 ] },
								"up": { "texture": "#glass", "uv": [ 0.5, 0.5, 1.0, 1.0 ], "rotation": 90 },
								"down": { "texture": "#glass", "uv": [ 0.5, 0.5, 1.0, 1.0 ], "windMode": [-1,-1,-1,-1] }
							}
						},
						{
							"name": "corkE",
							"from": [ 8.7, 7.61, 8.2 ],
							"to": [ 8.9, 8.11, 8.8 ],
							"renderPass": 3,
							"rotationOrigin": [ 14.79, 7.59, 14.35 ],
							"faces": {
								"east": { "texture": "#glass", "uv": [ 1.5, 0.0, 2.0, 0.5 ] },
								"up": { "texture": "#glass", "uv": [ 3.0, 0.0, 3.5, 0.5 ], "rotation": 90 },
								"down": { "texture": "#glass", "uv": [ 0.5, 0.5, 1.0, 1.0 ], "windMode": [-1,-1,-1,-1] }
							}
						},
						{
							"name": "corkN",
							"from": [ 7.9, 7.61, 8.0 ],
							"to": [ 8.9, 8.11, 8.2 ],
							"renderPass": 3,
							"rotationOrigin": [ 13.94, 7.59, 14.0 ],
							"faces": {
								"north": { "texture": "#glass", "uv": [ 0.0, 0.0, 1.0, 0.5 ] },
								"east": { "texture": "#glass", "uv": [ 1.5, 0.0, 2.0, 0.5 ] },
								"west": { "texture": "#glass", "uv": [ 2.0, 0.0, 2.5, 0.5 ] },
								"up": { "texture": "#glass", "uv": [ 2.5, 0.0, 3.5, 0.5 ] },
								"down": { "texture": "#glass", "uv": [ 0.5, 0.5, 1.5, 1.0 ], "windMode": [-1,-1,-1,-1] }
							}
						},
						{
							"name": "corkS",
							"from": [ 7.9, 7.61, 8.8 ],
							"to": [ 8.9, 8.11, 9.0 ],
							"renderPass": 3,
							"rotationOrigin": [ 13.94, 7.59, 14.75 ],
							"faces": {
								"east": { "texture": "#glass", "uv": [ 0.0, 0.0, 0.5, 0.5 ] },
								"south": { "texture": "#glass", "uv": [ 0.5, 0.0, 1.5, 0.5 ] },
								"west": { "texture": "#glass", "uv": [ 2.0, 0.0, 2.5, 0.5 ] },
								"up": { "texture": "#glass", "uv": [ 2.5, 0.0, 3.5, 0.5 ] },
								"down": { "texture": "#glass", "uv": [ 0.5, 0.5, 1.5, 1.0 ], "windMode": [-1,-1,-1,-1] }
							}
						}
					]
				}
			]
		},
		{
			"name": "roof",
			"from": [ 7.0, 5.8, 7.1 ],
			"to": [ 9.0, 6.0, 9.0 ],
			"renderPass": 3,
			"rotationOrigin": [ 13.0, 5.8, 13.1 ],
			"faces": {
				"north": { "texture": "#glass", "uv": [ 0.5, 0.0, 2.5, 0.5 ] },
				"east": { "texture": "#glass", "uv": [ 0.5, 0.0, 2.0, 0.5 ], "windMode": [-1,-1,-1,-1] },
				"south": { "texture": "#glass", "uv": [ 0.5, 0.0, 2.5, 0.5 ], "windMode": [-1,-1,-1,-1] },
				"west": { "texture": "#glass", "uv": [ 0.5, 0.0, 2.0, 0.5 ] },
				"up": { "texture": "#glass", "uv": [ 0.5, 0.5, 2.0, 2.5 ], "rotation": 90 },
				"down": { "texture": "#glass", "uv": [ 0.5, 0.5, 3.5, 3.5 ], "autoUv": false }
			}
		}
	]}