{
  "textureWidth":16,
  "textureHeight":16,
  "textures":{
    "grip":"game:block/leather/plain"
  },
  "textureSizes":{
    "grip":[
      32,
      32
    ]
  },
  "elements":[
    {
      "name":"origin",
      "from":[
        10.79720687866211,
        -6.257323741912842,
        8.21067351102829
      ],
      "to":[
        10.79720687866211,
        -6.257323741912842,
        8.21067351102829
      ],
      "rotationOrigin":[
        8.0,
        0.0,
        8.0
      ],
      "group":"unv_fabric",
      "faces":{
        "north":{
          "texture":"#0",
          "uv":[
            0,
            0,
            4,
            4
          ],
          "autoUv":false
        },
        "east":{
          "texture":"#0",
          "uv":[
            0,
            0,
            4,
            4
          ],
          "autoUv":false
        },
        "south":{
          "texture":"#0",
          "uv":[
            0,
            0,
            4,
            4
          ],
          "autoUv":false
        },
        "west":{
          "texture":"#0",
          "uv":[
            0,
            0,
            4,
            4
          ],
          "autoUv":false
        },
        "up":{
          "texture":"#grip",
          "uv":[
            0.0,
            0.0,
            1.0,
            1.0
          ],
          "autoUv":false,
          "rotation":180
        },
        "down":{
          "texture":"#0",
          "uv":[
            0,
            0,
            4,
            4
          ],
          "autoUv":false
        }
      },
      "children":[
        {
          "name":"unv_fabric1",
          "from":[
            -8.297206401824951,
            6.4677510261535645,
            -2.2429224848747253
          ],
          "to":[
            -4.136504650115967,
            7.5322489738464355,
            -1.1784245371818542
          ],
          "rotationOrigin":[
            -6.216855525970459,
            7.0,
            -1.7106735110282898
          ],
          "group":"unv_fabric",
          "faces":{
            "north":{
              "texture":"#grip",
              "uv":[
                13.0,
                20.0,
                23.0,
                22.0
              ],
              "autoUv":false
            },
            "east":{
              "texture":"#grip",
              "uv":[
                15.0,
                17.0,
                18.0,
                20.0
              ],
              "autoUv":false,
              "rotation":270
            },
            "south":{
              "texture":"#grip",
              "uv":[
                12.0,
                20.0,
                22.0,
                22.0
              ],
              "autoUv":false
            },
            "west":{
              "texture":"#grip",
              "uv":[
                15.0,
                11.0,
                18.0,
                14.0
              ],
              "autoUv":false,
              "rotation":270
            },
            "up":{
              "texture":"#grip",
              "uv":[
                11.0,
                20.0,
                21.0,
                22.0
              ],
              "autoUv":false
            },
            "down":{
              "texture":"#grip",
              "uv":[
                23.0,
                15.0,
                13.0,
                13.0
              ],
              "autoUv":false,
              "rotation":180
            }
          },
          "children":[]
        },
        {
          "name":"unv_fabric2",
          "from":[
            -1.9579086303710938,
            6.4677510261535645,
            -2.2429224848747253
          ],
          "to":[
            2.2027931213378906,
            7.5322489738464355,
            -1.1784245371818542
          ],
          "rotationOrigin":[
            0.12244224548339844,
            7.0,
            -1.7106735110282898
          ],
          "group":"unv_fabric",
          "faces":{
            "north":{
              "texture":"#grip",
              "uv":[
                13.0,
                20.0,
                23.0,
                22.0
              ],
              "autoUv":false
            },
            "east":{
              "texture":"#grip",
              "uv":[
                15.0,
                17.0,
                18.0,
                20.0
              ],
              "autoUv":false,
              "rotation":270
            },
            "south":{
              "texture":"#grip",
              "uv":[
                12.0,
                20.0,
                22.0,
                22.0
              ],
              "autoUv":false
            },
            "west":{
              "texture":"#grip",
              "uv":[
                15.0,
                11.0,
                18.0,
                14.0
              ],
              "autoUv":false,
              "rotation":270
            },
            "up":{
              "texture":"#grip",
              "uv":[
                11.0,
                20.0,
                21.0,
                22.0
              ],
              "autoUv":false
            },
            "down":{
              "texture":"#grip",
              "uv":[
                23.0,
                15.0,
                13.0,
                13.0
              ],
              "autoUv":false,
              "rotation":180
            }
          },
          "children":[]
        }
      ]
    }
  ],
  "groups":[]
}