﻿{
  "code": "javelin",
  "class": "CombatOverhaul:MeleeWeapon",
  "behaviors": [
    {
      "name": "GroundStorable",
      "properties": {
        "layout": "WallHalves",
        "wallOffY": 2,
        "sprintKey": true,
        "selectionBox": {"x1": 0, "y1": 0, "z1": 0, "x2": 1, "y2": 0.1, "z2": 1},
        "collisionBox": {"x1": 0, "y1": 0, "z1": 0, "x2": 0, "y2": 0, "z2": 0}
      }
    },
    {
      "name": "CombatOverhaul:Projectile",
      "properties": {
        "stats": {
          "AdditionalDurabilityCost": 0,
          "CollisionRadius": 0.05,
          "DamageStatsByType": {
            "*-obisidan": {"DamageType": "PiercingAttack", "Damage": 7.5},
            "*-flint": {"DamageType": "PiercingAttack", "Damage": 7},
            "*-copper": {"DamageType": "PiercingAttack", "Damage": 8},
            "*-*bronze": {"DamageType": "PiercingAttack", "Damage": 8.5},
            "*-iron": {"DamageType": "PiercingAttack", "Damage": 9},
            "*-meteoriciron": {"DamageType": "PiercingAttack", "Damage": 9.5},
            "*-steel": {"DamageType": "PiercingAttack", "Damage": 10},
            "*": {"DamageType": "PiercingAttack", "Damage": 6}
          },
          "SpeedThreshold": 0.3,
          "Knockback": 0.1,
          "EntityCode": "armory:javelin-{type}-{material}",
          "DurabilityDamage": 5,
          "DropChance": 1
        }
      }
    }
  ],
  "variantgroups": [
    {"code": "type", "states": ["plain"]},
    {
      "code": "material",
      "states": [
        "chert",
        "granite",
        "andesite",
        "basalt",
        "obsidian",
        "peridotite",
        "flint",
        "copper",
        "tinbronze",
        "bismuthbronze",
        "blackbronze",
        "iron",
        "meteoriciron",
        "steel"
      ]
    }
  ],
  "tool": "javelin",
  "shapeByType": {
    "@.*-(chert|granite|andesite|basalt|obsidian|peridotite|flint)": {"base": "armory:spears/javelin-flint-plain"},
    "*": {"base": "armory:spears/javelin-{material}-plain"}
  },
  "texturesByType": {"@.*-(chert|granite|andesite|basalt|obsidian|peridotite)": {"head": {"base": "game:block/stone/rock/{material}1"}}},
  "attributes": {
    "groundStorageTransform": {"translation": {"x": 0.5, "y": 1, "z": 0.44}, "rotation": {"x": 10, "y": 0, "z": 90}, "origin": {"x": 0, "y": 0, "z": 0}, "scale": 0.8},
    "toolrackTransform": {"translation": {"x": 0.3, "y": 0.05, "z": 0.6}, "rotation": {"x": 90, "y": 1, "z": 0}, "scale": 1.2},
    "ProficiencyStat": "javelinsProficiency",
    "RenderingOffset": false,
    "OneHandedStance": {
      "CanAttack": true,
      "CanParry": false,
      "CanBlock": false,
      "CanSprint": true,
      "CanThrow": true,
      "SpeedPenalty": 0,
      "AttackCooldownMs": 550,
      "GripLengthFactor": 2,
      "GripMinLength": 12,
      "GripMaxLength": 0,
      "Attack": {
        "StopOnTerrainHit": true,
        "StopOnEntityHit": false,
        "CollideWithTerrain": true,
        "HitOnlyOneEntity": true,
        "MaxReach": 9,
        "DamageTypes": [
          {
            "DamageByType": {
              "*-flint": {"DamageType": "PiercingAttack", "Strength": 1, "Damage": 3},
              "*-obsidian": {"DamageType": "PiercingAttack", "Strength": 2, "Damage": 3},
              "*-copper": {"DamageType": "PiercingAttack", "Strength": 2, "Damage": 3.5},
              "*-*bronze": {"DamageType": "PiercingAttack", "Strength": 3, "Damage": 4},
              "*-iron": {"DamageType": "PiercingAttack", "Strength": 4, "Damage": 4.5},
              "*-meteoriciron": {"DamageType": "PiercingAttack", "Strength": 5, "Damage": 4.5},
              "*-steel": {"DamageType": "PiercingAttack", "Strength": 6, "Damage": 5},
              "*": {"DamageType": "PiercingAttack", "Strength": 1, "Damage": 2.5}
            },
            "Knockback": 0.8,
            "DurabilityDamage": 1,
            "Collider": [0, 0, 0.5, 1.2, 0, 0.5]
          }
        ]
      },
      "HandleAttack": {
        "StopOnTerrainHit": true,
        "StopOnEntityHit": false,
        "CollideWithTerrain": true,
        "MaxReach": 9,
        "DamageTypes": [{"Damage": {"DamageType": "BluntAttack", "Strength": 0, "Damage": 1}, "Knockback": 1, "DurabilityDamage": 1, "Collider": [0, 0, 0.5, -2.5, 0, 0.5]}]
      },
      "HandleHitSound": "game:sounds/thud",
      "AttackAnimation": {"Main": ["armory:javelin-attack-1", "armory:javelin-attack-2", "armory:javelin-attack-3"]},
      "TpAttackAnimation": {"Main": "combatoverhaul-spear-hit"},
      "ReadyAnimation": "armory:javelin-ready",
      "IdleAnimation": "armory:javelin-idle",
      "AttackTpAnimation": "falx"
    },
    "ThrowAttack": {
      "AimAnimation": "armory:javelin-aim",
      "ThrowAnimation": "armory:javelin-throw",
      "Aiming": {
        "AimDifficulty": 1,
        "CursorType": "Fixed",
        "AccuracyOvertimeSec": 0,
        "CursorTextureReady": "combatoverhaul:gui/aiming/arrow-full.png",
        "CursorTextureNotReady": "combatoverhaul:gui/aiming/arrow-part.png",
        "AllowSprint": true,
        "MoveSpeedPenalty": 0.1,
        "AimDrift": 60,
        "AimTwitch": 4,
        "AnimationFollowX": 5.5,
        "AnimationFollowY": 5.5,
        "VerticalLimit": 0.25,
        "VerticalOffset": -0.05
      },
      "DamageStrengthByType": {"*-flint": 1, "*-obsidian": 2, "*-copper": 2, "*-*bronze": 3, "*-iron": 4, "*-meteoriciron": 5, "*-steel": 6, "*": 1},
      "Velocity": 0.7,
      "Zeroing": 2
    }
  },
  "durabilitybytype": {"*-copper": 160, "*-tinbronze": 280, "*-bismuthbronze": 280, "*-blackbronze": 280, "*-iron": 320, "*-meteoriciron": 320, "*-steel": 450, "*": 80},
  "creativeinventory": {"general": ["*"], "armory": ["*"]},
  "guiTransform": {"translation": {"x": 0, "y": 0, "z": 0}, "rotation": {"x": 39, "y": 0, "z": -130}, "origin": {"x": 1, "y": 0.1, "z": 0.3}, "scale": 2},
  "groundTransform": {"translation": {"x": 0, "y": 0, "z": 0}, "rotation": {"x": 0, "y": 0, "z": 0}, "origin": {"x": 0, "y": 0, "z": 0}, "scale": 4},
  "tpHandTransform": {"translation": {"x": -1, "y": 0.05, "z": 0.5}, "rotation": {"x": 0, "y": 0, "z": 0}, "origin": {"x": 0, "y": 0, "z": 0}, "scale": 0.8}
}