﻿{
  "code": "quarterstaff",
  "class": "CombatOverhaul:MeleeWeapon",
  "behaviors": [
    {
      "name": "GroundStorable",
      "properties": {
        "layout": "WallHalves",
        "wallOffY": 3,
        "sprintKey": true,
        "selectionBox": {"x1": 0, "y1": 0, "z1": 0, "x2": 1, "y2": 0.1, "z2": 1},
        "collisionBox": {"x1": 0, "y1": 0, "z1": 0, "x2": 0, "y2": 0, "z2": 0}
      }
    },
    {
      "name": "CombatOverhaul:TexturesFromAttributes",
      "properties": {
        "Textures": [
          {
            "Code": "handle",
            "Attribute": "handleTexture",
            "Default": "game:block/wood/debarked/oak",
            "HandbookValues": [
              "game:block/wood/debarked/aged",
              "game:block/wood/debarked/birch",
              "game:block/wood/debarked/oak",
              "game:block/wood/debarked/maple",
              "game:block/wood/debarked/pine",
              "game:block/wood/debarked/acacia",
              "game:block/wood/debarked/kapok",
              "game:block/wood/debarked/baldcypress",
              "game:block/wood/debarked/larch",
              "game:block/wood/debarked/redwood",
              "game:block/wood/debarked/ebony",
              "game:block/wood/debarked/walnut",
              "game:block/wood/debarked/purpleheart"
            ]
          }
        ],
        "CreativeTabs": ["general", "armory-colors"]
      }
    }
  ],
  "variantgroups": [
    {"code": "type", "states": ["plain"]},
    {"code": "material", "states": ["copper", "tinbronze", "bismuthbronze", "blackbronze", "iron", "meteoriciron", "steel"]}
  ],
  "tool": "staff",
  "shape": {"base": "armory:blunt/quarterstaff"},
  "textures": {"head": {"base": "game:block/metal/plate/{material}"}},
  "attributes": {
    "handbook": {"groupBy": ["quarterstaff-plain-{material}"]},
    "groundStorageTransform": {"translation": {"x": 0.5, "y": 2, "z": 0.41}, "rotation": {"x": 12, "y": 0, "z": 90}, "origin": {"x": 0, "y": 0, "z": 0}, "scale": 0.8},
    "toolrackTransform": {"translation": {"x": 1.6, "y": 1.2, "z": 0.5}, "rotation": {"x": 90, "y": -2, "z": 0}, "origin": {"x": 0, "y": 0, "z": 0}, "scale": 1.3},
    "ProficiencyStat": "quarterstaffProficiency",
    "RenderingOffset": false,
    "OneHandedStance": {
      "CanAttack": false,
      "CanParry": false,
      "CanBlock": false,
      "CanSprint": true,
      "CanThrow": false,
      "ReadyAnimation": "armory:quarterstaff-idle-1h",
      "IdleAnimation": "armory:quarterstaff-idle-1h"
    },
    "TwoHandedStance": {
      "CanAttack": true,
      "CanParry": true,
      "CanBlock": true,
      "CanSprint": true,
      "CanThrow": true,
      "SpeedPenalty": 0,
      "BlockCooldownMs": 750,
      "Attack": {
        "StopOnTerrainHit": false,
        "StopOnEntityHit": false,
        "CollideWithTerrain": true,
        "HitOnlyOneEntity": false,
        "MaxReach": 15,
        "DamageTypes": [
          {
            "DamageByType": {
              "*-copper": {"DamageType": "BluntAttack", "Tier": 2, "Damage": 3.5},
              "*-*bronze": {"DamageType": "BluntAttack", "Tier": 3, "Damage": 4},
              "*-iron": {"DamageType": "BluntAttack", "Tier": 4, "Damage": 4.5},
              "*-meteoriciron": {"DamageType": "BluntAttack", "Tier": 5, "Damage": 4.5},
              "*-steel": {"DamageType": "BluntAttack", "Tier": 6, "Damage": 5}
            },
            "Knockback": 1,
            "DurabilityDamage": 1,
            "Collider": [-2.5, 0, 0.5, 0.8, 0, 0.5]
          }
        ]
      },
      "AttackHitSound": "game:sounds/thud",
      "AttackDirectionsType": "Triangle",
      "AttackAnimation": {
        "Top": ["armory:quarterstaff-hit-2h-top"],
        "BottomRight": ["armory:quarterstaff-hit-2h-bottomright"],
        "BottomLeft": ["armory:quarterstaff-hit-2h-bottomleft"]
      },
      "TpAttackAnimation": {"Top": "combatoverhaul-spear-hit", "BottomRight": "combatoverhaul-spear-hit", "BottomLeft": "combatoverhaul-spear-hit"},
      "ReadyAnimation": "armory:quarterstaff-ready-2h",
      "IdleAnimation": "armory:quarterstaff-idle-2h",
      "Parry": {
        "Zones": ["Head", "Face", "Neck", "Torso", "LeftArm", "RightArm", "LeftHand", "RightHand", "LeftLeg", "RightLeg", "LeftFoot", "RightFoot"],
        "Directions": [90, 90, 90, 90],
        "Sound": "game:sounds/held/shieldblock-metal-heavy",
        "BlockTier": {"BluntAttack": 7, "SlashingAttack": 7, "PiercingAttack": 7},
        "CanBlockProjectiles": false
      },
      "Block": {
        "Zones": ["Face", "Neck", "Torso", "LeftArm", "RightArm", "LeftLeg", "RightLeg"],
        "Directions": [60, 60, 60, 60],
        "Sound": "game:sounds/held/shieldblock-metal-light",
        "BlockTier": {"BluntAttack": 5, "SlashingAttack": 5, "PiercingAttack": 5},
        "CanBlockProjectiles": false
      },
      "BlockAnimation": "armory:quarterstaff-parry-2h"
    }
  },
  "durabilitybytype": {"*-copper": 250, "*-tinbronze": 450, "*-bismuthbronze": 530, "*-blackbronze": 600, "*-iron": 850, "*-meteoriciron": 1100, "*-steel": 1600, "*": 150},
  "creativeinventory": {"general": ["*"], "armory": ["*"]},
  "guiTransform": {"translation": {"x": 0, "y": 0, "z": 0}, "rotation": {"x": 39, "y": 0, "z": -130}, "origin": {"x": 0.5, "y": 0.1, "z": 0.3}, "scale": 1.76},
  "groundTransform": {"translation": {"x": 0, "y": 0, "z": 0}, "rotation": {"x": 0, "y": 0, "z": 0}, "origin": {"x": 0, "y": 0, "z": 0}, "scale": 4},
  "tpHandTransform": {"translation": {"x": -2.5, "y": 0.05, "z": 0.5}, "rotation": {"x": 0, "y": 0, "z": 0}, "origin": {"x": 0, "y": 0, "z": 0}, "scale": 0.8},
  "heldTpIdleAnimation": "combatoverhaul-spear-idle",
  "heldRightReadyAnimation": "combatoverhaul-spear-idle"
}