{
  "textureWidth":16,
  "textureHeight":16,
  "textures":{
    "grip":"game:block/leather/plain"
  },
  "textureSizes":{
    "grip":[
      32,
      32
    ]
  },
  "elements":[
    {
      "name":"origin",
      "from":[
        10.79720687866211,
        0.493141233921051,
        8.155803859233856
      ],
      "to":[
        10.79720687866211,
        0.493141233921051,
        8.155803859233856
      ],
      "rotationOrigin":[
        8.0,
        0.0,
        8.0
      ],
      "group":"fine_fabric",
      "faces":{
        "north":{
          "texture":"#0",
          "uv":[
            0,
            0,
            4,
            4
          ],
          "autoUv":false
        },
        "east":{
          "texture":"#0",
          "uv":[
            0,
            0,
            4,
            4
          ],
          "autoUv":false
        },
        "south":{
          "texture":"#0",
          "uv":[
            0,
            0,
            4,
            4
          ],
          "autoUv":false
        },
        "west":{
          "texture":"#0",
          "uv":[
            0,
            0,
            4,
            4
          ],
          "autoUv":false
        },
        "up":{
          "texture":"#grip",
          "uv":[
            0.0,
            0.0,
            1.0,
            1.0
          ],
          "autoUv":false,
          "rotation":180
        },
        "down":{
          "texture":"#0",
          "uv":[
            0,
            0,
            4,
            4
          ],
          "autoUv":false
        }
      },
      "children":[
        {
          "name":"fine_fabric 01",
          "from":[
            -0.6356089115142822,
            -0.5194596648216248,
            -0.7170739769935608
          ],
          "to":[
            1.5531179904937744,
            1.0365422368049622,
            0.9720537066459656
          ],
          "rotationOrigin":[
            0.4587545394897461,
            0.2585412859916687,
            0.1274898648262024
          ],
          "rotationY":-3.7198341469970724,
          "group":"fine_fabric",
          "faces":{
            "north":{
              "texture":"#grip",
              "uv":[
                18.0,
                13.000005722045898,
                20.0,
                15.999996185302734
              ],
              "autoUv":false,
              "rotation":180
            },
            "east":{
              "texture":"#grip",
              "uv":[
                0.0,
                32.0,
                0.0,
                32.0
              ],
              "autoUv":false
            },
            "south":{
              "texture":"#grip",
              "uv":[
                18.0,
                13.000003814697266,
                20.0,
                15.999994277954102
              ],
              "autoUv":false
            },
            "west":{
              "texture":"#grip",
              "uv":[
                0.0,
                32.0,
                0.0,
                32.0
              ],
              "autoUv":false,
              "rotation":180
            },
            "up":{
              "texture":"#grip",
              "uv":[
                18.0,
                10.999998092651367,
                20.0,
                14.000003814697266
              ],
              "autoUv":false
            },
            "down":{
              "texture":"#grip",
              "uv":[
                18.0,
                14.000003814697266,
                20.0,
                10.999998092651367
              ],
              "autoUv":false,
              "rotation":180
            }
          },
          "children":[]
        },
        {
          "name":"fine_fabric 02",
          "from":[
            -5.017589688301086,
            -1.1764543652534485,
            -0.9114567041397095
          ],
          "to":[
            -3.4615877866744995,
            1.6935366988182068,
            0.7776710987091064
          ],
          "rotationOrigin":[
            -4.239588737487793,
            0.2585412859916687,
            -0.06689280271530151
          ],
          "rotationX":4.1642016218006195e-06,
          "rotationY":-1.2660689441544222,
          "rotationZ":89.99998201391065,
          "group":"fine_fabric",
          "faces":{
            "north":{
              "texture":"#grip",
              "uv":[
                14.0,
                13.000005722045898,
                16.0,
                15.999996185302734
              ],
              "autoUv":false,
              "rotation":90
            },
            "east":{
              "texture":"#grip",
              "uv":[
                14.0,
                10.999998092651367,
                16.0,
                14.000003814697266
              ],
              "autoUv":false,
              "rotation":90
            },
            "south":{
              "texture":"#grip",
              "uv":[
                14.0,
                13.000003814697266,
                16.0,
                15.999994277954102
              ],
              "autoUv":false,
              "rotation":90
            },
            "west":{
              "texture":"#grip",
              "uv":[
                16.0,
                10.999998092651367,
                14.0,
                14.000003814697266
              ],
              "autoUv":false,
              "rotation":270
            },
            "up":{
              "texture":"#grip",
              "uv":[
                0.0,
                32.0,
                0.0,
                32.0
              ],
              "autoUv":false,
              "rotation":270
            },
            "down":{
              "texture":"#grip",
              "uv":[
                0.0,
                32.0,
                0.0,
                32.0
              ],
              "autoUv":false,
              "rotation":90
            }
          },
          "children":[]
        },
        {
          "name":"fine_fabric 03",
          "from":[
            1.91923189163208,
            -0.9213035702705383,
            -0.5522931814193726
          ],
          "to":[
            3.4784178733825684,
            1.4383860230445862,
            1.13683420419693
          ],
          "rotationOrigin":[
            2.698824882507324,
            0.2585412859916687,
            0.2922704815864563
          ],
          "rotationX":1.5624342052726029e-06,
          "rotationY":-4.642099649585085,
          "rotationZ":89.99995469315398,
          "group":"fine_fabric",
          "faces":{
            "north":{
              "texture":"#grip",
              "uv":[
                20.0,
                13.000005722045898,
                22.0,
                15.999996185302734
              ],
              "autoUv":false,
              "rotation":90
            },
            "east":{
              "texture":"#grip",
              "uv":[
                20.0,
                10.999998092651367,
                22.0,
                14.000003814697266
              ],
              "autoUv":false,
              "rotation":90
            },
            "south":{
              "texture":"#grip",
              "uv":[
                20.0,
                13.000003814697266,
                22.0,
                15.999994277954102
              ],
              "autoUv":false,
              "rotation":90
            },
            "west":{
              "texture":"#grip",
              "uv":[
                22.0,
                10.999998092651367,
                20.0,
                14.000003814697266
              ],
              "autoUv":false,
              "rotation":270
            },
            "up":{
              "texture":"#grip",
              "uv":[
                0.0,
                32.0,
                0.0,
                32.0
              ],
              "autoUv":false,
              "rotation":270
            },
            "down":{
              "texture":"#grip",
              "uv":[
                0.0,
                32.0,
                0.0,
                32.0
              ],
              "autoUv":false,
              "rotation":90
            }
          },
          "children":[]
        },
        {
          "name":"fine_fabric 04",
          "from":[
            -2.515621542930603,
            -0.8861430287361145,
            -0.8339278101921082
          ],
          "to":[
            -0.9564357995986938,
            1.4032253623008728,
            0.8552000522613525
          ],
          "rotationOrigin":[
            -1.7360286712646484,
            0.2585412859916687,
            0.01063615083694458
          ],
          "rotationX":6.040964397577148e-07,
          "rotationY":-2.369113439095099,
          "rotationZ":90.00000250447816,
          "group":"fine_fabric",
          "faces":{
            "north":{
              "texture":"#grip",
              "uv":[
                16.0,
                13.000005722045898,
                18.0,
                15.999996185302734
              ],
              "autoUv":false,
              "rotation":90
            },
            "east":{
              "texture":"#grip",
              "uv":[
                16.0,
                10.999998092651367,
                18.0,
                14.000003814697266
              ],
              "autoUv":false,
              "rotation":90
            },
            "south":{
              "texture":"#grip",
              "uv":[
                16.0,
                13.000003814697266,
                18.0,
                15.999994277954102
              ],
              "autoUv":false,
              "rotation":90
            },
            "west":{
              "texture":"#grip",
              "uv":[
                18.0,
                10.999998092651367,
                16.0,
                14.000003814697266
              ],
              "autoUv":false,
              "rotation":270
            },
            "up":{
              "texture":"#grip",
              "uv":[
                0.0,
                32.0,
                0.0,
                32.0
              ],
              "autoUv":false,
              "rotation":270
            },
            "down":{
              "texture":"#grip",
              "uv":[
                0.0,
                32.0,
                0.0,
                32.0
              ],
              "autoUv":false,
              "rotation":90
            }
          },
          "children":[]
        },
        {
          "name":"fine_fabric 05",
          "from":[
            -9.54862266778946,
            -0.49161481857299805,
            -4.700361430644989
          ],
          "to":[
            -8.53024810552597,
            1.005332350730896,
            -1.846475899219513
          ],
          "rotationOrigin":[
            -9.039435386657715,
            0.256858766078949,
            -2.5598317980766296
          ],
          "rotationY":0.30298308279609304,
          "group":"fine_fabric",
          "faces":{
            "north":{
              "texture":"#grip",
              "uv":[
                -3.5390257835388184e-08,
                0.0,
                2.000000238418579,
                2.999998092651367
              ],
              "autoUv":false
            },
            "east":{
              "texture":"#grip",
              "uv":[
                10.0,
                11.003053665161133,
                16.0,
                14.0
              ],
              "autoUv":false
            },
            "south":{
              "texture":"#grip",
              "uv":[
                -3.5390257835388184e-08,
                0.0,
                2.000000238418579,
                2.999998092651367
              ],
              "autoUv":false
            },
            "west":{
              "texture":"#grip",
              "uv":[
                12.0,
                9.0,
                18.000001907348633,
                11.999998092651367
              ],
              "autoUv":false
            },
            "up":{
              "texture":"#grip",
              "uv":[
                1.9999994039535522,
                11.981624603271484,
                7.999999523162842,
                14.0
              ],
              "autoUv":false,
              "rotation":90
            },
            "down":{
              "texture":"#grip",
              "uv":[
                20.0,
                24.018375396728516,
                13.999999046325684,
                21.981624603271484
              ],
              "autoUv":false,
              "rotation":270
            }
          },
          "children":[]
        },
        {
          "name":"fine_fabric 06",
          "from":[
            -20.9081249833107,
            -0.4916156530380249,
            -2.645033061504364
          ],
          "to":[
            -19.889749467372894,
            1.0053315162658691,
            -0.4253009557723999
          ],
          "rotationOrigin":[
            -20.398937225341797,
            0.2568579316139221,
            -1.3901559710502625
          ],
          "rotationX":1.0456819673439583e-07,
          "rotationY":5.7488699059962975,
          "rotationZ":4.82449052411531e-08,
          "group":"fine_fabric",
          "faces":{
            "north":{
              "texture":"#grip",
              "uv":[
                3.5390257835388184e-08,
                1.9073486328125e-06,
                2.0,
                3.000001907348633
              ],
              "autoUv":false
            },
            "east":{
              "texture":"#grip",
              "uv":[
                14.000000953674316,
                3.0,
                18.0,
                5.9969482421875
              ],
              "autoUv":false
            },
            "south":{
              "texture":"#grip",
              "uv":[
                3.5390257835388184e-08,
                1.9073486328125e-06,
                2.0,
                3.000001907348633
              ],
              "autoUv":false
            },
            "west":{
              "texture":"#grip",
              "uv":[
                22.000001907348633,
                5.003053665161133,
                26.999998092651367,
                7.9969482421875
              ],
              "autoUv":false
            },
            "up":{
              "texture":"#grip",
              "uv":[
                11.999999046325684,
                1.0,
                16.000001907348633,
                3.0
              ],
              "autoUv":false,
              "rotation":90
            },
            "down":{
              "texture":"#grip",
              "uv":[
                14.000000953674316,
                3.0,
                8.999999046325684,
                1.0
              ],
              "autoUv":false,
              "rotation":270
            }
          },
          "children":[]
        }
      ]
    }
  ],
  "groups":[]
}