{
	"editor": {
		"backDropShape": "block/clay/bowl-empty-ground",
		"allAngles": false,
		"entityTextureMode": false
	},
	"textureWidth": 16,
	"textureHeight": 16,
	"textureSizes": {
	},
	"textures": {
	},
	"elements": [
		{
			"name": "bowl",
			"from": [ 6.5, 0.0, 6.5 ],
			"to": [ 9.5, 1.0, 9.5 ],
			"faces": {
			},
			"children": [
				{
					"name": "meat",
					"from": [ 3.8, 0.3, 0.8 ],
					"to": [ 3.8, 0.3, 0.8 ],
					"renderInEditor": false,
					"rotationOrigin": [ 2.1, 1.8, 1.8 ],
					"faces": {
					},
					"children": [
						{
							"name": "meat 1",
							"from": [ -3.0, 0.7, -0.5 ],
							"to": [ -1.0, 1.2, 0.0 ],
							"faces": {
								"north": { "texture": "#meat", "uv": [ 6.0, 7.0, 8.0, 7.5 ] },
								"east": { "texture": "#meat", "uv": [ 8.0, 6.0, 8.5, 6.5 ] },
								"south": { "texture": "#meat", "uv": [ 6.0, 8.0, 8.0, 8.5 ] },
								"west": { "texture": "#meat", "uv": [ 7.0, 6.0, 7.5, 6.5 ] },
								"up": { "texture": "#meat", "uv": [ 8.0, 7.0, 10.0, 7.5 ] },
								"down": { "texture": "#meat", "uv": [ 7.0, 7.0, 9.0, 7.5 ] }
							}
						},
						{
							"name": "meat 59",
							"from": [ -3.5, 0.7, 0.0 ],
							"to": [ -1.5, 1.2, 0.5 ],
							"faces": {
								"north": { "texture": "#meat", "uv": [ 6.0, 7.0, 8.0, 7.5 ] },
								"east": { "texture": "#meat", "uv": [ 8.0, 6.0, 8.5, 6.5 ] },
								"south": { "texture": "#meat", "uv": [ 6.0, 8.0, 8.0, 8.5 ] },
								"west": { "texture": "#meat", "uv": [ 7.0, 6.0, 7.5, 6.5 ] },
								"up": { "texture": "#meat", "uv": [ 8.0, 7.0, 10.0, 7.5 ] },
								"down": { "texture": "#meat", "uv": [ 7.0, 7.0, 9.0, 7.5 ] }
							}
						},
						{
							"name": "meat 56",
							"from": [ -3.0, 0.7, 0.5 ],
							"to": [ -1.5, 1.2, 1.0 ],
							"faces": {
								"north": { "texture": "#meat", "uv": [ 6.0, 7.0, 7.5, 7.5 ] },
								"east": { "texture": "#meat", "uv": [ 8.0, 6.0, 8.5, 6.5 ] },
								"south": { "texture": "#meat", "uv": [ 6.0, 8.0, 7.5, 8.5 ] },
								"west": { "texture": "#meat", "uv": [ 7.0, 6.0, 7.5, 6.5 ] },
								"up": { "texture": "#meat", "uv": [ 8.0, 7.0, 9.5, 7.5 ] },
								"down": { "texture": "#meat", "uv": [ 7.0, 7.0, 8.5, 7.5 ] }
							}
						},
						{
							"name": "meat 57",
							"from": [ -3.5, 0.7, 1.0 ],
							"to": [ -1.0, 1.2, 1.5 ],
							"faces": {
								"north": { "texture": "#meat", "uv": [ 6.0, 7.0, 8.5, 7.5 ] },
								"east": { "texture": "#meat", "uv": [ 8.0, 6.0, 8.5, 6.5 ] },
								"south": { "texture": "#meat", "uv": [ 6.0, 8.0, 8.5, 8.5 ] },
								"west": { "texture": "#meat", "uv": [ 7.0, 6.0, 7.5, 6.5 ] },
								"up": { "texture": "#meat", "uv": [ 8.0, 7.0, 10.5, 7.5 ] },
								"down": { "texture": "#meat", "uv": [ 7.0, 7.0, 9.5, 7.5 ] }
							}
						}
					]
				},
				{
					"name": "vegetable base 1",
					"from": [ 0.0, 0.0, 0.0 ],
					"to": [ 0.0, 0.0, 0.0 ],
					"renderInEditor": false,
					"rotationOrigin": [ 1.5, 0.0, 1.5 ],
					"faces": {
					},
					"children": [
						{
							"name": "vegetable 16",
							"from": [ 1.0, 1.8, 1.0 ],
							"to": [ 1.5, 2.0, 1.5 ],
							"faces": {
								"north": { "texture": "#vegetable", "uv": [ 11.0, 3.5, 11.5, 3.5 ] },
								"east": { "texture": "#vegetable", "uv": [ 11.0, 4.5, 11.5, 4.5 ] },
								"south": { "texture": "#vegetable", "uv": [ 12.5, 2.0, 13.0, 2.0 ] },
								"west": { "texture": "#vegetable", "uv": [ 11.0, 3.0, 11.5, 3.0 ] },
								"up": { "texture": "#vegetable", "uv": [ 10.0, 1.5, 10.5, 2.0 ] }
							}
						},
						{
							"name": "vegetable 17",
							"from": [ 2.0, 1.2, 1.0 ],
							"to": [ 2.5, 1.4, 1.5 ],
							"faces": {
								"north": { "texture": "#vegetable", "uv": [ 12.0, 4.5, 12.5, 4.5 ] },
								"east": { "texture": "#vegetable", "uv": [ 13.0, 2.0, 13.5, 2.0 ] },
								"south": { "texture": "#vegetable", "uv": [ 12.5, 3.5, 13.0, 3.5 ] },
								"west": { "texture": "#vegetable", "uv": [ 13.5, 3.5, 14.0, 3.5 ] },
								"up": { "texture": "#vegetable", "uv": [ 9.5, 2.0, 10.0, 2.5 ] }
							}
						},
						{
							"name": "vegetable 19",
							"from": [ 2.0, 1.8, 0.0 ],
							"to": [ 2.5, 2.0, 0.5 ],
							"faces": {
								"north": { "texture": "#vegetable", "uv": [ 14.0, 5.5, 14.5, 5.5 ] },
								"east": { "texture": "#vegetable", "uv": [ 12.0, 4.0, 12.5, 4.0 ] },
								"south": { "texture": "#vegetable", "uv": [ 12.5, 1.5, 13.0, 1.5 ] },
								"west": { "texture": "#vegetable", "uv": [ 12.0, 2.0, 12.5, 2.0 ] },
								"up": { "texture": "#vegetable", "uv": [ 12.0, 1.0, 12.5, 1.5 ] }
							}
						},
						{
							"name": "vegetable 20",
							"from": [ 0.0, 1.4, 0.0 ],
							"to": [ 1.0, 1.6, 1.0 ],
							"rotationOrigin": [ 0.0, 0.1, 0.0 ],
							"faces": {
								"north": { "texture": "#vegetable", "uv": [ 14.5, 0.0, 15.5, 0.0 ] },
								"east": { "texture": "#vegetable", "uv": [ 12.0, 3.0, 13.0, 3.0 ] },
								"south": { "texture": "#vegetable", "uv": [ 10.5, 1.0, 11.5, 1.0 ] },
								"west": { "texture": "#vegetable", "uv": [ 11.5, 3.0, 12.5, 3.0 ] },
								"up": { "texture": "#vegetable", "uv": [ 9.0, 0.5, 10.0, 1.5 ] }
							}
						},
						{
							"name": "vegetable 22",
							"from": [ 0.0, 1.2, 1.5 ],
							"to": [ 0.5, 1.4, 2.0 ],
							"faces": {
								"north": { "texture": "#vegetable", "uv": [ 11.0, 2.5, 11.5, 2.5 ] },
								"east": { "texture": "#vegetable", "uv": [ 12.5, 4.0, 13.0, 4.0 ] },
								"south": { "texture": "#vegetable", "uv": [ 11.5, 4.0, 12.0, 4.0 ] },
								"west": { "texture": "#vegetable", "uv": [ 11.0, 3.0, 11.5, 3.0 ] },
								"up": { "texture": "#vegetable", "uv": [ 10.0, 5.0, 10.5, 5.5 ] }
							}
						},
						{
							"name": "vegetable 23",
							"from": [ 2.0, 1.9, 2.0 ],
							"to": [ 2.5, 2.1, 2.5 ],
							"faces": {
								"north": { "texture": "#vegetable", "uv": [ 12.5, 3.5, 13.0, 3.5 ] },
								"east": { "texture": "#vegetable", "uv": [ 10.0, 2.5, 10.5, 2.5 ] },
								"south": { "texture": "#vegetable", "uv": [ 10.0, 2.5, 10.5, 2.5 ] },
								"west": { "texture": "#vegetable", "uv": [ 15.0, 4.0, 15.5, 4.0 ] },
								"up": { "texture": "#vegetable", "uv": [ 14.0, 5.0, 14.5, 5.5 ] }
							}
						}
					]
				},
				{
					"name": "vegetable base 2",
					"from": [ 0.0, 0.1, 0.0 ],
					"to": [ 0.0, 0.1, 0.0 ],
					"renderInEditor": false,
					"rotationOrigin": [ 1.5, 0.0, 1.5 ],
					"rotationY": -90.0,
					"faces": {
					},
					"children": [
						{
							"name": "vegetable 31",
							"from": [ 1.0, 1.8, 1.0 ],
							"to": [ 1.5, 2.0, 1.5 ],
							"faces": {
								"north": { "texture": "#vegetable", "uv": [ 12.5, 4.5, 13.0, 4.5 ] },
								"east": { "texture": "#vegetable", "uv": [ 9.5, 4.0, 10.0, 4.0 ] },
								"south": { "texture": "#vegetable", "uv": [ 14.0, 3.5, 14.5, 3.5 ] },
								"west": { "texture": "#vegetable", "uv": [ 14.0, 4.5, 14.5, 4.5 ] },
								"up": { "texture": "#vegetable", "uv": [ 10.0, 1.5, 10.5, 2.0 ] }
							}
						},
						{
							"name": "vegetable 32",
							"from": [ 2.0, 1.1, 1.0 ],
							"to": [ 3.0, 1.3, 2.0 ],
							"faces": {
								"north": { "texture": "#vegetable", "uv": [ 11.5, 3.5, 12.5, 3.5 ] },
								"east": { "texture": "#vegetable", "uv": [ 12.5, 6.0, 13.5, 6.0 ] },
								"south": { "texture": "#vegetable", "uv": [ 12.5, 3.0, 13.5, 3.0 ] },
								"west": { "texture": "#vegetable", "uv": [ 12.0, 4.5, 13.0, 4.5 ] },
								"up": { "texture": "#vegetable", "uv": [ 11.0, 1.5, 12.0, 2.5 ] }
							}
						},
						{
							"name": "vegetable 33",
							"from": [ 0.5, 1.4, 2.0 ],
							"to": [ 1.5, 1.6, 3.0 ],
							"faces": {
								"north": { "texture": "#vegetable", "uv": [ 11.0, 4.0, 12.0, 4.0 ] },
								"east": { "texture": "#vegetable", "uv": [ 11.5, 3.5, 12.5, 3.5 ] },
								"south": { "texture": "#vegetable", "uv": [ 13.0, 4.0, 14.0, 4.0 ] },
								"west": { "texture": "#vegetable", "uv": [ 12.0, 4.0, 13.0, 4.0 ] },
								"up": { "texture": "#vegetable", "uv": [ 15.0, 0.0, 16.0, 1.0 ] }
							}
						},
						{
							"name": "vegetable 34",
							"from": [ 2.0, 1.7, 0.0 ],
							"to": [ 2.5, 1.9, 0.5 ],
							"faces": {
								"north": { "texture": "#vegetable", "uv": [ 13.5, 4.0, 14.0, 4.0 ] },
								"east": { "texture": "#vegetable", "uv": [ 14.5, 7.0, 15.0, 7.0 ] },
								"south": { "texture": "#vegetable", "uv": [ 12.5, 5.0, 13.0, 5.0 ] },
								"west": { "texture": "#vegetable", "uv": [ 9.5, 4.5, 10.0, 4.5 ] },
								"up": { "texture": "#vegetable", "uv": [ 11.5, 2.0, 12.0, 2.5 ] }
							}
						},
						{
							"name": "vegetable 37",
							"from": [ 0.0, 1.1, 1.5 ],
							"to": [ 0.5, 1.3, 2.0 ],
							"faces": {
								"north": { "texture": "#vegetable", "uv": [ 11.5, 4.0, 12.0, 4.0 ] },
								"east": { "texture": "#vegetable", "uv": [ 13.0, 4.0, 13.5, 4.0 ] },
								"south": { "texture": "#vegetable", "uv": [ 14.5, 5.5, 15.0, 5.5 ] },
								"west": { "texture": "#vegetable", "uv": [ 13.5, 6.5, 14.0, 6.5 ] },
								"up": { "texture": "#vegetable", "uv": [ 15.0, 4.0, 15.5, 4.5 ] }
							}
						},
						{
							"name": "vegetable 38",
							"from": [ 2.0, 1.7, 2.0 ],
							"to": [ 2.5, 1.9, 2.5 ],
							"faces": {
								"north": { "texture": "#vegetable", "uv": [ 13.5, 0.0, 14.0, 0.0 ] },
								"east": { "texture": "#vegetable", "uv": [ 10.0, 4.5, 10.5, 4.5 ] },
								"south": { "texture": "#vegetable", "uv": [ 14.0, 4.5, 14.5, 4.5 ] },
								"west": { "texture": "#vegetable", "uv": [ 15.5, 1.0, 16.0, 1.0 ] },
								"up": { "texture": "#vegetable", "uv": [ 15.0, 0.5, 15.5, 1.0 ] }
							}
						}
					]
				},
				{
					"name": "vegetable base 3",
					"from": [ 0.0, 0.1, 0.0 ],
					"to": [ 0.0, 0.1, 0.0 ],
					"renderInEditor": false,
					"rotationOrigin": [ 1.5, 0.0, 1.5 ],
					"rotationY": -180.0,
					"faces": {
					},
					"children": [
						{
							"name": "vegetable 46",
							"from": [ 2.5, 1.4, 0.0 ],
							"to": [ 3.0, 1.6, 0.5 ],
							"faces": {
								"north": { "texture": "#vegetable", "uv": [ 11.5, 2.5, 12.0, 2.5 ] },
								"east": { "texture": "#vegetable", "uv": [ 10.5, 2.0, 11.0, 2.0 ] },
								"south": { "texture": "#vegetable", "uv": [ 11.5, 3.5, 12.0, 3.5 ] },
								"west": { "texture": "#vegetable", "uv": [ 10.5, 3.0, 11.0, 3.0 ] },
								"up": { "texture": "#vegetable", "uv": [ 10.0, 1.5, 10.5, 2.0 ] }
							}
						},
						{
							"name": "vegetable 48",
							"from": [ 0.5, 1.4, 2.0 ],
							"to": [ 1.5, 1.6, 3.0 ],
							"faces": {
								"north": { "texture": "#vegetable", "uv": [ 11.5, 1.5, 12.5, 1.5 ] },
								"east": { "texture": "#vegetable", "uv": [ 11.5, 3.0, 12.5, 3.0 ] },
								"south": { "texture": "#vegetable", "uv": [ 10.0, 4.0, 11.0, 4.0 ] },
								"west": { "texture": "#vegetable", "uv": [ 13.0, 5.0, 14.0, 5.0 ] },
								"up": { "texture": "#vegetable", "uv": [ 14.5, 4.0, 15.5, 5.0 ] }
							}
						},
						{
							"name": "vegetable 49",
							"from": [ 2.0, 1.2, 0.0 ],
							"to": [ 2.5, 1.4, 0.5 ],
							"faces": {
								"north": { "texture": "#vegetable", "uv": [ 0.0, 0.0, 0.5, 0.0 ] },
								"east": { "texture": "#vegetable", "uv": [ 10.0, 2.0, 10.5, 2.0 ] },
								"south": { "texture": "#vegetable", "uv": [ 9.0, 2.5, 9.5, 2.5 ] },
								"west": { "texture": "#vegetable", "uv": [ 11.0, 3.5, 11.5, 3.5 ] },
								"up": { "texture": "#vegetable", "uv": [ 11.5, 2.0, 12.0, 2.5 ] }
							}
						},
						{
							"name": "vegetable 50",
							"from": [ 0.0, 1.3, 0.0 ],
							"to": [ 0.5, 1.5, 0.5 ],
							"faces": {
								"north": { "texture": "#vegetable", "uv": [ 12.0, 3.0, 12.5, 3.0 ] },
								"east": { "texture": "#vegetable", "uv": [ 13.5, 2.5, 14.0, 2.5 ] },
								"south": { "texture": "#vegetable", "uv": [ 13.0, 6.0, 13.5, 6.0 ] },
								"west": { "texture": "#vegetable", "uv": [ 11.5, 4.5, 12.0, 4.5 ] },
								"up": { "texture": "#vegetable", "uv": [ 9.0, 0.5, 9.5, 1.0 ] }
							}
						},
						{
							"name": "vegetable 51",
							"from": [ 1.5, 1.7, 2.5 ],
							"to": [ 2.0, 1.9, 3.0 ],
							"faces": {
								"north": { "texture": "#vegetable", "uv": [ 11.0, 3.5, 11.5, 3.5 ] },
								"east": { "texture": "#vegetable", "uv": [ 9.5, 4.0, 10.0, 4.0 ] },
								"south": { "texture": "#vegetable", "uv": [ 14.5, 6.0, 15.0, 6.0 ] },
								"west": { "texture": "#vegetable", "uv": [ 12.0, 3.5, 12.5, 3.5 ] },
								"up": { "texture": "#vegetable", "uv": [ 14.0, 5.0, 14.5, 5.5 ] }
							}
						},
						{
							"name": "vegetable 53",
							"from": [ 2.0, 1.7, 2.0 ],
							"to": [ 2.5, 1.9, 2.5 ],
							"faces": {
								"north": { "texture": "#vegetable", "uv": [ 10.0, 4.5, 10.5, 4.5 ] },
								"east": { "texture": "#vegetable", "uv": [ 15.0, 2.0, 15.5, 2.0 ] },
								"south": { "texture": "#vegetable", "uv": [ 15.5, 3.5, 16.0, 3.5 ] },
								"west": { "texture": "#vegetable", "uv": [ 14.0, 2.0, 14.5, 2.0 ] },
								"up": { "texture": "#vegetable", "uv": [ 14.5, 1.5, 15.0, 2.0 ] }
							}
						}
					]
				},
				{
					"name": "grain",
					"from": [ 0.2, 1.1, 0.0 ],
					"to": [ 3.2, 1.1, 3.0 ],
					"renderInEditor": false,
					"faces": {
						"up": { "texture": "#vegetable", "uv": [ 0.0, 0.0, 3.0, 3.0 ] }
					}
				},
				{
					"name": "water",
					"from": [ -0.5, 1.9, -0.5 ],
					"to": [ 3.5, 1.9, 3.5 ],
					"renderPass": 3,
					"faces": {
						"up": { "texture": "#water", "uv": [ 0.0, 0.0, 4.0, 4.0 ] }
					}
				}
			]
		}
	]}