{
	"editor": {
		"collapsedPaths": "Root/floor/S16,Root/floor/S15",
		"allAngles": false,
		"entityTextureMode": false
	},
	"textureWidth": 16,
	"textureHeight": 16,
	"textureSizes": {
	},
	"textures": {
	},
	"elements": [
		{
			"name": "floor",
			"from": [ 5.0, 0.0, 5.0 ],
			"to": [ 11.0, 0.5, 11.0 ],
			"rotationOrigin": [ 8.0, 0.0, 8.0 ],
			"faces": {
				"north": { "texture": "#ceramic", "uv": [ 1.0, 15.0, 7.0, 15.5 ] },
				"east": { "texture": "#ceramic", "uv": [ 5.0, 15.0, 11.0, 15.5 ] },
				"south": { "texture": "#ceramic", "uv": [ 8.0, 15.0, 14.0, 15.5 ] },
				"west": { "texture": "#ceramic", "uv": [ 10.0, 15.0, 16.0, 15.5 ] },
				"up": { "texture": "#ceramic", "uv": [ 4.0, 2.0, 10.0, 8.0 ] },
				"down": { "texture": "#ceramic", "uv": [ 9.0, 3.0, 15.0, 9.0 ] }
			},
			"children": [
				{
					"name": "N",
					"from": [ 0.0, 0.5, 0.0 ],
					"to": [ 6.0, 4.5, 0.5 ],
					"faces": {
						"north": { "texture": "#ceramic", "uv": [ 0.0, 11.0, 6.0, 15.0 ] },
						"east": { "texture": "#ceramic", "uv": [ 7.0, 11.0, 7.5, 15.0 ] },
						"south": { "texture": "#ceramic", "uv": [ 9.0, 2.0, 15.0, 6.0 ] },
						"west": { "texture": "#ceramic", "uv": [ 2.0, 11.0, 2.5, 15.0 ] },
						"up": { "texture": "#ceramic", "uv": [ 6.0, 5.0, 12.0, 5.5 ] },
						"down": { "texture": "#ceramic", "uv": [ 5.0, 14.0, 11.0, 14.5 ] }
					}
				},
				{
					"name": "S",
					"from": [ 0.0, 0.5, 5.5 ],
					"to": [ 6.0, 4.5, 6.0 ],
					"faces": {
						"north": { "texture": "#ceramic", "uv": [ 2.0, 5.0, 8.0, 9.0 ] },
						"east": { "texture": "#ceramic", "uv": [ 7.0, 11.0, 7.5, 15.0 ] },
						"south": { "texture": "#ceramic", "uv": [ 9.0, 11.0, 15.0, 15.0 ] },
						"west": { "texture": "#ceramic", "uv": [ 5.0, 11.0, 5.5, 15.0 ] },
						"up": { "texture": "#ceramic", "uv": [ 7.0, 5.0, 13.0, 5.5 ] },
						"down": { "texture": "#ceramic", "uv": [ 3.0, 14.0, 9.0, 14.5 ] }
					}
				},
				{
					"name": "W",
					"from": [ 0.0, 0.5, 0.5 ],
					"to": [ 0.5, 4.5, 5.5 ],
					"rotationOrigin": [ 1.0, 0.0, 0.0 ],
					"faces": {
						"east": { "texture": "#ceramic", "uv": [ 6.0, 3.0, 11.0, 7.0 ] },
						"west": { "texture": "#ceramic", "uv": [ 7.0, 11.0, 12.0, 15.0 ] },
						"up": { "texture": "#ceramic", "uv": [ 7.0, 3.0, 12.0, 3.5 ], "rotation": 90 },
						"down": { "texture": "#ceramic", "uv": [ 2.0, 14.0, 7.0, 14.5 ], "rotation": 90 }
					}
				},
				{
					"name": "E",
					"from": [ 5.5, 0.5, 0.5 ],
					"to": [ 6.0, 4.5, 5.5 ],
					"rotationOrigin": [ 3.0, 0.0, 0.0 ],
					"faces": {
						"east": { "texture": "#ceramic", "uv": [ 0.0, 11.0, 5.0, 15.0 ] },
						"west": { "texture": "#ceramic", "uv": [ 2.0, 4.0, 7.0, 8.0 ] },
						"up": { "texture": "#ceramic", "uv": [ 7.0, 6.0, 12.0, 6.5 ], "rotation": 90 },
						"down": { "texture": "#ceramic", "uv": [ 5.0, 14.0, 10.0, 14.5 ], "rotation": 90 }
					}
				},
				{
					"name": "N neck",
					"from": [ 0.5, 4.5, 0.5 ],
					"to": [ 5.5, 5.5, 1.0 ],
					"faces": {
						"north": { "texture": "#ceramic", "uv": [ 0.0, 0.0, 5.0, 1.0 ] },
						"east": { "texture": "#ceramic", "uv": [ 5.0, 0.0, 5.5, 1.0 ] },
						"south": { "texture": "#ceramic", "uv": [ 6.0, 0.0, 11.0, 1.0 ] },
						"west": { "texture": "#ceramic", "uv": [ 0.0, 0.0, 0.5, 1.0 ] },
						"up": { "texture": "#ceramic", "uv": [ 3.0, 5.0, 8.0, 5.5 ] },
						"down": { "texture": "#ceramic", "uv": [ 3.0, 3.0, 8.0, 3.5 ] }
					}
				},
				{
					"name": "S neck",
					"from": [ 0.5, 4.5, 5.0 ],
					"to": [ 5.5, 5.5, 5.5 ],
					"faces": {
						"north": { "texture": "#ceramic", "uv": [ 0.0, 0.0, 5.0, 1.0 ] },
						"east": { "texture": "#ceramic", "uv": [ 13.0, 0.0, 13.5, 1.0 ] },
						"south": { "texture": "#ceramic", "uv": [ 6.0, 0.0, 11.0, 1.0 ] },
						"west": { "texture": "#ceramic", "uv": [ 5.0, 0.0, 5.5, 1.0 ] },
						"up": { "texture": "#ceramic", "uv": [ 6.0, 5.0, 11.0, 5.5 ] },
						"down": { "texture": "#ceramic", "uv": [ 3.0, 3.0, 8.0, 3.5 ] }
					}
				},
				{
					"name": "W neck",
					"from": [ 0.5, 4.5, 1.0 ],
					"to": [ 1.0, 5.5, 5.0 ],
					"faces": {
						"east": { "texture": "#ceramic", "uv": [ 7.0, 0.0, 11.0, 1.0 ] },
						"west": { "texture": "#ceramic", "uv": [ 7.0, 0.0, 11.0, 1.0 ] },
						"up": { "texture": "#ceramic", "uv": [ 3.0, 5.0, 3.5, 9.0 ] },
						"down": { "texture": "#ceramic", "uv": [ 3.0, 3.0, 3.5, 7.0 ] }
					}
				},
				{
					"name": "E neck",
					"from": [ 5.0, 4.5, 1.0 ],
					"to": [ 5.5, 5.5, 5.0 ],
					"faces": {
						"east": { "texture": "#ceramic", "uv": [ 7.0, 0.0, 11.0, 1.0 ] },
						"west": { "texture": "#ceramic", "uv": [ 8.0, 0.0, 12.0, 1.0 ] },
						"up": { "texture": "#ceramic", "uv": [ 9.0, 3.0, 9.5, 7.0 ] },
						"down": { "texture": "#ceramic", "uv": [ 3.0, 3.0, 3.5, 7.0 ] }
					}
				},
				{
					"name": "S3",
					"from": [ 1.0, 0.7, -0.25 ],
					"to": [ 5.0, 4.2, 0.0 ],
					"rotationOrigin": [ 2.0, 0.0, -5.0 ],
					"faces": {
						"north": { "texture": "#ceramic", "uv": [ 2.0, 5.0, 6.0, 8.5 ] },
						"east": { "texture": "#ceramic", "uv": [ 7.0, 11.0, 7.5, 14.5 ] },
						"south": { "texture": "#ceramic", "uv": [ 9.0, 11.0, 13.0, 14.5 ] },
						"west": { "texture": "#ceramic", "uv": [ 5.0, 11.0, 5.5, 14.5 ] },
						"up": { "texture": "#ceramic", "uv": [ 7.0, 5.0, 11.0, 5.5 ] },
						"down": { "texture": "#ceramic", "uv": [ 3.0, 14.0, 7.0, 14.5 ] }
					}
				},
				{
					"name": "S10",
					"from": [ -33.0, 0.7, 37.75 ],
					"to": [ -29.0, 4.2, 38.0 ],
					"rotationOrigin": [ -33.0, 0.0, 5.0 ],
					"rotationY": 90.0,
					"faces": {
						"north": { "texture": "#ceramic", "uv": [ 2.0, 5.0, 6.0, 8.5 ] },
						"east": { "texture": "#ceramic", "uv": [ 7.0, 11.0, 7.5, 14.5 ] },
						"south": { "texture": "#ceramic", "uv": [ 9.0, 11.0, 13.0, 14.5 ] },
						"west": { "texture": "#ceramic", "uv": [ 5.0, 11.0, 5.5, 14.5 ] },
						"up": { "texture": "#ceramic", "uv": [ 7.0, 6.0, 11.0, 6.5 ] },
						"down": { "texture": "#ceramic", "uv": [ 3.0, 14.0, 7.0, 14.5 ] }
					}
				},
				{
					"name": "S11",
					"from": [ 1.0, 0.7, 10.0 ],
					"to": [ 5.0, 4.2, 10.25 ],
					"rotationOrigin": [ 1.0, 0.0, 5.0 ],
					"rotationY": 90.0,
					"faces": {
						"north": { "texture": "#ceramic", "uv": [ 2.0, 5.0, 6.0, 8.5 ] },
						"east": { "texture": "#ceramic", "uv": [ 7.0, 11.0, 7.5, 14.5 ] },
						"south": { "texture": "#ceramic", "uv": [ 9.0, 11.0, 13.0, 14.5 ] },
						"west": { "texture": "#ceramic", "uv": [ 5.0, 11.0, 5.5, 14.5 ] },
						"up": { "texture": "#ceramic", "uv": [ 7.0, 6.0, 11.0, 6.5 ] },
						"down": { "texture": "#ceramic", "uv": [ 3.0, 14.0, 7.0, 14.5 ] }
					}
				},
				{
					"name": "S4",
					"from": [ 1.0, 0.7, 6.0 ],
					"to": [ 5.0, 4.2, 6.25 ],
					"rotationOrigin": [ 2.0, 0.0, 0.0 ],
					"faces": {
						"north": { "texture": "#ceramic", "uv": [ 2.0, 5.0, 6.0, 8.5 ] },
						"east": { "texture": "#ceramic", "uv": [ 7.0, 11.0, 7.5, 14.5 ] },
						"south": { "texture": "#ceramic", "uv": [ 9.0, 11.0, 13.0, 14.5 ] },
						"west": { "texture": "#ceramic", "uv": [ 5.0, 11.0, 5.5, 14.5 ] },
						"up": { "texture": "#ceramic", "uv": [ 7.0, 5.0, 11.0, 5.5 ] },
						"down": { "texture": "#ceramic", "uv": [ 3.0, 14.0, 7.0, 14.5 ] }
					}
				},
				{
					"name": "S12",
					"from": [ 2.5, 0.95, 9.25 ],
					"to": [ 5.5, 3.95, 9.5 ],
					"rotationOrigin": [ 2.0, 0.0, 5.0 ],
					"rotationY": 90.0,
					"faces": {
						"north": { "texture": "#ceramic", "uv": [ 2.0, 5.0, 5.0, 8.0 ] },
						"east": { "texture": "#ceramic", "uv": [ 7.0, 11.0, 7.5, 14.0 ] },
						"south": { "texture": "#ceramic", "uv": [ 9.0, 11.0, 12.0, 14.0 ] },
						"west": { "texture": "#ceramic", "uv": [ 5.0, 11.0, 5.5, 14.0 ] },
						"up": { "texture": "#ceramic", "uv": [ 7.0, 6.0, 10.0, 6.5 ] },
						"down": { "texture": "#ceramic", "uv": [ 3.0, 14.0, 6.0, 14.5 ] }
					}
				},
				{
					"name": "S13",
					"from": [ -3.5, 0.95, 8.5 ],
					"to": [ -0.5, 3.95, 8.75 ],
					"rotationOrigin": [ -4.0, 0.0, 5.0 ],
					"rotationY": 90.0,
					"faces": {
						"north": { "texture": "#ceramic", "uv": [ 2.0, 5.0, 5.0, 8.0 ] },
						"east": { "texture": "#ceramic", "uv": [ 7.0, 11.0, 7.5, 14.0 ] },
						"south": { "texture": "#ceramic", "uv": [ 9.0, 11.0, 12.0, 14.0 ] },
						"west": { "texture": "#ceramic", "uv": [ 5.0, 11.0, 5.5, 14.0 ] },
						"up": { "texture": "#ceramic", "uv": [ 7.0, 6.0, 10.0, 6.5 ] },
						"down": { "texture": "#ceramic", "uv": [ 3.0, 14.0, 6.0, 14.5 ] }
					}
				},
				{
					"name": "S5",
					"from": [ 1.5, 0.95, 6.25 ],
					"to": [ 4.5, 3.95, 6.5 ],
					"rotationOrigin": [ 2.0, 0.0, 1.0 ],
					"faces": {
						"north": { "texture": "#ceramic", "uv": [ 2.0, 5.0, 5.0, 8.0 ] },
						"east": { "texture": "#ceramic", "uv": [ 7.0, 11.0, 7.5, 14.0 ] },
						"south": { "texture": "#ceramic", "uv": [ 9.0, 11.0, 12.0, 14.0 ] },
						"west": { "texture": "#ceramic", "uv": [ 5.0, 11.0, 5.5, 14.0 ] },
						"up": { "texture": "#ceramic", "uv": [ 7.0, 5.0, 10.0, 5.5 ] },
						"down": { "texture": "#ceramic", "uv": [ 3.0, 14.0, 6.0, 14.5 ] }
					}
				},
				{
					"name": "S6",
					"from": [ 1.5, 0.95, -0.5 ],
					"to": [ 4.5, 3.95, -0.25 ],
					"rotationOrigin": [ 2.0, 0.0, -5.0 ],
					"faces": {
						"north": { "texture": "#ceramic", "uv": [ 2.0, 5.0, 5.0, 8.0 ] },
						"east": { "texture": "#ceramic", "uv": [ 7.0, 11.0, 7.5, 14.0 ] },
						"south": { "texture": "#ceramic", "uv": [ 9.0, 11.0, 12.0, 14.0 ] },
						"west": { "texture": "#ceramic", "uv": [ 5.0, 11.0, 5.5, 14.0 ] },
						"up": { "texture": "#ceramic", "uv": [ 7.0, 5.0, 10.0, 5.5 ] },
						"down": { "texture": "#ceramic", "uv": [ 3.0, 14.0, 6.0, 14.5 ] }
					}
				},
				{
					"name": "S7",
					"from": [ 1.5, 4.5, 0.25 ],
					"to": [ 4.5, 5.25, 0.5 ],
					"rotationOrigin": [ 2.0, 4.0, -5.0 ],
					"faces": {
						"north": { "texture": "#ceramic", "uv": [ 2.0, 5.0, 5.0, 5.5 ] },
						"east": { "texture": "#ceramic", "uv": [ 7.0, 11.0, 7.5, 11.5 ] },
						"south": { "texture": "#ceramic", "uv": [ 9.0, 11.0, 12.0, 11.5 ] },
						"west": { "texture": "#ceramic", "uv": [ 5.0, 11.0, 5.5, 11.5 ] },
						"up": { "texture": "#ceramic", "uv": [ 7.0, 5.0, 10.0, 5.5 ] },
						"down": { "texture": "#ceramic", "uv": [ 3.0, 14.0, 6.0, 14.5 ] }
					}
				},
				{
					"name": "S8",
					"from": [ 1.5, 4.5, 5.5 ],
					"to": [ 4.5, 5.25, 5.75 ],
					"rotationOrigin": [ 2.0, 4.0, 0.0 ],
					"faces": {
						"north": { "texture": "#ceramic", "uv": [ 2.0, 5.0, 5.0, 5.5 ] },
						"east": { "texture": "#ceramic", "uv": [ 7.0, 11.0, 7.5, 11.5 ] },
						"south": { "texture": "#ceramic", "uv": [ 9.0, 11.0, 12.0, 11.5 ] },
						"west": { "texture": "#ceramic", "uv": [ 5.0, 11.0, 5.5, 11.5 ] },
						"up": { "texture": "#ceramic", "uv": [ 7.0, 5.0, 10.0, 5.5 ] },
						"down": { "texture": "#ceramic", "uv": [ 3.0, 14.0, 6.0, 14.5 ] }
					}
				},
				{
					"name": "S14",
					"from": [ 2.5, 4.5, 8.5 ],
					"to": [ 5.5, 5.25, 8.75 ],
					"rotationOrigin": [ 2.0, 4.0, 5.0 ],
					"rotationY": 90.0,
					"faces": {
						"north": { "texture": "#ceramic", "uv": [ 2.0, 5.0, 5.0, 5.5 ] },
						"east": { "texture": "#ceramic", "uv": [ 7.0, 11.0, 7.5, 11.5 ] },
						"south": { "texture": "#ceramic", "uv": [ 9.0, 11.0, 12.0, 11.5 ] },
						"west": { "texture": "#ceramic", "uv": [ 5.0, 11.0, 5.5, 11.5 ] },
						"up": { "texture": "#ceramic", "uv": [ 7.0, 6.0, 10.0, 6.5 ] },
						"down": { "texture": "#ceramic", "uv": [ 3.0, 14.0, 6.0, 14.5 ] }
					}
				},
				{
					"name": "S15",
					"from": [ 1.5, 4.5, 0.12 ],
					"to": [ 4.5, 4.5, 0.37 ],
					"rotationOrigin": [ 1.0, 4.0, -3.0 ],
					"faces": {
						"north": { "texture": "#ceramic", "uv": [ 2.0, 5.0, 5.0, 5.5 ] },
						"east": { "texture": "#ceramic", "uv": [ 7.0, 11.0, 7.5, 11.5 ] },
						"south": { "texture": "#ceramic", "uv": [ 9.0, 11.0, 12.0, 11.5 ] },
						"west": { "texture": "#ceramic", "uv": [ 5.0, 11.0, 5.5, 11.5 ] },
						"up": { "texture": "#ceramic", "uv": [ 7.0, 6.0, 10.0, 6.5 ] },
						"down": { "texture": "#ceramic", "uv": [ 3.0, 14.0, 6.0, 14.5 ] }
					},
					"children": [
						{
							"name": "Cube2",
							"from": [ 4.27, 0.0, 2.5 ],
							"to": [ 6.29, 0.75, 3.25 ],
							"rotationOrigin": [ 5.0, 0.0, 2.0 ],
							"rotationZ": 15.0,
							"faces": {
								"north": { "texture": "#ceramic", "uv": [ 0.0, 0.0, 2.0, 0.5 ] },
								"east": { "texture": "#ceramic", "uv": [ 0.0, 0.0, 0.5, 0.5 ] },
								"south": { "texture": "#ceramic", "uv": [ 0.0, 0.0, 2.0, 0.5 ] },
								"west": { "texture": "#ceramic", "uv": [ 0.0, 0.0, 0.5, 0.5 ] },
								"up": { "texture": "#ceramic", "uv": [ 0.0, 0.0, 2.0, 0.5 ] },
								"down": { "texture": "#ceramic", "uv": [ 0.0, 0.0, 2.0, 0.5 ] }
							}
						},
						{
							"name": "Cube3",
							"from": [ 8.5, -2.5, 2.37 ],
							"to": [ 10.5, -1.5, 3.37 ],
							"rotationOrigin": [ 8.0, -3.0, 2.0 ],
							"rotationZ": 90.0,
							"faces": {
								"north": { "texture": "#ceramic", "uv": [ 0.0, 0.0, 2.0, 1.0 ] },
								"east": { "texture": "#ceramic", "uv": [ 0.0, 0.0, 1.0, 1.0 ] },
								"south": { "texture": "#ceramic", "uv": [ 0.0, 0.0, 2.0, 1.0 ] },
								"west": { "texture": "#ceramic", "uv": [ 0.0, 0.0, 1.0, 1.0 ] },
								"up": { "texture": "#ceramic", "uv": [ 0.0, 0.0, 2.0, 1.0 ] },
								"down": { "texture": "#ceramic", "uv": [ 0.0, 0.0, 2.0, 1.0 ] }
							}
						},
						{
							"name": "Cube4",
							"from": [ 5.5, 0.18, 2.5 ],
							"to": [ 7.0, 0.93, 3.25 ],
							"rotationOrigin": [ 6.0, 0.0, 2.0 ],
							"rotationZ": -31.0,
							"faces": {
								"north": { "texture": "#ceramic", "uv": [ 0.0, 0.0, 1.5, 0.5 ] },
								"east": { "texture": "#ceramic", "uv": [ 0.0, 0.0, 0.5, 0.5 ] },
								"south": { "texture": "#ceramic", "uv": [ 0.0, 0.0, 1.5, 0.5 ] },
								"west": { "texture": "#ceramic", "uv": [ 0.0, 0.0, 0.5, 0.5 ] },
								"up": { "texture": "#ceramic", "uv": [ 0.0, 0.0, 1.5, 0.5 ] },
								"down": { "texture": "#ceramic", "uv": [ 0.0, 0.0, 1.5, 0.5 ] }
							}
						},
						{
							"name": "Cube5",
							"from": [ 4.72, -0.41, 2.5 ],
							"to": [ 8.22, 0.34, 3.25 ],
							"rotationOrigin": [ 6.0, -1.0, 2.0 ],
							"rotationZ": -90.0,
							"faces": {
								"north": { "texture": "#ceramic", "uv": [ 0.0, 0.0, 3.5, 0.5 ] },
								"east": { "texture": "#ceramic", "uv": [ 0.0, 0.0, 0.5, 0.5 ] },
								"south": { "texture": "#ceramic", "uv": [ 0.0, 0.0, 3.5, 0.5 ] },
								"west": { "texture": "#ceramic", "uv": [ 0.0, 0.0, 0.5, 0.5 ] },
								"up": { "texture": "#ceramic", "uv": [ 0.0, 0.0, 3.5, 0.5 ] },
								"down": { "texture": "#ceramic", "uv": [ 0.0, 0.0, 3.5, 0.5 ] }
							}
						},
						{
							"name": "Cube6",
							"from": [ 4.26, -3.68, 2.5 ],
							"to": [ 6.28, -2.93, 3.25 ],
							"rotationOrigin": [ 5.0, -3.0, 2.0 ],
							"rotationZ": -15.0,
							"faces": {
								"north": { "texture": "#ceramic", "uv": [ 0.0, 0.0, 2.0, 0.5 ] },
								"east": { "texture": "#ceramic", "uv": [ 0.0, 0.0, 0.5, 0.5 ] },
								"south": { "texture": "#ceramic", "uv": [ 0.0, 0.0, 2.0, 0.5 ] },
								"west": { "texture": "#ceramic", "uv": [ 0.0, 0.0, 0.5, 0.5 ] },
								"up": { "texture": "#ceramic", "uv": [ 0.0, 0.0, 2.0, 0.5 ] },
								"down": { "texture": "#ceramic", "uv": [ 0.0, 0.0, 2.0, 0.5 ] }
							}
						},
						{
							"name": "Cube7",
							"from": [ 6.19, -3.51, 2.5 ],
							"to": [ 7.69, -2.76, 3.25 ],
							"rotationOrigin": [ 7.0, -4.0, 2.0 ],
							"rotationZ": 31.0,
							"faces": {
								"north": { "texture": "#ceramic", "uv": [ 0.0, 0.0, 1.5, 0.5 ] },
								"east": { "texture": "#ceramic", "uv": [ 0.0, 0.0, 0.5, 0.5 ] },
								"south": { "texture": "#ceramic", "uv": [ 0.0, 0.0, 1.5, 0.5 ] },
								"west": { "texture": "#ceramic", "uv": [ 0.0, 0.0, 0.5, 0.5 ] },
								"up": { "texture": "#ceramic", "uv": [ 0.0, 0.0, 1.5, 0.5 ] },
								"down": { "texture": "#ceramic", "uv": [ 0.0, 0.0, 1.5, 0.5 ] }
							}
						}
					]
				},
				{
					"name": "S16",
					"from": [ 5.5, 4.5, 12.15 ],
					"to": [ 5.5, 4.6, 12.25 ],
					"rotationOrigin": [ 5.0, 4.0, 9.0 ],
					"rotationY": -180.0,
					"faces": {
						"north": { "texture": "#ceramic", "uv": [ 2.0, 5.0, 2.5, 5.5 ] },
						"east": { "texture": "#ceramic", "uv": [ 7.0, 11.0, 7.5, 11.5 ] },
						"south": { "texture": "#ceramic", "uv": [ 9.0, 11.0, 9.5, 11.5 ] },
						"west": { "texture": "#ceramic", "uv": [ 5.0, 11.0, 5.5, 11.5 ] },
						"up": { "texture": "#ceramic", "uv": [ 7.0, 6.0, 7.5, 6.5 ] },
						"down": { "texture": "#ceramic", "uv": [ 3.0, 14.0, 3.5, 14.5 ] }
					},
					"children": [
						{
							"name": "Cube8",
							"from": [ 4.27, 0.0, 2.5 ],
							"to": [ 6.29, 0.75, 3.25 ],
							"rotationOrigin": [ 5.0, 0.0, 2.0 ],
							"rotationZ": 15.0,
							"faces": {
								"north": { "texture": "#ceramic", "uv": [ 0.0, 0.0, 2.0, 0.5 ] },
								"east": { "texture": "#ceramic", "uv": [ 0.0, 0.0, 0.5, 0.5 ] },
								"south": { "texture": "#ceramic", "uv": [ 0.0, 0.0, 2.0, 0.5 ] },
								"west": { "texture": "#ceramic", "uv": [ 0.0, 0.0, 0.5, 0.5 ] },
								"up": { "texture": "#ceramic", "uv": [ 0.0, 0.0, 2.0, 0.5 ] },
								"down": { "texture": "#ceramic", "uv": [ 0.0, 0.0, 2.0, 0.5 ] }
							}
						},
						{
							"name": "Cube9",
							"from": [ 8.5, -2.5, 2.37 ],
							"to": [ 10.5, -1.5, 3.37 ],
							"rotationOrigin": [ 8.0, -3.0, 2.0 ],
							"rotationZ": 90.0,
							"faces": {
								"north": { "texture": "#ceramic", "uv": [ 0.0, 0.0, 2.0, 1.0 ] },
								"east": { "texture": "#ceramic", "uv": [ 0.0, 0.0, 1.0, 1.0 ] },
								"south": { "texture": "#ceramic", "uv": [ 0.0, 0.0, 2.0, 1.0 ] },
								"west": { "texture": "#ceramic", "uv": [ 0.0, 0.0, 1.0, 1.0 ] },
								"up": { "texture": "#ceramic", "uv": [ 0.0, 0.0, 2.0, 1.0 ] },
								"down": { "texture": "#ceramic", "uv": [ 0.0, 0.0, 2.0, 1.0 ] }
							}
						},
						{
							"name": "Cube10",
							"from": [ 5.5, 0.18, 2.5 ],
							"to": [ 7.0, 0.93, 3.25 ],
							"rotationOrigin": [ 6.0, 0.0, 2.0 ],
							"rotationZ": -31.0,
							"faces": {
								"north": { "texture": "#ceramic", "uv": [ 0.0, 0.0, 1.5, 0.5 ] },
								"east": { "texture": "#ceramic", "uv": [ 0.0, 0.0, 0.5, 0.5 ] },
								"south": { "texture": "#ceramic", "uv": [ 0.0, 0.0, 1.5, 0.5 ] },
								"west": { "texture": "#ceramic", "uv": [ 0.0, 0.0, 0.5, 0.5 ] },
								"up": { "texture": "#ceramic", "uv": [ 0.0, 0.0, 1.5, 0.5 ] },
								"down": { "texture": "#ceramic", "uv": [ 0.0, 0.0, 1.5, 0.5 ] }
							}
						},
						{
							"name": "Cube11",
							"from": [ 4.72, -0.41, 2.5 ],
							"to": [ 8.22, 0.34, 3.25 ],
							"rotationOrigin": [ 6.0, -1.0, 2.0 ],
							"rotationZ": -90.0,
							"faces": {
								"north": { "texture": "#ceramic", "uv": [ 0.0, 0.0, 3.5, 0.5 ] },
								"east": { "texture": "#ceramic", "uv": [ 0.0, 0.0, 0.5, 0.5 ] },
								"south": { "texture": "#ceramic", "uv": [ 0.0, 0.0, 3.5, 0.5 ] },
								"west": { "texture": "#ceramic", "uv": [ 0.0, 0.0, 0.5, 0.5 ] },
								"up": { "texture": "#ceramic", "uv": [ 0.0, 0.0, 3.5, 0.5 ] },
								"down": { "texture": "#ceramic", "uv": [ 0.0, 0.0, 3.5, 0.5 ] }
							}
						},
						{
							"name": "Cube12",
							"from": [ 4.26, -3.68, 2.5 ],
							"to": [ 6.28, -2.93, 3.25 ],
							"rotationOrigin": [ 5.0, -3.0, 2.0 ],
							"rotationZ": -15.0,
							"faces": {
								"north": { "texture": "#ceramic", "uv": [ 0.0, 0.0, 2.0, 0.5 ] },
								"east": { "texture": "#ceramic", "uv": [ 0.0, 0.0, 0.5, 0.5 ] },
								"south": { "texture": "#ceramic", "uv": [ 0.0, 0.0, 2.0, 0.5 ] },
								"west": { "texture": "#ceramic", "uv": [ 0.0, 0.0, 0.5, 0.5 ] },
								"up": { "texture": "#ceramic", "uv": [ 0.0, 0.0, 2.0, 0.5 ] },
								"down": { "texture": "#ceramic", "uv": [ 0.0, 0.0, 2.0, 0.5 ] }
							}
						},
						{
							"name": "Cube13",
							"from": [ 6.19, -3.51, 2.5 ],
							"to": [ 7.69, -2.76, 3.25 ],
							"rotationOrigin": [ 7.0, -4.0, 2.0 ],
							"rotationZ": 31.0,
							"faces": {
								"north": { "texture": "#ceramic", "uv": [ 0.0, 0.0, 1.5, 0.5 ] },
								"east": { "texture": "#ceramic", "uv": [ 0.0, 0.0, 0.5, 0.5 ] },
								"south": { "texture": "#ceramic", "uv": [ 0.0, 0.0, 1.5, 0.5 ] },
								"west": { "texture": "#ceramic", "uv": [ 0.0, 0.0, 0.5, 0.5 ] },
								"up": { "texture": "#ceramic", "uv": [ 0.0, 0.0, 1.5, 0.5 ] },
								"down": { "texture": "#ceramic", "uv": [ 0.0, 0.0, 1.5, 0.5 ] }
							}
						}
					]
				},
				{
					"name": "S17",
					"from": [ 3.75, 2.25, 9.5 ],
					"to": [ 4.25, 2.75, 9.75 ],
					"rotationOrigin": [ 2.0, 0.0, 5.0 ],
					"rotationY": 90.0,
					"faces": {
						"north": { "texture": "#ceramic", "uv": [ 2.0, 5.0, 2.5, 5.5 ] },
						"east": { "texture": "#ceramic", "uv": [ 7.0, 11.0, 7.5, 11.5 ] },
						"south": { "texture": "#ceramic", "uv": [ 9.0, 11.0, 9.5, 11.5 ] },
						"west": { "texture": "#ceramic", "uv": [ 5.0, 11.0, 5.5, 11.5 ] },
						"up": { "texture": "#ceramic", "uv": [ 7.0, 6.0, 7.5, 6.5 ] },
						"down": { "texture": "#ceramic", "uv": [ 3.0, 14.0, 3.5, 14.5 ] }
					}
				},
				{
					"name": "S18",
					"from": [ -3.25, 2.25, 9.25 ],
					"to": [ -2.75, 2.75, 9.5 ],
					"rotationOrigin": [ -5.0, 0.0, 5.0 ],
					"rotationY": 90.0,
					"faces": {
						"north": { "texture": "#ceramic", "uv": [ 2.0, 5.0, 2.5, 5.5 ] },
						"east": { "texture": "#ceramic", "uv": [ 7.0, 11.0, 7.5, 11.5 ] },
						"south": { "texture": "#ceramic", "uv": [ 9.0, 11.0, 9.5, 11.5 ] },
						"west": { "texture": "#ceramic", "uv": [ 5.0, 11.0, 5.5, 11.5 ] },
						"up": { "texture": "#ceramic", "uv": [ 7.0, 6.0, 7.5, 6.5 ] },
						"down": { "texture": "#ceramic", "uv": [ 3.0, 14.0, 3.5, 14.5 ] }
					}
				},
				{
					"name": "S19",
					"from": [ 2.75, 2.25, 6.5 ],
					"to": [ 3.25, 2.75, 6.75 ],
					"rotationOrigin": [ 0.0, 0.0, 5.0 ],
					"faces": {
						"north": { "texture": "#ceramic", "uv": [ 2.0, 5.0, 2.5, 5.5 ] },
						"east": { "texture": "#ceramic", "uv": [ 7.0, 11.0, 7.5, 11.5 ] },
						"south": { "texture": "#ceramic", "uv": [ 9.0, 11.0, 9.5, 11.5 ] },
						"west": { "texture": "#ceramic", "uv": [ 5.0, 11.0, 5.5, 11.5 ] },
						"up": { "texture": "#ceramic", "uv": [ 7.0, 6.0, 7.5, 6.5 ] },
						"down": { "texture": "#ceramic", "uv": [ 3.0, 14.0, 3.5, 14.5 ] }
					}
				},
				{
					"name": "S20",
					"from": [ 2.75, 2.25, -0.75 ],
					"to": [ 3.25, 2.75, -0.5 ],
					"rotationOrigin": [ 0.0, 0.0, -3.0 ],
					"faces": {
						"north": { "texture": "#ceramic", "uv": [ 2.0, 5.0, 2.5, 5.5 ] },
						"east": { "texture": "#ceramic", "uv": [ 7.0, 11.0, 7.5, 11.5 ] },
						"south": { "texture": "#ceramic", "uv": [ 9.0, 11.0, 9.5, 11.5 ] },
						"west": { "texture": "#ceramic", "uv": [ 5.0, 11.0, 5.5, 11.5 ] },
						"up": { "texture": "#ceramic", "uv": [ 7.0, 6.0, 7.5, 6.5 ] },
						"down": { "texture": "#ceramic", "uv": [ 3.0, 14.0, 3.5, 14.5 ] }
					}
				},
				{
					"name": "S21",
					"from": [ -3.5, 4.5, 9.25 ],
					"to": [ -0.5, 5.25, 9.5 ],
					"rotationOrigin": [ -4.0, 4.0, 5.0 ],
					"rotationY": 90.0,
					"faces": {
						"north": { "texture": "#ceramic", "uv": [ 2.0, 5.0, 5.0, 5.5 ] },
						"east": { "texture": "#ceramic", "uv": [ 7.0, 11.0, 7.5, 11.5 ] },
						"south": { "texture": "#ceramic", "uv": [ 9.0, 11.0, 12.0, 11.5 ] },
						"west": { "texture": "#ceramic", "uv": [ 5.0, 11.0, 5.5, 11.5 ] },
						"up": { "texture": "#ceramic", "uv": [ 7.0, 6.0, 10.0, 6.5 ] },
						"down": { "texture": "#ceramic", "uv": [ 3.0, 14.0, 6.0, 14.5 ] }
					}
				}
			]
		}
	]}