{
  "textureWidth":16,
  "textureHeight":16,
  "textures":{
    "material":"game:item/tool/material/flint"
  },
  "textureSizes":{
    "material":[
      32,
      32
    ]
  },
  "elements":[
    {
      "name":"origin",
      "from":[
        15.087265491485596,
        0.5,
        8.253441274166107
      ],
      "to":[
        15.087265491485596,
        0.5,
        8.253441274166107
      ],
      "rotationOrigin":[
        8.0,
        0.0,
        8.0
      ],
      "group":"nonmetal",
      "faces":{
        "north":{
          "texture":"#0",
          "uv":[
            0,
            0,
            4,
            4
          ],
          "autoUv":false
        },
        "east":{
          "texture":"#0",
          "uv":[
            0,
            0,
            4,
            4
          ],
          "autoUv":false
        },
        "south":{
          "texture":"#0",
          "uv":[
            0,
            0,
            4,
            4
          ],
          "autoUv":false
        },
        "west":{
          "texture":"#0",
          "uv":[
            0,
            0,
            4,
            4
          ],
          "autoUv":false
        },
        "up":{
          "texture":"#material",
          "uv":[
            0.0,
            0.0,
            1.0,
            1.0
          ],
          "autoUv":false,
          "rotation":180
        },
        "down":{
          "texture":"#0",
          "uv":[
            0,
            0,
            4,
            4
          ],
          "autoUv":false
        }
      },
      "children":[
        {
          "name":"nonmetal_head 01",
          "from":[
            -0.2999997138977051,
            -0.7492499351501465,
            -2.999999225139618
          ],
          "to":[
            0.7000002861022949,
            1.2492499351501465,
            1.000000774860382
          ],
          "rotationOrigin":[
            0.20000028610229492,
            0.2500000596046448,
            -0.999999463558197
          ],
          "rotationY":6.830189170012751e-06,
          "group":"nonmetal",
          "faces":{
            "north":{
              "texture":"#material",
              "uv":[
                13.999999046325684,
                6.0,
                16.000001907348633,
                8.999998092651367
              ],
              "autoUv":false
            },
            "east":{
              "texture":"#material",
              "uv":[
                21.999998092651367,
                13.992866516113281,
                13.0,
                18.00713348388672
              ],
              "autoUv":false
            },
            "south":{
              "texture":"#material",
              "uv":[
                11.999999046325684,
                8.0,
                14.000000953674316,
                10.999998092651367
              ],
              "autoUv":false
            },
            "west":{
              "texture":"#material",
              "uv":[
                15.0,
                13.992866516113281,
                24.0,
                18.00713348388672
              ],
              "autoUv":false
            },
            "up":{
              "texture":"#material",
              "uv":[
                14.0,
                16.0,
                22.0,
                18.0
              ],
              "autoUv":false,
              "rotation":90
            },
            "down":{
              "texture":"#material",
              "uv":[
                14.0,
                18.0,
                22.0,
                16.0
              ],
              "autoUv":false,
              "rotation":90
            }
          },
          "children":[
            {
              "name":"nonmetal_head 02",
              "from":[
                -0.36787185072898865,
                -0.003877401351928711,
                -2.1400126218795776
              ],
              "to":[
                0.6321281492710114,
                2.002377152442932,
                1.1599873304367065
              ],
              "rotationOrigin":[
                0.13212814927101135,
                0.9992498159408569,
                -0.49001264572143555
              ],
              "rotationY":12.0000054565723,
              "group":"nonmetal",
              "faces":{
                "north":{
                  "texture":"#material",
                  "uv":[
                    1.5863992786080416e-08,
                    -0.5062484741210938,
                    1.9999996423721313,
                    3.506256103515625
                  ],
                  "autoUv":false
                },
                "east":{
                  "texture":"#material",
                  "uv":[
                    16.000001907348633,
                    13.98617172241211,
                    9.000000953674316,
                    18.01382827758789
                  ],
                  "autoUv":false
                },
                "south":{
                  "texture":"#material",
                  "uv":[
                    1.5863992786080416e-08,
                    -0.5062484741210938,
                    1.9999996423721313,
                    3.506256103515625
                  ],
                  "autoUv":false
                },
                "west":{
                  "texture":"#material",
                  "uv":[
                    10.0,
                    13.98617172241211,
                    17.000001907348633,
                    18.01382827758789
                  ],
                  "autoUv":false
                },
                "up":{
                  "texture":"#material",
                  "uv":[
                    10.0,
                    16.0,
                    16.0,
                    18.0
                  ],
                  "autoUv":false,
                  "rotation":90
                },
                "down":{
                  "texture":"#material",
                  "uv":[
                    10.0,
                    18.0,
                    16.0,
                    16.0
                  ],
                  "autoUv":false,
                  "rotation":90
                }
              },
              "children":[]
            },
            {
              "name":"nonmetal_head 03",
              "from":[
                -1.7881393432617188e-07,
                0.0,
                3.999999761581421
              ],
              "to":[
                0.4999998211860657,
                1.998499870300293,
                4.499999761581421
              ],
              "rotationOrigin":[
                0.24999982118606567,
                0.9992498755455017,
                4.249999761581421
              ],
              "group":"nonmetal",
              "faces":{
                "north":{
                  "texture":"#material",
                  "uv":[
                    11.297647476196289,
                    24.0,
                    20.702350616455078,
                    32.0
                  ],
                  "autoUv":false,
                  "rotation":270
                },
                "east":{
                  "texture":"#material",
                  "uv":[
                    23.0,
                    13.992866516113281,
                    21.999998092651367,
                    18.00713348388672
                  ],
                  "autoUv":false
                },
                "south":{
                  "texture":"#material",
                  "uv":[
                    17.0,
                    19.0,
                    18.0,
                    22.0
                  ],
                  "autoUv":false
                },
                "west":{
                  "texture":"#material",
                  "uv":[
                    21.999998092651367,
                    13.992866516113281,
                    23.0,
                    18.00713348388672
                  ],
                  "autoUv":false
                },
                "up":{
                  "texture":"#material",
                  "uv":[
                    22.0,
                    16.0,
                    23.0,
                    18.0
                  ],
                  "autoUv":false,
                  "rotation":90
                },
                "down":{
                  "texture":"#material",
                  "uv":[
                    22.0,
                    18.0,
                    23.0,
                    16.0
                  ],
                  "autoUv":false,
                  "rotation":90
                }
              },
              "children":[]
            },
            {
              "name":"nonmetal_head 04",
              "from":[
                -0.5644796788692474,
                0.007844924926757812,
                -2.4575097262859344
              ],
              "to":[
                0.14262673258781433,
                1.9906549453735352,
                -1.750402957201004
              ],
              "rotationOrigin":[
                -0.21092641353607178,
                0.9992499351501465,
                -2.103956460952759
              ],
              "rotationY":57.00001524654785,
              "group":"nonmetal",
              "faces":{
                "north":{
                  "texture":"#material",
                  "uv":[
                    10.0,
                    14.010335922241211,
                    11.0,
                    17.989662170410156
                  ],
                  "autoUv":false
                },
                "east":{
                  "texture":"#material",
                  "uv":[
                    9.0,
                    14.010335922241211,
                    8.0,
                    17.989662170410156
                  ],
                  "autoUv":false
                },
                "south":{
                  "texture":"#material",
                  "uv":[
                    0.5857875347137451,
                    -0.4828071594238281,
                    2.000000238418579,
                    3.482809066772461
                  ],
                  "autoUv":false
                },
                "west":{
                  "texture":"#material",
                  "uv":[
                    4.71435022354126,
                    -0.4828071594238281,
                    5.999999046325684,
                    3.4828128814697266
                  ],
                  "autoUv":false
                },
                "up":{
                  "texture":"#material",
                  "uv":[
                    9.0,
                    16.0,
                    11.0,
                    18.0
                  ],
                  "autoUv":false,
                  "rotation":90
                },
                "down":{
                  "texture":"#material",
                  "uv":[
                    9.0,
                    18.0,
                    11.0,
                    16.0
                  ],
                  "autoUv":false,
                  "rotation":90
                }
              },
              "children":[]
            }
          ]
        }
      ]
    }
  ],
  "groups":[]
}