{
	"editor": {
		"backDropShape": "C:/Users/Jesus/Documents/VintageMod/MyShapes/CHARmod/dwarf-faceless",
		"allAngles": true,
		"entityTextureMode": true
	},
	"textureWidth": 8,
	"textureHeight": 12,
	"textureSizes": {
	},
	"textures": {
	},
	"elements": [
		{
			"name": "UpperTorsoOrigin",
			"stepParentName": "UpperTorso",
			"from": [ 0.0, 0.0, 0.0 ],
			"to": [ 5.0, 5.0, 6.2 ],
			"uv": [ 999.0, 999.0 ],
			"faces": {
			},
			"children": [
				{
					"name": "RightofNeck",
					"from": [ 0.46, 4.56, -0.04 ],
					"to": [ 5.04, 5.06, 1.54 ],
					"unwrapMode": 5,
					"unwrapRotation": 1,
					"autoUnwrap": false,
					"uv": [ 0.5, 2.0 ],
					"rotationOrigin": [ 0.5, 4.5, 0.0 ],
					"faces": {
						"north": { "texture": "#shouldertexture", "uv": [ 0.5, 2.5, 1.0, 7.0 ], "rotation": 270 },
						"east": { "texture": "#shouldertexture", "uv": [ 1.0, 2.0, 2.5, 2.5 ], "rotation": 180 },
						"south": { "texture": "#shouldertexture", "uv": [ 2.5, 2.5, 3.0, 7.0 ], "rotation": 90 },
						"west": { "texture": "#shouldertexture", "uv": [ 1.0, 7.0, 2.5, 7.5 ] },
						"up": { "texture": "#shouldertexture", "uv": [ 1.0, 2.5, 2.5, 7.0 ], "rotation": 90 },
						"down": { "texture": "#shouldertexture", "uv": [ 1.0, 2.5, 2.5, 7.0 ], "rotation": 270 }
					},
					"children": [
						{
							"name": "ChestRight",
							"from": [ -0.5, -1.58, 0.0 ],
							"to": [ 0.0, 0.5, 2.1 ],
							"unwrapMode": 4,
							"uv": [ 0.5, 7.5 ],
							"rotationOrigin": [ -0.46, -1.56, 0.04 ],
							"faces": {
								"north": { "texture": "#shouldertexture", "uv": [ 0.5, 8.0, 1.0, 10.0 ] },
								"east": { "texture": "#shouldertexture", "uv": [ 3.5, 8.0, 5.5, 10.0 ] },
								"south": { "texture": "#shouldertexture", "uv": [ 3.0, 8.0, 3.5, 10.0 ] },
								"west": { "texture": "#shouldertexture", "uv": [ 1.0, 8.0, 3.0, 10.0 ] },
								"up": { "texture": "#shouldertexture", "uv": [ 1.0, 7.5, 3.0, 8.0 ], "rotation": 90 },
								"down": { "texture": "#shouldertexture", "uv": [ 1.0, 10.0, 3.0, 10.5 ], "rotation": 90 }
							},
							"children": [
								{
									"name": "ChestRight2",
									"from": [ 0.0, -0.5, 0.0 ],
									"to": [ 0.5, 0.0, 1.6 ],
									"unwrapMode": 4,
									"uv": [ 0.5, 9.5 ],
									"rotationOrigin": [ 0.0, -0.5, 0.0 ],
									"faces": {
										"north": { "texture": "#shouldertexture", "uv": [ 0.5, 10.0, 1.0, 10.5 ] },
										"east": { "texture": "#shouldertexture", "uv": [ 3.0, 10.0, 4.5, 10.5 ] },
										"south": { "texture": "#shouldertexture", "uv": [ 2.5, 10.0, 3.0, 10.5 ] },
										"west": { "texture": "#shouldertexture", "uv": [ 1.0, 10.0, 2.5, 10.5 ] },
										"down": { "texture": "#shouldertexture", "uv": [ 1.0, 10.5, 2.5, 11.0 ], "rotation": 90 }
									}
								},
								{
									"name": "ChestRight3",
									"from": [ 0.0, -1.0, 0.0 ],
									"to": [ 0.5, -0.5, 0.6 ],
									"unwrapMode": 4,
									"uv": [ 0.5, 10.0 ],
									"rotationOrigin": [ 0.0, -1.0, 0.0 ],
									"faces": {
										"north": { "texture": "#shouldertexture", "uv": [ 0.5, 10.5, 1.0, 11.0 ] },
										"east": { "texture": "#shouldertexture", "uv": [ 2.0, 10.5, 2.5, 11.0 ] },
										"south": { "texture": "#shouldertexture", "uv": [ 1.5, 10.5, 2.0, 11.0 ] },
										"west": { "texture": "#shouldertexture", "uv": [ 1.0, 10.5, 1.5, 11.0 ] },
										"down": { "texture": "#shouldertexture", "uv": [ 1.0, 11.0, 1.5, 11.5 ], "rotation": 90 }
									}
								},
								{
									"name": "String",
									"from": [ 0.0, 0.0, 2.0 ],
									"to": [ 0.5, 0.5, 4.18 ],
									"unwrapMode": 4,
									"uv": [ 3.0, 1.5 ],
									"rotationOrigin": [ 0.0, 0.0, 2.08 ],
									"faces": {
										"east": { "texture": "#shouldertexture", "uv": [ 5.0, 2.0, 7.0, 2.5 ] },
										"west": { "texture": "#shouldertexture", "uv": [ 3.0, 2.0, 5.0, 2.5 ] },
										"up": { "texture": "#shouldertexture", "uv": [ 3.0, 1.5, 5.0, 2.0 ], "rotation": 90 },
										"down": { "texture": "#shouldertexture", "uv": [ 3.0, 2.5, 5.0, 3.0 ], "rotation": 90 }
									},
									"children": [
										{
											"name": "String2",
											"from": [ 0.0, -1.5, 0.54 ],
											"to": [ 0.5, 0.0, 1.08 ],
											"unwrapMode": 4,
											"uv": [ 3.5, 0.5 ],
											"rotationOrigin": [ 0.0, -1.5, 0.58 ],
											"faces": {
												"north": { "texture": "#shouldertexture", "uv": [ 3.5, 0.5, 4.0, 2.0 ] },
												"east": { "texture": "#shouldertexture", "uv": [ 5.0, 0.5, 5.5, 2.0 ] },
												"south": { "texture": "#shouldertexture", "uv": [ 4.5, 0.5, 5.0, 2.0 ] },
												"west": { "texture": "#shouldertexture", "uv": [ 4.0, 0.5, 4.5, 2.0 ] },
												"down": { "texture": "#shouldertexture", "uv": [ 4.0, 2.0, 4.5, 2.5 ], "rotation": 90 }
											}
										}
									]
								}
							]
						}
					]
				},
				{
					"name": "BehindNeck",
					"from": [ 4.04, 4.56, 1.54 ],
					"to": [ 5.04, 5.06, 4.74 ],
					"unwrapMode": 5,
					"unwrapRotation": 1,
					"autoUnwrap": false,
					"uv": [ 2.5, 2.0 ],
					"rotationOrigin": [ 3.9, 4.54, 1.48 ],
					"faces": {
						"east": { "texture": "#shouldertexture", "uv": [ 2.5, 2.0, 5.5, 2.5 ], "rotation": 180 },
						"west": { "texture": "#shouldertexture", "uv": [ 2.5, 3.5, 5.5, 4.0 ] },
						"up": { "texture": "#shouldertexture", "uv": [ 2.5, 2.5, 5.5, 3.5 ], "rotation": 90 },
						"down": { "texture": "#shouldertexture", "uv": [ 2.5, 2.5, 5.5, 3.5 ], "rotation": 270 }
					}
				},
				{
					"name": "LeftofNeck",
					"from": [ 0.46, 4.56, 4.74 ],
					"to": [ 5.04, 5.06, 6.24 ],
					"unwrapMode": 5,
					"unwrapRotation": 1,
					"autoUnwrap": false,
					"uv": [ 5.0, 2.0 ],
					"rotationOrigin": [ 0.5, 4.5, 4.8 ],
					"faces": {
						"north": { "texture": "#shouldertexture", "uv": [ 5.0, 2.5, 5.5, 7.0 ], "rotation": 270 },
						"east": { "texture": "#shouldertexture", "uv": [ 5.5, 2.0, 7.0, 2.5 ], "rotation": 180 },
						"south": { "texture": "#shouldertexture", "uv": [ 7.0, 2.5, 7.5, 7.0 ], "rotation": 90 },
						"west": { "texture": "#shouldertexture", "uv": [ 5.5, 7.0, 7.0, 7.5 ] },
						"up": { "texture": "#shouldertexture", "uv": [ 5.5, 2.5, 7.0, 7.0 ], "rotation": 90 },
						"down": { "texture": "#shouldertexture", "uv": [ 5.5, 2.5, 7.0, 7.0 ], "rotation": 270 }
					},
					"children": [
						{
							"name": "ChestLeft",
							"from": [ -0.5, -1.58, -0.6 ],
							"to": [ 0.0, 0.5, 1.5 ],
							"unwrapMode": 4,
							"uv": [ 4.5, 7.5 ],
							"rotationOrigin": [ -0.46, -1.56, -0.64 ],
							"faces": {
								"north": { "texture": "#shouldertexture", "uv": [ 4.5, 8.0, 5.0, 10.0 ] },
								"east": { "texture": "#shouldertexture", "uv": [ 7.5, 8.0, 9.5, 10.0 ] },
								"south": { "texture": "#shouldertexture", "uv": [ 7.0, 8.0, 7.5, 10.0 ], "windMode": [-1,-1,-1,-1], "windData": [1,1,1,1] },
								"west": { "texture": "#shouldertexture", "uv": [ 5.0, 8.0, 7.0, 10.0 ] },
								"up": { "texture": "#shouldertexture", "uv": [ 5.0, 7.5, 7.0, 8.0 ], "rotation": 90 },
								"down": { "texture": "#shouldertexture", "uv": [ 5.0, 10.0, 7.0, 10.5 ], "rotation": 90 }
							},
							"children": [
								{
									"name": "ChestLeft2",
									"from": [ 0.0, -0.5, 0.52 ],
									"to": [ 0.5, 0.0, 2.1 ],
									"unwrapMode": 4,
									"uv": [ 5.0, 9.5 ],
									"rotationOrigin": [ 0.0, -0.5, 0.52 ],
									"faces": {
										"north": { "texture": "#shouldertexture", "uv": [ 5.0, 10.0, 5.5, 10.5 ] },
										"east": { "texture": "#shouldertexture", "uv": [ 7.5, 10.0, 9.0, 10.5 ] },
										"south": { "texture": "#shouldertexture", "uv": [ 7.0, 10.0, 7.5, 10.5 ] },
										"west": { "texture": "#shouldertexture", "uv": [ 5.5, 10.0, 7.0, 10.5 ] },
										"down": { "texture": "#shouldertexture", "uv": [ 5.5, 10.5, 7.0, 11.0 ], "rotation": 90 }
									}
								},
								{
									"name": "ChestLeft3",
									"from": [ 0.0, -1.0, 1.52 ],
									"to": [ 0.5, -0.5, 2.1 ],
									"unwrapMode": 4,
									"uv": [ 6.0, 10.0 ],
									"rotationOrigin": [ 0.0, -1.0, 1.52 ],
									"faces": {
										"north": { "texture": "#shouldertexture", "uv": [ 6.0, 10.5, 6.5, 11.0 ] },
										"east": { "texture": "#shouldertexture", "uv": [ 7.5, 10.5, 8.0, 11.0 ] },
										"south": { "texture": "#shouldertexture", "uv": [ 7.0, 10.5, 7.5, 11.0 ] },
										"west": { "texture": "#shouldertexture", "uv": [ 6.5, 10.5, 7.0, 11.0 ] },
										"down": { "texture": "#shouldertexture", "uv": [ 6.5, 11.0, 7.0, 11.5 ], "rotation": 90 }
									}
								}
							]
						}
					]
				},
				{
					"name": "BehindNeck2",
					"from": [ 4.54, 4.06, 0.48 ],
					"to": [ 5.04, 4.56, 5.82 ],
					"unwrapMode": 2,
					"autoUnwrap": false,
					"uv": [ 1.5, 1.0 ],
					"rotationOrigin": [ 4.4, 4.04, 0.38 ],
					"faces": {
						"east": { "texture": "#shouldertexture", "uv": [ 1.5, 1.5, 6.5, 2.0 ], "windMode": [-1,-1,-1,-1], "windData": [1,1,1,1] },
						"west": { "texture": "#shouldertexture", "uv": [ 1.5, 1.5, 6.5, 2.0 ] },
						"down": { "texture": "#shouldertexture", "uv": [ 1.5, 2.0, 6.5, 2.5 ], "rotation": 270 }
					},
					"children": [
						{
							"name": "BehindNeckDrop",
							"from": [ 0.0, -0.5, 0.48 ],
							"to": [ 0.5, 0.0, 4.82 ],
							"unwrapMode": 2,
							"autoUnwrap": false,
							"uv": [ 1.5, 1.0 ],
							"rotationOrigin": [ -0.08, -0.5, 0.38 ],
							"faces": {
								"north": { "texture": "#shouldertexture", "uv": [ 6.0, 1.0, 6.5, 1.5 ], "windMode": [-1,-1,-1,-1], "windData": [1,1,1,1] },
								"east": { "texture": "#shouldertexture", "uv": [ 2.0, 1.0, 6.0, 1.5 ] },
								"south": { "texture": "#shouldertexture", "uv": [ 1.5, 1.0, 2.0, 1.5 ], "windMode": [-1,-1,-1,-1], "windData": [1,1,1,1] },
								"west": { "texture": "#shouldertexture", "uv": [ 2.0, 0.5, 6.0, 1.0 ] },
								"down": { "texture": "#shouldertexture", "uv": [ 2.0, 1.5, 6.0, 2.0 ], "rotation": 270 }
							}
						}
					]
				}
			]
		},
		{
			"name": "UpperArmLOrigin",
			"stepParentName": "UpperArmL",
			"from": [ -0.04, 5.5, -0.02 ],
			"to": [ 3.04, 6.04, 0.98 ],
			"unwrapMode": 5,
			"unwrapRotation": 1,
			"autoUnwrap": false,
			"uv": [ 5.5, 3.0 ],
			"rotationOrigin": [ -0.02, 6.48, -0.02 ],
			"faces": {
				"north": { "texture": "#shouldertexture", "uv": [ 5.5, 3.5, 6.0, 6.5 ], "rotation": 270 },
				"east": { "texture": "#shouldertexture", "uv": [ 6.0, 3.0, 7.0, 3.5 ], "rotation": 180 },
				"south": { "texture": "#shouldertexture", "uv": [ 7.0, 3.5, 7.5, 6.5 ], "rotation": 90 },
				"west": { "texture": "#shouldertexture", "uv": [ 6.0, 6.5, 7.0, 7.0 ] },
				"up": { "texture": "#shouldertexture", "uv": [ 6.0, 3.5, 7.0, 6.5 ], "rotation": 90 },
				"down": { "texture": "#shouldertexture", "uv": [ 6.0, 3.5, 7.0, 6.5 ], "rotation": 270 }
			}
		},
		{
			"name": "UpperArmROrigin",
			"stepParentName": "UpperArmR",
			"from": [ -0.04, 5.5, 1.15 ],
			"to": [ 3.04, 6.04, 2.15 ],
			"unwrapMode": 5,
			"unwrapRotation": 1,
			"autoUnwrap": false,
			"uv": [ 0.5, 3.0 ],
			"rotationOrigin": [ -0.02, 6.48, 1.08 ],
			"faces": {
				"north": { "texture": "#shouldertexture", "uv": [ 0.5, 3.5, 1.0, 6.5 ], "rotation": 270 },
				"east": { "texture": "#shouldertexture", "uv": [ 1.0, 3.0, 2.0, 3.5 ], "rotation": 180 },
				"south": { "texture": "#shouldertexture", "uv": [ 2.0, 3.5, 2.5, 6.5 ], "rotation": 90 },
				"west": { "texture": "#shouldertexture", "uv": [ 1.0, 6.5, 2.0, 7.0 ] },
				"up": { "texture": "#shouldertexture", "uv": [ 1.0, 3.5, 2.0, 6.5 ], "rotation": 90 },
				"down": { "texture": "#shouldertexture", "uv": [ 1.0, 3.5, 2.0, 6.5 ], "rotation": 270 }
			}
		}
	]}