[
  {
    "ingredient": {"type": "item", "code": "game:ingot-*", "name": "metal", "allowedVariants": ["copper", "tinbronze", "bismuthbronze", "blackbronze", "iron", "meteoriciron", "steel"]},
    "name": "Dwarven warhammer head",
    "pattern": [[
      "_________",
      "_##___##_",
      "#########",
      "#########",
      "_##___##_"
    ],[
      "_________",
      "###___###",
      "#########",
      "#########",
      "###___###"
],[
      "_________",
      "_##___##_",
      "#########",
      "#########",
      "_##___##_"
    ]],
    "output": {"type": "item", "code": "igniscustomstuff:part-dwarvenwarhammerhead-{metal}"}
  },
    {
    "ingredient": {"type": "item", "code": "game:ingot-*", "name": "metal", "allowedVariants": ["copper", "tinbronze", "bismuthbronze", "blackbronze", "iron", "meteoriciron", "steel"]},
    "name": "Dwarven shortaxe head",
    "pattern": [[
      "_________",
      "#########",
      "######___",
      "_######__",
      "____#####"
    ],[
      "_________",
      "___######",
      "__####___",
      "____###__",
      "______###"
    ]],
    "output": {"type": "item", "code": "igniscustomstuff:part-dwarvenshortaxehead-{metal}"}
  },
    {
    "ingredient": {"type": "item", "code": "game:ingot-*", "name": "metal", "allowedVariants": ["copper", "tinbronze", "bismuthbronze", "blackbronze", "iron", "meteoriciron", "steel"]},
    "name": "Dwarven battleaxe head",
    "pattern": [[
      "_##___#___##_",
      "##_#######_##",
      "#_#_#####_#_#",
      "##_#######_##",
      "_##___#___##_"
    ],[
      "_##_______##_",
      "##_#######_##",
      "#_#_#####_#_#",
      "##_#######_##",
      "_##_______##_"
    ]],
    "output": {"type": "item", "code": "igniscustomstuff:part-dwarvenbattleaxehead-{metal}"}
  },
    {
    "ingredient": {"type": "item", "code": "game:ingot-*", "name": "metal", "allowedVariants": ["copper", "tinbronze", "bismuthbronze", "blackbronze", "iron", "meteoriciron", "steel"]},
    "name": "Dwarven spear head",
    "pattern": [[
"____####",
"_#####__",
"#######_",
"#######_",
"_#####__",
"____####"
    ]],
    "output": {"type": "item", "code": "igniscustomstuff:part-dwarvenspearhead-{metal}"}
  },
    {
    "ingredient": {"type": "item", "code": "game:ingot-*", "name": "metal", "allowedVariants": ["copper", "tinbronze", "bismuthbronze", "blackbronze", "iron", "meteoriciron", "steel"]},
    "name": "Dwarven shorthammer head",
    "pattern": [[
      "##________",
      "#######___",
      "##########",
      "##______##",
      "__________"
    ],[
      "#_________",
      "#_#####___",
      "#_########",
      "#_______##",
      "__________"
    ]],
    "output": {"type": "item", "code": "igniscustomstuff:part-dwarvenshorthammerhead-{metal}"}
  },
        {
    "ingredient": {"type": "item", "code": "game:ingot-*", "name": "metal", "allowedVariants": ["copper", "tinbronze", "bismuthbronze", "blackbronze", "iron", "meteoriciron", "steel"]},
    "name": "Dwarven shield band",
    "pattern": [[
"#####___#####_",
"#___##_##___#_",
"#_#__###__#_#_",
"#_#########_#_",
"#____###____#_",
"#___#####___#_",
"##___###___##_",
"_##_#####_##__",
"__##_###_##___",
"___##_#_##____",
"____#####_____",
"_____###______"
    ]],
    "output": {"type": "item", "code": "igniscustomstuff:part-dwarvenshieldband-{metal}"}
  }
]