{
	"editor": {
		"backDropShape": "entity/humanoid/seraph-faceless",
		"allAngles": true,
		"entityTextureMode": true
	},
	"textureWidth": 48,
	"textureHeight": 48,
	"textureSizes": {
		"hair": [48,48]
	},
	"textures": {
		"hair": "CHARmod/hair"
	},
	"elements": [
		{
			"name": "hidefacialhair",
			"stepParentName": "Head",
			"from": [ -0.1, 0.0, 2.0 ],
			"to": [ 0.9, 1.0, 3.0 ],
			"uv": [ 24.0, 2.0 ],
			"rotationOrigin": [ 0.4, 0.5, 2.5 ],
			"rotationZ": -1.0,
			"faces": {
			},
			"children": [
				{
					"name": "SHaggyUpL",
					"from": [ 0.3, -0.3, 3.0 ],
					"to": [ 2.8, 2.2, 3.0 ],
					"unwrapMode": 3,
					"uv": [ 20.2, 10.1 ],
					"rotationOrigin": [ 0.4, 2.2, 3.0 ],
					"rotationX": -15.0,
					"faces": {
						"south": { "texture": "#hair", "uv": [ 20.0, 10.5, 22.5, 13.0 ] }
					}
				},
				{
					"name": "ShaggyUpR",
					"from": [ 0.3, -0.3, -2.0 ],
					"to": [ 2.8, 2.2, -2.0 ],
					"unwrapMode": 1,
					"uv": [ 13.5, 12.0 ],
					"rotationOrigin": [ 0.3, 2.2, -2.0 ],
					"rotationX": 15.0,
					"faces": {
						"north": { "texture": "#hair", "uv": [ 13.5, 12.0, 16.0, 14.5 ] }
					}
				},
				{
					"name": "ShaggyJawL",
					"from": [ -0.2, -1.3, 3.0 ],
					"to": [ 2.8, 0.7, 3.0 ],
					"unwrapMode": 3,
					"uv": [ 38.0, 19.5 ],
					"rotationOrigin": [ -0.2, 0.7, 3.0 ],
					"rotationX": -15.0,
					"faces": {
						"south": { "texture": "#hair", "uv": [ 38.0, 19.5, 41.0, 21.5 ] }
					}
				},
				{
					"name": "ShaggyJawR",
					"from": [ -0.2, -1.3, -2.0 ],
					"to": [ 2.8, 0.7, -2.0 ],
					"unwrapMode": 1,
					"uv": [ 0.5, 13.0 ],
					"rotationOrigin": [ -0.1, 0.7, -2.0 ],
					"rotationX": 15.0,
					"faces": {
						"north": { "texture": "#hair", "uv": [ 0.5, 13.0, 3.5, 15.0 ] }
					}
				},
				{
					"name": "donthideme",
					"from": [ 0.0, 0.0, 0.0 ],
					"to": [ 0.0, 0.0, 0.0 ],
					"uv": [ 0.0, 0.0 ],
					"faces": {
					},
					"children": [
						{
							"name": "ShaggyCenter",
							"from": [ -0.21, -2.9, 0.0 ],
							"to": [ 0.29, 0.6, 1.0 ],
							"unwrapMode": 2,
							"uv": [ 24.5, 0.0 ],
							"rotationOrigin": [ -0.1, -2.9, 0.0 ],
							"faces": {
								"east": { "texture": "#hair", "uv": [ 25.0, 0.5, 26.0, 4.0 ] },
								"south": { "texture": "#hair", "uv": [ 24.5, 0.5, 25.0, 4.0 ] },
								"west": { "texture": "#hair", "uv": [ 26.0, 0.5, 27.0, 4.0 ] },
								"up": { "texture": "#hair", "uv": [ 25.0, 0.0, 26.0, 0.5 ], "rotation": 270 },
								"down": { "texture": "#hair", "uv": [ 25.0, 4.0, 26.0, 4.5 ], "rotation": 270 }
							}
						},
						{
							"name": "ShaggyRight",
							"from": [ -0.2, -1.8, -2.0 ],
							"to": [ 0.8, 0.7, 0.5 ],
							"unwrapMode": 2,
							"uv": [ 18.5, 0.0 ],
							"rotationOrigin": [ -0.2, 0.7, -2.0 ],
							"rotationX": 5.0,
							"faces": {
								"north": { "texture": "#hair", "uv": [ 22.0, 1.0, 23.0, 3.5 ] },
								"east": { "texture": "#hair", "uv": [ 19.5, 1.0, 22.0, 3.5 ] },
								"south": { "texture": "#hair", "uv": [ 18.5, 1.0, 19.5, 3.5 ] },
								"west": { "texture": "#hair", "uv": [ 23.0, 1.0, 25.5, 3.5 ] },
								"up": { "texture": "#hair", "uv": [ 19.5, 0.0, 22.0, 1.0 ], "rotation": 270 },
								"down": { "texture": "#hair", "uv": [ 19.5, 3.5, 22.0, 4.5 ], "rotation": 270 }
							},
							"children": [
								{
									"name": "ShaggyRightUpper",
									"from": [ 0.0, 0.0, 0.0 ],
									"to": [ 0.0, 2.0, 2.5 ],
									"unwrapMode": 2,
									"uv": [ 1.5, 3.9 ],
									"rotationOrigin": [ 0.0, 2.0, 0.0 ],
									"rotationZ": -20.0,
									"faces": {
										"west": { "texture": "#hair", "uv": [ 1.5, 4.0, 4.0, 6.0 ] }
									}
								},
								{
									"name": "ShaggyRightmid",
									"from": [ 0.0, -0.5, 0.0 ],
									"to": [ 0.0, 1.0, 2.5 ],
									"unwrapMode": 2,
									"uv": [ 17.5, 4.4 ],
									"rotationOrigin": [ 0.0, 1.0, 0.0 ],
									"rotationZ": -15.0,
									"faces": {
										"west": { "texture": "#hair", "uv": [ 17.5, 4.5, 20.0, 6.0 ] }
									}
								},
								{
									"name": "ShaggyRightLower",
									"from": [ 0.0, -2.0, 0.0 ],
									"to": [ 0.0, 0.0, 2.5 ],
									"unwrapMode": 2,
									"uv": [ 19.5, 26.1 ],
									"faces": {
										"west": { "texture": "#hair", "uv": [ 19.5, 26.5, 22.0, 28.5 ] }
									}
								}
							]
						},
						{
							"name": "ShaggyLeft",
							"from": [ -0.2, -1.8, 0.5 ],
							"to": [ 0.8, 0.7, 3.0 ],
							"unwrapMode": 4,
							"uv": [ 11.5, 0.0 ],
							"rotationOrigin": [ -0.2, 0.7, 3.0 ],
							"rotationX": -5.0,
							"faces": {
								"north": { "texture": "#hair", "uv": [ 11.5, 1.0, 12.5, 3.5 ] },
								"east": { "texture": "#hair", "uv": [ 16.0, 1.0, 18.5, 3.5 ] },
								"south": { "texture": "#hair", "uv": [ 15.0, 1.0, 16.0, 3.5 ] },
								"west": { "texture": "#hair", "uv": [ 12.5, 1.0, 15.0, 3.5 ] },
								"up": { "texture": "#hair", "uv": [ 12.5, 0.0, 15.0, 1.0 ], "rotation": 90 },
								"down": { "texture": "#hair", "uv": [ 12.5, 3.5, 15.0, 4.5 ], "rotation": 90 }
							},
							"children": [
								{
									"name": "ShaggyLeftUpper",
									"from": [ 0.0, 0.0, 0.0 ],
									"to": [ 0.0, 2.0, 2.5 ],
									"unwrapMode": 2,
									"uv": [ 7.5, 10.4 ],
									"rotationOrigin": [ 0.0, 2.0, 0.0 ],
									"rotationZ": -20.0,
									"faces": {
										"west": { "texture": "#hair", "uv": [ 7.5, 10.5, 10.0, 12.5 ] }
									}
								},
								{
									"name": "ShaggyLeftLower",
									"from": [ 0.0, -2.0, 0.0 ],
									"to": [ 0.0, 0.0, 2.5 ],
									"unwrapMode": 4,
									"uv": [ 22.4, 26.4 ],
									"faces": {
										"south": { "texture": "#hair", "uv": [ 25.0, 26.5, 25.5, 28.5 ] },
										"west": { "texture": "#hair", "uv": [ 22.5, 26.5, 25.0, 28.5 ] }
									}
								},
								{
									"name": "ShaggyLeftMid",
									"from": [ 0.0, -0.5, 0.0 ],
									"to": [ 0.0, 1.0, 2.5 ],
									"unwrapMode": 2,
									"uv": [ 12.5, 4.4 ],
									"rotationOrigin": [ 0.0, 1.0, 0.0 ],
									"rotationZ": -15.0,
									"faces": {
										"west": { "texture": "#hair", "uv": [ 12.5, 4.5, 15.0, 6.0 ] }
									}
								}
							]
						}
					]
				},
				{
					"name": "hfbase",
					"from": [ 0.07, -5.54, -2.0 ],
					"to": [ 1.07, -1.54, 3.0 ],
					"uv": [ 36.5, 3.5 ],
					"rotationOrigin": [ 0.0195, -4.5423, -2.0 ],
					"rotationZ": 1.0,
					"faces": {
						"north": { "texture": "#hair", "uv": [ 36.5, 8.5, 37.5, 12.5 ] },
						"east": { "texture": "#hair", "uv": [ 37.5, 8.5, 42.5, 12.5 ] },
						"south": { "texture": "#hair", "uv": [ 42.5, 8.5, 43.5, 12.5 ] },
						"west": { "texture": "#hair", "uv": [ 43.5, 8.5, 48.5, 12.5 ] },
						"up": { "texture": "#hair", "uv": [ 36.5, 3.5, 37.5, 8.5 ] },
						"down": { "texture": "#hair", "uv": [ 37.5, 3.5, 38.5, 8.5 ] }
					},
					"children": [
						{
							"name": "hf",
							"from": [ 0.28, -3.8, 1.0 ],
							"to": [ 1.28, 0.2, 4.0 ],
							"uv": [ 36.5, 37.0 ],
							"rotationOrigin": [ 1.2, -3.8, 1.0 ],
							"rotationZ": 3.0,
							"faces": {
								"west": { "texture": "#hair", "uv": [ 36.5, 37.0, 39.5, 41.0 ] }
							},
							"children": [
								{
									"name": "hf2",
									"from": [ 0.0, 0.0, 3.0 ],
									"to": [ 1.0, 4.0, 4.0 ],
									"uv": [ 42.5, 20.0 ],
									"rotationOrigin": [ 0.0, 0.0, 3.0 ],
									"rotationY": 15.0,
									"faces": {
										"west": { "texture": "#hair", "uv": [ 42.5, 20.0, 43.5, 24.0 ] }
									}
								},
								{
									"name": "hf3",
									"from": [ 0.0, 0.0, -1.0 ],
									"to": [ 1.0, 4.0, 0.0 ],
									"uv": [ 47.0, 19.5 ],
									"rotationOrigin": [ 0.0, 0.0, 0.0 ],
									"rotationY": -15.0,
									"faces": {
										"west": { "texture": "#hair", "uv": [ 47.0, 19.5, 48.0, 23.5 ] }
									}
								}
							]
						},
						{
							"name": "hf5",
							"from": [ 0.0, 0.0, -1.0 ],
							"to": [ 1.0, 4.0, 0.0 ],
							"uv": [ 47.0, 18.0 ],
							"rotationOrigin": [ 0.0, 0.0, 0.0 ],
							"rotationY": -60.0,
							"faces": {
								"west": { "texture": "#hair", "uv": [ 47.0, 18.0, 48.0, 22.0 ] }
							}
						},
						{
							"name": "hf4",
							"from": [ 0.0, 0.0, 5.0 ],
							"to": [ 1.0, 4.0, 6.0 ],
							"uv": [ 42.5, 18.5 ],
							"rotationOrigin": [ 0.0, 0.0, 5.0 ],
							"rotationY": 60.0,
							"faces": {
								"west": { "texture": "#hair", "uv": [ 42.5, 18.5, 43.5, 22.5 ] }
							}
						}
					]
				}
			]
		}
	]}